Index,Activation Value
36173,0.20269225537776947
13090,0.17919181287288666
52183,0.10014160722494125
28910,0.09938104450702667
96758,0.09556104987859726
95312,0.08186255395412445
24235,0.08080390840768814
27438,0.0793285071849823
60631,0.07637525349855423
97407,0.07400345802307129
