Index,Activation Value
68661,2.232454299926758
91875,1.4348152875900269
48212,1.3085391521453857
10281,0.7182964086532593
34655,0.7149853706359863
10781,0.4347955286502838
55753,0.3949694037437439
48712,0.2862134873867035
15036,0.18416839838027954
103438,0.09376987814903259
