Index,Activation Value
28855,0.0052398620173335075
54694,0.004295564256608486
35097,0.002865984570235014
42773,0.0005959796253591776
22080,9.577169839758426e-05
