Index,Activation Value
33011,0.04013580083847046
36473,0.03985854610800743
24298,0.03339560702443123
16549,0.03151769936084747
773,0.030703609809279442
7145,0.019042005762457848
36875,0.01472271978855133
39837,0.010646951384842396
14706,0.01044587790966034
44964,0.009824847802519798
