Index,Activation Value
24298,0.08388850092887878
8019,0.07955526560544968
44569,0.07234448939561844
36473,0.06718989461660385
8080,0.06570310145616531
1909,0.06234315410256386
27547,0.05944553390145302
1859,0.03732118383049965
9816,0.03488605469465256
13179,0.03397310525178909
