Index,Activation Value
14022,0.021311644464731216
54156,0.01630556769669056
7866,0.016139239072799683
92077,0.015951666980981827
7351,0.015936177223920822
104002,0.010278548114001751
27789,0.008770536631345749
11918,0.008477280847728252
7334,0.008357507176697254
90842,0.0061670225113630295
