Index,Activation Value
99629,0.06491051614284515
4765,0.061363302171230316
73501,0.05995858088135719
64475,0.057635802775621414
97336,0.05442839860916138
98129,0.0484299510717392
35913,0.0481986366212368
92547,0.04767213389277458
39257,0.04666908085346222
92881,0.044357940554618835
