Index,Activation Value
36625,0.024707162752747536
38127,0.022617721930146217
36944,0.01973976381123066
4055,0.018607545644044876
39787,0.016426734626293182
7145,0.016094613820314407
14971,0.015395128168165684
56032,0.015021958388388157
11478,0.0142452297732234
47264,0.01372060738503933
