Index,Activation Value
84331,1.3154925107955933
32395,1.1855021715164185
5116,1.1415544748306274
101349,1.0130418539047241
102181,0.9991905689239502
69044,0.9605780839920044
107676,0.9354670643806458
215,0.8808767199516296
81821,0.8747881054878235
53502,0.811559796333313
