Index,Activation Value
13090,0.054349616169929504
56725,0.04004530608654022
36173,0.030336877331137657
70349,0.020888397470116615
52183,0.01677834428846836
60631,0.01610528491437435
27858,0.014337044209241867
28425,0.013333290815353394
51766,0.008680063299834728
112731,0.008024130947887897
