Index,Activation Value
14196,0.6207009553909302
18829,0.5384324193000793
8333,0.5204715132713318
14018,0.25588682293891907
32382,0.21031621098518372
49566,0.18172016739845276
14944,0.17428715527057648
49211,0.15411487221717834
2289,0.13177166879177094
3743,0.07157255709171295
