Index,Activation Value
84018,0.005710895638912916
29372,0.004053773824125528
63669,0.003144641872495413
76908,0.0022056675516068935
88273,0.0003695579944178462
14022,0.00027328249416314065
