Index,Activation Value
92077,0.02633420191705227
62662,0.02391117252409458
87758,0.012218979187309742
103825,0.011102422140538692
108542,0.009682689793407917
22092,0.007940324023365974
47448,0.0077223447151482105
110712,0.007366090547293425
14983,0.007151470985263586
44818,0.007094918750226498
