Index,Activation Value
36212,0.13923141360282898
21467,0.1329600065946579
38432,0.115526482462883
8396,0.10849903523921967
56855,0.08586027473211288
25657,0.08477145433425903
4530,0.08236847072839737
27547,0.07718385010957718
38340,0.051173135638237
53579,0.04561207816004753
