Index,Activation Value
29340,0.005753828212618828
773,0.002663175342604518
31736,0.0011033518239855766
38127,0.0004493048181757331
