Index,Activation Value
13090,0.03535866737365723
33336,0.018457254394888878
852,0.018173977732658386
37498,0.017710035666823387
88571,0.017477285116910934
42812,0.01048227958381176
110063,0.009938946925103664
52426,0.008406867273151875
59998,0.007614254020154476
52683,0.0071487040258944035
