Index,Activation Value
8396,0.03965090215206146
56855,0.03809924051165581
29340,0.03536214679479599
33607,0.03449501842260361
31736,0.03204450383782387
56096,0.03018239699304104
53589,0.028656546026468277
27399,0.027890115976333618
7783,0.02615141123533249
44269,0.02488446980714798
