Index,Activation Value
3932,0.744340717792511
49243,0.666013240814209
23112,0.09579205513000488
