Index,Activation Value
38924,0.0032746789511293173
53579,0.0018774056807160378
8080,0.0002504886651877314
21467,6.38183846604079e-05
27547,1.7296095393248834e-05
