Index,Activation Value
58249,0.037501100450754166
56554,0.027617689222097397
38247,0.026151161640882492
28855,0.022230777889490128
22080,0.015902498736977577
32757,0.014625399373471737
17134,0.014359893277287483
16258,0.013105634599924088
30430,0.011864939704537392
1859,0.010370517149567604
