Index,Activation Value
61429,0.8820621371269226
78115,0.649480938911438
81857,0.6076658368110657
78382,0.397713303565979
94598,0.3561866581439972
101259,0.32797789573669434
25561,0.2862863540649414
5019,0.2844904065132141
71355,0.2757517695426941
64973,0.2047472596168518
