Index,Activation Value
32997,0.42821452021598816
25254,0.36815693974494934
81815,0.23127087950706482
88506,0.20269031822681427
70638,0.1640787273645401
61962,0.05510852858424187
7381,0.05452534928917885
27423,0.021476248279213905
61451,0.014703160151839256
20513,0.004653962329030037
