Index,Activation Value
54138,0.04318609461188316
8080,0.03697855770587921
8019,0.03221955522894859
24298,0.03198343887925148
33011,0.031907517462968826
26778,0.03110295906662941
38924,0.028739700093865395
27547,0.027290327474474907
9816,0.02540685422718525
18000,0.025162359699606895
