Index,Activation Value
24298,0.03213933855295181
54138,0.02808346599340439
38924,0.025564633309841156
8080,0.02492964081466198
53579,0.02399376779794693
58249,0.021639468148350716
8019,0.01565210148692131
1909,0.015478868037462234
36473,0.015184983611106873
18000,0.01477834302932024
