Index,Activation Value
1941,0.7092620730400085
79735,0.07526738196611404
