Index,Activation Value
38247,0.012720054015517235
58249,0.012673059478402138
53579,0.008278195746243
9816,0.004402018152177334
38924,0.0031067640520632267
26778,0.0019366781925782561
