Index,Activation Value
110712,0.016569826751947403
52683,0.01323983445763588
111478,0.012493005022406578
18680,0.012100644409656525
93137,0.011997275054454803
95769,0.01064157485961914
33336,0.010127699933946133
25849,0.009249839000403881
29450,0.007804980967193842
40355,0.007439590059220791
