Index,Activation Value
42635,0.3889632523059845
82089,0.25826942920684814
85188,0.255156546831131
65220,0.2076999992132187
60744,0.1042608693242073
21143,0.08250884711742401
