Index,Activation Value
41843,4.657665729522705
44208,4.294557571411133
45682,3.890777826309204
54927,3.8216898441314697
47728,3.2453582286834717
2800,3.0564639568328857
14196,2.9981226921081543
17950,2.9326021671295166
27426,2.738586902618408
22737,2.558851480484009
