Index,Activation Value
21161,0.12072611600160599
13158,0.11660777032375336
35684,0.1157575398683548
4987,0.11370959132909775
27252,0.09513480961322784
14242,0.09487436711788177
28522,0.0900934487581253
1909,0.08664299547672272
20957,0.08333446830511093
11257,0.08333131670951843
