Index,Activation Value
99581,0.7306278944015503
55052,0.4648391902446747
54481,0.31881415843963623
49127,0.2753257155418396
40661,0.16411177814006805
58769,0.15854938328266144
565,0.15401506423950195
32438,0.1241474598646164
19656,0.10674973577260971
27165,0.07745260745286942
