Index,Activation Value
27547,0.12777557969093323
9816,0.11510167270898819
53579,0.10630398988723755
32727,0.09126981347799301
38432,0.0853789746761322
45313,0.08521329611539841
36212,0.07970975339412689
21467,0.07224182039499283
53589,0.07143859565258026
19868,0.07057036459445953
