Index,Activation Value
38924,0.004870496690273285
58249,0.00024151793331839144
53579,0.0001659349218243733
