Index,Activation Value
70349,0.02657630667090416
28910,0.023577865213155746
97407,0.018026381731033325
35254,0.017927441745996475
99629,0.015750112012028694
52183,0.014090852811932564
55426,0.011945325881242752
49456,0.011150064878165722
13090,0.010338987223803997
36173,0.008956684730947018
