Index,Activation Value
8080,0.07747430354356766
21467,0.07511451840400696
40678,0.06328494846820831
53579,0.06156002730131149
27547,0.052515991032123566
38127,0.05178273096680641
38432,0.05046229809522629
1859,0.04570050165057182
44569,0.036133989691734314
30430,0.036000143736600876
