Index,Activation Value
13743,0.13465990126132965
33607,0.1327601820230484
47257,0.11229600012302399
57551,0.11013153195381165
29465,0.1061173528432846
43178,0.10423331707715988
30511,0.10049854218959808
42773,0.09764666855335236
55625,0.09490153193473816
34961,0.09315574914216995
