Index,Activation Value
60631,0.00554979033768177
95693,0.004913771525025368
49456,0.004651532042771578
108759,0.003479998093098402
99629,4.4143824197817594e-05
