Index,Activation Value
70776,0.05095023661851883
21549,0.048461977392435074
9293,0.04270374774932861
11313,0.03303154557943344
98129,0.03214501962065697
18680,0.03137219697237015
107551,0.028318075463175774
53869,0.027712786570191383
592,0.02671707049012184
3082,0.026633478701114655
