Index,Activation Value
29340,0.05049654841423035
8396,0.037632931023836136
56855,0.03671906888484955
22371,0.024672623723745346
10570,0.01832158863544464
5556,0.018004169687628746
50478,0.01668846234679222
36473,0.012892778031527996
3366,0.012580926530063152
57009,0.011946536600589752
