Index,Activation Value
13090,0.15050365030765533
83828,0.12768767774105072
96758,0.10972215235233307
104537,0.10162267833948135
33336,0.09909574687480927
89243,0.08407455682754517
60631,0.08313587307929993
27438,0.07338039577007294
52008,0.07137142866849899
14326,0.06192639097571373
