Index,Activation Value
52426,0.11875518411397934
14022,0.07547833025455475
73464,0.06828554719686508
42493,0.06618386507034302
28910,0.06537144631147385
18471,0.05929769203066826
59998,0.05895039811730385
103825,0.05799902603030205
73908,0.057856470346450806
15003,0.05715371295809746
