Index,Activation Value
52382,0.12578141689300537
27399,0.10924839228391647
37410,0.10293836146593094
11450,0.09640152007341385
56096,0.09625006467103958
38127,0.09567265957593918
49213,0.09543734043836594
57413,0.09062269330024719
32704,0.08864296227693558
7921,0.08794857561588287
