Index,Activation Value
16196,0.27912482619285583
58542,0.18481671810150146
40887,0.13999015092849731
