Index,Activation Value
1086,1.5467437505722046
17486,1.0861732959747314
58417,0.6830189228057861
60172,0.5549845695495605
58704,0.5548080205917358
35201,0.45536261796951294
70828,0.3721306622028351
97347,0.29855042695999146
20901,0.2736945152282715
17149,0.2555725872516632
