Index,Activation Value
24298,0.037871066480875015
8019,0.024182595312595367
36473,0.021007845178246498
54138,0.014672473073005676
38924,0.011572743766009808
51614,0.010028640739619732
45313,0.009828452952206135
42887,0.00798033457249403
8080,0.007940100505948067
21467,0.007249358110129833
