Index,Activation Value
18313,0.8473163843154907
34919,0.8075780272483826
12152,0.610125720500946
35055,0.5332906246185303
102001,0.5217267870903015
96388,0.4461054503917694
99014,0.17312495410442352
47264,0.048326365649700165
