Index,Activation Value
27547,0.11273951828479767
38924,0.1108504980802536
53579,0.10934603214263916
38432,0.10184993594884872
58249,0.09871550649404526
32727,0.09219253063201904
8396,0.08411728590726852
26778,0.08277786523103714
8080,0.07542026042938232
56855,0.07289540022611618
