Index,Activation Value
773,0.16951104998588562
16549,0.1671745777130127
36875,0.1419837921857834
45858,0.10982353985309601
14960,0.10899980366230011
44964,0.09960874170064926
39837,0.09749730676412582
2656,0.09525515139102936
56147,0.08154521137475967
33547,0.08080124855041504
