Index,Activation Value
1859,0.03100069798529148
773,0.025196051225066185
14721,0.012842545285820961
55625,0.011204322800040245
14960,0.010952576994895935
25544,0.008239306509494781
36875,0.0026941285468637943
39837,0.002300470834597945
3400,0.0021586150396615267
49599,0.002074906835332513
