Index,Activation Value
58249,0.3179852068424225
24298,0.3066003918647766
54138,0.30208638310432434
53579,0.2917468547821045
42887,0.25494804978370667
38924,0.2494995892047882
8019,0.24806104600429535
43197,0.22300007939338684
8080,0.2113742232322693
56554,0.20297688245773315
