Index,Activation Value
53579,0.050231415778398514
38924,0.045727651566267014
26778,0.04401680827140808
24298,0.03647531941533089
58249,0.03093784675002098
33011,0.029055697843432426
1909,0.027778862044215202
54138,0.02752428688108921
8080,0.027506936341524124
36212,0.02229570783674717
