Index,Activation Value
43115,0.16583292186260223
7145,0.15527719259262085
41844,0.14571444690227509
38340,0.14062945544719696
13743,0.14028656482696533
56481,0.12687574326992035
25657,0.1220289021730423
40678,0.11577773839235306
53407,0.11506900936365128
51769,0.10907941311597824
