Index,Activation Value
16549,0.003212310140952468
15598,0.0007144207484088838
5476,0.0005472163902595639
57163,0.00029889290453866124
1909,0.0002674730203580111
38247,8.557575347367674e-05
17999,6.929839582880959e-05
