Index,Activation Value
38924,0.25380539894104004
36473,0.19979554414749146
49406,0.19301262497901917
24298,0.19193872809410095
36625,0.1822897344827652
58249,0.18216663599014282
20435,0.169969841837883
53579,0.1567673236131668
3086,0.155500128865242
4817,0.15482354164123535
