Index,Activation Value
24298,0.11809171736240387
38924,0.09627142548561096
8019,0.09617042541503906
773,0.09006672352552414
16549,0.08024443686008453
26778,0.07267928123474121
31723,0.06893714517354965
53579,0.06885956972837448
44569,0.0644010454416275
43054,0.06362670660018921
