Index,Activation Value
21467,0.012477569282054901
27547,0.011209303513169289
38924,0.01024471502751112
32727,0.009191860444843769
53579,0.008411785587668419
38432,0.008297013118863106
54138,0.007689378689974546
36212,0.0075829667039215565
29340,0.006896421313285828
45313,0.006158911157399416
