Index,Activation Value
46502,1.807775616645813
90018,1.7296736240386963
80685,1.7281503677368164
5044,1.7143394947052002
47329,1.6210802793502808
48562,1.2989519834518433
96859,1.2455536127090454
210,1.054412841796875
36411,1.0413765907287598
93677,1.0031681060791016
