Index,Activation Value
1909,0.3065813481807709
26778,0.27029091119766235
33011,0.2501043975353241
13179,0.2126401662826538
36473,0.19905978441238403
53579,0.17463377118110657
8080,0.1636466085910797
59288,0.14840926229953766
44569,0.13023145496845245
24298,0.1215425580739975
