Index,Activation Value
43178,0.04267614707350731
51614,0.02289825677871704
3689,0.020690707489848137
88,0.020211614668369293
44964,0.018667519092559814
51688,0.018196845427155495
9351,0.017387205734848976
7783,0.016531918197870255
31056,0.01647106744349003
22603,0.016006724908947945
