Index,Activation Value
27547,0.006633740849792957
56855,0.00614694319665432
8080,0.0057386672124266624
44569,0.0048492164351046085
21467,0.004755441099405289
8396,0.004699117038398981
24298,0.004658474121242762
38432,0.0029030591249465942
1909,0.002810279605910182
8019,0.002475782996043563
