Index,Activation Value
773,0.18332776427268982
16549,0.12560458481311798
8396,0.11960828304290771
53582,0.11457958817481995
56855,0.10971786081790924
24565,0.1028004065155983
55023,0.10250155627727509
31736,0.09646158665418625
39837,0.09301750361919403
36875,0.08972331881523132
