Index,Activation Value
33336,0.15495388209819794
67013,0.07485342770814896
96758,0.07314625382423401
19627,0.06512361764907837
107925,0.06445223838090897
11374,0.06344058364629745
30064,0.06269092112779617
42482,0.05126044899225235
109813,0.050182241946458817
9293,0.04984838888049126
