Index,Activation Value
45313,0.022721337154507637
9816,0.017333462834358215
21565,0.017137983813881874
5556,0.016977420076727867
32727,0.010736452415585518
56155,0.009797554463148117
27801,0.008237490430474281
43197,0.0071060871705412865
17999,0.005995537154376507
47864,0.005694180261343718
