Index,Activation Value
111011,0.07413014769554138
14022,0.06763821840286255
28910,0.06480657309293747
3082,0.06371219456195831
63170,0.05557582899928093
7866,0.05199957638978958
82475,0.04918893054127693
95051,0.0478794202208519
71932,0.047562435269355774
12589,0.04616923630237579
