Index,Activation Value
36212,0.01065887976437807
8396,0.009209913201630116
56855,0.006998324301093817
29340,0.0057794684544205666
21467,0.00549738947302103
53579,0.002437603659927845
25657,0.001152108539827168
38924,0.0011358759365975857
