Index,Activation Value
36473,0.024233540520071983
36212,0.02354651875793934
38924,0.02176767960190773
24298,0.01748686656355858
8396,0.01615467481315136
21467,0.01562785916030407
56855,0.012020237743854523
54138,0.011680087074637413
29340,0.01114712841808796
55023,0.010952657088637352
