Index,Activation Value
62662,0.0754271149635315
92077,0.07267109304666519
6156,0.060592178255319595
97407,0.05423649773001671
56725,0.04746632277965546
70349,0.044715799391269684
104002,0.04458539932966232
16107,0.04239844158291817
7682,0.041660938411951065
80813,0.04097650572657585
