Index,Activation Value
8080,0.10318925976753235
44569,0.09922219812870026
24298,0.08826292306184769
54138,0.08746474981307983
8396,0.08300425112247467
36212,0.08045023679733276
29340,0.07690398395061493
56855,0.07687923312187195
8019,0.07185972481966019
32727,0.061648864299058914
