Index,Activation Value
28910,0.09395842254161835
92876,0.04530773684382439
17902,0.04157229885458946
25887,0.03517499193549156
40315,0.03114529326558113
97407,0.02979954704642296
31867,0.027073480188846588
99629,0.02702554129064083
67509,0.025715263560414314
70349,0.02531992830336094
