Index,Activation Value
10234,0.4682512879371643
7024,0.3561871349811554
59691,0.32676073908805847
46361,0.3134716749191284
14588,0.25053340196609497
4430,0.24788619577884674
47864,0.2142484188079834
5432,0.1945807933807373
55849,0.16084198653697968
51175,0.12645019590854645
