Index,Activation Value
773,0.14911341667175293
57551,0.13909587264060974
51614,0.1371784657239914
44269,0.12645694613456726
23805,0.1239270567893982
7683,0.12371228635311127
33607,0.11500538140535355
53589,0.10692143440246582
31904,0.10454952716827393
27840,0.10061071813106537
