Index,Activation Value
90842,0.01732058823108673
2871,0.011752238497138023
110108,0.010342231020331383
36173,0.009320281445980072
70776,0.00860789604485035
20930,0.00795919168740511
12,0.007854126393795013
66289,0.007235396653413773
103825,0.007176799699664116
61123,0.007072481792420149
