Index,Activation Value
88571,0.11477318406105042
56725,0.0993737205862999
7682,0.07806222885847092
66000,0.0756097063422203
111011,0.07048997282981873
107551,0.07015671581029892
8774,0.06982209533452988
70349,0.06886759400367737
53869,0.06640148162841797
7942,0.06426136195659637
