Index,Activation Value
56032,0.04652746394276619
20435,0.04431445151567459
19491,0.04400686174631119
21191,0.04171241447329521
36473,0.040625132620334625
44743,0.0385681614279747
10272,0.03848113492131233
37410,0.037687093019485474
49406,0.037452053278684616
23998,0.036893170326948166
