Index,Activation Value
56073,1.2358943223953247
68228,0.8903875946998596
52218,0.5819711089134216
1735,0.5453835129737854
61654,0.502941370010376
22912,0.47587451338768005
71228,0.4640670418739319
8251,0.425716757774353
15862,0.25183382630348206
90218,0.23977693915367126
