Index,Activation Value
26778,0.12779030203819275
53579,0.1216932088136673
38924,0.11498312652111053
33011,0.10238008946180344
58249,0.09630727022886276
21467,0.09039564430713654
56855,0.0810394212603569
59288,0.07863656431436539
29340,0.07634250074625015
8396,0.06918951869010925
