Index,Activation Value
36625,0.18214531242847443
4055,0.16607314348220825
11478,0.16034892201423645
39787,0.14596328139305115
21565,0.1432323455810547
27840,0.14291629195213318
15111,0.13345040380954742
41843,0.13324448466300964
52382,0.12950946390628815
13411,0.1288614571094513
