Index,Activation Value
4734,0.5551784634590149
24804,0.31845006346702576
71452,0.238047793507576
64990,0.12075703591108322
90194,0.03973770886659622
