Index,Activation Value
8396,0.07351003587245941
43197,0.07092441618442535
29340,0.06440044939517975
56855,0.06227990984916687
566,0.052612341940402985
8349,0.04933188855648041
9816,0.048686616122722626
13740,0.04825039207935333
36212,0.04627692699432373
21161,0.04569509997963905
