Index,Activation Value
33011,0.004633188713341951
13179,0.0005481906700879335
39547,0.0004068274574819952
