Index,Activation Value
22957,0.6567654609680176
11470,0.6309958696365356
35168,0.6256409883499146
57769,0.5459904074668884
44809,0.4619199335575104
25681,0.3991755247116089
35243,0.3811575174331665
11145,0.35281768441200256
28986,0.3241126835346222
54500,0.21722571551799774
