Index,Activation Value
24298,0.6970568299293518
579,0.5357509851455688
42192,0.39623314142227173
9816,0.231655091047287
35033,0.22515878081321716
43197,0.1804361790418625
566,0.09333960711956024
35215,0.0687575414776802
1202,0.062030959874391556
42887,0.04052672162652016
