Index,Activation Value
58249,0.045559924095869064
38127,0.0248966496437788
38924,0.019736789166927338
39547,0.01785867102444172
39837,0.017383135855197906
22080,0.016994187608361244
48477,0.015700634568929672
2390,0.01344639528542757
47380,0.012226182967424393
15670,0.011774381622672081
