Index,Activation Value
33336,0.03257208690047264
52491,0.028932474553585052
64204,0.02543240785598755
95769,0.022397233173251152
71879,0.022144025191664696
90842,0.020785972476005554
52426,0.01968453638255596
25887,0.01968051679432392
101572,0.01836041919887066
9293,0.017144598066806793
