Index,Activation Value
13411,0.14259739220142365
35684,0.14068101346492767
21161,0.13356932997703552
20544,0.13258327543735504
2891,0.12618085741996765
36685,0.12254766374826431
15670,0.11998721957206726
2295,0.11389480531215668
13910,0.11289116740226746
48477,0.11034965515136719
