Index,Activation Value
47257,0.015089718624949455
53407,0.013355333358049393
34268,0.007326850667595863
42773,0.006009198725223541
9351,0.003793723415583372
3262,0.00333201396279037
7859,0.002855969127267599
43481,0.002837026258930564
22080,0.0026812355499714613
4511,0.002188226440921426
