Index,Activation Value
33924,1.0066663026809692
3600,0.769012987613678
66544,0.7684996724128723
12655,0.7600985169410706
34489,0.72930508852005
36697,0.6865527033805847
90979,0.6733493208885193
87126,0.619958221912384
99428,0.6135323643684387
109365,0.5949050784111023
