Index,Activation Value
36212,0.02876746840775013
38432,0.024980878457427025
27547,0.024890480563044548
45313,0.020824961364269257
21467,0.01749585010111332
8396,0.014024719595909119
38340,0.013788210228085518
41844,0.013395940884947777
13743,0.01056630164384842
32727,0.010510883294045925
