Index,Activation Value
32727,0.003108740784227848
41844,0.002038783859461546
53589,0.0006444255704991519
45313,0.0005362909287214279
