Index,Activation Value
100136,0.06425007432699203
73855,0.05729673057794571
73782,0.04985243082046509
71879,0.04967967048287392
29450,0.044299785047769547
47884,0.04302619397640228
32558,0.03888290748000145
107925,0.03568610921502113
111056,0.033176641911268234
35254,0.030931619927287102
