Index,Activation Value
42594,1.2215579748153687
105073,0.7738593816757202
62781,0.6990753412246704
35351,0.6961477994918823
109737,0.6384341716766357
26281,0.6061599850654602
47217,0.568263828754425
90833,0.5311035513877869
84427,0.3941659927368164
19882,0.1934095025062561
