Index,Activation Value
60631,0.022502169013023376
67509,0.021266696974635124
59998,0.01603374071419239
8774,0.014977923594415188
12589,0.014653599821031094
96758,0.014545409940183163
107995,0.01404726505279541
111011,0.013678653165698051
75921,0.01359252817928791
12,0.013408727012574673
