Index,Activation Value
27328,1.6518995761871338
110712,1.558813214302063
31199,0.9826920628547668
81134,0.8528009653091431
42482,0.8417943716049194
16633,0.8231918811798096
86208,0.7547094225883484
67097,0.5853353142738342
56988,0.5258907675743103
16807,0.49145230650901794
