Index,Activation Value
50700,1.0231549739837646
20009,0.44257575273513794
35215,0.26253896951675415
