Index,Activation Value
33336,0.08929415792226791
6156,0.0815914049744606
87758,0.06292954832315445
70776,0.06251215189695358
66000,0.055413149297237396
107995,0.054812755435705185
7866,0.05414791405200958
4738,0.05304497107863426
22092,0.050316765904426575
52491,0.05017487704753876
