Index,Activation Value
90842,0.07694870978593826
17608,0.06386987119913101
67509,0.052840739488601685
19627,0.04861988499760628
98149,0.03273730352520943
30064,0.03161317855119705
12942,0.030791781842708588
38274,0.027195017784833908
20663,0.026751495897769928
31227,0.026246648281812668
