Index,Activation Value
36625,0.23680619895458221
11257,0.21248529851436615
20435,0.20994672179222107
21565,0.20178312063217163
11478,0.19188649952411652
15397,0.1917886584997177
28312,0.19026412069797516
49406,0.18697871267795563
36944,0.18646931648254395
56096,0.18566659092903137
