Index,Activation Value
80122,0.8149331212043762
11129,0.3520210087299347
97219,0.1824873983860016
