Index,Activation Value
28425,0.01421149168163538
12589,0.01161290518939495
80813,0.007598889525979757
54105,0.00609006779268384
1021,0.005918658804148436
2279,0.00542468624189496
852,0.00497504323720932
4738,0.004355276934802532
70349,0.004165229853242636
52854,0.004082945175468922
