Index,Activation Value
64204,0.020576713606715202
33336,0.017852559685707092
27438,0.0115696731954813
111011,0.010447393171489239
12,0.00593652855604887
16158,0.0030799724627286196
83828,0.002536891493946314
16807,0.0021660923957824707
8790,0.0015372993657365441
21549,0.0012098393635824323
