Index,Activation Value
38924,0.03218270465731621
53579,0.022621052339673042
21467,0.019202282652258873
58249,0.01882973127067089
26778,0.014625100418925285
33011,0.013618966564536095
1909,0.011058786883950233
18000,0.005054157227277756
43054,0.00011928064486710355
