Index,Activation Value
16403,0.11058897525072098
20999,0.09859904646873474
37711,0.08848292380571365
53582,0.07914429903030396
29340,0.07575060427188873
44705,0.07252588123083115
8820,0.07117364555597305
47380,0.07018563896417618
54621,0.06781511753797531
14756,0.060048431158065796
