Index,Activation Value
32696,1.5282498598098755
6844,1.5119553804397583
59868,1.3664799928665161
4791,1.2616022825241089
42801,0.7831769585609436
59475,0.7614197731018066
41843,0.5551596879959106
4107,0.5078809261322021
54927,0.3806780278682709
33313,0.2418971210718155
