Index,Activation Value
21467,0.9757940769195557
38432,0.796440064907074
27547,0.7205050587654114
36212,0.6403326988220215
38340,0.6181348562240601
8080,0.5698272585868835
44569,0.5484199523925781
32727,0.5402886271476746
8396,0.5383166074752808
53579,0.532364010810852
