Index,Activation Value
8080,0.003919971641153097
32727,0.003349356120452285
8019,0.002796111162751913
44569,0.002354805590584874
24298,0.002293157856911421
27547,0.0013097446644678712
9816,0.0004548660072032362
57551,0.0003516526776365936
51614,0.00015515564882662147
