Index,Activation Value
9017,1.485459327697754
42971,1.2485277652740479
26718,1.117943525314331
14370,0.5683166980743408
74042,0.5234723687171936
1267,0.49924784898757935
5741,0.49844038486480713
6524,0.3719574809074402
78714,0.32272422313690186
103866,0.3190860450267792
