Index,Activation Value
38924,0.003976481966674328
21467,0.002584686502814293
56855,0.001131132012233138
