Index,Activation Value
88571,0.0810038149356842
110712,0.07530121505260468
92881,0.06769488751888275
16807,0.06209233030676842
7682,0.0588073693215847
3311,0.057531967759132385
29372,0.05410386249423027
28910,0.05349837988615036
3878,0.05335549637675285
71180,0.053023502230644226
