Index,Activation Value
18680,0.06645116955041885
12344,0.0636601597070694
104537,0.05820947885513306
25887,0.0550193153321743
7351,0.05440591275691986
868,0.05051429942250252
84018,0.04556591436266899
108542,0.04531456530094147
74354,0.03775548189878464
87758,0.03700355812907219
