Index,Activation Value
8019,0.10749965906143188
18000,0.10732264816761017
9816,0.09310148656368256
27547,0.0885600671172142
24298,0.0875643640756607
19868,0.08226077258586884
8080,0.08160467445850372
42887,0.07916180789470673
32727,0.07752068340778351
43197,0.07266257703304291
