Index,Activation Value
32727,0.3464156687259674
56855,0.3331957757472992
13743,0.3162699043750763
8080,0.2915055453777313
43197,0.2828105688095093
57551,0.28183871507644653
8019,0.2803344130516052
36212,0.2753499150276184
40678,0.268122136592865
8396,0.2642115354537964
