Index,Activation Value
90842,0.06818047910928726
107925,0.05803458020091057
101572,0.05451405793428421
95769,0.050653256475925446
110712,0.04695587232708931
8252,0.0454925037920475
83828,0.04159228131175041
22092,0.041466373950242996
92077,0.040558408945798874
19627,0.0399666503071785
