Index,Activation Value
13090,0.055095382034778595
28425,0.04382707551121712
56725,0.03919960558414459
52183,0.03842443227767944
70349,0.03706344589591026
88571,0.030182626098394394
97407,0.02975497581064701
37498,0.027568474411964417
28910,0.026438714936375618
83828,0.02378244698047638
