Index,Activation Value
16107,0.03374220430850983
103694,0.024465756490826607
12589,0.023949146270751953
33336,0.021736474707722664
73908,0.02166064642369747
66289,0.02082180418074131
83828,0.020696107298135757
62662,0.02013663947582245
6156,0.020102189853787422
13090,0.019761431962251663
