Index,Activation Value
36173,0.0978945642709732
43807,0.07762817293405533
14022,0.06866152584552765
28425,0.06590712815523148
27438,0.06211456283926964
58965,0.06042810156941414
14983,0.058814119547605515
88571,0.05847392603754997
111154,0.055484041571617126
62796,0.05432664975523949
