Index,Activation Value
21467,0.016273487359285355
38924,0.01579136773943901
38432,0.014510688371956348
29340,0.012149838730692863
54138,0.010408805683255196
33011,0.008697180077433586
36212,0.0054713967256248
58249,0.005452572833746672
26778,0.0034575166646391153
