Index,Activation Value
38432,0.002651990158483386
56855,0.0026508476585149765
