Index,Activation Value
25373,0.016480524092912674
14433,0.016311893239617348
34212,0.014349491335451603
36103,0.013918287120759487
59868,0.013434033840894699
7444,0.013236826285719872
14196,0.013138288632035255
17575,0.013073300942778587
49271,0.012859885580837727
27408,0.012839501723647118
