Index,Activation Value
53579,0.1352497786283493
21467,0.11443234235048294
38924,0.10773292183876038
1909,0.10394638031721115
8080,0.0945245549082756
24298,0.09041358530521393
44569,0.08618127554655075
58249,0.0821896642446518
30430,0.07038866728544235
8019,0.06469079852104187
