Index,Activation Value
5319,2.4566385746002197
13195,2.3807249069213867
58065,2.1709096431732178
53885,2.059558391571045
5476,1.997910499572754
9648,1.9098329544067383
45812,1.83847975730896
31301,1.757094383239746
24298,1.7447071075439453
13995,1.6942161321640015
