Index,Activation Value
111011,0.07057568430900574
88937,0.06380564719438553
27438,0.060978002846241
96758,0.05392497777938843
76908,0.046431563794612885
66000,0.036167725920677185
36533,0.03346109017729759
89624,0.03033885359764099
42192,0.027368826791644096
86756,0.025715915486216545
