Index,Activation Value
38924,0.008401772007346153
53579,0.008089844137430191
8080,0.0064171068370342255
24298,0.006394695490598679
26778,0.004706853069365025
1909,0.003858231706544757
44569,0.003822455881163478
58249,0.0038005311507731676
8019,0.0036704540252685547
33011,0.00351464725099504
