Index,Activation Value
21467,0.4172802269458771
53579,0.3694571256637573
8080,0.3170609474182129
38924,0.3046667277812958
36212,0.29338833689689636
38432,0.28364381194114685
29340,0.27621927857398987
56855,0.2759576737880707
33011,0.273377388715744
8396,0.26743608713150024
