Index,Activation Value
50983,0.06932719051837921
52854,0.0679185763001442
16107,0.06762504577636719
16959,0.06333541870117188
60806,0.06193574145436287
16089,0.05791762098670006
102181,0.05757780373096466
46930,0.056667618453502655
90284,0.05250735953450203
73213,0.05049127712845802
