Index,Activation Value
17902,0.11155190318822861
14022,0.09892813861370087
7866,0.09711311012506485
88571,0.09477342665195465
11918,0.08438771218061447
6156,0.07736071944236755
44123,0.07509668916463852
88546,0.06701429933309555
54156,0.06635720282793045
63037,0.06508670002222061
