Index,Activation Value
59475,1.6644855737686157
49243,1.652466058731079
49472,0.8750796318054199
27838,0.6400789022445679
55599,0.5642349720001221
33574,0.36834684014320374
45018,0.3634921908378601
58065,0.24442780017852783
23112,0.20005613565444946
4791,0.11849808692932129
