Index,Activation Value
38127,0.07390601187944412
39547,0.02100333385169506
38247,0.02059056982398033
1838,0.016907935962080956
43054,0.01690107211470604
38924,0.01370320376008749
23665,0.013051419518887997
3932,0.010895129293203354
32881,0.010493590496480465
4930,0.01045197807252407
