Index,Activation Value
70349,0.0038705950137227774
52426,0.0035185078158974648
88571,0.0029698617290705442
92077,0.0022899929899722338
55426,0.0004020814667455852
56725,0.00038882633089087903
9293,0.00017546472372487187
