Index,Activation Value
27547,0.02441263757646084
53589,0.024182265624403954
36212,0.019954722374677658
33607,0.01857132650911808
32727,0.018350426107645035
25657,0.017933325842022896
41844,0.017775526270270348
57551,0.017747720703482628
38432,0.017412954941391945
38340,0.01717413403093815
