Index,Activation Value
21467,0.015057118609547615
53579,0.01107852067798376
33011,0.0065733883529901505
8080,0.005891100969165564
38924,0.004537513945251703
26778,0.004082329571247101
1909,0.0034786583855748177
58249,0.0021805523429065943
24298,0.0017260498134419322
44569,0.0008475204231217504
