Index,Activation Value
14826,0.24037882685661316
57551,0.22432266175746918
7683,0.22210560739040375
51614,0.20534731447696686
27683,0.20440258085727692
44269,0.2040701061487198
33607,0.19964322447776794
29465,0.19686639308929443
24588,0.1800011396408081
19339,0.1742127239704132
