Index,Activation Value
70349,0.0037619101349264383
37498,0.003068696241825819
56725,0.002558354288339615
70776,0.0020163776353001595
36173,0.0018404682632535696
55779,0.001518779550679028
52008,0.0012433920055627823
1021,0.0009039806900545955
27858,0.0008133961819112301
107995,0.000665973057039082
