Index,Activation Value
9084,0.01027227845042944
21467,0.010127248242497444
9816,0.006334060337394476
47976,0.0047960421070456505
25802,0.004746688064187765
1976,0.004633328411728144
47711,0.004285531584173441
53589,0.0038650494534522295
22757,0.003101950278505683
40484,0.002561253262683749
