Index,Activation Value
24747,0.5798945426940918
57851,0.09566834568977356
