Index,Activation Value
43054,0.016798879951238632
39547,0.011098740622401237
218,0.008042375557124615
32881,0.006713929586112499
26778,0.006120074540376663
10226,0.005627096630632877
23665,0.005545744206756353
2354,0.004778977017849684
13655,0.004591732751578093
5556,0.0038536307401955128
