Index,Activation Value
47847,1.1894023418426514
109159,0.9993534684181213
93495,0.8626300096511841
95535,0.8344555497169495
16126,0.6299542784690857
37932,0.4895921051502228
39790,0.4441501796245575
42391,0.2570083737373352
96750,0.17917053401470184
27745,0.16672275960445404
