Index,Activation Value
40678,0.0257525984197855
9816,0.020748190581798553
32727,0.01825024001300335
7145,0.01625830866396427
31723,0.016013888642191887
29465,0.01597174070775509
59981,0.012280698865652084
56481,0.011777769774198532
34961,0.011627950705587864
47721,0.010411341674625874
