Index,Activation Value
17076,2.0486326217651367
5285,0.9857231378555298
37656,0.9370560050010681
3932,0.6737516522407532
18255,0.6049414873123169
56165,0.40584227442741394
