Index,Activation Value
12589,0.006248239427804947
105073,0.005976837128400803
71812,0.0038234752137213945
107925,0.0015846200985834002
