Index,Activation Value
70349,0.177498921751976
88571,0.12951815128326416
72094,0.08085194230079651
14165,0.07846014946699142
17902,0.06834046542644501
29372,0.06502946466207504
55426,0.0628298968076706
53715,0.06278469413518906
42482,0.05463932454586029
108688,0.05079388618469238
