Index,Activation Value
36212,0.3745168149471283
38924,0.37406790256500244
53579,0.34240683913230896
58249,0.33968210220336914
56855,0.2991712689399719
26778,0.26411759853363037
8396,0.24998430907726288
29340,0.24912607669830322
33011,0.22589793801307678
56554,0.2133948653936386
