Index,Activation Value
26702,1.389064908027649
42370,1.1932916641235352
32558,1.0911498069763184
30469,1.0492805242538452
29251,0.8326805233955383
5241,0.7519908547401428
50246,0.6931630373001099
71840,0.6560389995574951
78211,0.6116909384727478
95978,0.556576669216156
