Index,Activation Value
38924,0.3421238660812378
33011,0.2291087806224823
26778,0.18083907663822174
24298,0.17974717915058136
13411,0.1464337408542633
8019,0.14294779300689697
41410,0.1424335241317749
39450,0.13673587143421173
1693,0.12616120278835297
48137,0.1256111115217209
