Index,Activation Value
20663,0.002877978142350912
72094,0.002396413590759039
87491,0.0008403534302487969
