Index,Activation Value
90842,0.041296880692243576
12344,0.03252819553017616
87758,0.022911209613084793
6156,0.0220625102519989
88571,0.0206985455006361
19627,0.01792001910507679
7334,0.017692388966679573
107925,0.01652091182768345
14326,0.012614093720912933
12,0.01183214969933033
