Index,Activation Value
53314,0.012650677934288979
9057,0.00578887527808547
9480,0.002852166537195444
47764,0.002471249084919691
39547,0.002098364057019353
34395,0.0019923069048672915
38558,0.0019551811274141073
14816,0.0018617340829223394
18164,0.0016842414624989033
20635,0.001683111535385251
