Index,Activation Value
36473,0.11933581531047821
1909,0.10177933424711227
53579,0.0790015384554863
38924,0.07690265029668808
33011,0.07680582255125046
29340,0.07492252439260483
26778,0.0741441622376442
58249,0.05705549567937851
59288,0.046673376113176346
44569,0.044525884091854095
