Index,Activation Value
59868,0.0032170398626476526
31022,0.00261449976824224
7444,0.002613457152619958
26937,0.0025143444072455168
14147,0.0012040426954627037
31684,0.0009928415529429913
45538,0.0006131183472461998
21019,0.000522682792507112
3689,0.0004994776099920273
58916,0.00024091574596241117
