Index,Activation Value
21467,0.3133777379989624
38924,0.28615614771842957
38340,0.27648061513900757
51614,0.26958632469177246
32727,0.2603215277194977
33011,0.24769103527069092
44569,0.24651986360549927
36212,0.24545744061470032
19868,0.2334524691104889
13743,0.2304164469242096
