Index,Activation Value
5308,0.8337026834487915
75151,0.5114508867263794
59145,0.328769713640213
80903,0.024190746247768402
