Index,Activation Value
13090,0.03862271085381508
104537,0.033051446080207825
96758,0.02874104492366314
72094,0.027430782094597816
70349,0.025042451918125153
27438,0.01851660944521427
95769,0.017930755391716957
87758,0.017571501433849335
12344,0.016071582213044167
33336,0.015631599351763725
