Index,Activation Value
21467,0.4358503818511963
53579,0.41143956780433655
58249,0.31157824397087097
27547,0.2994234561920166
8080,0.2943250238895416
38924,0.27488973736763
9816,0.2547267973423004
30430,0.24421192705631256
25800,0.2227339744567871
8019,0.2080775499343872
