Index,Activation Value
107558,3.097247838973999
88295,2.7548720836639404
48529,1.6808390617370605
59998,1.5829726457595825
52854,1.5166723728179932
74579,1.487035870552063
70459,1.3965463638305664
106084,1.2731510400772095
12064,1.2053241729736328
38408,1.1948269605636597
