Index,Activation Value
12589,0.06878172606229782
63669,0.06701819598674774
100136,0.06214413791894913
95769,0.05911272391676903
29450,0.05172986909747124
73855,0.050363510847091675
8774,0.04999571666121483
92307,0.04898994043469429
73501,0.04661964625120163
111154,0.04589662700891495
