Index,Activation Value
37906,0.5524911284446716
50137,0.5144737362861633
75685,0.4300008714199066
63794,0.40674635767936707
92905,0.290973961353302
82043,0.19761936366558075
65893,0.18945665657520294
112042,0.15199372172355652
87523,0.12270895391702652
15722,0.08480563014745712
