Index,Activation Value
36212,0.2923034429550171
8396,0.21177278459072113
21467,0.18815989792346954
54138,0.1822395622730255
56855,0.1750398725271225
28561,0.15232323110103607
53582,0.14650055766105652
29340,0.14603570103645325
38924,0.14516156911849976
43054,0.14498694241046906
