Index,Activation Value
33011,0.012329858727753162
26778,0.012043574824929237
21467,0.009262370876967907
38432,0.009213568642735481
38924,0.009106871671974659
44569,0.007272243499755859
27547,0.006492728367447853
8396,0.006068086251616478
53579,0.005273615941405296
58249,0.005005158483982086
