Index,Activation Value
38924,0.3152277171611786
36473,0.22335797548294067
26778,0.1796165108680725
58249,0.1684369295835495
13179,0.1280861496925354
17428,0.10315772891044617
1909,0.10086199641227722
26073,0.09329333901405334
25544,0.08733061701059341
36875,0.08510782569646835
