Index,Activation Value
36473,0.4251306653022766
24298,0.3274366557598114
1909,0.3085334599018097
13179,0.21863915026187897
57163,0.18109425902366638
44569,0.1713547259569168
14721,0.16913478076457977
1859,0.1682126522064209
51614,0.16370049118995667
43178,0.15579478442668915
