Index,Activation Value
14196,0.015558269806206226
16549,0.00954541563987732
47900,0.007988398894667625
42784,0.007692412473261356
16061,0.007043855264782906
39450,0.006551969796419144
26174,0.006273929961025715
34397,0.004058714024722576
15670,0.003994262311607599
32086,0.0029500352684408426
