Index,Activation Value
27438,0.010523168370127678
16107,0.0038660126738250256
88407,0.0029433376621454954
96125,0.0023038305807858706
59162,0.0015197366010397673
