Index,Activation Value
60750,1.1731833219528198
41359,0.554414689540863
68372,0.3251286745071411
80229,0.23236477375030518
33910,0.21469058096408844
65194,0.1343310922384262
80035,0.1258457601070404
74356,0.10597166419029236
107159,0.08783352375030518
27451,0.08051978796720505
