Index,Activation Value
44569,0.009689521044492722
21467,0.009052383713424206
54138,0.004542398266494274
38924,0.0017079164972528815
8080,0.000374684517737478
