Index,Activation Value
38127,0.31448307633399963
43054,0.23979182541370392
9049,0.2198050171136856
33011,0.2189907431602478
40818,0.1977246254682541
8080,0.19607117772102356
26778,0.18425731360912323
54138,0.18301205337047577
15111,0.18279005587100983
31056,0.17867302894592285
