Index,Activation Value
21467,0.3147900700569153
33011,0.27794694900512695
36212,0.21477694809436798
773,0.19972336292266846
24298,0.17176279425621033
8080,0.17164786159992218
16549,0.15558379888534546
38432,0.15532085299491882
13179,0.15516820549964905
36473,0.15503978729248047
