Index,Activation Value
90490,0.7393568158149719
89617,0.5196406245231628
81124,0.49895262718200684
71028,0.4518449902534485
18145,0.44153302907943726
7775,0.4277188777923584
107280,0.4244634807109833
15132,0.40083813667297363
86207,0.37464451789855957
18154,0.34152254462242126
