Index,Activation Value
21467,0.0031637856736779213
38432,0.0028290466871112585
26778,0.0009122825576923788
27547,0.00036949219065718353
