Index,Activation Value
43514,0.012663610279560089
51769,0.008747485466301441
16653,0.006040207110345364
48346,0.00539009366184473
43541,0.0028683559503406286
4191,0.0025466291699558496
18216,0.0019161337986588478
25373,0.0018458891427144408
27771,0.0017822643276304007
24588,0.0009105276549234986
