Index,Activation Value
55426,0.008052406832575798
63669,0.005964667536318302
7334,0.001644766773097217
