Index,Activation Value
59771,0.2222541719675064
59628,0.0002615113917272538
