Index,Activation Value
5413,0.7764115929603577
36454,0.719106912612915
27821,0.6993018984794617
29873,0.6919505596160889
1607,0.639541745185852
24698,0.3795100748538971
43492,0.3479248583316803
53258,0.3426038920879364
37696,0.3398526906967163
17338,0.3285452425479889
