Index,Activation Value
71409,1.4297900199890137
22179,1.3617339134216309
12294,1.100778341293335
16237,1.047242522239685
65549,0.9141989946365356
84804,0.8107296228408813
33265,0.7639356851577759
7421,0.7577113509178162
102488,0.5962561964988708
92610,0.5712067484855652
