Index,Activation Value
108542,0.01622343808412552
60631,0.01173781231045723
59080,0.010092850774526596
18680,0.0067707751877605915
88571,0.003035056171938777
21549,0.0029720840975642204
87758,0.0027435447555035353
35254,0.0011099792318418622
12344,0.0009884365135803819
