Index,Activation Value
28312,0.003166383132338524
36625,0.0005275242147035897
11478,0.0003744384157471359
