Index,Activation Value
29465,0.01781882345676422
9187,0.007946641184389591
24702,0.0022010598331689835
