Index,Activation Value
13090,0.06727101653814316
37498,0.03057718649506569
52183,0.030405832454562187
12344,0.029506158083677292
56725,0.029234861955046654
12,0.0282561294734478
70349,0.027494346722960472
28910,0.025775687769055367
28425,0.023106591776013374
72094,0.021513359621167183
