Index,Activation Value
92077,0.12285738438367844
47448,0.11021552979946136
108542,0.09887507557868958
61123,0.09168685972690582
27438,0.09025184065103531
62662,0.08934523165225983
83828,0.08801791816949844
107551,0.08423075079917908
18680,0.08346378058195114
21549,0.08335136622190475
