Index,Activation Value
33336,0.03898945450782776
12344,0.03551165387034416
7351,0.027912598103284836
868,0.02758968248963356
74354,0.02670998126268387
90842,0.02085234224796295
25887,0.01965879648923874
90710,0.018963579088449478
12,0.018321767449378967
64204,0.017769601196050644
