Index,Activation Value
9816,0.12883798778057098
48346,0.12372439354658127
30511,0.11037140339612961
21019,0.10807666182518005
43197,0.10746845602989197
566,0.09778101742267609
18541,0.09425037354230881
50,0.09351242333650589
21311,0.09291627258062363
55034,0.08879713714122772
