Index,Activation Value
56855,0.36877912282943726
8396,0.3636173903942108
36212,0.32607507705688477
19868,0.25983545184135437
25657,0.2490583062171936
53589,0.2289312481880188
57551,0.21408481895923615
19339,0.2124258279800415
14826,0.19985246658325195
52440,0.19042515754699707
