Index,Activation Value
58249,0.27191102504730225
38924,0.24594999849796295
26778,0.18700045347213745
54138,0.16277329623699188
33011,0.14195634424686432
5556,0.13675184547901154
53579,0.13150863349437714
26937,0.1286015808582306
26559,0.12350424379110336
58916,0.11953099071979523
