Index,Activation Value
24298,0.08714081346988678
58249,0.07419846206903458
29465,0.05868103727698326
54138,0.0565652921795845
9816,0.05597952380776405
41843,0.053669292479753494
43054,0.05250025913119316
36625,0.047113530337810516
25800,0.04491649568080902
7783,0.042629919946193695
