Index,Activation Value
88571,0.04157627746462822
55426,0.01981230080127716
13090,0.019413888454437256
54896,0.01753571629524231
72094,0.009942366741597652
31199,0.009875919669866562
27789,0.009782549925148487
40355,0.008373853750526905
73855,0.007629422005265951
28910,0.007520640734583139
