Index,Activation Value
24298,0.5183530449867249
53579,0.4065529704093933
38924,0.35742297768592834
54138,0.3419678211212158
58249,0.33802640438079834
36473,0.28633469343185425
8080,0.27986642718315125
1909,0.2522467076778412
8019,0.23235410451889038
18000,0.2255886048078537
