Index,Activation Value
86538,1.1655932664871216
13090,1.1252957582473755
83828,1.0863680839538574
81815,0.9512346386909485
103824,0.9075525403022766
57225,0.6192063689231873
17665,0.5601136088371277
108759,0.5238396525382996
56725,0.387667715549469
52008,0.338399738073349
