Index,Activation Value
58138,0.31087902188301086
2390,0.20046812295913696
23510,0.18331295251846313
