Index,Activation Value
107925,0.07779716700315475
55426,0.057311154901981354
6786,0.05698944628238678
35254,0.04844673350453377
66000,0.04802950471639633
94111,0.04637027904391289
12,0.04465261846780777
100195,0.04390969127416611
6375,0.043317750096321106
67013,0.04114558547735214
