Index,Activation Value
43054,1.8954533338546753
24409,1.8462684154510498
38247,1.696108102798462
58249,1.3899251222610474
51826,1.3428035974502563
38924,1.1913535594940186
32881,0.9264383316040039
22718,0.8636985421180725
56554,0.6430107951164246
2436,0.5533860325813293
