Index,Activation Value
14022,0.12820549309253693
7866,0.1038883849978447
92077,0.09945129603147507
7334,0.09938498586416245
11918,0.09248816967010498
54156,0.08973588049411774
73908,0.08854474872350693
6156,0.08491795510053635
14983,0.07953926920890808
26404,0.07511994987726212
