Index,Activation Value
38924,0.034131649881601334
58249,0.015268786810338497
53579,0.015150357037782669
26778,0.014786439016461372
15397,0.0036509183701127768
33011,0.003610362997278571
11478,0.00278714788146317
8019,0.0011458166409283876
24702,0.0007165546994656324
