Index,Activation Value
29340,0.13447162508964539
53579,0.12350771576166153
38924,0.1185920387506485
56855,0.11763843894004822
8080,0.11717246472835541
24298,0.11429864913225174
27547,0.1140921413898468
26778,0.10334441810846329
8396,0.09344194829463959
9816,0.08770304918289185
