Index,Activation Value
852,0.1196637898683548
17608,0.09324794262647629
20663,0.09156058728694916
111056,0.090021051466465
52426,0.08268795162439346
91104,0.073298878967762
111011,0.0680781900882721
73855,0.06696654111146927
47884,0.06696206331253052
22227,0.06676061451435089
