Index,Activation Value
48529,0.011098125949501991
107995,0.010755117982625961
107558,0.0063090757466852665
27912,0.0055228895507752895
65958,0.005340415518730879
41210,0.004813407082110643
44123,0.004411834292113781
95786,0.003829872002825141
12064,0.003736441722139716
87126,0.0035722129978239536
