Index,Activation Value
80216,1.194682002067566
40034,0.8595111966133118
15943,0.8122823238372803
58572,0.6850675940513611
16512,0.6524662375450134
45836,0.6285839080810547
9518,0.6185411810874939
104508,0.580316424369812
61193,0.5641496181488037
111311,0.5240084528923035
