Index,Activation Value
13090,0.21252506971359253
28425,0.14864787459373474
28910,0.1321767270565033
52183,0.11992307007312775
99629,0.10697000473737717
107558,0.10337134450674057
56725,0.09297604113817215
7334,0.08545620739459991
14022,0.07743843644857407
103694,0.07413832098245621
