Index,Activation Value
61224,1.3630261421203613
17703,1.352513074874878
107995,1.2854341268539429
22973,1.2547763586044312
60763,1.2493202686309814
46740,1.1987112760543823
43052,1.083787202835083
69062,0.9854951500892639
98216,0.8335999250411987
71020,0.7509436011314392
