Index,Activation Value
27547,0.0005170499789528549
24298,0.0004619282262865454
54138,0.00040705050923861563
9816,0.0003207730478607118
44569,0.00016795906412880868
36212,0.0001517631608294323
42887,2.5609060685383156e-05
