Index,Activation Value
20982,0.007485526613891125
15758,0.005774870980530977
27683,0.005169888027012348
2800,0.004612202290445566
14040,0.0036211260594427586
25483,0.003608185797929764
30845,0.0026267999783158302
36054,0.00027512406813912094
41487,1.7680300516076386e-05
