Index,Activation Value
44743,0.003947071731090546
11306,0.002779780188575387
22335,0.00032744923373684287
