Index,Activation Value
42457,1.1118264198303223
44060,0.6340580582618713
97293,0.5255306363105774
32806,0.402653306722641
63471,0.3331701159477234
18120,0.28015998005867004
93822,0.223861426115036
84164,0.20779162645339966
75495,0.20561271905899048
35831,0.1933048814535141
