Index,Activation Value
53579,0.007596289739012718
38924,0.00508912606164813
33011,0.0006777779781259596
26778,0.0005289491382427514
21467,0.00015105714555829763
