Index,Activation Value
38924,0.5328971147537231
24298,0.4316968619823456
21467,0.4164654612541199
53579,0.40097033977508545
33011,0.40028220415115356
36473,0.3544939458370209
58249,0.33329707384109497
1909,0.326522558927536
26778,0.31377309560775757
8080,0.2723960876464844
