Index,Activation Value
21467,0.02673029527068138
8349,0.013871178030967712
36944,0.0104945357888937
22371,0.008262531831860542
56505,0.006173298694193363
15598,0.006070515140891075
20435,0.005642049480229616
12023,0.005191141273826361
11257,0.004983378108590841
57892,0.004653419367969036
