Index,Activation Value
22092,0.09294061362743378
107558,0.0899398922920227
104537,0.07131413370370865
52426,0.06324577331542969
52854,0.05984319746494293
1021,0.05467201769351959
84018,0.05425398424267769
99629,0.05263025686144829
28910,0.05248318240046501
73306,0.0509486049413681
