Index,Activation Value
59069,0.04876643419265747
42296,0.04442216455936432
14186,0.043054044246673584
50256,0.039137743413448334
53702,0.03726040571928024
34150,0.03722293674945831
37379,0.03632079064846039
32140,0.03578706085681915
42112,0.035072166472673416
17728,0.03470161557197571
