Index,Activation Value
12224,0.7350628972053528
27838,0.436248779296875
28904,0.4067944586277008
13324,0.3901052176952362
19957,0.25028151273727417
59805,0.22872966527938843
17236,0.18754799664020538
10023,0.17738758027553558
16976,0.16077455878257751
43289,0.1437317579984665
