Index,Activation Value
7106,0.09259424358606339
107558,0.08999069780111313
111011,0.08367845416069031
102181,0.08120498806238174
54105,0.07979922741651535
19530,0.07165520638227463
48529,0.06698037683963776
105975,0.06155857816338539
45447,0.059464480727910995
6200,0.05866783484816551
