Index,Activation Value
70349,0.1645432710647583
15751,0.05939141660928726
107551,0.05819373577833176
76906,0.05613648146390915
8774,0.04958753287792206
71812,0.047752104699611664
103991,0.04613926634192467
25849,0.04550515115261078
50439,0.04472984001040459
4738,0.043022625148296356
