Index,Activation Value
38764,0.06934208422899246
9057,0.0692199245095253
35215,0.06914636492729187
56007,0.0671735629439354
43541,0.06674070656299591
13411,0.06632691621780396
57009,0.06409625709056854
35684,0.06288047879934311
4191,0.06281870603561401
56545,0.06165962666273117
