Index,Activation Value
21467,0.054432351142168045
27547,0.03428700193762779
9816,0.033524587750434875
53579,0.030955011025071144
32727,0.02922670543193817
38432,0.025551812723279
42887,0.023177560418844223
26778,0.021972855553030968
45313,0.020567230880260468
58249,0.01864960789680481
