Index,Activation Value
38924,0.0017183562740683556
21467,0.0011380596552044153
53579,0.0009707550634630024
33011,0.00012409604096319526
