Index,Activation Value
56855,0.05601566284894943
29340,0.053800784051418304
8396,0.05046412721276283
21467,0.04870517551898956
36212,0.04601339250802994
44569,0.03660482540726662
38924,0.034883007407188416
32727,0.03361859172582626
33011,0.03361472114920616
26778,0.03256905823945999
