Index,Activation Value
21549,0.08391549438238144
88937,0.07745115458965302
108688,0.07737264037132263
51766,0.07648268342018127
108542,0.07569599896669388
71355,0.0751999095082283
49865,0.07018499076366425
70776,0.06670965999364853
59080,0.0659058541059494
107995,0.06397120654582977
