Index,Activation Value
25224,0.6792476177215576
33346,0.6270089745521545
6004,0.5555856823921204
48729,0.49052098393440247
52838,0.4819343090057373
77389,0.4754337668418884
1267,0.4747113585472107
79737,0.3764365613460541
15571,0.2929255962371826
41792,0.289000540971756
