Index,Activation Value
104540,1.037124514579773
3309,0.33312326669692993
84762,0.2913706600666046
42482,0.21728546917438507
42509,0.13149665296077728
110581,0.11174733936786652
