Index,Activation Value
76364,0.6673033833503723
89335,0.631395697593689
87853,0.5852251648902893
45778,0.5227159261703491
101000,0.48686301708221436
45634,0.46118783950805664
17944,0.4451698660850525
86262,0.3570080101490021
112081,0.33100831508636475
82743,0.3200346529483795
