Index,Activation Value
57619,1.1412451267242432
98392,1.0833210945129395
43334,0.9000540375709534
101572,0.7796317934989929
48050,0.7793033719062805
44141,0.6974303126335144
8934,0.4157773554325104
67462,0.2939647138118744
95138,0.2514415681362152
23037,0.24183909595012665
