Index,Activation Value
33011,0.023137332871556282
44569,0.012564659118652344
21467,0.00448641600087285
1909,0.0029448436107486486
1859,0.002095896517857909
13179,0.0018839479889720678
58249,0.0013162754476070404
8019,0.0011769428383558989
42887,0.0007082937518134713
38924,0.0006983878556638956
