Index,Activation Value
59080,0.10490432381629944
108542,0.08877398818731308
18680,0.07705928385257721
44259,0.06695963442325592
33420,0.05872515216469765
62271,0.055948831140995026
47167,0.05535046011209488
47448,0.05204906687140465
31581,0.049509212374687195
67575,0.047133918851614
