Index,Activation Value
70349,0.0011549551272764802
107995,0.0007576080970466137
