Index,Activation Value
97407,0.0029603454750031233
95769,0.002808880526572466
3082,0.002439880045130849
1021,0.002339267637580633
21549,0.002311185235157609
104537,0.0021826482843607664
60763,0.0019511292921379209
43247,0.001763113890774548
47448,0.0016781185986474156
52183,0.0016744016902521253
