Index,Activation Value
53579,0.11669093370437622
58249,0.10684733092784882
38924,0.09786936640739441
36473,0.06266666948795319
33011,0.05063304305076599
26778,0.048202577978372574
18000,0.04514291509985924
8080,0.04452645778656006
56554,0.04217986762523651
24298,0.03946477919816971
