Index,Activation Value
64204,0.17555594444274902
33336,0.13762006163597107
83828,0.13297389447689056
27438,0.13119757175445557
111011,0.0918036624789238
11313,0.06832181662321091
66000,0.06572824716567993
42812,0.06376325339078903
108542,0.06360786408185959
21549,0.06287627667188644
