Index,Activation Value
13090,0.009708525612950325
88571,0.002669666428118944
107558,0.002377194818109274
27438,0.0020207641646265984
64204,0.0016189480666071177
90842,0.0015930611407384276
83828,0.0014798170886933804
48529,0.0014777169562876225
19627,0.0012731964234262705
14326,0.0007067949045449495
