Index,Activation Value
86421,1.1447941064834595
76815,0.5588958263397217
