Index,Activation Value
7145,0.1789272427558899
773,0.15258963406085968
17428,0.1284061223268509
21565,0.09381869435310364
8302,0.08374813199043274
3932,0.08058805763721466
31904,0.0763348639011383
36473,0.07119838893413544
52106,0.07100823521614075
20544,0.07070893049240112
