Index,Activation Value
33011,0.08357419818639755
1909,0.05370726436376572
36473,0.05121210962533951
21467,0.04654315114021301
38924,0.038984302431344986
13179,0.030506540089845657
44569,0.028112856671214104
26778,0.02584090642631054
1859,0.01834845542907715
44743,0.014681491069495678
