Index,Activation Value
21467,0.8305805921554565
29340,0.4749245345592499
36212,0.4293849468231201
56855,0.39823073148727417
8396,0.3954900801181793
38340,0.37743261456489563
38432,0.35999947786331177
24565,0.2768233120441437
25657,0.2648932933807373
13743,0.2620817720890045
