Index,Activation Value
36212,0.5868010520935059
8396,0.5247064232826233
56855,0.49729442596435547
21467,0.44850480556488037
25657,0.4055415391921997
29340,0.38770827651023865
4530,0.327287495136261
38432,0.30297157168388367
55023,0.2955552339553833
54138,0.2815694212913513
