Index,Activation Value
59288,0.0013200968969613314
56554,0.0012857794063165784
58249,0.0011437572538852692
13179,0.0001980206579901278
26559,9.294913616031408e-05
579,4.33283275924623e-05
