Index,Activation Value
15111,0.21823245286941528
36625,0.21129855513572693
31056,0.17634154856204987
47264,0.17459939420223236
40818,0.16721470654010773
15397,0.1643563061952591
49043,0.15673503279685974
50934,0.15409260988235474
25227,0.15159307420253754
57892,0.14322777092456818
