Index,Activation Value
56855,0.03037846088409424
19868,0.02805561013519764
36473,0.027316739782691002
8396,0.02231467515230179
29340,0.02225544862449169
32727,0.021961869671940804
36212,0.018871812149882317
54138,0.016986781731247902
27547,0.01698477379977703
44569,0.016014210879802704
