Index,Activation Value
43941,1.143118977546692
102655,0.4387996792793274
19594,0.37263214588165283
36857,0.3070623576641083
93894,0.28342342376708984
78893,0.26686811447143555
85642,0.2047848254442215
