Index,Activation Value
59998,0.09944402426481247
88295,0.08021741360425949
62757,0.0650501623749733
64204,0.051247499883174896
55779,0.047054797410964966
98149,0.045036107301712036
52854,0.044609107077121735
95769,0.044518761336803436
24604,0.043283611536026
65958,0.04299991950392723
