Index,Activation Value
34961,0.03825322166085243
24588,0.037087418138980865
27683,0.034963831305503845
53589,0.02780800312757492
30511,0.02396956831216812
47711,0.022589797154068947
28273,0.01850426197052002
36054,0.017837369814515114
15758,0.01757851056754589
56889,0.0174240879714489
