Index,Activation Value
76908,0.10059280693531036
52426,0.09592388570308685
60631,0.08480985462665558
40355,0.0838419497013092
48529,0.08286871761083603
7682,0.08162163943052292
27789,0.08028038591146469
99629,0.0767144113779068
28910,0.07620299607515335
23410,0.06949036568403244
