Index,Activation Value
53579,0.10686757415533066
38924,0.09800971299409866
26778,0.08276344835758209
13179,0.055442918092012405
44569,0.05158546194434166
56554,0.04714139923453331
33011,0.0452340729534626
58249,0.044893309473991394
1909,0.04299994558095932
43178,0.03810486942529678
