Index,Activation Value
49406,0.049458183348178864
7783,0.04166470468044281
56545,0.04027262702584267
56032,0.03888974338769913
54227,0.036841847002506256
58458,0.03567621484398842
12929,0.031050005927681923
16549,0.03100799210369587
37600,0.028284672647714615
37903,0.02828148938715458
