Index,Activation Value
18689,0.9006499648094177
61789,0.3109464943408966
7203,0.2697758972644806
46112,0.21789094805717468
24578,0.11265002191066742
2193,0.10105244815349579
53024,0.08317811787128448
102110,0.07599735260009766
70829,0.04109903424978256
16254,0.01465747319161892
