Index,Activation Value
87077,0.011674711480736732
36173,0.010317333973944187
89243,0.007726598531007767
50983,0.0047267950139939785
96654,0.004044576548039913
58965,0.0036343985702842474
33449,0.003041089279577136
76696,0.003000883152708411
14165,0.0027497417759150267
80233,0.002268319483846426
