Index,Activation Value
38924,0.38219135999679565
21467,0.29554301500320435
28312,0.2953795790672302
1909,0.28477492928504944
58249,0.2610827684402466
53579,0.2515803873538971
48137,0.2326936274766922
39450,0.22093592584133148
36473,0.22088617086410522
14196,0.21021030843257904
