Index,Activation Value
21467,0.11274167150259018
29340,0.08467095345258713
36212,0.08400198817253113
56855,0.08306808024644852
8396,0.07401233911514282
29465,0.07354171574115753
38432,0.06657092273235321
30430,0.055289775133132935
33607,0.05278468132019043
25657,0.04732354357838631
