Index,Activation Value
28425,0.011000626720488071
88571,0.005821560509502888
28910,0.004049698356539011
16107,0.00321221724152565
56725,0.002854572609066963
52183,0.0025800205767154694
17902,0.0024416872765868902
852,0.002245151437819004
6156,0.001991298981010914
99629,0.0016994827892631292
