Index,Activation Value
7351,0.09496911615133286
74354,0.09230635315179825
52491,0.08945472538471222
868,0.08878239244222641
12344,0.08621437847614288
62757,0.07457718253135681
47586,0.0740610808134079
17690,0.06675370782613754
14022,0.06656981259584427
4738,0.06574518233537674
