Index,Activation Value
52683,1.63115394115448
96125,1.548817753791809
29172,1.5395731925964355
111478,1.526482105255127
15751,1.1861692667007446
55126,1.1244271993637085
11374,1.0544615983963013
1267,0.8594077825546265
95693,0.8438085913658142
79857,0.8370465040206909
