Index,Activation Value
51614,0.062155790627002716
57551,0.05033913999795914
28561,0.048021551221609116
33607,0.04657349735498428
44269,0.04369443282485008
31736,0.04168611019849777
7683,0.0407031886279583
53589,0.039715759456157684
51769,0.038855016231536865
19339,0.038838330656290054
