Index,Activation Value
44123,0.11877863109111786
61123,0.08027328550815582
96243,0.07954391837120056
100532,0.07822185009717941
105975,0.0780903548002243
41210,0.07661627978086472
868,0.07534673064947128
55426,0.07251881062984467
79383,0.07091232389211655
91551,0.06802548468112946
