Index,Activation Value
72094,0.044540178030729294
111154,0.03260811045765877
27234,0.030479829758405685
22839,0.030285464599728584
16959,0.02762603759765625
36398,0.02407052367925644
24604,0.023201683536171913
69888,0.01990678533911705
45447,0.019506333395838737
84869,0.019458457827568054
