Index,Activation Value
1909,0.275137722492218
44569,0.26528146862983704
38924,0.2455083429813385
53579,0.2259834259748459
13179,0.17395077645778656
33011,0.17354366183280945
58249,0.16988490521907806
26778,0.1679803431034088
36473,0.15542684495449066
56554,0.13102225959300995
