Index,Activation Value
70349,0.046259038150310516
13090,0.04275497794151306
36173,0.04240947216749191
56725,0.030246954411268234
37498,0.027195803821086884
88571,0.021177325397729874
97407,0.016454894095659256
25849,0.015591928735375404
52183,0.011040722951292992
22092,0.010305630974471569
