Index,Activation Value
39450,0.10085203498601913
25802,0.0980244055390358
14196,0.09750138968229294
48137,0.08996056765317917
42784,0.08498506993055344
34397,0.079758420586586
12474,0.07495496422052383
54405,0.07488193362951279
22757,0.07330961525440216
9084,0.07307380437850952
