Index,Activation Value
83828,0.11832848936319351
35254,0.11357522010803223
33336,0.11198914796113968
84018,0.11092241108417511
111011,0.09037739783525467
6156,0.08899274468421936
16107,0.08118302375078201
104537,0.07564260810613632
98149,0.0725354552268982
50439,0.07173530757427216
