Index,Activation Value
83627,1.336456537246704
85212,1.1798731088638306
48281,1.1315586566925049
4722,1.094223976135254
25669,0.9342342615127563
76170,0.8105903267860413
24365,0.7844094634056091
75996,0.778640627861023
59026,0.7574636936187744
68850,0.572187602519989
