Index,Activation Value
13179,0.025791505351662636
2800,0.015139037743210793
24565,0.012037674896419048
14040,0.01015906035900116
14196,0.009325968101620674
54405,0.006619188468903303
36212,0.006614350713789463
17939,0.006247507408261299
10089,0.006139545235782862
773,0.004447284620255232
