Index,Activation Value
107925,0.11225788295269012
12,0.0875958725810051
12344,0.08162905275821686
868,0.07690010964870453
67433,0.07571251690387726
74354,0.07163658738136292
17690,0.06574652343988419
36411,0.06534034758806229
76298,0.06529482454061508
31914,0.062356170266866684
