Index,Activation Value
27683,0.2333839237689972
41844,0.19957344233989716
57551,0.1951974332332611
25657,0.1868141144514084
32727,0.17568467557430267
14826,0.17518961429595947
47257,0.1698962152004242
19868,0.16780397295951843
45313,0.16298307478427887
52440,0.16158759593963623
