Index,Activation Value
31199,2.6358327865600586
28425,2.324097156524658
54896,2.086305856704712
23836,2.060185432434082
34454,1.9788833856582642
86208,1.7817258834838867
13090,1.6247694492340088
22092,1.5199429988861084
86538,1.505643367767334
36173,1.4982795715332031
