Index,Activation Value
33011,0.003351579187437892
38924,0.001598178525455296
58249,0.0014573310036212206
26778,0.0010989699512720108
1909,0.0007096526678651571
