Index,Activation Value
8455,0.7253677248954773
15913,0.6309483051300049
19724,0.5870950818061829
7145,0.553169846534729
57972,0.4496873915195465
36104,0.386451780796051
3648,0.364138662815094
33761,0.34558480978012085
9049,0.3310169279575348
6078,0.32486453652381897
