Index,Activation Value
95769,0.023815352469682693
35254,0.020609719678759575
107925,0.019581278786063194
58965,0.018265798687934875
101572,0.01813553087413311
27438,0.014491156674921513
70776,0.011182893067598343
42482,0.010671072639524937
93969,0.010236210189759731
36533,0.01010685320943594
