Index,Activation Value
21467,0.20867577195167542
24298,0.1869969516992569
8080,0.14303942024707794
8019,0.13810604810714722
54138,0.13130779564380646
44569,0.13081048429012299
36473,0.12665864825248718
18000,0.11738675087690353
1909,0.10465189814567566
56855,0.09525864571332932
