Index,Activation Value
773,0.004882407374680042
9049,0.0008326841634698212
