Index,Activation Value
12344,0.004240872338414192
55426,0.0018968319054692984
14983,0.00023947822046466172
