Index,Activation Value
13090,0.12597189843654633
54896,0.08284632116556168
83828,0.07510025799274445
89243,0.07382816821336746
52183,0.0724116712808609
8897,0.07156535238027573
55426,0.07019998133182526
22230,0.06730040162801743
27858,0.06710632890462875
56725,0.06405879557132721
