Index,Activation Value
5319,0.007940626703202724
9057,0.006217447109520435
44983,0.0030554241966456175
34156,0.0026996820233762264
41548,0.0024977391585707664
50324,0.001981807639822364
47900,0.0017374169547110796
39234,0.0016982554225251079
19088,0.0016160759842023253
41994,0.0014567705802619457
