Index,Activation Value
38924,0.40575462579727173
8080,0.34491950273513794
26778,0.34373578429222107
24298,0.3127467632293701
33011,0.29410314559936523
54138,0.2873463034629822
29340,0.2773131728172302
36473,0.2700747847557068
58249,0.24056382477283478
36212,0.2330726832151413
