Index,Activation Value
36212,0.22880910336971283
55023,0.20019572973251343
8396,0.19413232803344727
29340,0.1751815229654312
56855,0.14649660885334015
53582,0.14450515806674957
4530,0.12405940890312195
24565,0.11540474742650986
53579,0.08548591285943985
38924,0.08076003938913345
