Index,Activation Value
56855,0.4196101427078247
8396,0.4105274975299835
36212,0.39124682545661926
29340,0.2358245998620987
25657,0.22685761749744415
4530,0.2033611536026001
55023,0.16510696709156036
31736,0.14908857643604279
4055,0.1370045244693756
27840,0.13668593764305115
