Index,Activation Value
38924,0.019806968048214912
53579,0.01921849139034748
21467,0.015580199658870697
24298,0.015119249932467937
8080,0.010789983905851841
58249,0.010314473882317543
36473,0.009307620115578175
8019,0.006520273629575968
18000,0.006308312527835369
54138,0.005720121785998344
