Index,Activation Value
7334,0.0014478496741503477
96758,0.0009251017472706735
