Index,Activation Value
95769,0.09882992506027222
82590,0.08986151218414307
2915,0.08798682689666748
29450,0.08566174656152725
73855,0.0770401582121849
92307,0.07473800331354141
27191,0.07389798760414124
74331,0.06748395413160324
7682,0.06463739275932312
4984,0.0636950209736824
