Index,Activation Value
15111,0.0033952256198972464
36944,0.00021846745221409947
