Index,Activation Value
38127,0.007467841263860464
54138,0.002504953183233738
