Index,Activation Value
2800,0.16301003098487854
41843,0.1393590122461319
44208,0.1237577274441719
56007,0.10310176759958267
579,0.09609270840883255
54222,0.09449248760938644
32696,0.09027516096830368
59868,0.08811169862747192
28312,0.08083026111125946
44189,0.08005715906620026
