Index,Activation Value
88571,0.08131511509418488
71879,0.06693866848945618
29450,0.05025752633810043
107995,0.04214806854724884
90842,0.03980633616447449
71812,0.0379113033413887
100136,0.03776431828737259
55779,0.03643212467432022
48820,0.03146485239267349
48473,0.02877035364508629
