Index,Activation Value
36473,0.18448689579963684
24298,0.17072546482086182
54138,0.13660000264644623
8019,0.12618011236190796
44569,0.12399768829345703
8080,0.12314889580011368
53579,0.1166301742196083
1909,0.11129875481128693
21467,0.10971931368112564
38924,0.09368664026260376
