Index,Activation Value
88571,0.003479983890429139
70349,8.205998892663047e-05
