Index,Activation Value
53579,0.5518358945846558
21467,0.4951184391975403
8080,0.4454522728919983
26778,0.43899253010749817
45313,0.4294154644012451
27547,0.4169924557209015
33011,0.3932420313358307
36212,0.3925294578075409
54138,0.38270217180252075
38924,0.367802232503891
