Index,Activation Value
87758,0.0010468425462022424
107558,0.0003401266294531524
28910,0.00013524915266316384
