Index,Activation Value
21467,0.008442644961178303
53579,0.0035819848999381065
8080,0.00326418480835855
38924,0.0026619809214025736
54138,0.0019630955066531897
38432,0.0005583576275967062
