Index,Activation Value
82475,2.504237174987793
105688,2.3869380950927734
4825,2.135984182357788
89750,2.026942491531372
81064,1.690740704536438
109690,1.6474286317825317
70054,1.6258774995803833
95051,1.4557228088378906
91257,1.2734224796295166
48655,1.2284191846847534
