Index,Activation Value
8019,0.06368888914585114
24298,0.058830998837947845
53582,0.05550866574048996
24565,0.04770170897245407
42887,0.0453752800822258
56505,0.040684428066015244
18000,0.03843018785119057
53579,0.03721027076244354
4417,0.03715192899107933
26778,0.03344069421291351
