Index,Activation Value
6156,0.0014823739184066653
28425,0.0014063355047255754
