Index,Activation Value
95769,0.018589286133646965
17902,0.014620533213019371
35254,0.01426737755537033
95496,0.007185888476669788
65993,0.006340112071484327
111056,0.005308736115694046
29450,0.003956244792789221
110975,0.003909049089998007
75996,0.003586295759305358
70349,0.003116348758339882
