Index,Activation Value
8080,0.012086774222552776
36212,0.011694163084030151
53579,0.010959764011204243
38432,0.010350662283599377
21467,0.009908621199429035
26778,0.009736118838191032
54138,0.009282847866415977
38340,0.008207328617572784
8019,0.008138633333146572
33011,0.00775718642398715
