Index,Activation Value
62757,0.0710955336689949
22092,0.05930919572710991
71879,0.058204811066389084
90710,0.058009643107652664
11313,0.05794856697320938
868,0.05581869184970856
61123,0.050560854375362396
64204,0.04700151085853577
12344,0.044783417135477066
35254,0.0354042686522007
