Index,Activation Value
8019,0.005690527614206076
27547,0.005377571564167738
24298,0.00487598218023777
33011,0.00426342710852623
53579,0.0037717935629189014
8080,0.0034720066469162703
38924,0.00175223418045789
1909,0.0014719143509864807
26778,0.0011483868584036827
18000,0.0005214956472627819
