Index,Activation Value
45918,1.085548996925354
52551,0.9492962956428528
60518,0.9228977560997009
90842,0.8916462659835815
63825,0.8693490028381348
2471,0.8581606149673462
25823,0.817903995513916
108895,0.8096381425857544
96633,0.7740365862846375
38533,0.7612132430076599
