Index,Activation Value
48598,0.834731936454773
87200,0.8300584554672241
26135,0.7566093802452087
28575,0.6744208335876465
30510,0.6079006791114807
96065,0.5616330504417419
87974,0.4551717936992645
95769,0.4279555678367615
67596,0.34280499815940857
69238,0.3216668665409088
