Index,Activation Value
40549,0.7007157206535339
43321,0.28763532638549805
53679,0.08217626810073853
