Index,Activation Value
56855,0.004905717447400093
8396,0.003110417164862156
21467,0.0026860886719077826
29340,0.002450110623613
36212,0.0023373463191092014
38432,0.002232691738754511
