Index,Activation Value
25544,0.09423185139894485
5556,0.08418792486190796
54927,0.083705373108387
7145,0.08229073137044907
14960,0.08052431046962738
16486,0.07620538026094437
39837,0.07431431114673615
51351,0.07165969163179398
13324,0.0663776844739914
9049,0.06483288109302521
