Index,Activation Value
29340,0.006720933597534895
8396,0.006373587064445019
56855,0.0046518477611243725
36212,0.003417349187657237
26778,0.0012452219380065799
24298,0.0010243776487186551
16549,0.0005510300979949534
