Index,Activation Value
38127,0.05563591048121452
43054,0.051489248871803284
4987,0.04864290729165077
36625,0.04455650970339775
36944,0.04433829337358475
59924,0.044162582606077194
21161,0.04077766835689545
31056,0.03962114453315735
13158,0.03948196396231651
41410,0.03731924667954445
