Index,Activation Value
45313,0.18041427433490753
13743,0.17871370911598206
8080,0.17069022357463837
24298,0.1539565771818161
29340,0.14767146110534668
8019,0.14497427642345428
9816,0.14197199046611786
38127,0.1388949453830719
44569,0.11377302557229996
27547,0.11363295465707779
