Index,Activation Value
111011,0.03497997298836708
70349,0.03190896287560463
37498,0.030213313177227974
107995,0.02980048581957817
17902,0.02946709655225277
72094,0.029310889542102814
12344,0.029151873663067818
101572,0.02844185009598732
14022,0.028117073699831963
92077,0.027258262038230896
