Index,Activation Value
24867,1.0226470232009888
34136,0.5609537363052368
108174,0.5176937580108643
108609,0.14809176325798035
44558,0.027277179062366486
35525,0.005873918533325195
