Index,Activation Value
29340,0.20008894801139832
56855,0.173330619931221
24565,0.1631123423576355
53582,0.15059933066368103
43178,0.12302608042955399
8396,0.1207803264260292
28855,0.1004345491528511
58963,0.0801384374499321
12474,0.0759349837899208
28561,0.07376159727573395
