Index,Activation Value
38924,0.14165236055850983
26778,0.12676969170570374
53579,0.11211594194173813
43054,0.09671977162361145
56855,0.0758465975522995
31736,0.07415065914392471
24565,0.07325153797864914
53582,0.06792542338371277
44569,0.06612765789031982
36212,0.06245981156826019
