Index,Activation Value
11374,0.37144702672958374
39003,0.34342026710510254
102450,0.21818573772907257
