Index,Activation Value
47183,0.9748748540878296
33447,0.7862791419029236
31426,0.5380569696426392
73155,0.31566381454467773
98747,0.26855313777923584
111340,0.256143182516098
112057,0.2042652666568756
88404,0.20230941474437714
86380,0.19970127940177917
83606,0.15857021510601044
