Index,Activation Value
38924,0.010808548890054226
16061,0.0019931423012167215
