Index,Activation Value
86756,0.011056105606257915
96654,0.003198527731001377
27438,0.002697347430512309
28910,0.0011268439702689648
36173,0.0008680836763232946
64204,0.0004632359487004578
