Index,Activation Value
25024,0.01118446234613657
65367,0.010907977819442749
48631,0.00969951506704092
20930,0.009078552015125751
71150,0.008897415362298489
111291,0.008717824704945087
111011,0.008369682356715202
107995,0.008141636848449707
66000,0.007942207157611847
43165,0.0078803151845932
