Index,Activation Value
5319,0.14193092286586761
9049,0.13263128697872162
7145,0.1295815408229828
31056,0.12750893831253052
3932,0.1260569989681244
17999,0.1242096945643425
39041,0.11329731345176697
42599,0.11166407912969589
53809,0.10912376642227173
31213,0.10679548233747482
