Index,Activation Value
88571,0.17790091037750244
17902,0.11437825113534927
9293,0.09650206565856934
59080,0.08313369750976562
108542,0.06910566240549088
36421,0.0675274133682251
8826,0.06630894541740417
2915,0.06517107039690018
33420,0.0627940222620964
40030,0.06219029799103737
