Index,Activation Value
29340,0.0013186292489990592
18000,0.0003065053024329245
43197,0.00028413700056262314
1859,0.00025412547984160483
38127,0.00023739520111121237
9816,0.0002228462981292978
32727,0.00016158988000825047
44569,0.0001548167783766985
40678,0.00012876506661996245
41844,7.883759099058807e-05
