Index,Activation Value
35254,0.024657100439071655
90842,0.02077518031001091
12589,0.012434516102075577
15751,0.010788858868181705
59998,0.010360398329794407
88571,0.01034650020301342
28910,0.007208851166069508
13090,0.006527756806463003
111665,0.0063051506876945496
19627,0.006107891444116831
