Index,Activation Value
70349,0.14439918100833893
13090,0.14223913848400116
60631,0.12345106899738312
56725,0.10949461907148361
37498,0.09668222814798355
33336,0.08461954444646835
28425,0.06749697774648666
19627,0.06703970581293106
111011,0.0644337609410286
103008,0.06140308827161789
