Index,Activation Value
29340,0.36582106351852417
56855,0.314207524061203
8396,0.30660074949264526
53589,0.28198567032814026
36212,0.27686288952827454
21467,0.20756632089614868
31736,0.19662243127822876
33607,0.1842389851808548
28561,0.16840428113937378
38432,0.1626393347978592
