Index,Activation Value
4268,0.3378584384918213
22957,0.330022931098938
