Index,Activation Value
21467,0.016721148043870926
53579,0.009304895997047424
56855,0.008386146277189255
38432,0.007750647142529488
8080,0.007529166992753744
36212,0.007490504998713732
27547,0.0074076964519917965
8396,0.006674180272966623
26778,0.0062155406922101974
33011,0.00460817851126194
