Index,Activation Value
53579,0.07098343968391418
8080,0.06831267476081848
38924,0.05833994597196579
30430,0.05525711178779602
33011,0.0534171387553215
15111,0.04664834961295128
59288,0.04131443798542023
58249,0.03954614698886871
18000,0.03926515951752663
40818,0.03896303474903107
