Index,Activation Value
3082,0.11799553036689758
19627,0.10279396176338196
29372,0.0866851657629013
92547,0.08483891189098358
26012,0.08266126364469528
63669,0.08023654669523239
72094,0.0775250792503357
55426,0.0673733651638031
39257,0.06460458040237427
90582,0.06294901669025421
