Index,Activation Value
8790,0.007190017029643059
89243,0.005270626395940781
37498,0.005085980985313654
36173,0.005053052678704262
95693,0.003540094243362546
27858,0.0018894217209890485
34454,1.917350346047897e-05
