Index,Activation Value
13090,0.03402340039610863
52183,0.030316025018692017
60631,0.02840929850935936
70349,0.02357328124344349
83828,0.022947300225496292
97407,0.022248361259698868
36173,0.018694819882512093
107551,0.014841827563941479
8774,0.012751379981637001
37498,0.011129293590784073
