Index,Activation Value
43061,0.5918865203857422
106591,0.44370514154434204
32563,0.403195321559906
99880,0.3923533260822296
30498,0.38839948177337646
7485,0.366245299577713
47835,0.349251925945282
65743,0.33514857292175293
60476,0.26499179005622864
39409,0.18162035942077637
