Index,Activation Value
7145,0.17137637734413147
9049,0.15909481048583984
15111,0.15809223055839539
36625,0.15772861242294312
31056,0.15066009759902954
47264,0.15008357167243958
14706,0.13951288163661957
21565,0.13451804220676422
15397,0.1296873390674591
42599,0.12943990528583527
