Index,Activation Value
21467,0.3793387711048126
53579,0.21725906431674957
7145,0.20391082763671875
54138,0.19147050380706787
24298,0.18151399493217468
8019,0.18036355078220367
38432,0.172311469912529
39450,0.16140589118003845
43197,0.15660667419433594
48137,0.15538102388381958
