Index,Activation Value
59998,0.04456392303109169
76908,0.043295618146657944
71355,0.03861888870596886
108688,0.03505450859665871
95769,0.03305903449654579
50983,0.031502917408943176
14022,0.029881693422794342
105073,0.028863215819001198
88937,0.026839300990104675
95576,0.025709668174386024
