Index,Activation Value
90842,0.1321072280406952
19627,0.13208255171775818
107925,0.11171261966228485
71879,0.10772199928760529
111665,0.09493723511695862
42192,0.09027129411697388
71812,0.075636126101017
87077,0.07497473061084747
55779,0.06603342294692993
44818,0.06411530077457428
