Index,Activation Value
93564,0.9019629955291748
2871,0.8163749575614929
14426,0.7866838574409485
92908,0.592435359954834
100136,0.5051984190940857
97229,0.41543158888816833
49205,0.35659265518188477
29305,0.35146743059158325
95475,0.34935107827186584
71150,0.34854501485824585
