Index,Activation Value
6811,0.6408674716949463
1883,0.39217668771743774
58138,0.26994526386260986
