Index,Activation Value
37903,0.16702641546726227
7921,0.1466120481491089
32254,0.13948607444763184
49406,0.1365659534931183
16261,0.13457632064819336
54227,0.13352563977241516
56032,0.12861528992652893
48137,0.12725885212421417
27569,0.1271911859512329
28312,0.12581411004066467
