Index,Activation Value
7351,0.09924399852752686
17608,0.09436448663473129
104002,0.09260238707065582
27789,0.08404610306024551
19627,0.07881557196378708
3082,0.07832837104797363
1267,0.07454514503479004
12,0.0706312507390976
37498,0.06990163028240204
52491,0.0654861181974411
