Index,Activation Value
96758,0.001185231958515942
24235,0.0005436172941699624
49456,0.0003740504907909781
