Index,Activation Value
13179,0.029150158166885376
59288,0.026065275073051453
57163,0.02373429201543331
14826,0.020399926230311394
29778,0.020224660634994507
13743,0.019056962803006172
1909,0.019048945978283882
23805,0.018386760726571083
16653,0.01832406595349312
55731,0.01814882457256317
