Index,Activation Value
60631,0.0028500217013061047
70349,0.002096232958137989
52183,0.0018945260671898723
88571,0.0010693189688026905
102181,0.0006830571801401675
