Index,Activation Value
1267,0.0410846583545208
101572,0.03769800812005997
8251,0.035546038299798965
12344,0.03404708951711655
6200,0.03244958072900772
4825,0.03189961984753609
36173,0.02863251604139805
54105,0.027811991050839424
110712,0.02756270207464695
55040,0.025453602895140648
