Index,Activation Value
59998,0.027242058888077736
16107,0.025758937001228333
13090,0.025377055630087852
48473,0.024916859343647957
12589,0.020320478826761246
98149,0.01758343167603016
107995,0.01682460308074951
7351,0.016423990949988365
107925,0.014556054025888443
20663,0.014031223021447659
