Index,Activation Value
53579,0.010822531767189503
21467,0.00976688601076603
24298,0.007095733657479286
8019,0.005952457431703806
36212,0.005898907780647278
27547,0.005030370783060789
8080,0.004744432866573334
33011,0.0037403753958642483
58249,0.0034932121634483337
56855,0.0034092499408870935
