Index,Activation Value
71879,0.12239491939544678
56725,0.10599035024642944
87758,0.09703945368528366
97828,0.0813923105597496
52491,0.0785306766629219
4738,0.07590966671705246
55779,0.0750645101070404
46468,0.07504793256521225
35254,0.07147105783224106
103008,0.06971199065446854
