Index,Activation Value
54105,0.0676916092634201
102181,0.05857471004128456
16089,0.05203625187277794
66575,0.051522836089134216
25887,0.049670808017253876
101572,0.04065083712339401
10580,0.038565464317798615
52008,0.03281458839774132
36533,0.03119688294827938
32638,0.029394861310720444
