Index,Activation Value
44569,0.057591743767261505
36944,0.055047761648893356
43054,0.05446409434080124
36625,0.05341252312064171
32757,0.05106408894062042
31723,0.048567935824394226
15397,0.048309966921806335
4055,0.04743329435586929
10570,0.045610491186380386
7145,0.04537295177578926
