Index,Activation Value
35014,1.2021141052246094
94320,0.8392576575279236
53830,0.6942423582077026
106369,0.5802627205848694
20023,0.35654664039611816
48631,0.3018321692943573
34771,0.2176353931427002
35803,0.19435638189315796
95775,0.19047001004219055
18390,0.1721554696559906
