Index,Activation Value
37498,0.020846368744969368
64204,0.020486053079366684
56725,0.012673262506723404
97407,0.006700499448925257
52826,0.004462380427867174
63170,0.0041322833858430386
107558,0.0037206788547337055
86118,0.0037001899909228086
88155,0.0027447452303022146
63037,0.0026473707985132933
