Index,Activation Value
8768,0.07638797163963318
56545,0.07527734339237213
43541,0.07165662199258804
56032,0.06917914003133774
41263,0.06410649418830872
28161,0.06318005919456482
43178,0.06304284930229187
14756,0.06162694841623306
1333,0.060916438698768616
37711,0.060875121504068375
