Index,Activation Value
45682,0.01278246846050024
54927,0.010738507844507694
41843,0.010577503591775894
51614,0.006979113910347223
2800,0.0045509557239711285
26531,0.003470955416560173
6830,0.0034122171346098185
56273,0.0032014355529099703
35097,0.003085325239226222
20982,0.0029788438696414232
