Index,Activation Value
111478,0.10153140872716904
1267,0.10050377994775772
52683,0.09657791256904602
4738,0.08805977553129196
70349,0.07464298605918884
95769,0.073301300406456
73782,0.0705220177769661
93685,0.06998000293970108
71879,0.06816889345645905
97828,0.06537697464227676
