Index,Activation Value
13090,0.0015988576924428344
88571,0.0012127506779506803
