Index,Activation Value
29465,0.011121905408799648
32727,0.006936394609510899
13743,0.006423679646104574
21467,0.0051016854122281075
38340,0.00424105254933238
57551,0.0034871345851570368
41844,0.0033510352950543165
53589,0.0016596023924648762
19868,0.0016036485321819782
4902,0.0009087447542697191
