Index,Activation Value
43054,0.29648372530937195
26778,0.20614850521087646
32881,0.18254075944423676
38127,0.18244148790836334
19868,0.1797424554824829
39547,0.17329849302768707
33011,0.16859760880470276
4930,0.15542472898960114
38924,0.14613310992717743
58249,0.14573600888252258
