Index,Activation Value
53582,0.02821422554552555
16549,0.024230899289250374
25800,0.01944524236023426
59288,0.018928010016679764
56855,0.018372315913438797
218,0.01782197691500187
8396,0.017659466713666916
43514,0.012196443974971771
4417,0.009707478806376457
24565,0.008944333530962467
