Index,Activation Value
29340,0.4482012093067169
36212,0.4286534786224365
8396,0.3171796500682831
56855,0.30563172698020935
36473,0.3043670952320099
4530,0.2369883507490158
24298,0.22450612485408783
44569,0.21101118624210358
24565,0.20070317387580872
25657,0.18862976133823395
