Index,Activation Value
52585,0.15119078755378723
32704,0.15019381046295166
48137,0.14627599716186523
57413,0.14516077935695648
34397,0.13917843997478485
58458,0.13795500993728638
25087,0.13091059029102325
20435,0.1296064406633377
36625,0.12896956503391266
21565,0.12741950154304504
