Index,Activation Value
72094,0.022563910111784935
16107,0.02204143814742565
7334,0.010771202854812145
59998,0.00703914649784565
14022,0.006324763875454664
92077,0.005559353623539209
55779,0.005509465001523495
92179,0.004980926867574453
52683,0.0048667495138943195
3082,0.0048041436821222305
