Index,Activation Value
56725,0.041462697088718414
13090,0.034650422632694244
28425,0.03283051773905754
107995,0.02215619944036007
107558,0.01749713160097599
49456,0.0170662309974432
98149,0.017045218497514725
51766,0.013087186962366104
76908,0.012625936418771744
36173,0.012300119735300541
