Index,Activation Value
111011,0.10401546210050583
27438,0.09023269265890121
73782,0.08275773376226425
107995,0.0819239541888237
86756,0.06786246597766876
8251,0.06693822890520096
6156,0.0668260008096695
78437,0.060207903385162354
40030,0.05489693582057953
50439,0.05459889397025108
