Index,Activation Value
36212,0.2314346581697464
56855,0.2303985208272934
8396,0.22799301147460938
29340,0.2213595062494278
51614,0.19834710657596588
30430,0.17571845650672913
38340,0.16582609713077545
21467,0.1595107614994049
43178,0.15878887474536896
25657,0.15496796369552612
