Index,Activation Value
36212,0.01470116712152958
21467,0.012865726836025715
27547,0.011906791478395462
53579,0.011778819374740124
8396,0.011361505836248398
8080,0.010318069718778133
38432,0.010152078233659267
56855,0.00957596767693758
44569,0.008114304393529892
38924,0.00729898177087307
