Index,Activation Value
21467,0.01173827238380909
27547,0.01029854267835617
8080,0.008958945982158184
38432,0.0070557682774960995
56855,0.006899427622556686
8396,0.006473838351666927
32727,0.005872728303074837
29340,0.005785748362541199
53579,0.00557769276201725
24298,0.005342848598957062
