Index,Activation Value
22371,0.1552402824163437
10570,0.1376928836107254
37903,0.12007429450750351
54222,0.11361300200223923
54227,0.11208046227693558
49406,0.1027328222990036
579,0.09885337203741074
37600,0.09755314886569977
12023,0.09530233591794968
11257,0.09324972331523895
