Index,Activation Value
35254,0.022239960730075836
7351,0.013800744898617268
28910,0.013070553541183472
54956,0.013014215044677258
59998,0.009254008531570435
105073,0.008239906281232834
4825,0.006254659965634346
16089,0.005565242376178503
24604,0.004826718010008335
72696,0.004806952551007271
