Index,Activation Value
29340,0.11730775237083435
33011,0.11042572557926178
1909,0.08960825204849243
26778,0.08266173303127289
38924,0.0775977075099945
53579,0.07755472511053085
36212,0.07188473641872406
21467,0.060994308441877365
8396,0.05619394779205322
13179,0.050934113562107086
