Index,Activation Value
56855,0.05622638016939163
8396,0.05400700494647026
19868,0.0507255457341671
36212,0.04588836804032326
21467,0.044570207595825195
29340,0.04423901438713074
43054,0.04072202742099762
32727,0.036426108330488205
27547,0.03170810267329216
9816,0.030847253277897835
