Index,Activation Value
107558,0.049391329288482666
40355,0.04872846230864525
103824,0.04772156476974487
33659,0.046270232647657394
16959,0.03858831152319908
15751,0.03851695731282234
80233,0.034838058054447174
108759,0.0312906876206398
49456,0.02978074736893177
67509,0.02894793264567852
