Index,Activation Value
8080,0.7387444972991943
24298,0.6986348628997803
53579,0.6165120601654053
44569,0.604796826839447
1909,0.585233747959137
8019,0.5846912264823914
33011,0.5709871053695679
36473,0.5326355695724487
38924,0.5285824537277222
27547,0.4958394169807434
