Index,Activation Value
24298,0.5989356637001038
36473,0.4953601360321045
