Index,Activation Value
36473,0.010531928390264511
13179,0.00676150806248188
1909,0.004496539011597633
