Index,Activation Value
4055,0.12111823260784149
11478,0.1021956279873848
36625,0.09941508620977402
45997,0.09906430542469025
39787,0.09352469444274902
3057,0.0908219963312149
2891,0.09003319591283798
26731,0.08801461011171341
3829,0.08724913746118546
27203,0.0850311741232872
