Index,Activation Value
24298,0.009023050777614117
21467,0.008272495120763779
8080,0.006740087177604437
27547,0.005629914812743664
8019,0.004702564794570208
38924,0.004697490017861128
53579,0.003325552912428975
36473,0.0027193534187972546
54138,0.0022493053693324327
36212,0.001438076258637011
