Index,Activation Value
47257,0.045644719153642654
53579,0.044230420142412186
4530,0.041745033115148544
58249,0.04142163693904877
8396,0.04141927883028984
26937,0.036303430795669556
36212,0.03533395752310753
25657,0.034095894545316696
56855,0.03279022127389908
38924,0.03183779865503311
