Index,Activation Value
41843,0.12693621218204498
43054,0.10640355199575424
5556,0.10074349492788315
5319,0.09885979443788528
52382,0.09408880025148392
45858,0.09106238186359406
31056,0.08327614516019821
2656,0.08206521719694138
51351,0.07557665556669235
14196,0.07354608923196793
