Index,Activation Value
52426,0.13324441015720367
3309,0.06484787911176682
52183,0.05920184403657913
107995,0.05865989625453949
56725,0.05758438631892204
93685,0.05373348295688629
97407,0.049008559435606
42192,0.046223804354667664
80813,0.04368801414966583
76908,0.038030169904232025
