Index,Activation Value
56725,0.013772938400506973
47448,0.010853652842342854
61123,0.007644690107554197
89243,0.006560610141605139
8897,0.006361858453601599
4825,0.005905269179493189
43807,0.00561560969799757
80813,0.005438520573079586
86538,0.005103137344121933
92077,0.00420021777972579
