Index,Activation Value
21549,0.023779019713401794
40355,0.022316893562674522
73782,0.01798628643155098
27191,0.01660321094095707
48473,0.014537827111780643
18680,0.014418493956327438
26376,0.013993939384818077
99848,0.01330528873950243
22092,0.012753903865814209
49456,0.012120818719267845
