Index,Activation Value
37498,0.019865086302161217
70349,0.01975131407380104
83828,0.012146026827394962
109700,0.011875255964696407
28910,0.010756890289485455
61202,0.009786154143512249
80233,0.006898755207657814
28425,0.006498993374407291
17902,0.0061505758203566074
57225,0.004343853332102299
