Index,Activation Value
8080,0.061717331409454346
21467,0.05187702178955078
24298,0.037645239382982254
36212,0.037299755960702896
54138,0.0368063747882843
26778,0.03618956357240677
27547,0.0356120839715004
8019,0.03460133448243141
33011,0.03430037200450897
44569,0.03308494761586189
