Index,Activation Value
29340,0.06978002190589905
43054,0.03676068037748337
56855,0.03515215590596199
36212,0.03502151742577553
8396,0.026760350912809372
3086,0.017708687111735344
23998,0.01583257131278515
16549,0.013488874770700932
43337,0.01314492803066969
25738,0.013133642263710499
