Index,Activation Value
15111,0.1341560333967209
9049,0.1269516944885254
24702,0.11442622542381287
14706,0.10831505060195923
36625,0.10696250200271606
25802,0.1068953424692154
40818,0.10113269090652466
39041,0.09948772192001343
47976,0.09817174077033997
27840,0.09781245142221451
