Index,Activation Value
3932,2.106114387512207
43115,1.5289287567138672
54138,0.9691851735115051
24298,0.8400064706802368
45313,0.8007640242576599
8080,0.7980490326881409
43197,0.7461258769035339
8019,0.7328309416770935
37656,0.7142558693885803
42887,0.6870517134666443
