Index,Activation Value
33607,0.18917901813983917
51614,0.1790628582239151
36875,0.139119952917099
44269,0.1376284956932068
44208,0.13075241446495056
57551,0.11273080110549927
7683,0.11109005659818649
53589,0.10517048835754395
23805,0.10266967117786407
21618,0.09926198422908783
