Index,Activation Value
24298,0.34366586804389954
8019,0.2815055847167969
36473,0.2745095193386078
44569,0.26274698972702026
1859,0.22406911849975586
12023,0.22255539894104004
56155,0.2158450186252594
579,0.18139857053756714
57163,0.178497314453125
29465,0.17126573622226715
