Index,Activation Value
53579,0.019582798704504967
38924,0.01743374578654766
26778,0.013185999356210232
21467,0.010629784315824509
33011,0.007556273136287928
38432,0.006143417675048113
8080,0.005696326959878206
38340,0.004949056077748537
8396,0.004692726768553257
58249,0.004396690055727959
