Index,Activation Value
53579,0.0016077012987807393
38924,0.0015857242979109287
21467,0.0014010922750458121
