Index,Activation Value
36536,0.004025640431791544
66000,0.00016918826440814883
