Index,Activation Value
13090,0.012286643497645855
49456,0.008471934124827385
100195,0.005923018325120211
56725,0.004557470325380564
27438,0.003708408446982503
70349,0.002426003571599722
15751,0.0023302556946873665
11374,0.0020291111432015896
52183,0.001892988570034504
55126,0.0018021153518930078
