Index,Activation Value
38924,0.01332683116197586
56554,0.008297950960695744
58249,0.006310225464403629
53579,0.005913284607231617
33011,0.0028929791878908873
36875,0.002526524243876338
59924,0.0019372940296307206
773,0.0017994733061641455
4055,0.0017494983039796352
36473,0.0013618560042232275
