Index,Activation Value
22092,1.933148980140686
54156,1.7978326082229614
6156,1.6678345203399658
7866,1.362594485282898
52345,1.3231587409973145
78653,1.3121899366378784
36774,1.153154969215393
17705,1.0990302562713623
40615,1.062812328338623
19410,1.0557061433792114
