Index,Activation Value
32727,0.03208424896001816
27547,0.022981174290180206
36212,0.022135058417916298
9816,0.017435112968087196
21467,0.01686583086848259
56855,0.015029430389404297
8396,0.014836439862847328
30430,0.013993908651173115
43197,0.013247396796941757
34961,0.012201031669974327
