Index,Activation Value
13090,0.008056491613388062
88571,0.003705688752233982
52183,0.0013201326364651322
96758,0.0013094085734337568
28910,0.0010902228532359004
56725,0.000636819691862911
90842,0.0005902074044570327
71879,0.00038350335671566427
