Index,Activation Value
27438,0.02234271913766861
64204,0.009422119706869125
2279,0.00836323481053114
84897,0.005948034580796957
56350,0.005926101002842188
54896,0.0046262978576123714
52683,0.00425697909668088
71236,0.0034400750882923603
112472,0.0031900142785161734
59951,0.0029868907295167446
