Index,Activation Value
59998,0.022662024945020676
80813,0.022229593247175217
55426,0.018624605610966682
29372,0.01595771126449108
54105,0.015291349031031132
75996,0.014335354790091515
70776,0.013981776311993599
59080,0.013323535211384296
101572,0.013166025280952454
26012,0.012580587528645992
