Index,Activation Value
12344,0.12120242416858673
8774,0.095543272793293
6156,0.09225422888994217
14022,0.0885719507932663
22230,0.08693694323301315
107551,0.08614050596952438
88546,0.08539994060993195
70776,0.08478772640228271
7942,0.0741603672504425
103991,0.07385248690843582
