Index,Activation Value
103510,1.0955406427383423
107558,0.9915457367897034
105492,0.9289246201515198
77587,0.5907328724861145
17211,0.5702974796295166
61364,0.5473012328147888
16435,0.47680991888046265
34966,0.31785520911216736
73213,0.31190603971481323
68644,0.27831196784973145
