Index,Activation Value
33011,0.015886688604950905
8396,0.013380367308855057
56855,0.01137583702802658
29340,0.009809978306293488
36473,0.008917373605072498
25657,0.008675842545926571
38247,0.00834994949400425
43178,0.007348744664341211
13179,0.006002967711538076
24298,0.004532428923994303
