Index,Activation Value
66672,0.46073564887046814
6132,0.3758167326450348
50954,0.27575546503067017
35095,0.2628377676010132
852,0.2531838119029999
13020,0.21027091145515442
39998,0.15631727874279022
76267,0.12449634075164795
