Index,Activation Value
12023,0.0022451444528996944
24702,0.002078566700220108
56273,0.00011451041063992307
