Index,Activation Value
13090,0.12524862587451935
88571,0.10378455370664597
70349,0.10272672772407532
44123,0.0966435894370079
17902,0.06239569932222366
4491,0.05877002328634262
65877,0.05198664590716362
62402,0.049449462443590164
28425,0.048610687255859375
66371,0.04754442349076271
