Index,Activation Value
112600,0.6593837141990662
87339,0.20912781357765198
82824,0.0862744078040123
