Index,Activation Value
8396,0.051699746400117874
36212,0.05095827206969261
29340,0.047018926590681076
56855,0.04452882334589958
21467,0.04177810996770859
25657,0.037738215178251266
38432,0.03513259440660477
27547,0.026940368115901947
8080,0.023055316880345345
54138,0.022919900715351105
