Index,Activation Value
13179,0.00546226417645812
59288,0.004210921470075846
48137,0.0029640845023095608
58458,0.002059249673038721
28312,0.0017924935091286898
42296,0.001717715640552342
56096,0.0014934056671336293
34397,0.001327971345745027
52440,0.0010837346781045198
4055,0.000855752732604742
