Index,Activation Value
8080,0.4014298915863037
27547,0.3680857717990875
32727,0.3576979637145996
21467,0.3425106108188629
8019,0.3349643051624298
9816,0.3150011897087097
54138,0.29641497135162354
24298,0.2885207533836365
42887,0.2622796893119812
19868,0.24685540795326233
