Index,Activation Value
59288,0.057703547179698944
17428,0.0404253825545311
4191,0.038374267518520355
1909,0.02953225001692772
26073,0.028457006439566612
57163,0.020243285223841667
18000,0.019841667264699936
56505,0.018060000613331795
26778,0.016199877485632896
36473,0.01605198159813881
