Index,Activation Value
99629,0.09212160110473633
73855,0.0778086930513382
29450,0.0713181123137474
93969,0.06745090335607529
107925,0.06388908624649048
82475,0.0638614296913147
28910,0.06223410740494728
100195,0.06049749255180359
59080,0.060385387390851974
7682,0.05148566514253616
