Index,Activation Value
36482,0.2982005774974823
59616,0.046104397624731064
