Index,Activation Value
9293,0.09937815368175507
12344,0.09354016929864883
107558,0.0911269560456276
27438,0.07776746898889542
66289,0.06949068605899811
63170,0.06702157855033875
103825,0.06603618711233139
80813,0.0651477724313736
75188,0.06159554421901703
86756,0.06042361259460449
