Index,Activation Value
9816,0.02176600880920887
24298,0.01929665356874466
43054,0.017703641206026077
58249,0.017266854643821716
19868,0.01725289598107338
42887,0.017115898430347443
52440,0.016308192163705826
22371,0.015415513888001442
9107,0.013537747785449028
54222,0.013492612168192863
