Index,Activation Value
88295,0.08938658982515335
107558,0.08647699654102325
88546,0.06981369853019714
18680,0.06954745203256607
108542,0.06886142492294312
11313,0.06475275009870529
852,0.06305302679538727
62662,0.05886802822351456
6156,0.057879488915205
67509,0.05715527758002281
