Index,Activation Value
21467,0.0162073764950037
53579,0.008902205154299736
38924,0.008270766586065292
24298,0.006136209703981876
26778,0.005837688222527504
33011,0.00548116909340024
54138,0.004934636410325766
8080,0.00486385403200984
38432,0.002702153054997325
56855,0.0018010918283835053
