Index,Activation Value
7145,0.04709673672914505
2390,0.023975253105163574
12474,0.020939545705914497
9480,0.020346952602267265
43514,0.01972983032464981
47856,0.018703684210777283
12360,0.01562780700623989
16261,0.015148473903536797
14706,0.015100331977009773
9049,0.015046749264001846
