Index,Activation Value
56554,0.0010852967388927937
41005,0.00027849446632899344
14706,0.00018868416373152286
39999,0.00017228834622073919
47247,0.00013602276158053428
55454,0.00013498189218807966
25562,0.0001143092304118909
4191,0.00010421129991300404
39812,8.733722643228248e-05
53814,7.824050408089533e-05
