Index,Activation Value
14465,0.13716061413288116
47257,0.12226318567991257
56155,0.12122256308794022
44743,0.11931164562702179
42649,0.11005807667970657
23998,0.10733957588672638
54923,0.10453733056783676
54222,0.10412077605724335
12023,0.10387735813856125
22371,0.10245863348245621
