Index,Activation Value
12344,0.0004287758201826364
49456,0.00016559110372327268
90842,6.799963011872023e-05
28910,4.4310891098575667e-05
88571,1.7936476979230065e-06
