Index,Activation Value
53579,0.4919840097427368
8080,0.44329938292503357
21467,0.4314846694469452
38924,0.3793010115623474
27547,0.3696008324623108
24298,0.3668113350868225
26778,0.3587672710418701
8019,0.3188113272190094
18000,0.31761595606803894
58249,0.2975538969039917
