Index,Activation Value
68202,0.815120279788971
5620,0.6020401120185852
66000,0.4265229105949402
