Index,Activation Value
54138,0.02707550674676895
42887,0.021326405927538872
43197,0.017425967380404472
24298,0.016794942319393158
45313,0.011289982125163078
54222,0.01117095910012722
8019,0.010863129049539566
38127,0.009722602553665638
44569,0.009228570386767387
9816,0.008569585159420967
