Index,Activation Value
28561,0.015094076283276081
14721,0.011953632347285748
31736,0.00659501226618886
8768,0.0036772002931684256
56086,0.003533919807523489
13248,0.0025949126575142145
33607,0.002383582992479205
14390,0.0023432860616594553
21019,0.001984654227271676
51614,0.0008563485462218523
