Index,Activation Value
71879,0.11295684427022934
25849,0.07772710919380188
96125,0.07244886457920074
88571,0.07124094665050507
87077,0.07034926116466522
46013,0.06534981727600098
70349,0.06494194269180298
7106,0.06317277997732162
96065,0.06177076697349548
22230,0.059629928320646286
