Index,Activation Value
70460,1.1492701768875122
95453,0.8401132225990295
55237,0.7000170946121216
95391,0.5966949462890625
67311,0.565083920955658
29174,0.5498709678649902
78173,0.4818226397037506
55620,0.4736426770687103
73306,0.45280298590660095
82,0.4240795969963074
