Index,Activation Value
88571,0.041888393461704254
70349,0.029629921540617943
96758,0.022599682211875916
17902,0.02230798453092575
33336,0.01829342171549797
17608,0.014135325327515602
91875,0.013788847252726555
44123,0.012865474447607994
16959,0.012384913861751556
14165,0.01234443485736847
