Index,Activation Value
27547,0.38604748249053955
38432,0.3453657031059265
38127,0.3081005811691284
9816,0.30256327986717224
56855,0.299545019865036
30430,0.29294389486312866
8396,0.2865334749221802
32727,0.24976712465286255
54138,0.24754935503005981
21467,0.22857317328453064
