Index,Activation Value
8080,0.03314107283949852
27547,0.031690001487731934
21467,0.028437310829758644
24298,0.02392689511179924
44569,0.02124050445854664
38432,0.01900678686797619
53579,0.015587194822728634
54138,0.01433392334729433
1909,0.011757191270589828
32727,0.011609883047640324
