Index,Activation Value
24298,0.025392962619662285
8019,0.020967578515410423
27547,0.01623801700770855
21467,0.014101375825703144
36473,0.01233727391809225
26778,0.01149108074605465
11257,0.008086061105132103
13179,0.007014152128249407
36212,0.006659157108515501
9816,0.006069609429687262
