Index,Activation Value
24342,1.5517102479934692
20602,0.6816306114196777
57428,0.4920443892478943
44208,0.009337157942354679
