Index,Activation Value
21467,0.5036321878433228
36212,0.3135639727115631
38432,0.2963024973869324
38924,0.291930228471756
19868,0.26448118686676025
38340,0.2587583363056183
53579,0.25174254179000854
25657,0.22427065670490265
38127,0.220653235912323
54138,0.20713655650615692
