Index,Activation Value
35254,0.10189016908407211
76906,0.07384637743234634
29450,0.0713803768157959
107558,0.061244040727615356
47884,0.05984065309166908
91875,0.05332073196768761
71355,0.050889573991298676
76908,0.05047560855746269
48473,0.04993775859475136
5798,0.0452725812792778
