Index,Activation Value
9293,0.005576095078140497
852,0.004766405560076237
7114,0.0045414939522743225
84018,0.004302755929529667
42493,0.004283803515136242
100136,0.00377859640866518
3878,0.0034711400512605906
107558,0.0030693248845636845
42192,0.0029842897783964872
4809,0.0019832393154501915
