Index,Activation Value
49054,1.7969691753387451
43955,1.3923410177230835
92547,0.8675102591514587
40600,0.6479418873786926
61804,0.630144476890564
45967,0.6097328662872314
17015,0.5817120671272278
79579,0.579472541809082
73539,0.5654523968696594
29929,0.5057162046432495
