Index,Activation Value
55695,1.5263954401016235
54609,1.2061898708343506
13853,1.122014045715332
41843,1.0389870405197144
29450,0.8991353511810303
10994,0.8348598480224609
26306,0.8308318257331848
3541,0.7860416769981384
29995,0.7842416167259216
47262,0.6837571263313293
