Index,Activation Value
52817,0.9339393377304077
52572,0.5559470057487488
