Index,Activation Value
579,0.15820138156414032
24702,0.1505632847547531
21565,0.1295071393251419
54222,0.12810175120830536
17428,0.12002096325159073
10570,0.11318547278642654
25087,0.10887417197227478
55625,0.10825258493423462
52735,0.10595975071191788
15598,0.10539546608924866
