Index,Activation Value
70349,0.03950505331158638
87491,0.03184853121638298
28910,0.03083522617816925
35254,0.030664555728435516
37498,0.030423345044255257
52183,0.027767136693000793
99629,0.027712251991033554
60631,0.025675317272543907
92077,0.025578517466783524
17608,0.025514807552099228
