Index,Activation Value
29340,0.03349907323718071
53582,0.021986449137330055
39787,0.017885740846395493
45538,0.017274966463446617
4055,0.016438527032732964
24565,0.015871578827500343
56855,0.015129463747143745
59924,0.013184480369091034
47360,0.012736241333186626
31736,0.012062951922416687
