Index,Activation Value
36212,0.18429934978485107
29340,0.16328169405460358
8396,0.16108550131320953
56855,0.15488548576831818
21467,0.14930863678455353
38432,0.11876921355724335
38127,0.11701540648937225
25657,0.10491321980953217
27547,0.09299399703741074
33011,0.09208790957927704
