Index,Activation Value
53579,0.12125872075557709
26778,0.11244030296802521
32727,0.10667476058006287
36212,0.10179733484983444
24298,0.09626899659633636
38924,0.09248973429203033
56855,0.09131915867328644
33011,0.08387351036071777
29340,0.08219838887453079
45313,0.07705183327198029
