Index,Activation Value
29465,1.6800897121429443
33770,1.2099783420562744
56855,1.1074944734573364
51614,1.024455189704895
9107,1.0088502168655396
8396,0.9430516362190247
3204,0.9077138900756836
3004,0.8069931268692017
35033,0.7967656850814819
5109,0.7639762759208679
