Index,Activation Value
64806,1.5799139738082886
90542,1.3639951944351196
23831,1.1850711107254028
7788,1.1275309324264526
45018,1.105733871459961
15255,1.0678126811981201
51610,0.9120956659317017
10766,0.8929898142814636
108534,0.7188163995742798
94529,0.6053446531295776
