Index,Activation Value
53579,0.027461139485239983
38924,0.01892845518887043
26778,0.018583860248327255
1909,0.016973428428173065
8080,0.014134403318166733
18000,0.012042103335261345
58249,0.008669402450323105
36473,0.00794968381524086
8019,0.007784500252455473
44569,0.007371495012193918
