Index,Activation Value
8396,0.035693831741809845
56855,0.030952664092183113
29340,0.021016009151935577
36212,0.02093822881579399
25657,0.02050117775797844
36473,0.009172366000711918
4530,0.008900130167603493
43054,0.0075621288269758224
53582,0.00680562574416399
24565,0.005222042556852102
