Index,Activation Value
61123,0.009449987672269344
27191,0.008110466413199902
2915,0.005649755243211985
47448,0.004248843528330326
22092,0.003661922411993146
66289,0.0029152212664484978
52847,0.0028367384802550077
110108,0.0025696319062262774
110063,0.002099706092849374
31778,0.0004781725292559713
