Index,Activation Value
38924,0.025244304910302162
7145,0.012682193890213966
53579,0.01126093603670597
38247,0.0072947051376104355
8080,0.005102840717881918
43054,0.004943106323480606
38127,0.0047507998533546925
26937,0.003874825080856681
31723,0.0038634734228253365
59924,0.0036651273258030415
