Index,Activation Value
102181,0.010677900165319443
92876,0.008179958909749985
1267,0.004422587808221579
65958,0.004392773844301701
47884,0.0029100188985466957
4738,0.0019842479377985
52854,0.0015822460409253836
19627,0.001280787866562605
96654,0.0010136772179976106
41210,0.0007425248040817678
