Index,Activation Value
72094,0.11259675025939941
27818,0.09335539489984512
44123,0.08625443279743195
107551,0.08562400192022324
8774,0.08530954271554947
36533,0.07731432467699051
103991,0.07296301424503326
40633,0.07032734155654907
7942,0.06911630928516388
19627,0.06731255352497101
