Index,Activation Value
36398,2.577267646789551
62319,1.6406508684158325
30978,1.1503710746765137
6299,1.0759036540985107
16838,1.0025628805160522
31795,1.0010169744491577
73855,0.8748769164085388
10271,0.8134840726852417
885,0.7892441153526306
78351,0.780244767665863
