Index,Activation Value
13090,0.19897425174713135
56725,0.13855750858783722
88571,0.12935814261436462
36173,0.10547136515378952
60631,0.0905122309923172
28425,0.08964932709932327
59998,0.08818679302930832
89243,0.08485271781682968
42493,0.0776151567697525
54896,0.07583235204219818
