Index,Activation Value
48812,0.7905622124671936
21807,0.31492283940315247
6829,0.2946707308292389
106940,0.11208905279636383
