Index,Activation Value
21467,0.14207544922828674
53579,0.1115732491016388
38924,0.07878649979829788
58249,0.07679542899131775
38432,0.07403432577848434
36212,0.06273021548986435
33011,0.06176034361124039
38340,0.059230271726846695
30430,0.05391576141119003
8396,0.051984649151563644
