Index,Activation Value
17428,0.17439429461956024
10570,0.16789373755455017
56505,0.16446982324123383
14196,0.1451040804386139
49406,0.1438542604446411
48137,0.13888327777385712
20435,0.1305363029241562
4817,0.12839165329933167
15111,0.12550713121891022
218,0.1219010204076767
