Index,Activation Value
9049,1.6165045499801636
30733,1.027775526046753
26356,0.9897631406784058
56729,0.8764330744743347
45721,0.7806760668754578
57972,0.7788755297660828
20003,0.7428483366966248
5045,0.7283473610877991
34702,0.6512556672096252
7145,0.6318777203559875
