Index,Activation Value
52235,0.5249350666999817
84804,0.2485600709915161
53585,0.0009190796408802271
