Index,Activation Value
7114,2.688347101211548
93518,2.6111645698547363
70776,2.606881618499756
14022,2.4918019771575928
79805,2.3721868991851807
90710,2.3642261028289795
11313,2.149742603302002
30331,1.947051763534546
21549,1.8640087842941284
97297,1.8507708311080933
