Index,Activation Value
37498,0.02165423519909382
107925,0.013715377077460289
35254,0.013509201817214489
38228,0.01052294671535492
52426,0.010161500424146652
111011,0.009829591028392315
22230,0.009355301968753338
68381,0.008483854122459888
8914,0.00784042477607727
59171,0.006773591972887516
