Index,Activation Value
8396,0.0031727165915071964
56855,0.0030832893680781126
26778,0.0008942499989643693
36212,0.0007215223740786314
