Index,Activation Value
56855,0.333420068025589
8396,0.31805741786956787
36212,0.26213109493255615
25657,0.23479758203029633
29340,0.21700209379196167
57551,0.20695291459560394
18000,0.19429349899291992
32727,0.1904725730419159
27547,0.18598422408103943
45313,0.17939811944961548
