Index,Activation Value
49406,0.018274670466780663
14186,0.01820792816579342
58458,0.016769612208008766
17366,0.016227461397647858
17052,0.014285963028669357
10080,0.013987326063215733
7783,0.013206781819462776
56096,0.012515783309936523
12929,0.012048505246639252
4817,0.01180830504745245
