Index,Activation Value
35254,0.023192821070551872
36173,0.021533364430069923
852,0.020510679110884666
111011,0.020094212144613266
107925,0.016209904104471207
4825,0.01619637757539749
60631,0.015637103468179703
61202,0.01422320120036602
104002,0.011670215055346489
100884,0.01114597823470831
