Index,Activation Value
21467,0.08244767785072327
38432,0.057297233492136
38340,0.03954451158642769
45313,0.02556893788278103
56481,0.022984735667705536
47380,0.018679529428482056
13743,0.018210113048553467
4530,0.017337216064333916
43115,0.014267303980886936
55867,0.010485737584531307
