Index,Activation Value
4141,0.0051369559951126575
54956,0.004594975151121616
67509,0.004594075493514538
5317,0.0020263236947357655
18680,0.001810191199183464
46665,0.0016228235326707363
54156,0.0015782862901687622
7334,0.0014325472293421626
7351,0.0011937686940655112
16107,0.0009577666642144322
