Index,Activation Value
1021,0.007672165986150503
98149,0.0038469682913273573
52854,0.003598816692829132
105820,0.003413286292925477
35254,0.0027106916531920433
67509,0.0025602728128433228
66000,0.0020076227374374866
71622,0.0019411868415772915
67812,0.0016557886265218258
2279,0.001485705841332674
