Index,Activation Value
56725,0.00019192168838344514
28425,0.00011869412992382422
96758,7.564928091596812e-05
87758,4.1536182834533975e-05
28910,1.8953465769300237e-05
33336,1.467904348828597e-05
