Index,Activation Value
17608,0.017102813348174095
95769,0.005177115090191364
110975,0.00408893171697855
73306,0.003912424203008413
1267,0.00282107712700963
52426,0.0022737840190529823
29450,0.0012974300188943744
24,0.00119537184946239
75996,0.0010871094418689609
71932,0.00106341321952641
