Index,Activation Value
36212,0.02973579242825508
33011,0.016698477789759636
8396,0.011097551323473454
53973,0.010748982429504395
2800,0.008680994622409344
3204,0.007967408746480942
47257,0.007935244590044022
28855,0.006635423284024
55752,0.004974653944373131
40862,0.004192325286567211
