Index,Activation Value
58458,0.06101227179169655
20435,0.056943945586681366
32704,0.05676737427711487
27399,0.053356461226940155
14186,0.05327935144305229
57413,0.052536021918058395
52585,0.05165562033653259
4817,0.051296208053827286
48137,0.04523663595318794
34331,0.04419054090976715
