Index,Activation Value
53579,0.30804502964019775
38924,0.29453244805336
33011,0.2211991548538208
58249,0.21770142018795013
21467,0.21737924218177795
16549,0.16657191514968872
1909,0.15113204717636108
26778,0.14730358123779297
56554,0.13780151307582855
31723,0.11759909987449646
