Index,Activation Value
38924,0.13677582144737244
8019,0.1163221001625061
53579,0.11244729161262512
32727,0.11184027045965195
58249,0.09270141273736954
54138,0.08476205915212631
43197,0.08090361207723618
42887,0.08049105107784271
38247,0.07962927967309952
45313,0.07956121116876602
