Index,Activation Value
29450,0.0024555628187954426
65958,0.0014986427268013358
110712,0.0013578468933701515
42493,0.0010352375684306026
28425,0.0008885863935574889
30030,0.000724591373000294
73855,0.0006262308452278376
70209,0.00033547438215464354
17335,0.00033452067873440683
87491,0.00018353230552747846
