Index,Activation Value
33011,0.025761649012565613
36212,0.024861134588718414
773,0.020330052822828293
25800,0.019644498825073242
21467,0.015403003431856632
13655,0.014141703024506569
55023,0.013741068542003632
18311,0.012057295069098473
1838,0.011063997633755207
43514,0.010785848833620548
