Index,Activation Value
38127,0.1802266389131546
38247,0.17162515223026276
58249,0.14176999032497406
38924,0.13629373908042908
4191,0.12752693891525269
26937,0.12605303525924683
56554,0.11605432629585266
26778,0.08909419924020767
24565,0.083748459815979
32696,0.08175315707921982
