Index,Activation Value
36173,0.01244465820491314
27438,0.003442965215072036
73855,0.0030011851340532303
102181,0.0029778890311717987
852,0.002566952956840396
62757,0.002012524288147688
29450,0.0017366878455504775
