Index,Activation Value
28561,0.011855394579470158
4530,0.011706975288689137
25800,0.011287486180663109
38340,0.010998917743563652
26778,0.0100126126781106
8396,0.009748782962560654
44036,0.009612709283828735
44208,0.009447707794606686
33607,0.008885861374437809
49406,0.008744671009480953
