Index,Activation Value
13090,0.09834451973438263
12344,0.08839089423418045
8897,0.054815925657749176
67509,0.05234465003013611
96758,0.04820629209280014
62662,0.04718783497810364
56725,0.04698257893323898
27438,0.045591529458761215
102181,0.04321078956127167
32638,0.04219098761677742
