Index,Activation Value
75921,2.008039951324463
13260,1.249497413635254
61694,1.237990140914917
32277,1.218793272972107
44717,1.149592638015747
41669,1.147944450378418
31867,1.059839129447937
70567,1.0145775079727173
106505,0.7326965928077698
89268,0.6671891808509827
