Index,Activation Value
18680,0.13003982603549957
90842,0.1225021556019783
108542,0.09908147156238556
59080,0.09134691208600998
19627,0.08718118071556091
97336,0.0833246111869812
93969,0.0744389072060585
40355,0.06729529798030853
70776,0.06695201247930527
21549,0.06532623618841171
