Index,Activation Value
24298,0.0023889311123639345
38924,0.0012879623100161552
33011,0.0011910104658454657
36473,0.000297386955935508
