Index,Activation Value
36473,0.23830851912498474
51614,0.2337648719549179
17428,0.22501687705516815
8349,0.21274645626544952
28561,0.20829127728939056
24298,0.20440399646759033
44269,0.18252697587013245
29340,0.1745041012763977
56855,0.1693090796470642
47257,0.1650957614183426
