Index,Activation Value
71879,0.13007541000843048
4738,0.09493225812911987
52491,0.08866357803344727
7351,0.08279258757829666
46468,0.08207418769598007
24919,0.07958588749170303
90842,0.07825884222984314
72094,0.07819011807441711
7334,0.076092429459095
12344,0.07239093631505966
