Index,Activation Value
74505,1.091671347618103
18471,0.7346873879432678
67474,0.3303024470806122
86659,0.14385557174682617
95719,0.10643626004457474
100884,0.04900128021836281
