Index,Activation Value
36173,0.11582557111978531
87758,0.09388913959264755
52491,0.0929727703332901
86756,0.09247421473264694
96758,0.09173350781202316
24604,0.08421029150485992
105073,0.08190398663282394
42493,0.0785941332578659
46468,0.0774514302611351
103008,0.07646967470645905
