Index,Activation Value
18517,0.0028729953337460756
13995,0.0005643987096846104
