Index,Activation Value
64204,0.11672572046518326
33336,0.06612071394920349
107558,0.041771646589040756
80233,0.03674156591296196
27912,0.02845175378024578
66000,0.026502378284931183
16261,0.022531399503350258
71153,0.01952536217868328
1021,0.01920364983379841
85314,0.01915174536406994
