Index,Activation Value
53589,0.04287350922822952
9816,0.03877735137939453
27547,0.03641943261027336
19701,0.03055349737405777
30430,0.030245456844568253
29465,0.025787804275751114
33607,0.021895745769143105
43178,0.021129421889781952
14721,0.020622562617063522
21467,0.01963048242032528
