Index,Activation Value
25887,0.08808636665344238
17608,0.0696876049041748
71843,0.06114787608385086
35831,0.06064096838235855
74354,0.05589356645941734
26233,0.05527776852250099
87126,0.05221623554825783
16089,0.04877764359116554
2871,0.04695313051342964
36398,0.044248297810554504
