Index,Activation Value
32727,0.0001263531594304368
26778,8.920759137254208e-05
