Index,Activation Value
54896,0.012297780252993107
33336,0.011943720281124115
36173,0.010464025661349297
83828,0.005769836250692606
27438,0.0020586028695106506
11374,0.0008734104922041297
