Index,Activation Value
8080,0.009299534372985363
53579,0.008224306628108025
38924,0.00753041123971343
21467,0.006899239029735327
27547,0.005639067385345697
54138,0.003358844667673111
8019,0.0030405144207179546
1909,0.002460245508700609
38432,0.002185446908697486
32727,0.0013997830683365464
