Index,Activation Value
56855,4.419811248779297
36212,4.356313705444336
8396,4.312155246734619
25657,3.7558131217956543
52440,3.283413887023926
14826,3.2456979751586914
43115,3.17474627494812
19339,3.1280434131622314
28561,3.075258493423462
29340,3.0482234954833984
