Index,Activation Value
29340,0.3803492486476898
56855,0.3011401295661926
8396,0.2646055817604065
55023,0.2580636143684387
36212,0.21680259704589844
53582,0.17540408670902252
4530,0.15470640361309052
24565,0.11665090173482895
44208,0.11251858621835709
31736,0.11034400761127472
