Index,Activation Value
39164,0.5837626457214355
38383,0.1227860078215599
