Index,Activation Value
29465,0.0030669227708131075
33011,0.00255200220271945
42887,0.0006406435859389603
32757,0.00046567467506974936
47257,0.0004103031533304602
9049,0.0003368988400325179
54222,0.00014872966858092695
18000,9.271787712350488e-05
36473,8.061004336923361e-05
773,2.6726438591140322e-05
