Index,Activation Value
7145,0.015702037140727043
30430,0.01393907517194748
44208,0.012298718094825745
59924,0.009088629856705666
28561,0.007848919369280338
43164,0.007413255516439676
51614,0.007376100867986679
20435,0.007029006257653236
13743,0.006675216369330883
33607,0.006473173387348652
