Index,Activation Value
7145,0.08233910799026489
24702,0.042406465858221054
9049,0.04011596366763115
59924,0.03268834203481674
28312,0.03141340985894203
31723,0.02963901497423649
20635,0.028928983956575394
54222,0.02765950933098793
7125,0.02370695024728775
43164,0.021710194647312164
