Index,Activation Value
53579,0.5356460213661194
8396,0.5072980523109436
36212,0.5040495991706848
21467,0.481426477432251
38924,0.469600111246109
24298,0.45255032181739807
27547,0.4469936192035675
56855,0.4362272322177887
32727,0.41872239112854004
38432,0.4177798628807068
