Index,Activation Value
21467,0.04897409677505493
53579,0.03433302044868469
38924,0.034031741321086884
26778,0.02701467089354992
38432,0.02376919984817505
43054,0.022407405078411102
44569,0.021346913650631905
58249,0.01954680308699608
27547,0.019307848066091537
19868,0.017859533429145813
