Index,Activation Value
10570,3.5492382049560547
56007,2.858522653579712
21633,2.8009002208709717
20204,2.6064813137054443
59302,2.4873766899108887
54222,2.392179012298584
54227,2.370399236679077
34249,2.332995653152466
24298,2.2874014377593994
45902,2.236133337020874
