Index,Activation Value
92077,0.002757968381047249
2871,0.002421376761049032
70349,0.0024101000744849443
97407,0.0016455723671242595
83828,0.000992492539808154
95576,7.247901521623135e-05
