Index,Activation Value
773,0.018168581649661064
33011,0.011003490537405014
9816,0.00997290387749672
16549,0.009050684981048107
56481,0.008855114690959454
43197,0.007361588533967733
26778,0.006854222621768713
8019,0.006509078200906515
9049,0.005793060176074505
38924,0.005439991597086191
