Index,Activation Value
21467,0.00247616576962173
8080,0.0009012680384330451
36212,0.0007443337817676365
8019,0.0005349901621229947
53579,0.0004201834090054035
45313,0.00019727491599041969
56855,0.00018436394748277962
54138,0.00017356197349727154
9816,3.933868356398307e-05
24298,3.546271182131022e-05
