Index,Activation Value
36473,0.21144388616085052
56545,0.1637662947177887
56032,0.15540188550949097
49406,0.14977101981639862
7783,0.14837850630283356
20435,0.1477176547050476
44743,0.14236286282539368
17428,0.1313875913619995
19491,0.13122721016407013
16549,0.1306292563676834
