Index,Activation Value
79260,1.3314728736877441
28933,1.3178043365478516
104383,1.1738556623458862
60212,1.0452276468276978
10695,0.9393793344497681
79084,0.8399688601493835
35013,0.7562261819839478
46113,0.7357748746871948
35117,0.7293773293495178
60230,0.7192598581314087
