Index,Activation Value
4738,0.0801052376627922
107558,0.06923272460699081
88295,0.06745187193155289
22230,0.06711789220571518
52683,0.0593140609562397
68381,0.056787893176078796
111478,0.05535448342561722
8774,0.054170846939086914
8914,0.052519891411066055
30064,0.05200526863336563
