Index,Activation Value
33641,0.42835894227027893
43690,0.2889350354671478
41173,0.24977809190750122
6064,0.23975171148777008
28220,0.20033498108386993
39952,0.1944921314716339
7578,0.18550273776054382
27068,0.1524796336889267
3916,0.1267869770526886
10335,0.05152624472975731
