Index,Activation Value
17252,0.5711614489555359
59111,0.22728824615478516
17709,0.207511767745018
