Index,Activation Value
2800,0.11311998218297958
15111,0.10258104652166367
9049,0.09458579123020172
14971,0.08904609084129333
39812,0.07436401396989822
36625,0.07014212012290955
33333,0.06657508760690689
7125,0.06537128239870071
3300,0.06325794011354446
50934,0.0632057785987854
