Index,Activation Value
21467,0.006773128639906645
14971,0.0049101184122264385
21565,0.00447823666036129
31736,0.003887610509991646
25800,0.0037706519942730665
47264,0.0030054417438805103
26957,0.002835639286786318
6844,0.002809139434248209
25227,0.002545722993090749
56607,0.00247616576962173
