Index,Activation Value
38764,0.2801620662212372
14882,0.041628167033195496
19907,0.0016158369835466146
