Index,Activation Value
29340,0.11261092126369476
56855,0.10048490017652512
8396,0.08498590439558029
38924,0.08436498045921326
53579,0.0796680748462677
36212,0.07441914081573486
44569,0.07423767447471619
21467,0.07018516957759857
27547,0.06232631951570511
8080,0.054873861372470856
