Index,Activation Value
29340,0.15038874745368958
36212,0.14707458019256592
8396,0.1292564421892166
56855,0.12427886575460434
25657,0.09847503900527954
55023,0.08120359480381012
21467,0.07746947556734085
8019,0.0767841637134552
24565,0.07119184732437134
27547,0.07047536224126816
