Index,Activation Value
13248,0.1262119561433792
773,0.11987398564815521
16549,0.1178821474313736
45858,0.1042969673871994
53582,0.09999215602874756
29340,0.09081476926803589
2656,0.08478278666734695
29475,0.08328239619731903
24565,0.08016139268875122
55034,0.07955422252416611
