Index,Activation Value
24702,0.03874954581260681
15397,0.026764970272779465
7145,0.023987973108887672
19868,0.019407834857702255
7444,0.019046923145651817
52735,0.017599275335669518
16931,0.015150011517107487
9516,0.015127455815672874
25540,0.013391365297138691
7264,0.012988092377781868
