Index,Activation Value
24298,0.5751057863235474
21467,0.4996304214000702
8019,0.48684385418891907
38432,0.44527626037597656
54138,0.43461257219314575
8080,0.4258831739425659
43197,0.39538535475730896
36212,0.38302844762802124
8396,0.3790181577205658
56855,0.378794401884079
