Index,Activation Value
21467,0.050230368971824646
27547,0.0385771244764328
24298,0.027643846347928047
53579,0.02682432159781456
8080,0.025356153026223183
9816,0.02446180209517479
8019,0.024246931076049805
32727,0.023559849709272385
56855,0.02258494310081005
38432,0.02202645316720009
