Index,Activation Value
29340,0.11893816292285919
21467,0.11856688559055328
33011,0.10892616957426071
8080,0.07938951998949051
24298,0.07887987047433853
36473,0.07506304234266281
36212,0.07125415652990341
26778,0.0691574215888977
38924,0.06414932757616043
27547,0.05958149954676628
