Index,Activation Value
36212,0.051654160022735596
56855,0.04155001416802406
8396,0.03731783106923103
21467,0.03604311868548393
29340,0.034871507436037064
773,0.025974659249186516
11450,0.01933426782488823
38432,0.015192701481282711
38046,0.009997844696044922
4530,0.009504690766334534
