Index,Activation Value
32727,0.18429920077323914
27547,0.16061972081661224
53579,0.13904623687267303
8080,0.13683770596981049
8019,0.11360461264848709
38924,0.11248357594013214
21467,0.10288883000612259
44569,0.09872663021087646
26778,0.09850034862756729
38340,0.09468725323677063
