Index,Activation Value
21467,0.004304663278162479
38432,0.0025569044519215822
56855,0.0014085493749007583
27547,0.0010888393735513091
8080,0.001042981049977243
36212,0.0002701814810279757
26778,2.8259501050342806e-05
