Index,Activation Value
12344,0.001951412414200604
12,0.0001736989797791466
