Index,Activation Value
30430,0.10175832360982895
8019,0.08467941731214523
7145,0.07980362325906754
24298,0.07925091683864594
43197,0.0783974826335907
13743,0.07429078966379166
38432,0.06860491633415222
44569,0.06783804297447205
56481,0.06450453400611877
32727,0.06305023282766342
