Index,Activation Value
90842,0.0006039300351403654
107925,0.0005788116832263768
