Index,Activation Value
36473,4.432288646697998
24298,4.066679000854492
8019,3.336885690689087
53579,3.2846553325653076
44569,3.2565510272979736
17428,2.376544952392578
38924,2.2708487510681152
8080,2.25044584274292
10570,2.210285186767578
9816,2.1873910427093506
