Index,Activation Value
35254,0.14599761366844177
90842,0.060051240026950836
107995,0.05906764790415764
110975,0.058447808027267456
25887,0.0566413588821888
88571,0.05066549777984619
44123,0.049749214202165604
16089,0.048157017678022385
48529,0.04765036329627037
107558,0.046212129294872284
