Index,Activation Value
70349,0.04410646855831146
13090,0.03902309015393257
88571,0.030087647959589958
104537,0.025162510573863983
107995,0.019166244193911552
17902,0.018052561208605766
852,0.014584757387638092
88295,0.014530825428664684
56725,0.014135356992483139
41210,0.011579287238419056
