Index,Activation Value
24298,0.30314064025878906
17428,0.26719921827316284
36473,0.2487923800945282
56545,0.23982344567775726
28312,0.22507718205451965
56032,0.2216554433107376
49406,0.21718673408031464
8019,0.21355830132961273
44743,0.19589611887931824
20435,0.1934281289577484
