Index,Activation Value
5658,0.6978970170021057
36069,0.3550977408885956
43433,0.3473883271217346
51381,0.23942579329013824
37522,0.067244753241539
