Index,Activation Value
9816,0.20785193145275116
8019,0.17896850407123566
3932,0.14657025039196014
43197,0.14470243453979492
56505,0.11090867966413498
566,0.10822393745183945
24702,0.10622213035821915
18255,0.10407264530658722
35684,0.10021951794624329
25800,0.09698081016540527
