Index,Activation Value
7818,1.1734800338745117
72169,0.7974739074707031
60880,0.7468787431716919
108774,0.5852169394493103
61331,0.5741488933563232
51784,0.5507844090461731
60981,0.5417460799217224
53715,0.5218517184257507
36948,0.4621431529521942
13918,0.44096165895462036
