Index,Activation Value
67509,0.019608495756983757
60631,0.017008988186717033
2915,0.014666642062366009
27191,0.014476092532277107
107995,0.013824161142110825
105975,0.01328274141997099
22092,0.011641491204500198
32638,0.010850104503333569
20663,0.010526012629270554
40355,0.00964274164289236
