Index,Activation Value
56855,0.21296171844005585
8396,0.16158384084701538
25657,0.13537608087062836
29340,0.1283654272556305
41844,0.12357290089130402
31736,0.12160290777683258
3004,0.11952485889196396
4987,0.11792483925819397
53582,0.11432155966758728
56607,0.11392642557621002
