Index,Activation Value
63796,0.18267938494682312
109318,0.1816215217113495
33666,0.12405936419963837
