Index,Activation Value
2279,0.07531057298183441
83828,0.06767458468675613
27912,0.06649529933929443
50439,0.05455346405506134
13090,0.054140906780958176
104002,0.04984962195158005
76699,0.04802464321255684
17608,0.04569444805383682
53869,0.04438679292798042
24235,0.04103955253958702
