Index,Activation Value
52426,0.019379811361432076
64204,0.01747269183397293
35254,0.015201156958937645
88295,0.014739629812538624
35913,0.014377443119883537
54156,0.01314263790845871
107558,0.012480729259550571
49865,0.012119283899664879
16959,0.010887117125093937
107995,0.010832893662154675
