Index,Activation Value
21467,0.16657467186450958
53579,0.163044735789299
33011,0.16129262745380402
27547,0.1605350226163864
36212,0.1425662636756897
8080,0.13482564687728882
9816,0.13305343687534332
26778,0.12704908847808838
8396,0.11305220425128937
38924,0.11277517676353455
