Index,Activation Value
1909,0.0034055898431688547
773,0.0033128224313259125
