Index,Activation Value
25538,0.09265299886465073
16549,0.09025127440690994
59288,0.08759008347988129
15111,0.08501212298870087
53579,0.0818597599864006
773,0.07746835052967072
58916,0.07559609413146973
47247,0.07323048263788223
39547,0.06753446161746979
4417,0.06499325484037399
