Index,Activation Value
52440,0.038726117461919785
47900,0.026039931923151016
41844,0.025358974933624268
25657,0.02535341866314411
9107,0.02440551295876503
7683,0.02390967309474945
41994,0.020937513560056686
47257,0.020913373678922653
56007,0.019356533885002136
28855,0.017802082002162933
