Index,Activation Value
41843,0.17904552817344666
44208,0.11450842022895813
52735,0.11166936904191971
45682,0.11087656021118164
56273,0.10716158896684647
32696,0.10304217785596848
15397,0.0925784483551979
2800,0.09126352518796921
25540,0.08841690421104431
22737,0.0829126238822937
