Index,Activation Value
25530,2.693871259689331
93891,2.338435173034668
62951,2.22873592376709
73855,2.1112241744995117
57224,2.0820274353027344
106280,1.8198726177215576
78332,1.7875571250915527
5784,1.7042897939682007
101403,1.6652016639709473
55883,1.6447865962982178
