Index,Activation Value
33011,0.023594185709953308
26778,0.021372010931372643
24298,0.015839703381061554
13179,0.014742295257747173
56855,0.014303256757557392
36212,0.013434105552732944
1909,0.012388871051371098
8396,0.012165452353656292
8080,0.01166245061904192
44569,0.011333351954817772
