Index,Activation Value
60631,0.10369918495416641
96758,0.08793380111455917
13090,0.060702741146087646
100195,0.057825133204460144
109825,0.05092722922563553
81123,0.04911820963025093
22092,0.04829340800642967
62757,0.048013750463724136
74466,0.04788903146982193
31017,0.04633649066090584
