Index,Activation Value
30845,1.474532961845398
44208,0.25875845551490784
