Index,Activation Value
52426,0.0048787291161715984
87758,0.002771020634099841
12344,0.001856468734331429
42812,0.000516252126544714
111011,0.00022451760014519095
