Index,Activation Value
773,0.05579390749335289
16549,0.04978690668940544
53582,0.04777484014630318
24565,0.04176350682973862
39547,0.03939493000507355
8261,0.029814930632710457
18517,0.02877313643693924
36875,0.02616666443645954
48137,0.02564682811498642
45858,0.0252083670347929
