Index,Activation Value
35254,0.0766710415482521
90842,0.07587115466594696
44818,0.07339553534984589
22092,0.07143741101026535
16107,0.06983517855405807
21437,0.06652215868234634
29450,0.06389196962118149
107925,0.06107339635491371
107551,0.05790293961763382
1021,0.05618954822421074
