Index,Activation Value
104537,0.015908991917967796
102181,0.014854797162115574
83828,0.012131993658840656
852,0.009111306630074978
28425,0.008447455242276192
95769,0.00517291622236371
55426,0.004706274718046188
48473,0.00456081610172987
36173,0.0032950250897556543
99629,0.0026430878788232803
