Index,Activation Value
24409,0.01743771694600582
24565,0.008304483257234097
43415,0.005625574383884668
54944,0.005386511795222759
53582,0.004660240840166807
39547,0.003848788794130087
22813,0.0034097437746822834
55513,0.003016042523086071
32881,0.00263805128633976
58152,0.0015826777089387178
