Index,Activation Value
27547,0.1194794774055481
43054,0.11935587227344513
44208,0.1137961596250534
38127,0.10837157070636749
9816,0.09825090318918228
43197,0.08255903422832489
24409,0.07100721448659897
30430,0.06860560923814774
218,0.05676483362913132
2390,0.05639281123876572
