Index,Activation Value
60631,0.01204125490039587
13090,0.008960024453699589
15003,0.005908170714974403
11374,0.005566133186221123
99629,0.004324194975197315
76906,0.0026991120539605618
49456,0.002520754700526595
52008,0.001900663017295301
102181,0.001602848176844418
45447,0.0013807530049234629
