Index,Activation Value
89875,0.5379095673561096
90152,0.43353861570358276
42935,0.43320369720458984
5260,0.22765788435935974
2877,0.20671159029006958
41669,0.20062902569770813
86538,0.1564009189605713
52183,0.0405832938849926
60631,0.025485647842288017
