Index,Activation Value
83828,0.04017683491110802
27438,0.03202801197767258
55779,0.031019087880849838
107995,0.030329609289765358
64204,0.028594931587576866
33336,0.02746189944446087
111011,0.02656741626560688
3082,0.026298025622963905
84018,0.025827188044786453
48529,0.02577034756541252
