Index,Activation Value
36173,0.004575379658490419
52183,0.003381185932084918
28910,0.003178850980475545
28425,0.002889528637751937
52426,0.0016348614590242505
60631,0.0009167857933789492
56725,0.0009035540861077607
7334,0.0004030468699056655
33336,0.0003936349821742624
97407,0.00018543846090324223
