Index,Activation Value
13090,0.007608913816511631
33336,0.006131696980446577
96758,0.0009676913032308221
