Index,Activation Value
9049,0.2047162652015686
59924,0.2024720311164856
36625,0.14356274902820587
31056,0.13936322927474976
36944,0.13304461538791656
25227,0.13234391808509827
15397,0.12685540318489075
14706,0.1251726746559143
40818,0.12285254895687103
7145,0.11449036747217178
