Index,Activation Value
45707,0.744715690612793
39805,0.18408764898777008
