Index,Activation Value
53589,0.017690064385533333
56855,0.014288751408457756
36212,0.013347979635000229
19868,0.012569205835461617
57551,0.010856587439775467
35684,0.010003846138715744
14826,0.008898154832422733
13411,0.008366397581994534
29340,0.008241655305027962
30511,0.007711212150752544
