Index,Activation Value
42812,0.0554739311337471
103612,0.05195799842476845
57937,0.051769714802503586
3413,0.050442926585674286
16107,0.049787215888500214
93275,0.048750393092632294
63555,0.04842444881796837
100224,0.043543800711631775
31199,0.041700344532728195
106652,0.040446389466524124
