Index,Activation Value
27438,0.028993817046284676
88571,0.022185077890753746
7351,0.019253315404057503
21549,0.018358705565333366
61123,0.016378752887248993
25887,0.016257155686616898
103825,0.014374995604157448
70776,0.014024871401488781
97336,0.01340146642178297
71879,0.01224634237587452
