Index,Activation Value
56545,0.09973154217004776
579,0.09679396450519562
39450,0.09531237930059433
56007,0.0897759348154068
48137,0.08943656086921692
17428,0.08911629766225815
54222,0.08273191750049591
56032,0.08040517568588257
34397,0.07810507714748383
14465,0.0778220072388649
