Index,Activation Value
86756,0.071931391954422
53869,0.07091254740953445
21437,0.06779179722070694
592,0.06588514149188995
107551,0.06535639613866806
54956,0.0631909891963005
75310,0.060439761728048325
103991,0.059521663933992386
90582,0.057760972529649734
95058,0.05721462145447731
