Index,Activation Value
21467,0.02243751287460327
29340,0.018121397122740746
24298,0.016354523599147797
36473,0.016063209623098373
54138,0.012899587862193584
32727,0.010552485473453999
48137,0.009153786115348339
55023,0.008618501015007496
45313,0.008336805738508701
38924,0.008143392391502857
