Index,Activation Value
21467,0.0396786592900753
24298,0.0356721468269825
36473,0.019835952669382095
53579,0.019056253135204315
38924,0.01359368022531271
26778,0.011178012005984783
18000,0.011111648753285408
8080,0.010664848610758781
44569,0.006675016600638628
1909,0.006526263430714607
