Index,Activation Value
107551,0.07862794399261475
54956,0.07595530897378922
3082,0.06893814355134964
8774,0.0685601606965065
103991,0.06562265008687973
12,0.06560546904802322
16107,0.05771329626441002
29450,0.05624803900718689
21437,0.055082958191633224
95115,0.053350210189819336
