Index,Activation Value
38924,0.060585927218198776
56855,0.051949866116046906
8396,0.04970983415842056
58249,0.04712025448679924
53579,0.04516386240720749
26778,0.041471049189567566
24298,0.035775598138570786
36212,0.03314923867583275
18000,0.030555831268429756
21467,0.02933695912361145
