Index,Activation Value
44569,0.08144214004278183
29340,0.07875371724367142
33011,0.07346048206090927
36212,0.07258471101522446
8396,0.06547783315181732
21565,0.059490930289030075
8080,0.058211442083120346
56855,0.05750937759876251
1909,0.056631721556186676
52382,0.05394080653786659
