Index,Activation Value
12,0.006031327415257692
55426,0.0019035672303289175
