Index,Activation Value
21565,0.01167203113436699
3932,0.008542126975953579
8702,0.007520726881921291
16673,0.006214884575456381
36944,0.005352211184799671
1976,0.002691729227080941
5556,0.00251959846355021
44036,0.001303678611293435
31693,0.0010904560331255198
57280,0.0009633121080696583
