Index,Activation Value
87077,0.10627518594264984
55426,0.08295132964849472
100136,0.07478529214859009
26012,0.07324904203414917
63669,0.06705303490161896
29372,0.06604025512933731
59080,0.06445534527301788
35831,0.06086922809481621
20779,0.05469946563243866
93137,0.05462196096777916
