Index,Activation Value
88571,1.9387617111206055
17902,1.5787346363067627
47953,1.181516170501709
16567,1.1498489379882812
34454,1.0381340980529785
71013,1.0366182327270508
10600,0.9061908721923828
67474,0.7613009810447693
99881,0.6487559080123901
54475,0.6121901869773865
