Index,Activation Value
49406,0.18996983766555786
773,0.17847983539104462
44743,0.17765411734580994
38247,0.1664326936006546
10570,0.14828217029571533
19491,0.14335140585899353
23998,0.1401740461587906
11306,0.1376752108335495
8449,0.13490748405456543
4817,0.13334648311138153
