Index,Activation Value
56855,0.10752663761377335
29340,0.10279802978038788
8396,0.09492193907499313
36212,0.09008073061704636
26778,0.07585817575454712
53582,0.06579572707414627
19339,0.05958264321088791
31736,0.05707847326993942
55023,0.04881540685892105
14826,0.04688865691423416
