Index,Activation Value
36473,0.24054661393165588
24298,0.2085428684949875
43115,0.1739317774772644
41843,0.16611400246620178
1859,0.16488666832447052
8080,0.1638297140598297
47257,0.16267073154449463
56155,0.1582227349281311
38127,0.15685220062732697
51614,0.14072367548942566
