Index,Activation Value
36173,0.9575077891349792
83220,0.11870421469211578
33919,0.035804156213998795
