Index,Activation Value
19868,0.20805837213993073
32727,0.17196035385131836
27683,0.15493546426296234
53579,0.15483348071575165
41844,0.14899180829524994
43054,0.13917607069015503
39547,0.12652625143527985
47264,0.11056914925575256
2390,0.10345727205276489
22678,0.10188117623329163
