Index,Activation Value
55454,0.02909640595316887
4417,0.027404962107539177
44208,0.02693982794880867
5300,0.02536899410188198
49406,0.024005038663744926
42637,0.02286866493523121
37903,0.022120464593172073
7054,0.021204758435487747
39547,0.01994156651198864
14273,0.019532952457666397
