Index,Activation Value
36212,0.44192740321159363
29340,0.3749200701713562
8396,0.3475450277328491
21467,0.3339542746543884
56855,0.32192641496658325
38432,0.3089264929294586
25657,0.2833673655986786
38340,0.2523762285709381
4530,0.2420661896467209
27547,0.19129450619220734
