Index,Activation Value
56725,0.005264115985482931
13090,0.004923813510686159
33336,0.0035567600280046463
28425,0.003193033393472433
16107,0.0016973360907286406
36173,0.0015033283270895481
96758,0.0010943022789433599
70349,0.000629581802058965
52183,0.0003967548836953938
