Index,Activation Value
31723,0.02809414640069008
34620,0.0018187968526035547
48992,0.0014104734873399138
45485,0.0008942153071984649
