Index,Activation Value
60631,0.013504160568118095
95980,0.003564354730769992
46383,0.0033740440849214792
54956,0.002325998619198799
4825,0.0021088195499032736
50983,0.00046806145110167563
88407,0.0002660737372934818
27818,9.828401380218565e-05
56725,1.5801924746483564e-05
