Index,Activation Value
38247,0.0022850476671010256
58249,0.0021904914174228907
38924,0.00044116098433732986
29340,5.458211035147542e-06
