Index,Activation Value
54138,0.010555620305240154
42887,0.008285539224743843
53579,0.006382288411259651
58249,0.006089511327445507
43197,0.004943371284753084
36944,0.002683331724256277
34961,0.002090427093207836
56554,0.0018742659594863653
19868,0.0007016888121142983
15397,0.00028662767726927996
