Index,Activation Value
64204,0.022480733692646027
88571,0.02234841138124466
6156,0.02145208790898323
54896,0.020987460389733315
61123,0.01776432804763317
92077,0.017422523349523544
12344,0.01723579131066799
21549,0.016646383330225945
70349,0.016593415290117264
107558,0.016395486891269684
