Index,Activation Value
44569,0.022681837901473045
32727,0.021109001711010933
27547,0.013933700509369373
9816,0.013134170323610306
38432,0.011480476707220078
8019,0.010982097126543522
56855,0.010099224746227264
29465,0.010064022615551949
38340,0.009187739342451096
36212,0.008411381393671036
