Index,Activation Value
53579,0.056130893528461456
38924,0.05456840619444847
58249,0.04834359884262085
26778,0.038668014109134674
44569,0.03188657388091087
8080,0.0317794494330883
21467,0.031455036252737045
27547,0.030114904046058655
33011,0.028509311378002167
56554,0.023565642535686493
