Index,Activation Value
53579,0.2970903217792511
1909,0.22019308805465698
58249,0.21103481948375702
24298,0.20340530574321747
27547,0.1940966695547104
8080,0.17921464145183563
32727,0.16871757805347443
38924,0.15372885763645172
9816,0.1467963308095932
8019,0.14646081626415253
