Index,Activation Value
20435,0.0411415696144104
58458,0.03640980273485184
52585,0.0346391424536705
21191,0.03386126831173897
27399,0.032453276216983795
23998,0.03215055540204048
17557,0.030953828245401382
14186,0.02985248528420925
22353,0.029788272455334663
57413,0.029754890128970146
