Index,Activation Value
88571,0.11850002408027649
107995,0.09853231906890869
58965,0.08073462545871735
38779,0.07914664596319199
14022,0.0765729546546936
70776,0.07454617321491241
107558,0.06396985799074173
91875,0.057497717440128326
13469,0.056071363389492035
27818,0.054804153740406036
