Index,Activation Value
105975,0.01296502910554409
88571,0.012955100275576115
67013,0.011798004619777203
107925,0.010949945077300072
52491,0.01057182066142559
73855,0.01018477976322174
95693,0.00957479514181614
62662,0.009502113796770573
95113,0.009442034177482128
58367,0.009405255317687988
