Index,Activation Value
33336,0.03217318654060364
96758,0.030091943219304085
36173,0.027379976585507393
80813,0.024738725274801254
86538,0.02077251859009266
49456,0.0130390003323555
4738,0.011962718330323696
40315,0.011906104162335396
8062,0.011575082316994667
67013,0.011005133390426636
