Index,Activation Value
83062,0.7994064688682556
74134,0.7029861211776733
17727,0.40745264291763306
26948,0.37413543462753296
110503,0.3560781478881836
54508,0.27047282457351685
101477,0.21716530621051788
97644,0.19647939503192902
46968,0.13908915221691132
33386,0.04556848108768463
