Index,Activation Value
21467,0.38942426443099976
38924,0.26338499784469604
53579,0.2537635862827301
32727,0.24414852261543274
36473,0.24190911650657654
19868,0.22453784942626953
51769,0.2191491425037384
58249,0.1955677717924118
57551,0.18966464698314667
26778,0.18677178025245667
