Index,Activation Value
111011,0.0034396720584481955
12,0.0027109591756016016
88571,0.0015975851565599442
59998,0.0015798088861629367
64204,0.001547274412587285
111056,0.0013472363352775574
16107,0.0013283672742545605
88407,0.0011260327883064747
25849,0.0009833612712100148
27438,0.0009576514712534845
