Index,Activation Value
35517,0.41039514541625977
32131,0.24502159655094147
44255,0.00739612802863121
