Index,Activation Value
29340,0.1571543961763382
56855,0.15070165693759918
8396,0.13786126673221588
36212,0.10538353025913239
24298,0.09963831305503845
54138,0.09525448083877563
19868,0.07570459693670273
25657,0.06994806975126266
44569,0.06887737661600113
4530,0.0646672323346138
