Index,Activation Value
56855,0.5252753496170044
8396,0.4624384343624115
29340,0.4341498613357544
36212,0.426503449678421
27547,0.4114122688770294
38432,0.411345511674881
29465,0.3837275803089142
45313,0.35799750685691833
21467,0.3544591963291168
25657,0.3540237545967102
