Index,Activation Value
38924,0.0215434767305851
19868,0.020793799310922623
53589,0.019525878131389618
31736,0.018626244738698006
51769,0.01862114667892456
8396,0.01688254624605179
36212,0.016458962112665176
57551,0.01636952906847
33607,0.015649225562810898
14826,0.01496057864278555
