Index,Activation Value
9816,0.24874307215213776
57551,0.18762758374214172
43197,0.18208047747612
42887,0.17999868094921112
30430,0.17458032071590424
25800,0.16607242822647095
29465,0.16030213236808777
27683,0.15984253585338593
24588,0.1528545618057251
34961,0.139605313539505
