Index,Activation Value
48137,0.1819285899400711
42296,0.18154312670230865
34397,0.16842317581176758
39450,0.1665848046541214
28312,0.16407983005046844
35050,0.16080036759376526
58458,0.1469155102968216
42784,0.14537566900253296
32704,0.13475212454795837
31786,0.1336238980293274
