Index,Activation Value
773,0.1318124681711197
17366,0.1299898475408554
51614,0.12825991213321686
28561,0.11574985831975937
53589,0.11510080844163895
37903,0.11429805308580399
38340,0.10045014321804047
49406,0.09687775373458862
58198,0.09429773688316345
7783,0.09287668019533157
