Index,Activation Value
53579,0.18389295041561127
26778,0.1581381857395172
21467,0.15737029910087585
8080,0.15529878437519073
44569,0.13662870228290558
38924,0.13270115852355957
27547,0.13023494184017181
33011,0.1249333992600441
24298,0.12065292149782181
58249,0.11907856911420822
