Index,Activation Value
12344,0.015562535263597965
14022,0.01274054404348135
868,0.012576524168252945
72094,0.010788720101118088
73908,0.010357197374105453
92077,0.008287586271762848
87126,0.007980014197528362
1021,0.007406823802739382
15629,0.006371691823005676
87950,0.005937603767961264
