Index,Activation Value
71879,0.12066809833049774
17902,0.11247264593839645
88571,0.10896860808134079
70349,0.10327277332544327
8774,0.08478311449289322
107551,0.08305893838405609
27789,0.08254111558198929
22230,0.07515044510364532
12344,0.07350882142782211
103991,0.0722639188170433
