Index,Activation Value
24298,0.23331919312477112
44569,0.16652940213680267
36473,0.13455280661582947
54927,0.10333823412656784
38924,0.0968046486377716
8019,0.08059902489185333
44208,0.07654505968093872
21467,0.06619396805763245
579,0.0616910345852375
58249,0.05868903547525406
