Index,Activation Value
38924,0.02175525203347206
58249,0.01418483629822731
26778,0.010689894668757915
1909,0.010102168656885624
29340,0.009642013348639011
53579,0.005152193363755941
36473,0.003521325532346964
2792,0.0003153764409944415
