Index,Activation Value
70349,0.21863971650600433
27438,0.13883648812770844
111011,0.12555529177188873
17902,0.09909740835428238
35254,0.09365173429250717
38228,0.0885014683008194
27858,0.08235175907611847
88571,0.07305318117141724
92307,0.07120861858129501
28425,0.06908939778804779
