Index,Activation Value
36212,0.061374831944704056
56855,0.054881129413843155
8396,0.052901800721883774
29340,0.020452862605452538
14756,0.019842805340886116
13179,0.019011743366718292
42649,0.018851732835173607
13248,0.017433619126677513
48383,0.0157193411141634
33077,0.015357275493443012
