Index,Activation Value
107558,0.031453028321266174
96758,0.020871799439191818
88571,0.018845664337277412
27438,0.01585143804550171
52683,0.014644348993897438
11313,0.013486150652170181
88295,0.010464479215443134
7866,0.01004540454596281
16959,0.008533596061170101
1021,0.008202641271054745
