Index,Activation Value
5481,1.6275326013565063
98493,0.6951900124549866
40854,0.555375874042511
106652,0.38590461015701294
26817,0.3248879313468933
96330,0.25106045603752136
108688,0.2446209043264389
102663,0.20605741441249847
9325,0.19809019565582275
59542,0.0990724042057991
