Index,Activation Value
47976,0.007482025306671858
23419,0.0034826721530407667
50724,0.001998548163101077
43415,0.0008955923258326948
19534,0.00023180086282081902
7444,3.345665845699841e-06
