Index,Activation Value
18680,0.013325926847755909
11313,0.009370681829750538
102181,0.00870578270405531
86756,0.006543221417814493
21549,0.0060655102133750916
71879,0.005834429524838924
96654,0.0056624216958880424
8251,0.005399039015173912
28425,0.0052953315898776054
13090,0.004791564773768187
