Index,Activation Value
102234,0.9103946089744568
85028,0.5196439027786255
64564,0.3460851311683655
87819,0.001228070817887783
