Index,Activation Value
23444,0.5604292154312134
10183,0.2384827584028244
14721,0.12489189952611923
27079,0.04555600509047508
