Index,Activation Value
21467,0.07535554468631744
53579,0.05294541269540787
26778,0.0489056296646595
8080,0.04659084975719452
38924,0.04536726698279381
38432,0.040459733456373215
8019,0.038233332335948944
33011,0.037405941635370255
54138,0.03456524387001991
24298,0.030982300639152527
