Index,Activation Value
70349,0.13725781440734863
52683,0.08896876126527786
48529,0.0866769552230835
16107,0.08568450808525085
87491,0.0826314240694046
17902,0.0756698027253151
107558,0.07262108474969864
25849,0.06795845180749893
13090,0.06620105355978012
36398,0.06581950932741165
