Index,Activation Value
111011,0.021746845915913582
22092,0.011813309974968433
70349,0.010792895220220089
55426,0.008445254527032375
852,0.008286974392831326
86538,0.005091552156955004
73782,0.00487026060000062
17902,0.00480817724019289
4738,0.004374608397483826
31199,0.0033058112021535635
