Index,Activation Value
59949,0.004251695238053799
31022,0.0006210874416865408
