Index,Activation Value
109103,0.35228124260902405
22132,0.01391592063009739
