Index,Activation Value
29340,0.9310384392738342
41019,0.19811749458312988
14721,0.10952433943748474
