Index,Activation Value
36212,0.04910581186413765
51769,0.03536076471209526
38340,0.03243163228034973
4530,0.03001496195793152
39547,0.029746854677796364
25657,0.028709739446640015
47257,0.025485960766673088
43054,0.020583199337124825
32881,0.016881532967090607
2354,0.015987373888492584
