Index,Activation Value
38127,0.17478568851947784
56855,0.1267136186361313
8396,0.1242470070719719
3689,0.12335557490587234
40678,0.10800038278102875
56032,0.10347778350114822
49406,0.09958864003419876
30430,0.09904250502586365
4817,0.09584636986255646
52855,0.09336130321025848
