Index,Activation Value
8080,0.008359727449715137
56855,0.008017000742256641
54138,0.007958740927278996
27547,0.007127493619918823
36212,0.00699801417067647
24298,0.006362986750900745
8019,0.0063597108237445354
32727,0.006243648938834667
26778,0.006089004222303629
8396,0.0060502151027321815
