Index,Activation Value
21467,0.04169290140271187
53579,0.022642286494374275
33011,0.017855998128652573
38924,0.012451278045773506
24298,0.01051383838057518
44569,0.00904223881661892
38432,0.008188425563275814
38340,0.007634825073182583
36473,0.006550335790961981
29465,0.006140686105936766
