Index,Activation Value
9049,0.02162882126867771
31723,0.02073967456817627
31684,0.015305940061807632
24702,0.014035473577678204
7444,0.01397071871906519
27201,0.010741549544036388
7125,0.010360638611018658
23444,0.008789710700511932
15111,0.008368460461497307
16196,0.006607756484299898
