Index,Activation Value
8019,0.22539022564888
24298,0.22347845137119293
54138,0.16859444975852966
38127,0.16314931213855743
30430,0.1552802473306656
40678,0.14961624145507812
43197,0.1489620804786682
9816,0.13457372784614563
36473,0.13087984919548035
56481,0.1273622065782547
