Index,Activation Value
70349,0.025835074484348297
14165,0.004878296982496977
