Index,Activation Value
25800,0.12827086448669434
27683,0.12139743566513062
18000,0.10459766536951065
4417,0.09692040830850601
19484,0.08102705329656601
15670,0.07950545847415924
56554,0.07712744921445847
13655,0.07038284093141556
45858,0.06826391071081161
40862,0.06371789425611496
