Index,Activation Value
38127,0.009063547477126122
57180,0.007452833466231823
54944,0.006904600653797388
7444,0.005365727469325066
54694,0.004019551444798708
14320,0.003054184140637517
55513,0.0028139930218458176
33266,0.0019201838877052069
39596,0.001593585591763258
53338,0.0009544881759211421
