Index,Activation Value
67509,0.1071426272392273
102181,0.07518937438726425
93137,0.07504579424858093
31778,0.06952821463346481
33336,0.06766369938850403
4825,0.06440748274326324
107925,0.06410059332847595
82590,0.05913984775543213
40355,0.05875806882977486
28910,0.05854036286473274
