Index,Activation Value
4055,0.03418278321623802
27203,0.0265708789229393
45538,0.02652725949883461
773,0.02649836055934429
20435,0.02605491690337658
44743,0.025948235765099525
23998,0.025226566940546036
55134,0.025051679462194443
39787,0.024994567036628723
13179,0.02460574172437191
