Index,Activation Value
21183,0.2351321280002594
99414,0.06916345655918121
36129,0.06258322298526764
48721,0.0003633846063166857
