Index,Activation Value
8019,0.4721752107143402
24298,0.4488109052181244
18000,0.4358096122741699
27547,0.42879021167755127
1909,0.3724095821380615
32727,0.3612479567527771
53579,0.3550252914428711
8080,0.34533244371414185
44569,0.33189916610717773
43197,0.3279191851615906
