Index,Activation Value
60631,0.0015637824544683099
56725,0.0007503216620534658
29450,5.7309742260258645e-05
