Index,Activation Value
84018,0.007071272935718298
3311,0.006384117994457483
96758,0.005923818796873093
71543,0.005714581348001957
55426,0.005422281567007303
52847,0.005111026577651501
24684,0.004572993144392967
110063,0.004528499674052
87126,0.00434571597725153
16107,0.004081432707607746
