Index,Activation Value
58249,0.24021483957767487
21467,0.23460440337657928
53579,0.20902569591999054
38924,0.20337344706058502
43054,0.18603087961673737
39547,0.17467114329338074
56554,0.1731150895357132
38247,0.16146813333034515
26937,0.1301984041929245
51614,0.1170547679066658
