Index,Activation Value
36212,0.00909415353089571
8396,0.006340943276882172
33011,0.005321395583450794
21467,0.005260491743683815
56855,0.005199582315981388
38924,0.005120709538459778
53579,0.004529134836047888
26778,0.0036226941738277674
38432,0.002356352750211954
25657,0.0021820191759616137
