Index,Activation Value
7145,0.06739501655101776
11450,0.06570573151111603
25800,0.058230917900800705
9049,0.05569539591670036
36944,0.054161932319402695
59924,0.053992703557014465
15598,0.05168068781495094
57892,0.05031343549489975
24702,0.04780547693371773
31723,0.04662134125828743
