Index,Activation Value
12344,0.020783433690667152
62757,0.01880441978573799
9293,0.016557736322283745
16107,0.01581096462905407
111011,0.015224351547658443
55779,0.014826115220785141
29450,0.013745522126555443
87077,0.013308469206094742
592,0.012604225426912308
86756,0.011105317622423172
