Index,Activation Value
62757,0.07429047673940659
107558,0.06439755856990814
52854,0.0400453582406044
93685,0.03676676005125046
7682,0.03297144174575806
17608,0.03206538408994675
8251,0.030691174790263176
61202,0.02992337942123413
4491,0.029061032459139824
6200,0.02713456004858017
