Index,Activation Value
8019,0.012102138251066208
24298,0.010081236250698566
54138,0.009434795007109642
8080,0.00831372756510973
