Index,Activation Value
59868,1.7051869630813599
11470,1.661828875541687
9476,1.0909663438796997
47864,1.0851166248321533
59010,1.0119688510894775
6591,0.9372277855873108
38383,0.6779976487159729
50105,0.52292799949646
11145,0.28231650590896606
16662,0.2616707682609558
