Index,Activation Value
53579,0.012005956843495369
38924,0.010656631551682949
21467,0.004090883769094944
24298,0.004070573952049017
58249,0.0023929134476929903
8080,0.002366085536777973
1909,0.0022604987025260925
8019,0.00154019461479038
54138,0.0007095422479324043
38432,0.0002660231839399785
