Index,Activation Value
2398,0.007970130071043968
43178,0.005394268315285444
25802,0.0036339913494884968
34904,0.00306881801225245
51163,0.002846188610419631
41694,0.002067721914499998
26073,0.001749335671775043
47976,0.0017051483737304807
9084,0.0016963694943115115
21618,0.0009146798402070999
