Index,Activation Value
21467,0.03543125092983246
38432,0.026762336492538452
38340,0.015679016709327698
44569,0.01189055573195219
57551,0.009812586940824986
30430,0.007127017714083195
13743,0.007056352682411671
52440,0.0062318844720721245
32727,0.005225887056440115
53589,0.004225512500852346
