Index,Activation Value
38247,0.05231126397848129
43054,0.04921337962150574
28312,0.023288726806640625
12929,0.021640051156282425
50478,0.020725475624203682
35684,0.018072765320539474
13411,0.017730148509144783
4987,0.017402779310941696
33727,0.017391322180628777
39547,0.017264829948544502
