Index,Activation Value
88571,0.025201542302966118
52426,0.01972978189587593
64204,0.019116096198558807
1267,0.008723409846425056
85185,0.005876053124666214
96758,0.005812614690512419
70349,0.004650787450373173
16107,0.0045741647481918335
55426,0.003541067475453019
92547,0.002818966982886195
