Index,Activation Value
21467,1.0557502508163452
8080,0.9061188697814941
53579,0.8830820918083191
24298,0.8698297142982483
8019,0.8629333972930908
27547,0.8601348400115967
38432,0.8156044483184814
38924,0.7910353541374207
44569,0.7617893218994141
26778,0.7520973086357117
