Index,Activation Value
72094,0.07221110165119171
107925,0.06860826909542084
18680,0.054549697786569595
95115,0.05357089266180992
45447,0.0531635507941246
48529,0.05209982395172119
90842,0.05136182904243469
7334,0.04758350923657417
62271,0.046774934977293015
81234,0.046025119721889496
