Index,Activation Value
96758,0.136159285902977
60631,0.12554660439491272
33336,0.09943773597478867
13090,0.09478597342967987
716,0.08841399103403091
36173,0.08622504770755768
64204,0.08522606641054153
52183,0.0805358812212944
41210,0.07285035401582718
107551,0.07008790969848633
