Index,Activation Value
21467,0.0695793405175209
36212,0.05967966094613075
56855,0.05243297293782234
29340,0.05076386407017708
38924,0.050656989216804504
53579,0.04978500306606293
8396,0.046946603804826736
38432,0.039252329617738724
33011,0.03464072570204735
38340,0.02812838926911354
