Index,Activation Value
13090,0.13489273190498352
52426,0.11236612498760223
60631,0.11016141623258591
49456,0.09771096706390381
33336,0.09650375694036484
64204,0.08682714402675629
91875,0.08393828570842743
97407,0.08240586519241333
28910,0.08170024305582047
56725,0.07485789805650711
