Index,Activation Value
38924,0.043062854558229446
9816,0.031644754111766815
26778,0.03122013434767723
53579,0.028963802382349968
27547,0.026824772357940674
42887,0.026776766404509544
21467,0.02456219308078289
8019,0.024203702807426453
54138,0.02234986238181591
8080,0.018919534981250763
