Index,Activation Value
3400,0.08444437384605408
15670,0.07947120815515518
26973,0.07149510085582733
45026,0.06768099218606949
21161,0.066386878490448
31311,0.0632731020450592
20544,0.06286248564720154
17265,0.06213202700018883
20507,0.06150965765118599
54532,0.06086549535393715
