Index,Activation Value
49702,1.2299541234970093
42969,1.1216990947723389
9220,1.1124378442764282
88452,1.0532039403915405
109392,0.9898003935813904
28823,0.9843471646308899
99586,0.9217003583908081
25189,0.8928996920585632
87949,0.8208606839179993
90366,0.8192723989486694
