Index,Activation Value
13090,0.016264664009213448
12589,0.008981936611235142
56725,0.005992642603814602
60631,0.0013729798374697566
23836,0.0011747670359909534
2279,0.00029665534384548664
96758,0.00016676682571414858
