Index,Activation Value
92077,0.01985332928597927
111011,0.013206029310822487
111478,0.007678235415369272
104537,0.006370332557708025
95312,0.006334089674055576
29372,0.006148786284029484
7106,0.005400994326919317
52683,0.004357285797595978
19530,0.004172016400843859
55426,0.0033169062808156013
