Index,Activation Value
71086,0.6755996942520142
10995,0.4149381220340729
6328,0.3978404104709625
72352,0.3375708758831024
52216,0.32525157928466797
50917,0.263903945684433
79610,0.1955675631761551
85022,0.11239589750766754
62012,0.10755322873592377
71334,0.06618863344192505
