Index,Activation Value
51163,1.0398344993591309
20600,0.585247814655304
45573,0.3448230028152466
46982,0.31707730889320374
59387,0.30165570974349976
28997,0.14979174733161926
34586,0.13185767829418182
