Index,Activation Value
38924,0.10095784813165665
56855,0.09989273548126221
8396,0.09470228105783463
33011,0.09401759505271912
53579,0.09198059886693954
58249,0.08196688443422318
21467,0.08178751170635223
36473,0.07969926297664642
38247,0.07698388397693634
36212,0.07592011988162994
