Index,Activation Value
17898,0.07664106786251068
48477,0.05013934522867203
41671,0.037689488381147385
43075,0.006237697321921587
