Index,Activation Value
60631,0.004759163595736027
36173,0.004073132295161486
9293,0.003937979228794575
28425,0.0036304628010839224
99629,0.002549499273300171
52183,0.0022822723258286715
86756,0.0017033780459314585
51766,0.0017001685919240117
81123,0.0016890844563022256
102181,0.001666598953306675
