Index,Activation Value
14915,0.4510120451450348
21149,0.3663369417190552
3689,0.35913416743278503
41246,0.3059472441673279
10085,0.26716896891593933
1693,0.255483478307724
17169,0.1637071669101715
2865,0.10871497541666031
44036,0.1031411737203598
21019,0.020032383501529694
