Index,Activation Value
43054,0.1302860528230667
31904,0.10901195555925369
38247,0.09097743034362793
4191,0.0877363383769989
3932,0.0832493007183075
32604,0.07250852882862091
58916,0.06435675919055939
38127,0.058927588164806366
26559,0.05629295855760574
22362,0.05545017868280411
