Index,Activation Value
27683,0.14125917851924896
43514,0.1182667464017868
43115,0.11109603941440582
14826,0.10244271159172058
22678,0.10230400413274765
39999,0.0974331870675087
25373,0.09148982167243958
25544,0.08745802938938141
14960,0.07872229814529419
15758,0.07405960559844971
