Index,Activation Value
14652,1.3120932579040527
30148,1.2374413013458252
83820,0.860051155090332
83826,0.4589453339576721
101706,0.3130810260772705
63371,0.1462048888206482
101648,0.06170284003019333
35404,0.01237257570028305
