Index,Activation Value
14960,0.03119850717484951
24409,0.031120305880904198
773,0.02466595731675625
45858,0.024520868435502052
35168,0.01924826391041279
44964,0.01716303825378418
26196,0.016759280115365982
3300,0.015897180885076523
14390,0.01544913649559021
13195,0.014472559094429016
