Index,Activation Value
29340,0.011125386692583561
36212,0.002430611988529563
