Index,Activation Value
38924,0.28558918833732605
26778,0.25196242332458496
53579,0.24114403128623962
19868,0.23274947702884674
33011,0.22290532290935516
9816,0.1939672976732254
32727,0.18796005845069885
8396,0.1867789477109909
1909,0.18092231452465057
36212,0.18050633370876312
