Index,Activation Value
101572,0.019757037982344627
80813,0.01368154026567936
6156,0.010840672068297863
27789,0.010412026196718216
25887,0.006116662174463272
110712,0.004963613115251064
12344,0.0026360664051026106
8251,0.002430266235023737
42482,0.002277347957715392
35831,0.0021804573480039835
