Index,Activation Value
4825,0.06381312757730484
852,0.05724981054663658
107995,0.0476536750793457
108688,0.04404908046126366
20663,0.043910786509513855
97336,0.03363488242030144
64475,0.03251516819000244
90284,0.03156203776597977
33659,0.02789270132780075
42192,0.02767004445195198
