Index,Activation Value
45538,0.16102181375026703
39787,0.15138976275920868
4987,0.13424286246299744
4055,0.13232241570949554
36625,0.13199669122695923
21565,0.1224198266863823
11478,0.12200917303562164
27840,0.12090637534856796
13158,0.11803846061229706
41410,0.1139274388551712
