Index,Activation Value
36625,0.07470166683197021
27840,0.06101376190781593
14971,0.05901189520955086
39787,0.053285449743270874
4055,0.05115116015076637
54705,0.04785178229212761
35684,0.04781566187739372
55134,0.046633124351501465
11478,0.045986607670784
4965,0.04334268718957901
