Index,Activation Value
8019,0.20263934135437012
54138,0.19507136940956116
29465,0.19423575699329376
38432,0.17102591693401337
43197,0.16160798072814941
21467,0.1466800421476364
13743,0.14013643562793732
45313,0.13059499859809875
32727,0.12705954909324646
42887,0.12619604170322418
