Index,Activation Value
53579,0.05007713660597801
38924,0.03400859609246254
8080,0.03236973658204079
21467,0.027466489002108574
26778,0.02721547521650791
24298,0.02657177299261093
1909,0.02536933310329914
54138,0.021518899127840996
36473,0.02121463045477867
18000,0.021158408373594284
