Index,Activation Value
7145,0.1560346782207489
9049,0.15306346118450165
4191,0.12308771908283234
15111,0.11272639036178589
51614,0.11018291860818863
29340,0.1059754267334938
47257,0.10517019778490067
59868,0.10485992580652237
10226,0.10126461088657379
59981,0.0989241972565651
