Index,Activation Value
41844,0.008627921342849731
52440,0.007339117117226124
9351,0.0063114347867667675
28312,0.005282257217913866
25657,0.0042640999890863895
53582,0.004162362311035395
53407,0.004123786464333534
19339,0.0039297775365412235
31736,0.003765630768612027
43115,0.0036011403426527977
