Index,Activation Value
16549,0.013084969483315945
36875,0.00685147475451231
773,0.0027214752044528723
4394,0.002444715704768896
31022,0.002134704263880849
56147,0.0020626173354685307
44964,0.0015949951484799385
43315,0.0013949427520856261
33547,0.0007860942278057337
14960,0.0007091838633641601
