Index,Activation Value
7145,0.006011325865983963
58458,0.0045533799566328526
9049,0.00437834020704031
42296,0.00256907194852829
32704,0.002066431799903512
34397,0.0014723158674314618
48137,0.001228021807037294
31786,0.0008438568911515176
43164,0.0007708028424531221
1909,0.0006790411425754428
