Index,Activation Value
21467,0.001531849498860538
29340,0.0003452851378824562
36212,0.000328324967995286
