Index,Activation Value
24702,0.003513087285682559
44569,0.0032395217567682266
4191,0.0030248912516981363
9107,0.002039472572505474
21565,0.0020342241041362286
25800,0.0014798424672335386
47900,0.0012512804241850972
11450,0.0010255990782752633
7444,0.0009653872111812234
8080,0.0008984053274616599
