Index,Activation Value
50123,0.7173946499824524
30837,0.6915802359580994
2057,0.6197583675384521
4748,0.6132501363754272
5796,0.54091876745224
49479,0.4475288987159729
6582,0.4360677897930145
57402,0.4039711654186249
32679,0.3582664132118225
31296,0.34093695878982544
