Index,Activation Value
14692,1.484105110168457
2591,1.3913196325302124
22214,0.6627690196037292
36269,0.2242535948753357
