Index,Activation Value
3796,1.0753754377365112
20587,0.9922822117805481
76294,0.3208063244819641
87465,0.2581268548965454
44808,0.11633934825658798
111879,0.03554394468665123
