Index,Activation Value
16107,0.028017792850732803
60631,0.020674463361501694
33336,0.0134454146027565
52426,0.013401356525719166
20663,0.01271953247487545
52183,0.011467368341982365
22202,0.010730787180364132
19627,0.009599442593753338
4825,0.009205379523336887
92547,0.009183509275317192
