Index,Activation Value
87491,0.10207347571849823
104537,0.09195469319820404
17608,0.08209510892629623
27789,0.08012261986732483
108688,0.07698789983987808
89243,0.07205738127231598
76696,0.07031866908073425
48529,0.06737439334392548
27234,0.06609845161437988
33336,0.06427406519651413
