Index,Activation Value
8396,0.006641726940870285
36212,0.006020073313266039
29340,0.005696654785424471
56855,0.0043266634456813335
25657,0.0024885754100978374
38127,0.0005456469370983541
