Index,Activation Value
87491,0.11205144226551056
104537,0.09117956459522247
72094,0.05174291133880615
97407,0.047799643129110336
59080,0.03880875185132027
22839,0.03815947845578194
107604,0.03670615330338478
2871,0.03274952992796898
23324,0.029329007491469383
108542,0.028151052072644234
