Index,Activation Value
33011,0.09470988065004349
38924,0.09356993436813354
38127,0.0931939110159874
21467,0.08699002116918564
56855,0.06055412441492081
53579,0.05960071459412575
29340,0.0519736222922802
58249,0.05044477432966232
8396,0.04451572149991989
24298,0.04418354108929634
