Index,Activation Value
80813,0.10301687568426132
105073,0.07647080719470978
67509,0.07396681606769562
102708,0.07034873217344284
78653,0.0638703927397728
8928,0.060591839253902435
17608,0.06026638671755791
22092,0.05996577814221382
110091,0.05927656218409538
91551,0.059254150837659836
