Index,Activation Value
6466,0.021071575582027435
36625,0.01962261088192463
39787,0.0165934506803751
16403,0.01631995104253292
20999,0.013974431902170181
25605,0.012257625348865986
25227,0.012062215246260166
47380,0.012040279805660248
48477,0.011196550913155079
15758,0.01084831915795803
