Index,Activation Value
55023,0.2305266112089157
33011,0.22314222157001495
29340,0.17994099855422974
36212,0.17610694468021393
9816,0.1586296260356903
53582,0.14904427528381348
36625,0.14033019542694092
24565,0.13024364411830902
8396,0.12978065013885498
31904,0.12410665303468704
