Index,Activation Value
97407,0.00418715737760067
20663,0.0029893890023231506
14022,0.0008537928806617856
90842,3.3175459975609556e-05
