Index,Activation Value
8080,0.008808305487036705
53579,0.005857635755091906
38924,0.0037893345579504967
33011,0.0034044382628053427
27547,0.0017305727815255523
38432,0.0007002208149060607
44569,0.0006763483979739249
8019,0.0004241791903041303
