Index,Activation Value
36473,0.30915719270706177
24298,0.27239084243774414
20435,0.2366711050271988
32704,0.2358187884092331
32254,0.2219061255455017
48137,0.21674248576164246
16261,0.21292917430400848
58458,0.21135808527469635
56032,0.20420044660568237
49406,0.1957138180732727
