Index,Activation Value
30430,0.10182185471057892
59868,0.09216929227113724
25802,0.0594237744808197
47976,0.04922761395573616
13743,0.04793720692396164
9084,0.04534042254090309
22757,0.043018605560064316
51614,0.03981057181954384
40668,0.03751566261053085
566,0.03379756957292557
