Index,Activation Value
39257,0.062425050884485245
31199,0.051387425512075424
94111,0.050039976835250854
25024,0.04932370409369469
10580,0.044197436422109604
27912,0.043203793466091156
99629,0.04319797456264496
3878,0.042257893830537796
66000,0.039109837263822556
28425,0.03905139118432999
