Index,Activation Value
56855,0.06769827008247375
38127,0.06234715133905411
8396,0.0549158938229084
43054,0.05085925757884979
29340,0.04773430898785591
50478,0.017795434221625328
218,0.013674383983016014
4191,0.011235984042286873
39547,0.011173658072948456
53582,0.01094939187169075
