Index,Activation Value
16107,0.027637282386422157
12344,0.02345019392669201
52491,0.0226586926728487
70776,0.02011002041399479
98149,0.0198886226862669
87491,0.01769857294857502
80813,0.017593735828995705
66371,0.01705205626785755
44123,0.016145600005984306
12942,0.016104036942124367
