Index,Activation Value
28425,0.12046108394861221
36173,0.10401496291160583
12344,0.08632217347621918
24604,0.08334270119667053
71879,0.07625072449445724
81123,0.06950677931308746
12,0.06929781287908554
103694,0.06547367572784424
55779,0.06174778938293457
3082,0.06092620640993118
