Index,Activation Value
33336,0.003181691514328122
27438,0.00312113668769598
90842,0.0027023088186979294
12344,0.002628686372190714
96758,0.000814726809039712
14022,0.0007507434347644448
70776,0.0001872225693659857
87758,8.459608579869382e-06
