Index,Activation Value
15111,0.17431055009365082
36625,0.1681181639432907
43054,0.1641809344291687
57892,0.1480199545621872
38127,0.14695116877555847
15598,0.1398366093635559
25227,0.13344809412956238
36944,0.12472277134656906
17999,0.12377119064331055
21565,0.11893539875745773
