Index,Activation Value
44743,0.17563137412071228
49406,0.17546696960926056
19491,0.16321900486946106
39812,0.16311030089855194
20435,0.1622784286737442
13740,0.15982496738433838
4817,0.15764594078063965
56096,0.1564854234457016
23998,0.154617577791214
37379,0.1430569887161255
