Index,Activation Value
43054,0.16744109988212585
13179,0.14418886601924896
2800,0.12040257453918457
22718,0.08379145711660385
24409,0.08200337737798691
41843,0.0802546963095665
45538,0.08006112277507782
21019,0.07305297255516052
3689,0.07113412767648697
2354,0.06976386159658432
