Index,Activation Value
27547,0.012888542376458645
53589,0.008170937187969685
57551,0.0071626328863203526
8080,0.006219319999217987
19868,0.005071661900728941
36473,0.004678226076066494
54138,0.004434157628566027
42887,0.002386982087045908
9816,0.002307749120518565
24298,0.0015257635386660695
