Index,Activation Value
72353,0.33447104692459106
53505,0.24911445379257202
18758,0.13828134536743164
9325,0.07798302918672562
