Index,Activation Value
24298,0.005801761988550425
44569,0.004171839449554682
21467,0.0031533653382211924
