Index,Activation Value
21467,0.028817804530262947
36212,0.02018911764025688
53579,0.01991456374526024
38432,0.016725264489650726
38127,0.01555661205202341
29340,0.012449265457689762
38340,0.009235379286110401
19868,0.007620472460985184
8396,0.006280099041759968
41844,0.005869022570550442
