Index,Activation Value
2398,0.39274516701698303
56561,0.1398380547761917
