Index,Activation Value
7145,0.050887688994407654
31723,0.03161804378032684
59924,0.0260049719363451
43164,0.021468736231327057
14186,0.01646575704216957
43197,0.014511914923787117
1693,0.012569988146424294
43620,0.0116768479347229
13411,0.011517656967043877
58398,0.011420185677707195
