Index,Activation Value
52382,0.024217331781983376
37410,0.022441919893026352
49213,0.02070309966802597
52186,0.02007358707487583
38221,0.01943451724946499
45538,0.01682659611105919
21565,0.01542459987103939
885,0.015097814612090588
26958,0.01432188693434
19364,0.013902812264859676
