Index,Activation Value
96758,0.007515329401940107
107558,0.006754592526704073
52183,0.0038278030697256327
16107,0.003660422982648015
104537,0.0033200662583112717
107925,0.0024367240257561207
52426,0.0022478371392935514
592,0.0019488902762532234
111478,0.0016459609614685178
75310,0.0016041880007833242
