Index,Activation Value
53579,0.42205139994621277
58249,0.3831978142261505
54138,0.28135329484939575
38924,0.27561435103416443
18000,0.26185208559036255
33011,0.22456425428390503
8080,0.22039172053337097
24298,0.2161918431520462
1909,0.1950242966413498
42887,0.19231058657169342
