Index,Activation Value
44569,0.02450389228761196
21467,0.023724935948848724
53579,0.0230876374989748
8080,0.019776826724410057
27547,0.01791641116142273
1909,0.01747061125934124
38924,0.01624133065342903
36212,0.012268981896340847
38432,0.009074389934539795
8396,0.007578830700367689
