Index,Activation Value
72094,0.028002312406897545
27438,0.027633044868707657
71879,0.025980347767472267
104537,0.021526431664824486
88295,0.019707119092345238
87758,0.019034404307603836
17902,0.0176375899463892
24235,0.01702086627483368
87077,0.01665126346051693
105073,0.015313489362597466
