Index,Activation Value
2347,1.0553501844406128
41246,0.8015128970146179
24933,0.6586810946464539
45552,0.6222090721130371
32129,0.4602682292461395
10826,0.4231254458427429
10760,0.4038989841938019
30542,0.38079386949539185
31427,0.3734752833843231
43075,0.3642878234386444
