Index,Activation Value
78437,0.6114763617515564
16107,0.4107910692691803
