Index,Activation Value
24298,0.00752520514652133
21467,0.004518561996519566
38432,0.000981067307293415
8019,0.0008147048647515476
8080,0.0007198535022325814
33011,0.0002074581425404176
36212,0.00017532713536638767
54138,0.00012959822197444737
