Index,Activation Value
33011,0.05112014710903168
59288,0.026574457064270973
773,0.013650009408593178
13179,0.011840193532407284
57163,0.007657298352569342
55599,0.0010197787778452039
28561,0.0005120753194205463
40169,0.000404862395953387
