Index,Activation Value
43054,0.003259732387959957
42419,0.0004864078655373305
