Index,Activation Value
9816,0.10792940109968185
27547,0.07791631668806076
43197,0.07515530288219452
47264,0.06415516138076782
8019,0.062482722103595734
4055,0.05875341594219208
38127,0.05327516421675682
42887,0.05221347510814667
32727,0.051399048417806625
19868,0.05057254061102867
