Index,Activation Value
21528,0.1284058839082718
88314,0.03948703035712242
