Index,Activation Value
33011,0.38696449995040894
1909,0.2676568031311035
13179,0.23635420203208923
18000,0.23103441298007965
773,0.20892296731472015
53579,0.2074650228023529
58249,0.1905115842819214
16549,0.182201087474823
26778,0.18123584985733032
31022,0.1798611432313919
