Index,Activation Value
1909,0.049703896045684814
43054,0.031383052468299866
38924,0.02699064277112484
38127,0.02374942973256111
38247,0.014607023447751999
5476,0.012083186767995358
8349,0.011568819172680378
58249,0.00901701394468546
7145,0.007338475901633501
52382,0.0071986825205385685
