Index,Activation Value
38924,0.05314195528626442
26778,0.03653755784034729
33011,0.03353719040751457
21467,0.03311046585440636
53579,0.0316438302397728
44569,0.031045176088809967
58249,0.018409760668873787
1909,0.017105519771575928
13179,0.01529042050242424
38432,0.01420462504029274
