Index,Activation Value
20663,0.020053043961524963
25887,0.015594027936458588
22227,0.012593175284564495
107558,0.00978267751634121
96654,0.009684577584266663
23836,0.009241366758942604
31017,0.008990577422082424
98149,0.008706516586244106
42482,0.007323077879846096
76906,0.006711483467370272
