Index,Activation Value
13090,0.03401128575205803
28425,0.016741488128900528
852,0.016353748738765717
56725,0.015199588611721992
52491,0.005638212896883488
96654,0.005255627911537886
16107,0.003932397346943617
42493,0.0031213397160172462
87077,0.0021059976425021887
40355,0.002062814775854349
