Index,Activation Value
51766,0.006562536582350731
49456,0.0029328656382858753
