Index,Activation Value
24298,0.21450209617614746
38924,0.19808164238929749
21467,0.1955924779176712
53579,0.19133856892585754
44569,0.1686837077140808
36473,0.16116784512996674
8080,0.14228102564811707
26778,0.14012789726257324
36212,0.13769672811031342
54138,0.13562603294849396
