Index,Activation Value
52186,0.01948813907802105
2145,0.014871225692331791
45858,0.01402822695672512
34432,0.013772205449640751
22429,0.013295738026499748
50457,0.013197598978877068
45512,0.013183647766709328
4103,0.012924149632453918
26958,0.01234658807516098
29752,0.012119839899241924
