Index,Activation Value
36212,0.4413141906261444
21467,0.4207645356655121
38432,0.40189045667648315
8396,0.37382009625434875
25657,0.33994168043136597
56855,0.31740307807922363
38340,0.3148953318595886
36473,0.3137199580669403
53579,0.28985595703125
54138,0.28175538778305054
