Index,Activation Value
53579,0.04722760617733002
21467,0.044426899403333664
38924,0.03631871938705444
58249,0.025707406923174858
26778,0.024799996986985207
8080,0.020754365250468254
44569,0.017984993755817413
27547,0.01794891245663166
29340,0.0166186336427927
38432,0.014495265670120716
