Index,Activation Value
13090,0.0018578080926090479
90842,0.0010001534828916192
