Index,Activation Value
56725,0.00971358921378851
57225,0.00230734096840024
