Index,Activation Value
8019,0.009368080645799637
21467,0.009043557569384575
8080,0.0071977549232542515
36473,0.0059488988481462
38432,0.005090775433927774
57551,0.004378888290375471
38127,0.004360384773463011
38924,0.004289504140615463
45313,0.004263904877007008
24298,0.0041588726453483105
