Index,Activation Value
25087,0.03556390479207039
34446,0.029986003413796425
27088,0.02870464138686657
9775,0.02747754193842411
44937,0.026844341307878494
53809,0.026730796322226524
57453,0.025301111862063408
55264,0.025063710287213326
48738,0.024064727127552032
54825,0.02314511500298977
