Index,Activation Value
27547,0.020906606689095497
8080,0.017260819673538208
54138,0.016009988263249397
32727,0.012668026611208916
9816,0.012592586688697338
53579,0.011667647399008274
38924,0.008125445805490017
18000,0.007731738965958357
24298,0.007686695549637079
8019,0.0076509094797074795
