Index,Activation Value
11970,1.7069759368896484
97748,1.0673161745071411
96808,0.9411495923995972
100014,0.9091368317604065
1682,0.6563854217529297
54929,0.6503031253814697
43516,0.6000819802284241
84357,0.5779248476028442
66808,0.5504822134971619
95431,0.43220463395118713
