Index,Activation Value
21467,0.08450468629598618
30430,0.05114879459142685
20435,0.04139840602874756
27399,0.041302863508462906
4817,0.040464986115694046
52585,0.04022907465696335
1909,0.04002102091908455
33607,0.038627661764621735
49406,0.03821699693799019
28312,0.037404779344797134
