Index,Activation Value
55779,0.0054142954759299755
11918,0.004627683199942112
52426,0.0028643363621085882
87758,0.0027722350787371397
101850,0.0015136223519220948
14022,0.001374165527522564
85314,0.001152109238319099
95980,0.0011030816240236163
98129,0.0009672899032011628
34655,0.0009350650361739099
