Index,Activation Value
90210,0.5201261043548584
23376,0.036806438118219376
