Index,Activation Value
29340,0.253353476524353
56855,0.2308569997549057
24565,0.2033444494009018
53582,0.1944674402475357
8396,0.1940499246120453
28855,0.1370970457792282
4930,0.11957689374685287
55023,0.11502981185913086
31736,0.09576170146465302
33607,0.09274967759847641
