Index,Activation Value
16107,0.08442957699298859
52426,0.08296416699886322
93685,0.07318232208490372
104537,0.06887048482894897
12344,0.06826434284448624
59998,0.06527992337942123
62662,0.05852847173810005
67509,0.05599425733089447
27912,0.05457865074276924
107558,0.052966129034757614
