Index,Activation Value
51531,2.192880153656006
78296,1.0925745964050293
106424,0.8305837512016296
31596,0.7785801887512207
93551,0.5967509746551514
17091,0.5631310343742371
86688,0.5618641972541809
43495,0.4970306158065796
79817,0.374352365732193
80821,0.2317579686641693
