Index,Activation Value
24298,0.6825161576271057
53579,0.5105240941047668
8019,0.4815980792045593
8080,0.47199904918670654
38924,0.46984636783599854
36473,0.4644968807697296
54138,0.4265456795692444
26778,0.4143335521221161
42887,0.365869402885437
21467,0.3580343723297119
