Index,Activation Value
84018,0.0025067992974072695
61123,0.002464503515511751
52426,0.002446060534566641
107925,0.0024304576218128204
104537,0.0018775133648887277
20663,0.001661443617194891
62757,0.0015662965597584844
90842,0.0015586900990456343
108542,0.0015019658021628857
54956,0.0014142722357064486
