Index,Activation Value
6156,0.015309310518205166
100136,0.013850350864231586
8251,0.01018668245524168
61123,0.009345855563879013
107995,0.009084086865186691
45447,0.007364493329077959
66289,0.006113169249147177
92077,0.006033005658537149
72094,0.00596163235604763
8062,0.005879182368516922
