Index,Activation Value
29340,0.10939726233482361
56855,0.09695933759212494
8396,0.08461520075798035
53582,0.08239766955375671
36212,0.07683765888214111
55023,0.06967707723379135
38432,0.06570345908403397
21467,0.06441666185855865
24565,0.05791350454092026
39450,0.05772250145673752
