Index,Activation Value
36173,0.032593000680208206
29372,0.02612600475549698
110712,0.022955110296607018
42482,0.02146846428513527
55426,0.02132250741124153
101572,0.019580867141485214
26012,0.01851901225745678
63669,0.018136491999030113
96758,0.01662238873541355
60806,0.01596679538488388
