Index,Activation Value
95769,0.012982682324945927
35254,0.004343213979154825
83828,0.004099846817553043
103824,0.003632430685684085
15003,0.0019534495659172535
97407,0.0019185004057362676
56725,0.001844734768383205
14165,0.001455011311918497
102181,0.0008520940900780261
52183,0.00014705283683724701
