Index,Activation Value
1267,0.006864752620458603
52426,0.005204045679420233
30064,0.005170593969523907
14022,0.004452010150998831
33336,0.004420889541506767
9293,0.0020079908426851034
80233,0.001277650473639369
