Index,Activation Value
14196,0.15305790305137634
19491,0.15146449208259583
49406,0.14762935042381287
28312,0.14513523876667023
56096,0.141706183552742
20435,0.1328960508108139
37379,0.1318308264017105
15670,0.12752126157283783
58458,0.12648062407970428
21191,0.12331429123878479
