Index,Activation Value
55189,0.4494438171386719
22970,0.15760289132595062
