Index,Activation Value
21467,0.0008156256517395377
27547,0.0005255495780147612
24298,0.0001455729070585221
