Index,Activation Value
13662,1.7378582954406738
15255,1.5610429048538208
44199,0.9212406277656555
58008,0.7464538812637329
84565,0.512041449546814
45578,0.3623008131980896
30850,0.2674731910228729
15101,0.23687849938869476
59425,0.22406819462776184
90624,0.21842454373836517
