Index,Activation Value
56855,0.07794485241174698
29340,0.0452103465795517
52440,0.038253042846918106
57551,0.03399808704853058
9816,0.033680450171232224
8396,0.03172965720295906
25657,0.03167153522372246
34961,0.029102209955453873
30430,0.028298502787947655
59288,0.026891812682151794
