Index,Activation Value
27912,0.09033282101154327
28910,0.08509669452905655
66371,0.06723006814718246
12589,0.06490490585565567
49591,0.04903567209839821
4491,0.04682866483926773
52854,0.04607494920492172
1021,0.04591972008347511
48473,0.04265487566590309
97407,0.04246397688984871
