Index,Activation Value
21467,0.5470977425575256
53579,0.5448834300041199
38924,0.4670291244983673
56855,0.4066888391971588
36212,0.3969493806362152
8396,0.3920729160308838
33011,0.34515324234962463
26778,0.3408789038658142
29340,0.3283940553665161
38432,0.28318268060684204
