Index,Activation Value
57163,0.1349925696849823
1859,0.10366972535848618
36875,0.09486555308103561
25544,0.08936292678117752
14960,0.08713799715042114
12023,0.08410520106554031
42649,0.08408241719007492
773,0.08199580013751984
59949,0.07646983116865158
13179,0.07646805047988892
