Index,Activation Value
44569,0.007916374132037163
8019,0.007222653832286596
21467,0.005300551652908325
53579,0.004673698451370001
38924,0.004301554057747126
32727,0.0037157523911446333
26937,0.003580921096727252
24298,0.0018565224017947912
26778,0.0015813844511285424
