Index,Activation Value
33011,0.0016637019580230117
36212,0.001262359437532723
8396,0.0010921767679974437
21467,0.0010824577184394002
56855,0.0009988134261220694
24298,0.000993643538095057
26778,0.0009221937507390976
38924,0.000731155276298523
27547,0.0006943075568415225
8019,0.0006590248085558414
