Index,Activation Value
12589,0.005494835786521435
92547,0.0005727293319068849
