Index,Activation Value
27399,0.029505904763936996
33011,0.027944043278694153
17728,0.025998983532190323
47321,0.02544275112450123
566,0.02522251568734646
58458,0.023596925660967827
37379,0.02325114607810974
21298,0.022711720317602158
54927,0.022579511627554893
56096,0.022495970129966736
