Index,Activation Value
43054,0.043709948658943176
30430,0.027789056301116943
43178,0.025419846177101135
24409,0.023290077224373817
29465,0.021534524857997894
30511,0.016874264925718307
32727,0.016585789620876312
34961,0.016347935423254967
2354,0.014709402807056904
24588,0.014001005329191685
