Index,Activation Value
36212,0.1150985062122345
56855,0.10333484411239624
8396,0.10094056278467178
32727,0.08380796760320663
27547,0.07277245819568634
25657,0.06386661529541016
19868,0.06335288286209106
29340,0.06301572173833847
29465,0.05772741883993149
45313,0.057099778205156326
