Index,Activation Value
29340,0.07459711283445358
21467,0.06438592821359634
19868,0.0606846921145916
36212,0.046621907502412796
26778,0.04548193886876106
27547,0.0408763624727726
33011,0.03866724669933319
8396,0.030563123524188995
56855,0.030094683170318604
55023,0.028675373643636703
