Index,Activation Value
24298,0.00667826272547245
8080,0.005428499076515436
8019,0.0028768812771886587
54138,0.00212706602178514
