Index,Activation Value
1909,0.012705701403319836
24298,0.009223254397511482
44569,0.007483321242034435
1859,0.007261332124471664
54138,0.00548847671598196
8080,0.004130898509174585
53579,0.003595032263547182
38432,0.002228113589808345
43115,0.0018387159798294306
58249,0.0012132992269471288
