Index,Activation Value
55426,0.08615615218877792
90842,0.06956188380718231
107925,0.06777054071426392
59080,0.06492775678634644
108542,0.06218975409865379
40355,0.05733877420425415
92077,0.057294052094221115
80233,0.05417875945568085
47448,0.05283791571855545
93137,0.049300417304039
