Index,Activation Value
107558,0.02733251266181469
88571,0.016937358304858208
40355,0.010635122656822205
110063,0.010273591615259647
35831,0.010039404965937138
17608,0.008377399295568466
15751,0.00828924123197794
73306,0.00800353940576315
93137,0.007621400058269501
91104,0.005810486152768135
