Index,Activation Value
48137,0.15563638508319855
42296,0.15371128916740417
34397,0.14172278344631195
39450,0.13780741393566132
15111,0.1375771313905716
38127,0.12801888585090637
58458,0.12209497392177582
57892,0.11661173403263092
32704,0.11287373304367065
14196,0.1123269572854042
