Index,Activation Value
51769,0.03706689924001694
38432,0.03622930124402046
57551,0.03603307157754898
25657,0.031941257417201996
53589,0.031109845265746117
14826,0.026378946378827095
48346,0.025033721700310707
16403,0.024898074567317963
28561,0.024712279438972473
47380,0.024532092735171318
