Index,Activation Value
36212,0.02425035648047924
14826,0.023077478632330894
19339,0.019189827144145966
52440,0.015641113743185997
31904,0.0070256865583360195
8396,0.004980797879397869
22678,0.004806349519640207
39999,0.003778958460316062
24588,0.0037280169781297445
57551,0.0036322283558547497
