Index,Activation Value
46602,1.0051045417785645
44333,0.16657711565494537
