Index,Activation Value
53579,0.3073643147945404
26778,0.27678731083869934
27547,0.263834148645401
38924,0.25740835070610046
58249,0.2497299611568451
39547,0.21539923548698425
33011,0.20070961117744446
8080,0.19347131252288818
9816,0.1821795403957367
31022,0.182097390294075
