Index,Activation Value
87758,0.022085992619395256
92077,0.020882803946733475
62662,0.016531892120838165
12344,0.016417888924479485
29450,0.01509849913418293
21549,0.014376777224242687
18680,0.014157111756503582
107925,0.012810362502932549
47448,0.01189100556075573
73855,0.01188848540186882
