Index,Activation Value
55134,0.019212203100323677
43115,0.01759338192641735
54705,0.016460923478007317
41410,0.015349767170846462
25605,0.01404586061835289
4987,0.013508759438991547
32697,0.012646880932152271
25657,0.0121969198808074
30999,0.011683929711580276
27203,0.011068304069340229
