Index,Activation Value
51614,0.22667287290096283
47257,0.1814093291759491
36473,0.142740860581398
773,0.1296379715204239
43178,0.126006618142128
38432,0.12595881521701813
58198,0.11574837565422058
32757,0.11416842043399811
28855,0.1073017567396164
33607,0.10418067127466202
