Index,Activation Value
48137,0.18856069445610046
42296,0.17364192008972168
28312,0.16448603570461273
14196,0.15297594666481018
39450,0.1491648256778717
31786,0.1384619027376175
34397,0.1310974657535553
59069,0.13025183975696564
56096,0.12633125483989716
32140,0.12545719742774963
