Index,Activation Value
88571,0.1668519377708435
70349,0.13430607318878174
15751,0.1196238249540329
13090,0.11288635432720184
11374,0.10569742321968079
14165,0.0958499163389206
46013,0.08401978760957718
53715,0.07806748896837234
33336,0.07400636374950409
67509,0.0738518163561821
