Index,Activation Value
83828,0.018670272082090378
50439,0.0029541985131800175
25849,0.0021700409706681967
57106,0.002140630502253771
22227,0.0016791633097454906
84018,0.00044717855053022504
103824,0.00026948898448608816
