Index,Activation Value
56725,0.10862986743450165
111154,0.10750972479581833
104002,0.0743679329752922
13090,0.07287658751010895
70349,0.07218914479017258
59998,0.06735068559646606
87126,0.061524923890829086
91342,0.0601937361061573
35055,0.05331907421350479
97156,0.05307893827557564
