Index,Activation Value
29340,0.006877402774989605
8396,0.0056957523338496685
36212,0.004472317639738321
56855,0.004107343964278698
33011,0.0015365383587777615
