Index,Activation Value
70349,0.17732176184654236
88571,0.14113160967826843
52183,0.13414067029953003
37498,0.12587200105190277
29450,0.10695448517799377
73855,0.1038694754242897
13090,0.09744639694690704
97407,0.09041634202003479
49456,0.08999543637037277
86538,0.08970218896865845
