Index,Activation Value
72094,0.004402817692607641
90842,0.0042161704041063786
19627,0.0033876323141157627
7334,0.0026126974262297153
104537,0.0024697522167116404
27438,0.0014350893907248974
36173,0.0013426430523395538
3082,0.0012736801290884614
28425,0.001245818566530943
64204,0.00122019462287426
