Index,Activation Value
29340,0.004313337150961161
36212,0.0017523708520457149
56855,0.0015256250044330955
41844,0.000450312189059332
