Index,Activation Value
54138,0.10637280344963074
8080,0.10237953066825867
24298,0.08298314362764359
38432,0.07639911770820618
21467,0.0756116509437561
13743,0.07328052818775177
30430,0.06613783538341522
29465,0.0660402700304985
38924,0.060226865112781525
44569,0.06011351943016052
