Index,Activation Value
107558,0.01651604473590851
55426,0.013248581439256668
59998,0.011634228751063347
70349,0.01121978834271431
72094,0.010624264366924763
66000,0.009412841871380806
107551,0.007733320351690054
88295,0.007229873910546303
8774,0.005537486169487238
40633,0.005324949510395527
