Index,Activation Value
21467,0.023976556956768036
38432,0.010596121661365032
56855,0.004934429191052914
36212,0.004511235281825066
29465,0.0044883014634251595
38127,0.004043505061417818
30430,0.003827258013188839
40678,0.0036048833280801773
25657,0.003197181038558483
8396,0.0020336827728897333
