Index,Activation Value
56855,0.024345222860574722
36212,0.02375572733581066
53579,0.022786268964409828
8396,0.022105760872364044
29340,0.019699817523360252
38924,0.018597174435853958
31736,0.018400296568870544
58249,0.01514382753521204
24565,0.013110392726957798
9816,0.012991303578019142
