Index,Activation Value
56855,0.5961712002754211
8396,0.5762525200843811
36212,0.5059338808059692
29340,0.49240320920944214
25657,0.42773088812828064
38924,0.4263497591018677
53579,0.42002108693122864
41844,0.3552846908569336
52440,0.3492364287376404
27547,0.3454737663269043
