Index,Activation Value
28910,0.11486856639385223
37498,0.06844545155763626
95769,0.06215028092265129
61202,0.05584259331226349
52183,0.05418970808386803
36398,0.05199188366532326
25887,0.04813714697957039
107925,0.047813206911087036
18471,0.04686342179775238
56725,0.04673771187663078
