Index,Activation Value
21467,0.020725296810269356
53579,0.015092182904481888
27547,0.011629609391093254
33011,0.010045995935797691
26778,0.009670335799455643
38924,0.009542816318571568
8080,0.009409232065081596
38432,0.008769712410867214
54138,0.008006278425455093
36212,0.00798266101628542
