Index,Activation Value
8080,0.014060518704354763
38924,0.011809843592345715
53579,0.009644435718655586
24298,0.00950219202786684
21467,0.00898180715739727
8019,0.008757623843848705
26778,0.008202477358281612
44569,0.007707254029810429
54138,0.005745902191847563
58249,0.005214391741901636
