Index,Activation Value
36173,0.02586929127573967
18680,0.0055951764807105064
61123,0.005304367281496525
37498,0.004314564634114504
6156,0.004235417582094669
66000,0.0040336353704333305
34454,0.003987431991845369
6017,0.003933965694159269
41162,0.003695175750181079
103438,0.00360945425927639
