Index,Activation Value
17214,0.2606515884399414
83069,0.06053946912288666
72142,0.027361517772078514
