Index,Activation Value
87491,0.017980923876166344
48473,0.011115671135485172
70349,0.007797764148563147
6156,0.0068365889601409435
62757,0.006236390210688114
852,0.004429800435900688
54156,0.003142938483506441
43807,0.0028334783855825663
96758,0.002829581731930375
95769,0.0016968612326309085
