Index,Activation Value
21467,0.10799974203109741
38432,0.09312635660171509
36212,0.08036762475967407
20435,0.0803128331899643
28312,0.07129160314798355
27399,0.07085579633712769
39547,0.0694325789809227
56096,0.06732426583766937
4817,0.06647077202796936
49406,0.06613203138113022
