Index,Activation Value
56725,0.2134402096271515
13090,0.17117345333099365
88571,0.1117904856801033
37498,0.1100134626030922
70349,0.10709016770124435
52183,0.10379712283611298
16158,0.09961984306573868
86538,0.0990389734506607
28910,0.0875251293182373
17902,0.08664815872907639
