Index,Activation Value
13090,0.039224229753017426
70349,0.037670623511075974
83828,0.029761696234345436
87758,0.023884262889623642
33336,0.023678211495280266
56725,0.017227143049240112
12344,0.016066186130046844
3082,0.015369080007076263
52183,0.014398171566426754
25849,0.014380951412022114
