Index,Activation Value
13090,0.15529079735279083
76908,0.08202304691076279
15751,0.07297089695930481
87077,0.0674661323428154
12344,0.06418686360120773
92077,0.059676170349121094
52683,0.05907907336950302
96758,0.058803752064704895
111478,0.0450105257332325
54896,0.04329568147659302
