Index,Activation Value
54138,0.021003970876336098
8080,0.01005717646330595
32727,0.007481366395950317
38127,0.006859679706394672
43197,0.0056189680472016335
21467,0.005000829230993986
43054,0.0029761672485619783
45313,0.0029371168930083513
27547,0.002406387124210596
33011,0.0018512033857405186
