Index,Activation Value
773,0.03335113078355789
24702,0.025599010288715363
16549,0.02363138645887375
36875,0.018250588327646255
39837,0.014078383333981037
40862,0.013785204850137234
14960,0.010692449286580086
44964,0.009981897659599781
33547,0.009269965812563896
34620,0.008425873704254627
