Index,Activation Value
44249,0.017419369891285896
42784,0.012388968840241432
56554,0.012208784930408001
17950,0.012103722430765629
1838,0.011321760714054108
19516,0.01016970630735159
51406,0.009986632503569126
58963,0.009371143765747547
2059,0.009321603924036026
43164,0.007729035802185535
