Index,Activation Value
107558,0.12573309242725372
88295,0.08930298686027527
52426,0.08324830234050751
99629,0.0823734775185585
60880,0.07662869244813919
107551,0.07569415867328644
7942,0.07563358545303345
78437,0.07398074120283127
35254,0.07263879477977753
91875,0.07215259969234467
