Index,Activation Value
29340,0.2535833418369293
24298,0.2224889099597931
18000,0.20788423717021942
8019,0.18725988268852234
57163,0.18054407835006714
56505,0.1771349012851715
56855,0.17596884071826935
8396,0.1684577465057373
13179,0.14793120324611664
36944,0.14330025017261505
