Index,Activation Value
88571,0.0017449132865294814
16107,0.0014199079014360905
55426,0.0013349151704460382
13090,0.0012515808921307325
70349,0.0008674159180372953
36173,0.0005136074614711106
107558,0.00034396525006741285
60631,0.00012726039858534932
