Index,Activation Value
88384,0.07682722061872482
1267,0.07115963846445084
27191,0.07064025849103928
91875,0.07062594592571259
99629,0.0668468102812767
4765,0.06175342947244644
16959,0.05491609498858452
84869,0.05350557714700699
25849,0.053431857377290726
71879,0.049832068383693695
