Index,Activation Value
9100,1.642694115638733
45485,1.5867639780044556
48992,1.477135181427002
29426,1.373255729675293
25809,1.1621476411819458
8403,1.1214112043380737
10317,1.0437774658203125
2129,0.9626652598381042
4956,0.9060779213905334
55105,0.8148331642150879
