Index,Activation Value
33011,0.16442611813545227
38924,0.09391777962446213
1909,0.07920243591070175
8080,0.07880216836929321
24565,0.06439664959907532
53579,0.06346921622753143
54138,0.06228429451584816
26778,0.0606394037604332
53582,0.06008676812052727
58249,0.05648788809776306
