Index,Activation Value
12589,0.08214328438043594
49456,0.07817312330007553
104537,0.07689057290554047
28910,0.07618255168199539
87491,0.06745175272226334
42812,0.06089168041944504
73855,0.05991595983505249
51766,0.0554606057703495
29450,0.05531126260757446
35402,0.05243764445185661
