Index,Activation Value
17902,0.08898308873176575
13090,0.0702284574508667
40355,0.05742303282022476
11313,0.05135182663798332
70349,0.0405866838991642
88571,0.038870565593242645
70776,0.03774188086390495
10600,0.03458867967128754
67509,0.03264075145125389
46383,0.029279161244630814
