Index,Activation Value
12589,0.07470033317804337
29372,0.070665642619133
46665,0.06446114182472229
55426,0.06444013863801956
75188,0.059540752321481705
63669,0.055711399763822556
88407,0.0546281524002552
66371,0.05462665110826492
27191,0.05176837369799614
110528,0.04885793477296829
