Index,Activation Value
16296,1.2992618083953857
70266,1.0772796869277954
69374,0.790564239025116
103880,0.6824505925178528
64282,0.672744870185852
7925,0.5208014249801636
16630,0.4693472683429718
4193,0.4048067331314087
22662,0.387863427400589
42603,0.3525047302246094
