Index,Activation Value
33011,0.0402301587164402
21467,0.03998484089970589
38924,0.036233387887477875
53579,0.03299356997013092
36473,0.03143071010708809
24298,0.030718175694346428
58249,0.025947770103812218
26778,0.02511512115597725
1909,0.022507375106215477
36944,0.020535465329885483
