Index,Activation Value
36212,0.18314646184444427
56855,0.1401311457157135
8396,0.1347925364971161
24298,0.1328008472919464
21467,0.1215517520904541
29340,0.11283398419618607
32727,0.10628379881381989
27547,0.09723187237977982
45313,0.09081769734621048
8019,0.09075558930635452
