Index,Activation Value
32713,0.7769023180007935
12198,0.7039272785186768
12497,0.335356205701828
35831,0.15440824627876282
3198,0.1519918292760849
51203,0.12602129578590393
12603,0.09825041890144348
26881,0.09247857332229614
36117,0.08860558271408081
36867,0.0716070681810379
