Index,Activation Value
92077,0.12275611609220505
16807,0.08886993676424026
16959,0.0704784169793129
72094,0.06723397970199585
107558,0.06418029218912125
105975,0.06269054859876633
48820,0.06008687615394592
98129,0.05835215002298355
88295,0.05647540092468262
40355,0.056371431797742844
