Index,Activation Value
30653,0.4243380129337311
49243,0.3841850459575653
41691,0.15108495950698853
