Index,Activation Value
21467,0.8203716278076172
36212,0.7199265956878662
8396,0.646277666091919
56855,0.5235471129417419
29340,0.5002298951148987
53579,0.4955845773220062
25657,0.4690782427787781
33011,0.45742735266685486
38340,0.44428810477256775
1909,0.4101274907588959
