Index,Activation Value
56725,0.02094847708940506
75310,0.01640915684401989
592,0.015904366970062256
61123,0.015789572149515152
29372,0.013385286554694176
88295,0.013355044648051262
48304,0.01264472771435976
19627,0.011737949214875698
8914,0.011727811768651009
59998,0.01142632681876421
