Index,Activation Value
57163,1.554589867591858
57009,1.4322627782821655
56032,1.370609164237976
17470,1.3245972394943237
36473,1.2837415933609009
17428,1.2190228700637817
52855,0.9997164607048035
44569,0.8206466436386108
56545,0.8044031858444214
579,0.7756907939910889
