Index,Activation Value
21467,0.012390492483973503
8396,0.008546578697860241
56855,0.00817017164081335
32727,0.007652999833226204
27547,0.00688856141641736
36212,0.00635094940662384
45313,0.006167270243167877
54138,0.006114031653851271
8080,0.0054570939391851425
29340,0.004705354105681181
