Index,Activation Value
1267,0.05277596786618233
98149,0.05271705240011215
52683,0.04712351784110069
73501,0.037965185940265656
36536,0.03252938762307167
82056,0.028106551617383957
96234,0.02777032181620598
3309,0.02505919709801674
85185,0.025027701631188393
92547,0.02343118190765381
