Index,Activation Value
88571,0.07692061364650726
95769,0.059368912130594254
17608,0.05878087133169174
66371,0.05489029362797737
65877,0.04669274762272835
35254,0.040403369814157486
2279,0.04001200944185257
98149,0.03933829814195633
8790,0.03598257899284363
32638,0.03520546108484268
