Index,Activation Value
773,0.09183472394943237
45858,0.07234372198581696
7145,0.07224249839782715
13179,0.06265756487846375
14960,0.06261371821165085
44964,0.05367929860949516
2656,0.049982037395238876
25544,0.04899973049759865
25538,0.04615660384297371
26174,0.044800009578466415
