Index,Activation Value
38432,0.2787473797798157
21467,0.26465773582458496
36212,0.20782122015953064
8396,0.20058082044124603
56855,0.1733032912015915
27547,0.16759492456912994
38340,0.15692655742168427
30430,0.13365934789180756
29340,0.12681981921195984
36944,0.1170797199010849
