Index,Activation Value
45858,0.014622775837779045
2656,0.012674831785261631
47639,0.006053996738046408
35215,0.006031680386513472
47380,0.0058679901994764805
3800,0.005345529410988092
566,0.005127589218318462
40837,0.004656333941966295
56147,0.004422763362526894
48344,0.004421069286763668
