Index,Activation Value
54896,0.00852673314511776
13090,0.00815577618777752
7334,0.007284444756805897
80233,0.005846967454999685
93364,0.0038641123101115227
71153,0.003472322830930352
27818,0.002900139894336462
7781,0.0024293249007314444
107995,0.002182693686336279
61123,0.001898493035696447
