Index,Activation Value
7145,0.0028832796961069107
3004,0.0019652165938168764
31022,0.0015581146581098437
9107,0.0013725177850574255
31723,0.0012253932654857635
40678,0.001181054045446217
33607,0.0011248529190197587
24588,0.0010979670332744718
31684,0.0009700236842036247
8449,0.0006450355285778642
