Index,Activation Value
36311,0.9580652117729187
105655,0.9519373178482056
73070,0.9371419548988342
437,0.8066790103912354
16691,0.6641350388526917
102181,0.6577920317649841
77651,0.5674619674682617
31064,0.5653129816055298
51766,0.5576457381248474
40527,0.5178641676902771
