Index,Activation Value
36212,0.028060579672455788
32727,0.02040034718811512
27547,0.020128892734646797
21467,0.01396266557276249
9816,0.010290848091244698
38340,0.009930459782481194
41844,0.009287065826356411
45313,0.008906932547688484
8080,0.007832011207938194
13743,0.0073151858523488045
