Index,Activation Value
25800,0.18540963530540466
19701,0.13514357805252075
3366,0.13332872092723846
11450,0.1288379728794098
59924,0.12344437092542648
18622,0.11780331283807755
13655,0.11772313714027405
21565,0.1154118999838829
2891,0.1111399233341217
56505,0.11031530797481537
