Index,Activation Value
34319,1.1802480220794678
34942,0.8069128394126892
18311,0.5907293558120728
4309,0.47504496574401855
30809,0.39844492077827454
2151,0.22959384322166443
14063,0.1374460607767105
26064,0.12943914532661438
17683,0.12437291443347931
7750,0.05965496972203255
