Index,Activation Value
71879,0.03157069906592369
37498,0.01873011328279972
55779,0.017498334869742393
48529,0.01673792488873005
36533,0.01661590300500393
70349,0.016291087493300438
97156,0.01431780494749546
71676,0.014310961589217186
28425,0.013759317807853222
3082,0.013716595247387886
