Index,Activation Value
59924,0.03682229295372963
25087,0.03346952795982361
43054,0.0298903975635767
46600,0.02492014691233635
17968,0.02368641458451748
15598,0.022877974435687065
9049,0.021184880286455154
2059,0.01901370659470558
57892,0.018121790140867233
47247,0.017756186425685883
