Index,Activation Value
70408,0.8992840051651001
41834,0.7682002186775208
24945,0.5546545386314392
79290,0.5544195175170898
15571,0.3094397783279419
25849,0.28936007618904114
68595,0.21051138639450073
88663,0.1971132904291153
92035,0.11717893928289413
1762,0.0792296901345253
