Index,Activation Value
218,0.024731159210205078
25800,0.004401322919875383
13655,0.003987729083746672
36075,0.002913240110501647
55731,0.0019537927582859993
