Index,Activation Value
36119,1.830105185508728
78618,1.6767158508300781
35691,1.5724389553070068
3472,1.1171138286590576
100195,1.0255430936813354
78362,0.9929078817367554
72116,0.9623011946678162
111375,0.7958212494850159
43922,0.7754590511322021
13821,0.7422629594802856
