Index,Activation Value
80801,0.5834425687789917
49414,0.4188876748085022
99711,0.3825988471508026
55408,0.35039645433425903
4775,0.2788659334182739
279,0.14218664169311523
19301,0.0914447084069252
63356,0.07359980791807175
93728,0.04397452622652054
