Index,Activation Value
3689,0.0020286263898015022
45538,0.0009788195602595806
