Index,Activation Value
36212,0.004825248848646879
29340,0.001471061841584742
8396,0.0010688287438824773
56855,1.3480532288667746e-05
