Index,Activation Value
38924,0.028601594269275665
53579,0.021284127607941628
58249,0.018754232674837112
1909,0.017788484692573547
26778,0.014051875099539757
59288,0.012177710421383381
24298,0.008700140751898289
15111,0.007279816083610058
8080,0.007169276941567659
44569,0.006815230008214712
