Index,Activation Value
52683,0.08732099086046219
1267,0.07782620191574097
105073,0.06986089795827866
14165,0.06873910129070282
95693,0.06383419781923294
70349,0.06321727484464645
89243,0.06134529411792755
11374,0.059075020253658295
55126,0.058980949223041534
27789,0.054243557155132294
