Index,Activation Value
13090,0.01613391563296318
60631,0.0077963839285075665
70349,0.007637706585228443
1021,0.0014122533611953259
107558,0.0007511168951168656
52183,0.0007026966195553541
42812,0.0004818277957383543
