Index,Activation Value
21467,0.0191788449883461
53579,0.015398286283016205
58249,0.011446124874055386
33011,0.010242626070976257
27547,0.009643507190048695
24298,0.00912446714937687
38924,0.008938268758356571
1909,0.008847055025398731
38432,0.008321758359670639
36473,0.008077249862253666
