Index,Activation Value
36212,0.02145450934767723
33011,0.011515757068991661
8396,0.008977708406746387
43197,0.007289208471775055
25657,0.006619064603000879
38432,0.005306249018758535
1909,0.004913980141282082
9816,0.004514410626143217
24565,0.004473898094147444
53582,0.004047537222504616
