Index,Activation Value
27547,0.0428951121866703
9816,0.04002034664154053
54138,0.0390351377427578
8080,0.03807629272341728
53579,0.036203764379024506
21467,0.036186348646879196
43197,0.03423285484313965
8019,0.03373650461435318
32727,0.032702453434467316
18000,0.0305904783308506
