Index,Activation Value
38924,0.00856161117553711
21467,0.006616989616304636
53579,0.005393259227275848
48137,0.003744417103007436
39450,0.0014136675745248795
34397,0.001380241708829999
32704,0.0006870657089166343
42296,0.00012801852426491678
