Index,Activation Value
58249,0.2435581237077713
38924,0.2270178496837616
33011,0.19933876395225525
26778,0.18336285650730133
24702,0.16318880021572113
4987,0.15534038841724396
56554,0.14164285361766815
13158,0.1320890188217163
35684,0.1269720494747162
54705,0.1257242113351822
