Index,Activation Value
7145,0.11621737480163574
11478,0.0808737501502037
26518,0.07797429710626602
8302,0.07679805159568787
14960,0.0751548483967781
25087,0.07502862811088562
33266,0.07317429780960083
17999,0.0708615705370903
48131,0.0705941841006279
57180,0.07052581012248993
