Index,Activation Value
21467,0.2003972828388214
38432,0.15073537826538086
44569,0.14919815957546234
27547,0.12900616228580475
9816,0.12875895202159882
24298,0.12742377817630768
8019,0.11861491948366165
32727,0.11653224378824234
8080,0.11181022971868515
36473,0.1093159094452858
