Index,Activation Value
9494,1.407208800315857
66232,1.239364743232727
7838,1.2009252309799194
7885,0.8287295699119568
92206,0.7728889584541321
23874,0.7110826373100281
38876,0.6823146343231201
230,0.6742265224456787
46224,0.6063435077667236
43542,0.6034290790557861
