Index,Activation Value
24298,0.0009505738853476942
53579,0.0004090018628630787
21467,0.0003017811686731875
8019,9.844527994573582e-06
