Index,Activation Value
36212,0.04467850923538208
32727,0.03846486657857895
30430,0.03511975333094597
41844,0.034379854798316956
25657,0.031249629333615303
4530,0.029937179759144783
43054,0.027991801500320435
27771,0.027346711605787277
57551,0.02723400481045246
19868,0.02585899829864502
