Index,Activation Value
18292,0.09085619449615479
54927,0.06594590842723846
