Index,Activation Value
88571,0.05255085229873657
28425,0.04823681339621544
84018,0.0235584769397974
104537,0.023104282096028328
99629,0.020350273698568344
35254,0.02013874053955078
16107,0.017721230164170265
34454,0.016479823738336563
111011,0.01564193144440651
71879,0.015142299234867096
