Index,Activation Value
14971,0.025916868820786476
21565,0.021908214315772057
15598,0.02041506953537464
36625,0.020008167251944542
27840,0.019540365785360336
3932,0.018322119489312172
47264,0.017453698441386223
35473,0.016443796455860138
22371,0.015836331993341446
47856,0.015267623588442802
