Index,Activation Value
28425,0.11227711290121078
20663,0.08316396176815033
62757,0.0801863968372345
36173,0.07889147102832794
21437,0.07593493163585663
29372,0.07564716786146164
852,0.07480401545763016
26012,0.07440920919179916
99629,0.071966253221035
7682,0.07002337276935577
