Index,Activation Value
57551,0.10405903309583664
14826,0.0934588685631752
19339,0.08679383993148804
56855,0.08256100118160248
7683,0.0819326713681221
33607,0.07979486882686615
8396,0.07938535511493683
31736,0.07775438576936722
44269,0.07604123651981354
52440,0.07333649694919586
