Index,Activation Value
28312,0.10493064671754837
42296,0.09687889367341995
13473,0.09653345495462418
48137,0.0951368510723114
773,0.08973565697669983
34150,0.08746609091758728
43541,0.08571605384349823
31448,0.08316832035779953
35367,0.08284654468297958
16261,0.0814463272690773
