Index,Activation Value
31199,0.013818983919918537
102708,0.005044514779001474
62271,0.0038041493389755487
65929,0.0021768081933259964
46190,0.0016938854241743684
21549,0.0016311368672177196
57062,0.0015713315224274993
88295,0.0015701593365520239
4260,0.0013978952774778008
87077,0.0011426724959164858
