Index,Activation Value
21467,0.06095507740974426
53589,0.05591761693358421
53579,0.0543496236205101
36944,0.054068673402071
15598,0.037206780165433884
59981,0.03339959308505058
36625,0.03183320164680481
56554,0.030524566769599915
25605,0.029247017577290535
22371,0.02919512800872326
