Index,Activation Value
8080,0.02136739157140255
54138,0.012275941669940948
21467,0.007006984669715166
29340,0.006665804423391819
8019,0.006481245160102844
27547,0.006151618901640177
24298,0.004968791734427214
18000,0.0017431504093110561
