Index,Activation Value
33011,0.5657820701599121
38924,0.4664817452430725
53579,0.44824251532554626
21467,0.4407113790512085
8080,0.364788293838501
24298,0.35831087827682495
26778,0.34155988693237305
36473,0.3226650357246399
1909,0.26177623867988586
44569,0.23771505057811737
