Index,Activation Value
24565,0.024196112528443336
43054,0.02018526941537857
53582,0.013016818091273308
218,0.007764530833810568
22718,0.0031392076052725315
43514,0.0011511065531522036
