Index,Activation Value
7334,0.0877486914396286
90582,0.0812641978263855
87758,0.07984752207994461
107925,0.07830719649791718
80233,0.07785794138908386
3878,0.07694670557975769
12,0.07306080311536789
2279,0.06680040806531906
26058,0.06422912329435349
82590,0.0625632181763649
