Index,Activation Value
27547,0.0006177404429763556
8080,0.0003235201584175229
53579,0.00016061904898378998
29340,9.481095912633464e-05
56855,3.8858015614096075e-05
