Index,Activation Value
33011,0.15869133174419403
26778,0.14778707921504974
53579,0.11856766790151596
21467,0.10754137486219406
38924,0.10249575972557068
24298,0.08651832491159439
8019,0.07603366672992706
56855,0.06568197160959244
8080,0.06287237256765366
8396,0.0585588775575161
