Index,Activation Value
13090,0.25376003980636597
36173,0.17240314185619354
37498,0.15376445651054382
56725,0.14093266427516937
70349,0.11551982909440994
60631,0.10829474776983261
86538,0.09633481502532959
52183,0.08840318024158478
97407,0.08197265863418579
27858,0.07557304203510284
