Index,Activation Value
4825,0.012093525379896164
104537,0.011510295793414116
88571,0.007868883199989796
107995,0.006421277765184641
60631,0.006129760295152664
33336,0.005896540358662605
28910,0.005364788230508566
17902,0.004854297265410423
37498,0.004343877546489239
67509,0.0036972733214497566
