Index,Activation Value
66000,0.06730383634567261
88295,0.06687815487384796
52491,0.0668090432882309
7351,0.06674379855394363
36173,0.06614325940608978
81123,0.06554481387138367
107551,0.0634094625711441
8774,0.06097609922289848
71812,0.05803632736206055
96758,0.05771679803729057
