Index,Activation Value
70776,0.10508991032838821
96758,0.08548886328935623
7866,0.06569088995456696
14022,0.06094461306929588
81123,0.053221143782138824
95769,0.048679206520318985
11313,0.04855678230524063
88546,0.047213952988386154
93969,0.04680773988366127
108542,0.0465700738132
