Index,Activation Value
27818,0.10062979906797409
36533,0.09464982897043228
72094,0.08567598462104797
87200,0.07939223200082779
48529,0.07785041630268097
35831,0.07255446165800095
42476,0.06626716256141663
28425,0.06329730898141861
111011,0.06264635920524597
31778,0.0623210184276104
