Index,Activation Value
36212,0.039802707731723785
29340,0.023101437836885452
56855,0.016450827941298485
8396,0.01451157033443451
29475,0.00868852436542511
47639,0.008650504052639008
4394,0.005726166535168886
14960,0.00536893866956234
44189,0.005312517751008272
439,0.005307513289153576
