Index,Activation Value
96654,0.03795481473207474
50022,0.03711659833788872
111154,0.036799248307943344
12942,0.03203925862908363
30064,0.030688157305121422
75310,0.027263712137937546
47167,0.02475990168750286
107551,0.02420399710536003
14379,0.022587919607758522
592,0.021625468507409096
