Index,Activation Value
38924,0.06087817624211311
58249,0.05606772378087044
53579,0.05187707766890526
48137,0.04295854642987251
14960,0.03907380998134613
42296,0.03672942891716957
59069,0.03564172983169556
39450,0.03406920284032822
17950,0.033704739063978195
34397,0.03329458832740784
