Index,Activation Value
55426,0.09371446818113327
60880,0.07188209146261215
103694,0.07095809280872345
41210,0.06921831518411636
27818,0.06714391708374023
64204,0.0657767802476883
65958,0.06127353757619858
107551,0.06021222472190857
79234,0.058670975267887115
111056,0.05807531252503395
