Index,Activation Value
28425,0.0021808291785418987
52183,0.0015736912610009313
