Index,Activation Value
43247,1.620733380317688
66563,1.5795562267303467
79032,1.3171457052230835
35520,1.1502922773361206
49479,1.126417875289917
30829,0.9000746607780457
108113,0.8658414483070374
8883,0.8586230278015137
94391,0.8254289031028748
68860,0.8114244937896729
