Index,Activation Value
3932,1.2723751068115234
35684,1.0808404684066772
7874,0.23751719295978546
46932,0.1953640580177307
18255,0.14991222321987152
13411,0.14778833091259003
49243,0.13729432225227356
47407,0.08324301242828369
