Index,Activation Value
57551,0.1105210930109024
53589,0.1044912040233612
30511,0.09338995069265366
47900,0.08853690326213837
24588,0.08297334611415863
42773,0.080308698117733
33607,0.07695253193378448
34961,0.07674473524093628
4902,0.07289433479309082
19868,0.07199367880821228
