Index,Activation Value
20464,0.12849237024784088
61714,0.12408322840929031
94289,0.08854620903730392
64768,0.055029094219207764
94260,0.0016448483802378178
