Index,Activation Value
43054,0.2309519499540329
48137,0.17193442583084106
42296,0.14858998358249664
49406,0.14335328340530396
52585,0.1420682668685913
32704,0.1412215232849121
4817,0.13625562191009521
34397,0.1345834583044052
40818,0.13159392774105072
59069,0.13074935972690582
