Index,Activation Value
87126,1.956526517868042
59998,0.6913250088691711
65749,0.6668859124183655
22762,0.6498627066612244
110428,0.5726063847541809
21516,0.3442213833332062
9206,0.30598360300064087
62329,0.3004007637500763
90979,0.2680574953556061
5904,0.25722789764404297
