Index,Activation Value
55426,0.02597915194928646
29372,0.01688951626420021
63669,0.014171467162668705
20779,0.008354135788977146
72094,0.008045758120715618
35254,0.00803454965353012
88295,0.007268261164426804
26012,0.007154436782002449
7351,0.006786278448998928
112469,0.005437611136585474
