Index,Activation Value
3932,0.15974748134613037
7145,0.12196861952543259
29465,0.11801943928003311
33607,0.11524117738008499
9049,0.0757153108716011
51351,0.0676821693778038
6535,0.06763683259487152
50873,0.06741379201412201
773,0.06735948473215103
13324,0.06722506135702133
