Index,Activation Value
18000,0.16018588840961456
58249,0.10983597487211227
33011,0.10095962136983871
54138,0.09948094934225082
8080,0.09948009997606277
31056,0.0876481905579567
53579,0.07982565462589264
1909,0.0779087245464325
29340,0.07290039211511612
19701,0.0720338299870491
