Index,Activation Value
21467,0.3571281135082245
38127,0.14291848242282867
38432,0.1304333508014679
53579,0.125351682305336
38924,0.11300819367170334
38340,0.10545346885919571
773,0.10423239320516586
40678,0.09982922673225403
25802,0.0913425087928772
24565,0.08839688450098038
