Index,Activation Value
36473,0.15643171966075897
26073,0.109126515686512
773,0.09850384294986725
39837,0.09751205891370773
59924,0.09488271176815033
8349,0.09296627342700958
7783,0.08861382305622101
17428,0.08595205843448639
51614,0.07702285796403885
45858,0.07652916014194489
