Index,Activation Value
9745,0.1561899185180664
56909,0.15004903078079224
47247,0.10781796276569366
55513,0.0335017591714859
54012,0.0029854103922843933
