Index,Activation Value
68044,2.7574989795684814
111805,1.7653626203536987
62712,0.8695896863937378
63706,0.8152334094047546
75249,0.7985715270042419
61545,0.7065362930297852
107310,0.6709571480751038
13040,0.6414890289306641
27222,0.632946789264679
87797,0.47239336371421814
