Index,Activation Value
27547,0.15181033313274384
24298,0.14679645001888275
8019,0.1437423676252365
8080,0.13903360068798065
21467,0.12354591488838196
9816,0.12090183049440384
53579,0.11234494298696518
33011,0.08743329346179962
38924,0.08150548487901688
26778,0.08091490715742111
