Index,Activation Value
56855,0.21367722749710083
38340,0.20514439046382904
13743,0.1951690912246704
21467,0.18521526455879211
30430,0.18066997826099396
45313,0.16815999150276184
8396,0.16338151693344116
29340,0.1525069773197174
38432,0.15022143721580505
36212,0.1497383415699005
