Index,Activation Value
29340,0.12796775996685028
15670,0.10030615329742432
41410,0.07820490002632141
35684,0.07746054232120514
4481,0.076808862388134
1280,0.07668213546276093
44948,0.07594773173332214
34156,0.07590196281671524
56902,0.0742863193154335
3400,0.07357705384492874
