Index,Activation Value
105540,0.23532232642173767
46416,0.023851867765188217
