Index,Activation Value
27438,0.037935156375169754
88571,0.03414047509431839
70349,0.03206571936607361
96758,0.026740070432424545
36173,0.02520808018743992
8774,0.025146814063191414
12,0.02469206415116787
52426,0.02381812408566475
35254,0.023409785702824593
107551,0.022742850705981255
