Index,Activation Value
28312,0.018152954056859016
48137,0.017418839037418365
39450,0.016967684030532837
34397,0.012229316867887974
42296,0.010900232940912247
56096,0.010146286338567734
17366,0.009266592562198639
31786,0.009073120541870594
15397,0.008886999450623989
59069,0.007988391444087029
