Index,Activation Value
44743,0.22741156816482544
56032,0.20521727204322815
56545,0.1926535665988922
56505,0.19212843477725983
54138,0.1797017902135849
19701,0.1787782460451126
49406,0.17826290428638458
566,0.17286834120750427
19491,0.17240387201309204
23998,0.16972358524799347
