Index,Activation Value
21011,1.1732735633850098
4703,1.0657968521118164
44309,1.0023384094238281
47763,0.8056036233901978
19589,0.7910470962524414
1,0.7792004942893982
10280,0.6953310966491699
21565,0.6694343090057373
8177,0.6520563960075378
50893,0.6470798850059509
