Index,Activation Value
12270,0.3537270426750183
102968,0.27552682161331177
24294,0.024854952469468117
