Index,Activation Value
29340,0.40429213643074036
36212,0.3176913261413574
56855,0.30835357308387756
8396,0.2592843174934387
53582,0.24462172389030457
24565,0.2406831681728363
54138,0.2169819474220276
55023,0.2156766951084137
31736,0.17574483156204224
31723,0.16665378212928772
