Index,Activation Value
107987,1.2005199193954468
55426,1.0483733415603638
46744,0.8149783611297607
32223,0.6476132869720459
101321,0.3818694055080414
34369,0.3816453218460083
61263,0.34161433577537537
52280,0.3030605912208557
75111,0.30042409896850586
98929,0.2986910343170166
