Index,Activation Value
21467,0.020523399114608765
30430,0.013903585262596607
38924,0.011137793771922588
33011,0.009403171017765999
29465,0.009042724967002869
28855,0.008093023672699928
27771,0.007551553193479776
8019,0.005931440275162458
47711,0.005737203639000654
16549,0.005660314112901688
