Index,Activation Value
13090,0.013294198550283909
33336,0.009601770900189877
28910,0.008349730633199215
56725,0.00804964080452919
36173,0.007449384778738022
28425,0.007128329016268253
70349,0.006252938881516457
64204,0.004667299333959818
52426,0.004198058508336544
44818,0.0039011314511299133
