Index,Activation Value
38924,0.11743679642677307
53579,0.09618332237005234
1909,0.09430142492055893
58249,0.08882389217615128
26778,0.07267697900533676
33011,0.06563416868448257
18000,0.04353553429245949
56554,0.03985704854130745
8080,0.037772390991449356
31022,0.036300428211688995
