Index,Activation Value
44208,0.15762901306152344
7145,0.14619748294353485
41843,0.13917769491672516
7125,0.11635049432516098
2800,0.11566095799207687
54927,0.10811364650726318
43164,0.09734644740819931
10685,0.08820796012878418
7444,0.08608493953943253
6830,0.08536645025014877
