Index,Activation Value
21467,0.05934775620698929
32727,0.048310283571481705
38432,0.045867711305618286
8019,0.045507077127695084
54138,0.04239260032773018
53579,0.04231465607881546
9816,0.04137073829770088
27547,0.04081422835588455
45313,0.040227361023426056
36212,0.03724345564842224
