Index,Activation Value
29340,0.049907706677913666
43115,0.035043954849243164
43054,0.034598562866449356
38247,0.03238406777381897
38127,0.030554860830307007
53582,0.029254134744405746
42649,0.028575561940670013
26937,0.02853263169527054
57892,0.028289370238780975
24565,0.02406393177807331
