Index,Activation Value
9816,0.0285415630787611
8080,0.02227507159113884
56096,0.020387759432196617
27547,0.020066918805241585
38127,0.018517911434173584
42887,0.017381757497787476
20435,0.017097776755690575
54138,0.01659606583416462
32727,0.01629702001810074
41844,0.016281403601169586
