Index,Activation Value
13090,0.10602178424596786
28425,0.08473704755306244
36173,0.08094242960214615
88571,0.07456114143133163
15706,0.0700288787484169
24604,0.06171303987503052
2279,0.0549737848341465
96758,0.05470927059650421
30064,0.05437905713915825
34454,0.05239791423082352
