Index,Activation Value
38924,0.3037382662296295
29340,0.29322195053100586
58249,0.22168953716754913
26778,0.2172556072473526
33011,0.21639493107795715
8396,0.21338577568531036
36473,0.20672766864299774
56855,0.1670539677143097
55023,0.1455855518579483
56554,0.1423703283071518
