Index,Activation Value
53579,0.03511243686079979
26778,0.028869599103927612
38924,0.027022451162338257
33011,0.025783030316233635
58249,0.022955041378736496
8080,0.019049733877182007
8019,0.015379786491394043
18000,0.011749186553061008
24298,0.009873217903077602
9816,0.007014850620180368
