Index,Activation Value
29340,0.3363688886165619
41843,0.22302879393100739
36212,0.21787673234939575
8396,0.21093642711639404
56855,0.1810818314552307
49406,0.17463651299476624
25657,0.15979506075382233
20435,0.15574771165847778
17728,0.1504489928483963
19491,0.14021649956703186
