Index,Activation Value
59868,0.012420807033777237
37903,0.008862626738846302
12944,0.005205161403864622
26957,0.001738124992698431
21409,0.0013440032489597797
39154,0.0005282193887978792
53404,8.315876766573638e-05
