Index,Activation Value
52426,0.1102932021021843
16107,0.10082466155290604
90842,0.08990040421485901
83828,0.08987332880496979
16158,0.08919782936573029
19627,0.08680807799100876
38228,0.08418723940849304
24604,0.08097587525844574
64204,0.0758577510714531
37498,0.07482770830392838
