Index,Activation Value
72094,0.020359110087156296
52426,0.019560212269425392
7334,0.019535759463906288
31199,0.015426029451191425
52683,0.014470679685473442
29450,0.011814139783382416
41210,0.011508152820169926
87758,0.011210505850613117
17335,0.011130605824291706
25887,0.011076301336288452
