Index,Activation Value
36473,0.09313952922821045
38924,0.07936694473028183
33011,0.06302637606859207
24298,0.060309313237667084
26778,0.05767268314957619
38127,0.04899100214242935
13179,0.043514735996723175
21467,0.04036019742488861
53579,0.036245252937078476
17428,0.033620141446590424
