Index,Activation Value
8080,0.06353207677602768
21467,0.06075913459062576
8019,0.05043410882353783
26937,0.048172105103731155
40678,0.04214958846569061
38432,0.039711762219667435
43197,0.03921567276120186
38340,0.03520874306559563
27547,0.03284454718232155
13743,0.02850949577987194
