Index,Activation Value
56855,0.003979829140007496
8396,7.881727651692927e-05
