Index,Activation Value
21467,0.5460978746414185
24298,0.5318481922149658
53579,0.4434642493724823
8080,0.4390445947647095
36473,0.4252494275569916
8019,0.4122999310493469
36212,0.3924989104270935
8396,0.36801281571388245
56855,0.3600579500198364
25657,0.34014371037483215
