Index,Activation Value
29340,0.018751293420791626
44569,0.012403431348502636
56855,0.008808492682874203
53582,0.008365379646420479
36473,0.007297588046640158
49406,0.0071688806638121605
24565,0.006473944988101721
55023,0.005826599430292845
28312,0.005308822263032198
19491,0.0038784502539783716
