Index,Activation Value
56855,0.45805829763412476
8396,0.4401094615459442
29340,0.4377354383468628
36212,0.3778698742389679
27547,0.2540988326072693
53582,0.2323143482208252
32727,0.22245199978351593
25657,0.21312615275382996
4530,0.19072437286376953
9816,0.1899414360523224
