Index,Activation Value
107558,0.02098858915269375
21549,0.020784836262464523
12589,0.019170351326465607
107925,0.01831028051674366
90710,0.015714125707745552
22092,0.015489496290683746
1267,0.01494413148611784
93988,0.014142508618533611
107551,0.013608204200863838
35254,0.013350088149309158
