Index,Activation Value
22844,0.5367409586906433
25515,0.28396040201187134
