Index,Activation Value
18000,0.04701554402709007
8080,0.03884460777044296
55023,0.027566781267523766
7145,0.02749606780707836
21565,0.024696188047528267
24702,0.02087010256946087
58249,0.019693538546562195
25800,0.018024390563368797
55625,0.016886185854673386
43164,0.015654336661100388
