Index,Activation Value
66371,0.006211690604686737
28425,0.005557206925004721
20663,0.0031655607745051384
51766,0.002273956313729286
76908,0.00220645684748888
65877,0.002123766578733921
25887,0.0013717235997319221
9120,0.0012119626626372337
24235,0.0010510216234251857
80233,0.0005733731668442488
