Index,Activation Value
102181,0.023528819903731346
98149,0.02028748206794262
33336,0.0194381196051836
89903,0.014379098080098629
60631,0.013569673523306847
37498,0.01356413122266531
23410,0.012873084284365177
96065,0.011909025721251965
52183,0.011590522713959217
95769,0.011004233732819557
