Index,Activation Value
15111,0.034162554889917374
52382,0.021285520866513252
3932,0.020657604560256004
36625,0.0200712401419878
40818,0.01996483840048313
31056,0.01991330273449421
50934,0.01763242855668068
31215,0.01743391342461109
33333,0.016290167346596718
15397,0.0159443486481905
