Index,Activation Value
53579,0.11466358602046967
58249,0.06320331990718842
36212,0.06268184632062912
27547,0.06161375716328621
38924,0.05496705323457718
44569,0.04980972409248352
32727,0.04948579892516136
26778,0.044960297644138336
38432,0.04453768581151962
21467,0.04290185496211052
