Index,Activation Value
38924,0.19037863612174988
53579,0.18498049676418304
26778,0.16586750745773315
21467,0.14010851085186005
33011,0.13855740427970886
8080,0.12291545420885086
24298,0.11872795224189758
8019,0.11278343200683594
58249,0.0988897979259491
36473,0.09495334327220917
