Index,Activation Value
31723,0.1674136519432068
3932,0.09834635257720947
9049,0.09526662528514862
11450,0.09211289137601852
47247,0.09196080267429352
218,0.09058079868555069
43054,0.08740263432264328
24702,0.08193497359752655
52585,0.08151838183403015
15111,0.08062367141246796
