Index,Activation Value
28425,0.03472040221095085
13090,0.027124546468257904
52183,0.01811404712498188
99629,0.015339422039687634
54896,0.013688949868083
28910,0.009801440872251987
2279,0.009184065274894238
49456,0.007422411814332008
71879,0.00623503839597106
42493,0.004739753901958466
