Index,Activation Value
21467,0.06477254629135132
44569,0.007260299287736416
47257,0.006522250361740589
53582,0.0033402377739548683
33770,0.0023871546145528555
4930,0.0017090539913624525
30487,0.0016232553170993924
32757,0.0012621391797438264
32881,0.0012239878997206688
