Index,Activation Value
56725,0.1148814707994461
60631,0.1020592749118805
99629,0.09926190972328186
107995,0.09241770952939987
13090,0.08326354622840881
52183,0.07769674807786942
70776,0.06545762717723846
86538,0.0605173222720623
104002,0.048657409846782684
28425,0.04781916365027428
