Index,Activation Value
112264,1.5618585348129272
69020,1.4681658744812012
60871,1.4499293565750122
77681,1.4205704927444458
14851,1.2801377773284912
12317,1.2708022594451904
31920,1.2679260969161987
23015,1.1329410076141357
24443,1.0876532793045044
39164,1.0807313919067383
