Index,Activation Value
87758,0.016413243487477303
52426,0.015161722898483276
7334,0.012194572947919369
90842,0.01045942772179842
22227,0.007027947343885899
95769,0.0068468814715743065
28910,0.006469547748565674
18680,0.006270211189985275
33336,0.006129178684204817
7351,0.005682705901563168
