Index,Activation Value
16959,1.206870436668396
16515,0.8538928031921387
69273,0.8323305249214172
111291,0.8215445280075073
99172,0.7979022860527039
88545,0.7037158012390137
103794,0.6487294435501099
5568,0.5789888501167297
72694,0.5432218313217163
5074,0.542567789554596
