Index,Activation Value
14022,0.0026289978995919228
63669,0.0018627587705850601
17902,0.0012404455337673426
56725,0.0006207724218256772
29372,0.0005968962796032429
26012,0.0004420226323418319
27912,0.0001715485122986138
