Index,Activation Value
56855,0.08521571755409241
14196,0.07269911468029022
29340,0.06881928443908691
8396,0.06402761489152908
54138,0.06333990395069122
36625,0.057413116097450256
20435,0.05268983170390129
48137,0.052440423518419266
15111,0.05186741054058075
39450,0.051076702773571014
