Index,Activation Value
37498,0.16920416057109833
64204,0.10609496384859085
13090,0.10496369749307632
70349,0.095504991710186
76908,0.0939866155385971
16158,0.07918082922697067
24604,0.07769952714443207
33336,0.0772767961025238
100136,0.06790776550769806
111011,0.06780791282653809
