Index,Activation Value
97233,0.7482830882072449
13037,0.7022865414619446
39568,0.5574963092803955
84386,0.4718821346759796
60326,0.10609502345323563
94428,0.07324928045272827
6812,0.033509511500597
