Index,Activation Value
21565,0.00994804035872221
36212,0.008353568613529205
49406,0.008016870357096195
28312,0.007088469807058573
14971,0.006927092093974352
47264,0.005245309788733721
20435,0.005148541647940874
14196,0.00392425712198019
36625,0.003807815257459879
19491,0.0029829274863004684
