Index,Activation Value
27191,0.015565397217869759
55426,0.012310918420553207
26012,0.008841868489980698
104537,0.008064315654337406
29372,0.007211301475763321
8790,0.0053774225525557995
40355,0.005329648498445749
33336,0.005274503491818905
96654,0.005183966364711523
4825,0.0049260566011071205
