Index,Activation Value
13090,0.01152376551181078
37498,0.0019148262217640877
