Index,Activation Value
45682,0.16404134035110474
36473,0.1521417498588562
28312,0.14239460229873657
22737,0.13895851373672485
56273,0.13669875264167786
44208,0.13467851281166077
36944,0.13194489479064941
48137,0.1306525617837906
3525,0.12441505491733551
39450,0.12336571514606476
