Index,Activation Value
12589,1.8207429647445679
75869,1.5792441368103027
27165,1.396278738975525
101591,1.3301335573196411
14374,1.322823166847229
100554,1.0799086093902588
36924,0.9711127877235413
94005,0.9442148804664612
43052,0.9388434886932373
49127,0.9108822345733643
