Index,Activation Value
52183,0.01912694051861763
7351,0.017267633229494095
7334,0.01626172475516796
52426,0.014664465561509132
60631,0.014257309958338737
88571,0.013569719158113003
59998,0.01221947930753231
90842,0.011699184775352478
3082,0.01041250117123127
13090,0.008991476148366928
