Index,Activation Value
52426,0.12091561406850815
99629,0.08320823311805725
9293,0.07153347134590149
59162,0.06752680242061615
30064,0.0622762031853199
109825,0.061750493943691254
35913,0.05343831703066826
86756,0.05297821760177612
65993,0.05191418528556824
22202,0.05188167840242386
