Index,Activation Value
14196,0.0021209123078733683
22371,0.001855191309005022
19491,0.0015425145393237472
16956,0.0009116081055253744
38432,0.0007634920766577125
42419,0.0005979661364108324
7783,0.0005761405336670578
773,0.0005098663968965411
12023,0.00027022004360333085
35968,0.00019369601795915514
