Index,Activation Value
3932,0.0005191826494410634
16549,0.00018981823814101517
