Index,Activation Value
83828,0.03284183889627457
64204,0.02685132622718811
6156,0.02394811622798443
22227,0.022964315488934517
2871,0.0197810810059309
33336,0.01901628077030182
42812,0.018893631175160408
41210,0.01870507188141346
55426,0.018523627892136574
48473,0.01782333292067051
