Index,Activation Value
12344,0.01397507730871439
19627,0.01361729297786951
72094,0.013324898667633533
14165,0.013287905603647232
868,0.011376895010471344
14326,0.011113648302853107
87758,0.009671010076999664
14022,0.008900022134184837
74354,0.008413909003138542
852,0.008153609931468964
