Index,Activation Value
107558,0.12967702746391296
52491,0.11601556837558746
92077,0.112286277115345
61123,0.11205021291971207
12344,0.11054197698831558
7351,0.10772286355495453
46468,0.10236455500125885
87758,0.10027705132961273
7334,0.09614745527505875
868,0.09345312416553497
