Index,Activation Value
24702,0.2057277113199234
31723,0.18285971879959106
15397,0.17725132405757904
43054,0.1741609275341034
7145,0.16001638770103455
15111,0.1519841104745865
20635,0.1472114473581314
36944,0.14717577397823334
6473,0.14155375957489014
14706,0.13369567692279816
