Index,Activation Value
27547,0.1993098109960556
32727,0.16382743418216705
8019,0.11772453784942627
44569,0.10316058248281479
40678,0.10003432631492615
9816,0.08747556805610657
218,0.0844321921467781
55867,0.07423319667577744
58198,0.07259725779294968
31022,0.07005051523447037
