Index,Activation Value
70349,0.006936723366379738
13090,0.0046148719266057014
56725,0.0006359187536872923
88571,0.00019435095600783825
