Index,Activation Value
37745,2.4158523082733154
79955,1.959425926208496
27222,1.6162241697311401
104415,1.592505693435669
3843,1.3852057456970215
46532,1.2579845190048218
12906,1.1965287923812866
101466,1.0401674509048462
92606,1.030815839767456
50425,0.9942548274993896
