Index,Activation Value
17428,0.2134552001953125
26073,0.20568916201591492
36473,0.2045702338218689
54222,0.19401229918003082
24298,0.18715982139110565
56007,0.183625265955925
10570,0.17248445749282837
56505,0.16530215740203857
8349,0.1559550017118454
21565,0.15471313893795013
