Index,Activation Value
11313,0.01642821729183197
62662,0.01625615917146206
72094,0.01598951779305935
7334,0.014347859658300877
34454,0.014330707490444183
21549,0.01079193502664566
73782,0.010685328394174576
104537,0.010204476304352283
92077,0.010148209519684315
18680,0.009354565292596817
