Index,Activation Value
103694,0.024699494242668152
73908,0.018537728115916252
7106,0.018208911642432213
110712,0.01706657186150551
14983,0.015813715755939484
19530,0.015495849773287773
44978,0.013462620787322521
88155,0.012597850523889065
35831,0.012427777983248234
38228,0.012373139150440693
