Index,Activation Value
38432,0.0025953284930437803
27547,0.0024884825106710196
38340,0.0023302072659134865
32727,0.0014552887296304107
13743,2.316811151104048e-05
