Index,Activation Value
3878,0.05763394385576248
30787,0.05384203419089317
84568,0.05246299132704735
93306,0.04984401911497116
25887,0.044205695390701294
103067,0.04280942305922508
73802,0.042802844196558
96654,0.042623478919267654
108688,0.041383884847164154
38717,0.03844686225056648
