Index,Activation Value
52491,0.12477774173021317
71879,0.12072473019361496
12344,0.10863875597715378
47586,0.10819432139396667
7334,0.10428941249847412
104537,0.10023443400859833
14983,0.09887883067131042
868,0.0954761952161789
14022,0.09471088647842407
93364,0.09406723827123642
