Index,Activation Value
36212,0.002409163862466812
36473,0.0005261984770186245
