Index,Activation Value
45836,0.8631165623664856
45952,0.8237959146499634
90667,0.8177839517593384
111524,0.8123197555541992
48218,0.7607316970825195
100896,0.7531444430351257
14776,0.7525206208229065
78885,0.7235379815101624
93606,0.6799955368041992
14743,0.6591426134109497
