Index,Activation Value
74413,0.0038508044090121984
104002,0.0019924857188016176
46383,0.0019867445807904005
80233,0.001727206283248961
73855,0.0016226592706516385
61123,0.0015942297177389264
9293,0.0015529189258813858
41552,0.0014647534117102623
54956,0.0011989527847617865
36398,0.0010968714486807585
