Index,Activation Value
40862,1.2786426544189453
4440,1.1586652994155884
59616,0.5101324319839478
2390,0.4279405176639557
21180,0.010773619636893272
