Index,Activation Value
56725,0.02554919570684433
90842,0.02260132133960724
13090,0.019734537228941917
87758,0.018539518117904663
96758,0.016412129625678062
19627,0.014349647797644138
12344,0.012943356297910213
16158,0.012599523179233074
70349,0.011731959879398346
3082,0.010936761274933815
