Index,Activation Value
56855,0.1659783124923706
8396,0.1606541872024536
36212,0.15567775070667267
29340,0.153423011302948
21467,0.1237933561205864
25657,0.09811925888061523
38432,0.0921582281589508
4530,0.07892893999814987
38340,0.07584789395332336
32727,0.0756729394197464
