Index,Activation Value
8080,0.018837137147784233
53579,0.018702372908592224
38924,0.017658768221735954
21467,0.015089647844433784
26778,0.013179239816963673
24298,0.012761345133185387
33011,0.011769597418606281
1909,0.010724001564085484
44569,0.009025496430695057
58249,0.008604745380580425
