Index,Activation Value
35254,0.0036346984561532736
52683,0.001653748913668096
107925,0.00045634686830453575
