Index,Activation Value
43054,0.12709233164787292
48477,0.09065572172403336
32604,0.08629396557807922
24409,0.08081226050853729
15670,0.07880547642707825
47380,0.07637957483530045
41844,0.0734974667429924
22362,0.06877049803733826
14147,0.0665777251124382
56298,0.0640791803598404
