Index,Activation Value
38924,0.0008134591626003385
26778,0.00025101107894442976
