Index,Activation Value
13004,0.21315997838974
33644,0.1256968080997467
