Index,Activation Value
107558,0.04743142053484917
59998,0.029207978397607803
88295,0.02394471876323223
80233,0.015429744496941566
33336,0.012837925925850868
95496,0.011207734234631062
60631,0.010428215377032757
37498,0.01003754511475563
73908,0.009486474096775055
7351,0.008717416785657406
