Index,Activation Value
22202,0.07962434738874435
852,0.07763653993606567
59998,0.07352820783853531
14022,0.07185714691877365
87758,0.06735390424728394
17608,0.06691212207078934
64204,0.0623980350792408
7334,0.060600098222494125
19627,0.0589575320482254
40030,0.05695111304521561
