Index,Activation Value
24298,0.009298324584960938
32727,0.004526815842837095
54138,0.0027586438227444887
56155,0.001895622699521482
36625,0.0016291121719405055
15111,0.0016164402477443218
8019,2.7418936952017248e-05
