Index,Activation Value
13090,0.009180549532175064
88571,0.008293203078210354
90842,0.0071324631571769714
56725,0.004234593361616135
19627,0.00304151582531631
104537,0.001382540795020759
108688,0.0013691360363736749
37498,0.0012633580481633544
28425,0.0009948373772203922
71879,0.0009195380262099206
