Index,Activation Value
34454,0.01522588450461626
80813,0.012798492796719074
54896,0.010511987842619419
111056,0.00798331294208765
36173,0.007897909730672836
28425,0.00783047080039978
91104,0.0063562230207026005
31199,0.005626443307846785
24604,0.004275850020349026
73464,0.0026050477754324675
