Index,Activation Value
66000,0.09047885239124298
20663,0.08498640358448029
59998,0.08092645555734634
110712,0.07421085983514786
55426,0.06939870864152908
96758,0.06607475131750107
36173,0.06441556662321091
2871,0.0626499354839325
52683,0.06166801601648331
111478,0.05882691219449043
