Index,Activation Value
55426,0.014021460898220539
27912,0.013054381124675274
37498,0.012927968986332417
52183,0.01053317729383707
3878,0.006455226335674524
16959,0.0060198428109288216
95769,0.005125693045556545
868,0.004589283838868141
49456,0.004435685928910971
56725,0.00280262460000813
