Index,Activation Value
88937,0.080990731716156
95769,0.0782676488161087
107551,0.0769796222448349
71812,0.07488342374563217
4738,0.0740736648440361
40633,0.07153469324111938
75310,0.07084154337644577
66000,0.06893621385097504
73855,0.06800404191017151
111011,0.06762547045946121
