Index,Activation Value
15111,0.03182640299201012
8396,0.029706036671996117
19868,0.026915060356259346
43054,0.025241371244192123
36212,0.02366468869149685
42784,0.02226778119802475
25657,0.02105041779577732
15758,0.016222858801484108
14971,0.015423707664012909
56855,0.013607253320515156
