Index,Activation Value
35254,0.14004500210285187
95769,0.08991845697164536
110975,0.08587400615215302
39257,0.05201582983136177
111154,0.04751354455947876
8252,0.04474148899316788
76908,0.03935602679848671
3386,0.03170056268572807
29450,0.029946016147732735
4825,0.029196450486779213
