Index,Activation Value
45290,0.6287341713905334
19888,0.30163660645484924
25307,0.2865561842918396
9222,0.1288599669933319
46826,0.07959532737731934
19917,0.012896564789116383
