Index,Activation Value
29340,0.01177127193659544
36212,0.007567116990685463
14706,0.007065291050821543
7145,0.005908419843763113
54138,0.005702971946448088
31723,0.00484095374122262
8396,0.004064348991960287
15111,0.0040125129744410515
21565,0.0029251540545374155
4530,0.0017949308967217803
