Index,Activation Value
75221,0.8744195103645325
100412,0.03327709063887596
