Index,Activation Value
56855,0.0596330389380455
8396,0.05095725134015083
51614,0.025356311351060867
25657,0.018588919192552567
31736,0.012682355009019375
58198,0.012661558575928211
52440,0.012620309367775917
28561,0.011027867905795574
19339,0.008368339389562607
4530,0.00671604136005044
