Index,Activation Value
53579,0.8862168192863464
21467,0.8540389537811279
38924,0.8532754778862
24298,0.6341728568077087
44569,0.6310383081436157
26778,0.5682593584060669
58249,0.5528027415275574
8080,0.5491357445716858
8019,0.5284526348114014
38432,0.5061759352684021
