Index,Activation Value
37498,0.020137613639235497
95312,0.011932214722037315
52683,0.011513185687363148
13090,0.010379192419350147
104537,0.00723569979891181
28425,0.006397733464837074
73306,0.005841087084263563
38228,0.005820588208734989
89243,0.005162320099771023
108759,0.0049315267242491245
