Index,Activation Value
12344,0.0003229623252991587
96758,0.00018347254081163555
28910,0.00013757140550296754
52183,0.00011337464093230665
19627,9.728140867082402e-05
36173,9.415239765075967e-05
35254,6.564342766068876e-05
7334,2.5293125872849487e-05
