Index,Activation Value
104537,0.06530872732400894
24235,0.06033454090356827
17608,0.05408748611807823
2279,0.04898300766944885
33336,0.0441911481320858
6786,0.04310470446944237
13090,0.04270825907588005
61202,0.040937408804893494
103612,0.04070082679390907
36536,0.04051124304533005
