Index,Activation Value
53579,0.05134647339582443
38924,0.04758603498339653
36212,0.0396946556866169
21467,0.03622228279709816
26778,0.032946038991212845
33011,0.02871900238096714
8396,0.028420208021998405
8080,0.02729877084493637
56855,0.026751842349767685
1909,0.02553887479007244
