Index,Activation Value
36212,0.001755367498844862
8396,0.001133418409153819
24298,0.00038101684185676277
56855,0.00017118494724854827
