Index,Activation Value
107558,0.0009697607601992786
12,0.0001461376086808741
