Index,Activation Value
38247,0.1798124760389328
36625,0.14101868867874146
773,0.13718503713607788
36944,0.11954405158758163
15111,0.10511726140975952
47264,0.10063325613737106
28561,0.09470943361520767
15598,0.08652565628290176
14971,0.08438314497470856
11478,0.07965181022882462
