Index,Activation Value
43054,0.26591673493385315
24409,0.18039241433143616
59924,0.17187654972076416
49406,0.16238343715667725
20435,0.1579895168542862
27569,0.141187384724617
31684,0.14008557796478271
27399,0.13622534275054932
19491,0.13569238781929016
31723,0.1334104686975479
