Index,Activation Value
53579,0.6718379259109497
21467,0.6279432773590088
33011,0.6190624237060547
38924,0.6166051030158997
26778,0.527138888835907
8080,0.5223008990287781
1909,0.5029431581497192
44569,0.4630463421344757
18000,0.4515359699726105
58249,0.4238117039203644
