Index,Activation Value
27438,0.007248091045767069
96758,0.001872640335932374
