Index,Activation Value
13090,0.008979136124253273
33336,0.005195608362555504
60631,0.003107940312474966
36173,0.002458977047353983
37498,0.0022253557108342648
56725,0.0018006499158218503
70349,0.00022800204169470817
