Index,Activation Value
55731,0.020728079602122307
11450,0.01845468394458294
13179,0.014407811686396599
5556,0.013906040228903294
23400,0.005238352343440056
40580,0.004784461110830307
22693,0.0037046358920633793
34212,0.003637392073869705
9893,0.0032727287616580725
25800,0.0032152351923286915
