Index,Activation Value
9293,0.08477118611335754
3082,0.07561395317316055
96065,0.07269347459077835
102181,0.07153493911027908
2871,0.07006661593914032
78974,0.06572587043046951
92179,0.0645308792591095
80813,0.0636848658323288
82475,0.06356611847877502
26233,0.06018408015370369
