Index,Activation Value
4481,0.01485766377300024
8702,0.011264318600296974
52310,0.010624688118696213
40668,0.010042793117463589
57280,0.009188871830701828
19474,0.008300978690385818
16673,0.005587587133049965
5877,0.004624541383236647
51365,0.004186111502349377
50640,0.0038988159503787756
