Index,Activation Value
21467,0.02437681332230568
53579,0.015752464532852173
36212,0.014787825755774975
8396,0.01374947838485241
38924,0.012402968481183052
56855,0.012078586965799332
33011,0.011563178151845932
38432,0.011252745985984802
58249,0.009768406860530376
29340,0.00975935347378254
