Index,Activation Value
14049,0.007753342390060425
23410,0.005359186790883541
87758,0.004494974389672279
105073,0.004075226373970509
107558,0.0021123162005096674
3386,0.0014757912140339613
79383,0.000839914137031883
96654,0.00039949259371496737
36411,0.00034128071274608374
30755,0.00028745809686370194
