Index,Activation Value
52426,0.1280946582555771
70349,0.12722840905189514
96758,0.12612834572792053
33336,0.11919574439525604
27438,0.11126061528921127
19627,0.10621987283229828
66000,0.09112846106290817
54896,0.07196209579706192
52683,0.0673292800784111
67013,0.06607873737812042
