Index,Activation Value
70349,0.10887636989355087
20663,0.10181301087141037
87491,0.09513194859027863
83828,0.08523567765951157
51766,0.07642805576324463
1267,0.07093359529972076
104537,0.0667172521352768
12344,0.06491458415985107
22227,0.06443768739700317
52426,0.06401729583740234
