Index,Activation Value
28425,0.017627565190196037
33336,0.015125870704650879
13090,0.011181514710187912
96758,0.00985617283731699
72094,0.006464444100856781
83828,0.005831483285874128
28910,0.005730821285396814
93685,0.005720971152186394
35254,0.005491824820637703
67013,0.005249836016446352
