Index,Activation Value
12,0.004234686028212309
88571,0.003607446327805519
44123,0.00331591977737844
8774,0.0028007866349071264
107551,0.0027621560730040073
14326,0.0024453415535390377
111011,0.0023474532645195723
103991,0.0020622462034225464
36173,0.001986035145819187
592,0.0019083077786490321
