Index,Activation Value
13090,0.0182250514626503
7334,0.010069475509226322
33336,0.005957690067589283
54896,0.005327112972736359
21549,0.003534307237714529
70776,0.003523584920912981
101572,0.0033240739721804857
43807,0.0020313102286309004
45583,0.0017157895490527153
110091,0.0008551494684070349
