Index,Activation Value
17428,0.009179303422570229
54222,0.004358988255262375
56007,0.004183275159448385
26073,0.0035430393181741238
36625,0.003542206482961774
58458,0.003076003398746252
10570,0.002538091503083706
773,0.0023034210316836834
56545,0.001811928697861731
16549,0.0015122537733986974
