Index,Activation Value
93685,0.11229448765516281
19627,0.07620808482170105
35254,0.07314446568489075
65993,0.0724724754691124
52491,0.07190469652414322
105073,0.07165170460939407
3082,0.07109817862510681
4738,0.06766298413276672
2871,0.06703238189220428
20930,0.06603173911571503
