Index,Activation Value
92077,0.038902465254068375
107995,0.027720442041754723
14022,0.01958766207098961
7351,0.016643108800053596
67509,0.01634824648499489
107558,0.014420471154153347
1021,0.013998128473758698
88937,0.01281759049743414
55426,0.01271274033933878
44123,0.011941881850361824
