Index,Activation Value
20635,0.013550704345107079
49043,0.008809984661638737
47247,0.00806580763310194
40818,0.007233521901071072
34620,0.00425778329372406
25562,0.00407435605302453
31723,0.0005465855938382447
13984,0.000486188248032704
15529,0.00019579457875806838
36021,7.146847201511264e-05
