Index,Activation Value
53579,0.6090188026428223
8080,0.5065405964851379
1909,0.47381967306137085
26778,0.45592424273490906
24298,0.4426751136779785
44569,0.41287675499916077
18000,0.4063282310962677
8019,0.3791946768760681
38924,0.3638552129268646
58249,0.35273465514183044
