Index,Activation Value
13179,0.03486649692058563
15111,0.03397146984934807
38127,0.03038337640464306
1909,0.029358958825469017
7145,0.02490423433482647
14682,0.01678752340376377
33011,0.016696849837899208
44743,0.016552342101931572
27840,0.015776770189404488
25591,0.015335838310420513
