Index,Activation Value
59288,0.1336584836244583
25800,0.11563345789909363
33011,0.11164133995771408
56554,0.10816856473684311
29340,0.10338376462459564
18000,0.09712421894073486
38127,0.09131140261888504
58249,0.0861208513379097
44208,0.08271421492099762
24565,0.07680659741163254
