Index,Activation Value
4987,0.12753726541996002
35684,0.12442147731781006
41843,0.11889687925577164
30999,0.11582434922456741
36625,0.10984382033348083
43838,0.10168182104825974
44208,0.10104735940694809
36743,0.0990813598036766
13158,0.09736931324005127
54705,0.09678763151168823
