Index,Activation Value
56855,0.013403053395450115
8396,0.004286788869649172
29340,0.004216075409203768
21467,0.004179999232292175
24298,0.0031261590775102377
18000,0.002771954983472824
24565,0.0014900194946676493
53579,0.0012808023020625114
25657,0.0005262891063466668
