Index,Activation Value
35168,0.0040642572566866875
9057,0.0022120813373476267
