Index,Activation Value
29340,0.2872735261917114
36212,0.2758719325065613
27683,0.2288203090429306
8396,0.22847919166088104
45313,0.18337273597717285
41844,0.17884111404418945
32727,0.1777629852294922
14826,0.17614074051380157
56855,0.16842418909072876
43115,0.15890783071517944
