Index,Activation Value
54138,0.09145091474056244
24298,0.07166089862585068
44743,0.05756812170147896
11257,0.05717312544584274
19491,0.049026861786842346
49406,0.04772055149078369
36625,0.04477592930197716
8019,0.04335687682032585
37379,0.04311308264732361
22371,0.042652785778045654
