Index,Activation Value
21467,0.011241736821830273
38924,0.008456028997898102
53579,0.007361128460615873
26778,0.003529987996444106
58249,0.0013266500318422914
24298,0.0011283803032711148
54138,0.0005385415279306471
