Index,Activation Value
36473,0.14684265851974487
43054,0.10953821241855621
56032,0.10945242643356323
52855,0.09644357115030289
9480,0.09046798199415207
57009,0.08862907439470291
56007,0.08809016644954681
17428,0.08563186228275299
56545,0.08539605140686035
59868,0.07928460836410522
