Index,Activation Value
23510,1.0297385454177856
2390,0.25072672963142395
36043,0.21033664047718048
9030,0.19474416971206665
