Index,Activation Value
38924,0.03924408182501793
21467,0.03554648160934448
26778,0.03234340250492096
27547,0.023078927770256996
53579,0.022470874711871147
33011,0.020402278751134872
9816,0.019084183499217033
38432,0.017675893381237984
32727,0.016821661964058876
42887,0.016209466382861137
