Index,Activation Value
37498,0.10832277685403824
14165,0.08371388912200928
35254,0.07640896737575531
6786,0.07383853942155838
67013,0.06229274347424507
852,0.06075938045978546
108759,0.0591740608215332
13518,0.057603269815444946
97407,0.05435537174344063
36536,0.054133765399456024
