Index,Activation Value
572,0.3696339726448059
30767,0.033774372190237045
44735,0.02334548719227314
