Index,Activation Value
24298,0.42782431840896606
36473,0.42089053988456726
44569,0.40370237827301025
27547,0.3595157861709595
56855,0.35756564140319824
8396,0.3506433367729187
53579,0.34881627559661865
32727,0.3295346200466156
36212,0.32907184958457947
29340,0.30148711800575256
