Index,Activation Value
16089,0.08271529525518417
55426,0.0644695833325386
96758,0.06429153680801392
105975,0.0597958117723465
96654,0.057027146220207214
46930,0.05207425728440285
59998,0.05071073770523071
42812,0.04988855868577957
57225,0.04976008087396622
85185,0.04921917989850044
