Index,Activation Value
33336,0.03950326517224312
16107,0.032297927886247635
37498,0.03227262571454048
104537,0.028926579281687737
27438,0.028678370639681816
107558,0.02528909035027027
101572,0.024141166359186172
64204,0.023226307705044746
96758,0.021537644788622856
84018,0.017911503091454506
