Index,Activation Value
8935,0.6644377112388611
67326,0.525327742099762
95695,0.4318278431892395
1267,0.2941399812698364
65867,0.2417556643486023
39314,0.18305927515029907
67130,0.16240587830543518
23172,0.10931618511676788
93028,0.012080389074981213
