Index,Activation Value
29340,0.12817297875881195
36212,0.1243390291929245
56855,0.10832344740629196
8396,0.10235723853111267
25657,0.07481700927019119
773,0.06450562179088593
38432,0.06052345409989357
53582,0.06016726791858673
24565,0.06006509065628052
38340,0.057098180055618286
