Index,Activation Value
90979,0.5414322018623352
76300,0.4985366463661194
39345,0.20644164085388184
89335,0.14993570744991302
59998,0.13466721773147583
77362,0.10302244126796722
98846,0.07189015299081802
76752,0.03924507275223732
88273,0.02786172926425934
