Index,Activation Value
15758,0.1370527744293213
24588,0.13703961670398712
15670,0.1339719295501709
14826,0.13224495947360992
47900,0.11320190131664276
27683,0.1098359152674675
36054,0.1086404025554657
34961,0.10825947672128677
23805,0.10530222207307816
22678,0.10519937425851822
