Index,Activation Value
53579,0.18871310353279114
38924,0.17112869024276733
8080,0.16264128684997559
26778,0.15824547410011292
54138,0.12372884899377823
38432,0.11625047773122787
58249,0.09874551743268967
27547,0.09504085034132004
24298,0.09085426479578018
56855,0.09037536382675171
