Index,Activation Value
88571,0.08489174395799637
93685,0.07162965089082718
111154,0.069156713783741
13090,0.06827962398529053
96065,0.06465598195791245
52426,0.06090117245912552
55418,0.05931570753455162
35831,0.059201374650001526
52183,0.058497942984104156
109825,0.05544712021946907
