Index,Activation Value
37498,0.13433678448200226
52183,0.12671557068824768
13090,0.11951734870672226
60631,0.11937557905912399
56725,0.09481347352266312
51766,0.09318766742944717
87491,0.09243813902139664
86538,0.08742564171552658
9017,0.083238385617733
99629,0.08281935751438141
