Index,Activation Value
38924,0.0728696957230568
53579,0.071314238011837
26778,0.06891798228025436
21467,0.0662853866815567
36212,0.055371854454278946
8080,0.05024534463882446
33011,0.04802639037370682
56855,0.04624650999903679
8396,0.04606356471776962
24298,0.043566640466451645
