Index,Activation Value
111011,0.02379085309803486
14022,0.02056162804365158
101572,0.018817288801074028
27438,0.017729775980114937
110712,0.017677534371614456
7866,0.01690789870917797
103694,0.015602914616465569
14983,0.01473518367856741
86756,0.01371864415705204
7334,0.012717138975858688
