Index,Activation Value
53579,0.22989267110824585
21467,0.19949673116207123
38924,0.19754743576049805
58249,0.19215410947799683
26778,0.19091257452964783
8080,0.1883319467306137
27547,0.18511183559894562
33011,0.1796332597732544
54138,0.15429481863975525
36212,0.14702144265174866
