Index,Activation Value
106196,0.2828839123249054
17492,0.06950034201145172
33449,0.038469329476356506
