Index,Activation Value
52426,0.15358923375606537
13090,0.11751014739274979
37498,0.11252646148204803
52183,0.11095516383647919
80813,0.10635032504796982
101572,0.09575839340686798
16107,0.09558280557394028
60631,0.08877573907375336
70349,0.0790930911898613
64204,0.07497167587280273
