Index,Activation Value
36212,0.3262645900249481
29340,0.2565651834011078
56855,0.2302398532629013
8396,0.22245213389396667
25657,0.19599461555480957
4530,0.16871678829193115
26778,0.15410444140434265
43115,0.1513732671737671
47257,0.1475238800048828
33011,0.1463376134634018
