Index,Activation Value
36473,0.022996138781309128
1909,0.015243971720337868
24298,0.012501574121415615
8080,0.010934751480817795
18000,0.007856514304876328
13179,0.0051637617871165276
44569,0.004876387305557728
33011,0.0037268258165568113
47264,0.0023660892620682716
38924,0.00152105581946671
