Index,Activation Value
8080,0.08667470514774323
44569,0.06721610575914383
1909,0.06659625470638275
27547,0.06449251621961594
24298,0.061615798622369766
8019,0.0601394884288311
33011,0.05781877413392067
53579,0.05292680114507675
54138,0.047226130962371826
47257,0.04247843846678734
