Index,Activation Value
13090,0.009966868907213211
107925,0.0036863633431494236
56725,0.0029768638778477907
70349,0.0024514528922736645
88571,0.0022693555802106857
28425,0.0010836789151653647
104537,0.0006430544308386743
25849,3.560827826731838e-05
