Index,Activation Value
32727,0.016035616397857666
27547,0.012369096279144287
8080,0.0062877945601940155
18000,0.005521143786609173
8019,0.005204866640269756
24298,0.004414281342178583
43197,0.003650774946436286
53579,0.003484363667666912
54138,0.003241380676627159
56155,0.0021574250422418118
