Index,Activation Value
33011,0.16883693635463715
38924,0.166036456823349
53579,0.16143088042736053
26778,0.13076330721378326
58249,0.12464313954114914
8080,0.11644577980041504
21467,0.10453259944915771
1909,0.08874993026256561
18000,0.08211413770914078
24298,0.07389670610427856
