Index,Activation Value
56855,0.263550341129303
29340,0.25985151529312134
24565,0.24755176901817322
8396,0.2382616400718689
53582,0.1745682954788208
4530,0.1651957780122757
36212,0.1624796837568283
25657,0.14933213591575623
21467,0.13868242502212524
28561,0.11639857292175293
