Index,Activation Value
36212,0.01918785087764263
53579,0.018325498327612877
8396,0.017806245014071465
8080,0.01736140064895153
56855,0.017020761966705322
24298,0.01668563112616539
44569,0.01537950336933136
32727,0.015126175247132778
27547,0.013520696200430393
29340,0.012551309540867805
