Index,Activation Value
38924,0.14576676487922668
21467,0.12647952139377594
26778,0.12315938621759415
33011,0.1132429838180542
7145,0.10981587320566177
38432,0.0972503125667572
43054,0.09040244668722153
38127,0.08571366220712662
53579,0.08540797233581543
773,0.08190441131591797
