Index,Activation Value
59924,0.11197289824485779
7145,0.10371182858943939
10570,0.09573440998792648
31684,0.09347206354141235
20635,0.09338480234146118
39207,0.09055519104003906
10226,0.0884881243109703
24567,0.08233264833688736
4511,0.08137714117765427
16486,0.07964679598808289
