Index,Activation Value
42267,1.6664824485778809
4268,1.525498390197754
50623,0.8313871026039124
11069,0.7315512895584106
42855,0.568387508392334
49364,0.5660248398780823
47645,0.15122690796852112
54126,0.13804008066654205
34453,0.11105258017778397
13521,0.09418883174657822
