Index,Activation Value
38432,0.3548215627670288
27547,0.3214872479438782
38340,0.3086523711681366
21467,0.2542787492275238
13743,0.24824301898479462
32727,0.22885486483573914
30430,0.20572718977928162
38127,0.20512910187244415
40678,0.19493359327316284
45313,0.18261012434959412
