Index,Activation Value
107995,0.005135257262736559
88571,0.0015427677426487207
