Index,Activation Value
70349,0.12561039626598358
59998,0.10655302554368973
88571,0.0930703729391098
16107,0.08265349268913269
102181,0.07534518837928772
13090,0.07487386465072632
87126,0.07483219355344772
60806,0.06812166422605515
8251,0.06699357181787491
17902,0.06402449309825897
