Index,Activation Value
27771,0.022284770384430885
59069,0.02030324377119541
24298,0.019575342535972595
40818,0.016047043725848198
9816,0.01593828573822975
47711,0.015897992998361588
28312,0.01566811092197895
50256,0.014986000955104828
56481,0.014796401374042034
9049,0.01427379623055458
