Index,Activation Value
21467,0.01999865472316742
8080,0.007822004146873951
53579,0.006064333487302065
27547,0.0008293804130516946
38432,0.0007265483145602047
