Index,Activation Value
21467,0.0731949433684349
30430,0.07262333482503891
56855,0.05422735586762428
8396,0.03920385241508484
38432,0.03848781809210777
47264,0.03723204508423805
28561,0.0335923470556736
53582,0.029844824224710464
31736,0.02982906997203827
53589,0.029780633747577667
