Index,Activation Value
33011,0.03459513187408447
38924,0.015585466288030148
49406,0.012410031631588936
26778,0.012278014793992043
21467,0.011880901642143726
1909,0.010295401327311993
44743,0.007640133611857891
54138,0.00761173851788044
48137,0.006909667048603296
36473,0.006680669728666544
