Index,Activation Value
47009,0.02315644361078739
2354,0.017405927181243896
21161,0.017079802230000496
7145,0.01692444272339344
44036,0.016854669898748398
20544,0.015272116288542747
13655,0.015106254257261753
38763,0.014592265710234642
31311,0.014360185712575912
32881,0.014278327114880085
