Index,Activation Value
29340,0.28985467553138733
58249,0.2582731246948242
38924,0.22775956988334656
43054,0.200013667345047
55023,0.16217786073684692
38127,0.15694883465766907
35367,0.1433057188987732
24565,0.13848966360092163
56855,0.13793553411960602
53582,0.13653497397899628
