Index,Activation Value
94788,0.955955982208252
49936,0.7747199535369873
80518,0.6625841856002808
34610,0.5151895880699158
84590,0.5120473504066467
42351,0.5075799822807312
3557,0.47043952345848083
69197,0.4317728877067566
2704,0.34047847986221313
25455,0.33680933713912964
