Index,Activation Value
7145,0.3084186613559723
9049,0.25630348920822144
36625,0.25126293301582336
4987,0.21960614621639252
31723,0.21887527406215668
39787,0.21845778822898865
15111,0.2182750105857849
4055,0.20894727110862732
36944,0.19611968100070953
45538,0.19121217727661133
