Index,Activation Value
8019,0.10253894329071045
54138,0.09130582958459854
27547,0.087413489818573
43197,0.08501459658145905
9816,0.08296936750411987
53579,0.08048207312822342
8080,0.0795733705163002
24298,0.075370654463768
42887,0.0742548331618309
38127,0.0678102895617485
