Index,Activation Value
13090,0.04393494501709938
12344,0.0243108831346035
60631,0.018841058015823364
22227,0.018670981749892235
14326,0.018373042345046997
14022,0.018361590802669525
28425,0.017543232068419456
28910,0.016904005780816078
7866,0.016030702739953995
11918,0.014491006731987
