Index,Activation Value
8396,0.31047266721725464
36212,0.3081724941730499
56855,0.2759011685848236
21467,0.2587735950946808
29340,0.25661349296569824
24298,0.20703734457492828
8019,0.20375579595565796
53579,0.17137977480888367
29465,0.16364605724811554
36625,0.16285598278045654
