Index,Activation Value
59288,0.005746486131101847
31022,0.003856430761516094
19339,0.002967987209558487
22678,0.0019415919668972492
34212,0.0015105310594663024
16549,0.0014391737058758736
59949,0.001337562338449061
56147,0.0012735574273392558
14826,0.0011053703492507339
15758,0.0005639463197439909
