Index,Activation Value
111011,0.11882789433002472
72094,0.09903296083211899
7334,0.09807781875133514
12344,0.09498108923435211
107558,0.08719661086797714
12,0.08694563060998917
32638,0.0781492069363594
27438,0.07800796627998352
44818,0.07708628475666046
90842,0.0759587287902832
