Index,Activation Value
75996,1.722198486328125
37742,1.4814625978469849
106460,1.3370546102523804
28837,1.1190937757492065
64625,0.6885466575622559
77298,0.6141915917396545
108601,0.5872743725776672
80788,0.5674828290939331
77289,0.5485690832138062
75449,0.494005024433136
