Index,Activation Value
29340,0.20137491822242737
53582,0.1635044664144516
16549,0.15344060957431793
24565,0.11708288639783859
24567,0.10269559919834137
44208,0.09246812015771866
42599,0.0851433053612709
33761,0.08229826390743256
56607,0.07925545424222946
40169,0.07577148824930191
