Index,Activation Value
36473,0.3583657741546631
54138,0.3161553144454956
24298,0.31499579548835754
579,0.21584327518939972
1909,0.20971518754959106
8080,0.1901586800813675
54222,0.175083726644516
42887,0.15209738910198212
43197,0.14977124333381653
11257,0.14706484973430634
