Index,Activation Value
78442,0.3099767565727234
76291,0.1378561109304428
99329,0.10591217875480652
47649,0.09693319350481033
111821,0.05608455464243889
