Index,Activation Value
30430,0.2348157912492752
29465,0.19499988853931427
8019,0.18349309265613556
9816,0.17630979418754578
57551,0.16271980106830597
30511,0.15479004383087158
53589,0.15231463313102722
13743,0.14152002334594727
21467,0.13871094584465027
32727,0.1346987634897232
