Index,Activation Value
36212,4.248744964599609
14826,4.206318378448486
53589,4.126004219055176
57551,3.9684157371520996
25657,3.7915127277374268
19868,3.679349899291992
19339,3.5759730339050293
8396,3.5427017211914062
32727,3.519779682159424
24588,3.445462703704834
