Index,Activation Value
44208,0.1950395405292511
17428,0.19218815863132477
21565,0.17615573108196259
10570,0.17398576438426971
41843,0.1702984720468521
56545,0.1668708622455597
56007,0.16398540139198303
56032,0.1586463451385498
47264,0.1546943336725235
36625,0.15115289390087128
