Index,Activation Value
27912,0.008630598895251751
104537,0.00372853921726346
59080,0.002962897066026926
66000,0.0020369060803204775
107558,0.0011829060968011618
