Index,Activation Value
38247,0.006971235852688551
56032,0.0024878503754734993
37600,0.0018613941501826048
17428,0.0018235474126413465
36473,0.00067072210367769
49406,0.000577959232032299
15397,0.00048397068167105317
54222,0.00028605179977603257
56545,9.802311979001388e-05
10570,3.0211208468244877e-06
