Index,Activation Value
1909,0.035288650542497635
38924,0.032963626086711884
21467,0.03230205178260803
53579,0.02839099057018757
58249,0.026689907535910606
59288,0.02483256906270981
29340,0.02453169785439968
26778,0.023415973410010338
7145,0.022426731884479523
8396,0.021355941891670227
