Index,Activation Value
53579,0.04305001720786095
36212,0.03878344967961311
38924,0.03759773448109627
8396,0.03201574832201004
33011,0.03056851588189602
26778,0.029781602323055267
58249,0.029364224523305893
32727,0.02851892076432705
45313,0.02667115442454815
38432,0.0256807841360569
