Index,Activation Value
46264,2.5495729446411133
54900,2.513333559036255
44948,2.5050907135009766
41548,2.447251319885254
11450,2.4181127548217773
34156,2.415377378463745
56902,2.353290557861328
15670,2.3331475257873535
27100,2.2608659267425537
17890,2.2551894187927246
