Index,Activation Value
38924,0.07279721647500992
26778,0.06742486357688904
53579,0.04919206723570824
21467,0.047625064849853516
54138,0.03934681788086891
58249,0.03853970393538475
56855,0.03824404627084732
8396,0.03432650864124298
8080,0.033818069845438004
24298,0.033790428191423416
