Index,Activation Value
29340,0.10486003011465073
38924,0.053173262625932693
53582,0.05074821412563324
55023,0.04688769578933716
56855,0.04018457978963852
33011,0.040138743817806244
21467,0.03984546661376953
36212,0.035250354558229446
8396,0.03224576637148857
26778,0.030222002416849136
