Index,Activation Value
56855,0.004401417449116707
36212,0.002312190132215619
8396,0.00211520679295063
