Index,Activation Value
36173,0.11515947431325912
9293,0.07313062995672226
6200,0.06485805660486221
12344,0.0637533888220787
74354,0.054969094693660736
100195,0.04720672592520714
75921,0.04584670439362526
17335,0.04513426870107651
68937,0.04201227053999901
52491,0.041714318096637726
