Index,Activation Value
84018,1.9276028871536255
52847,1.8544249534606934
88273,1.6908295154571533
20753,1.577498197555542
75644,1.4820014238357544
27224,1.478868007659912
16107,1.45753014087677
70459,1.4024399518966675
10271,1.3329145908355713
48398,1.3205448389053345
