Index,Activation Value
56096,0.004250199533998966
28312,0.004238936584442854
48137,0.0038307001814246178
32704,0.002501646289601922
32727,0.0022932379506528378
49406,0.0019759731367230415
58458,0.001868455670773983
4817,0.001775865675881505
34397,0.0017475888598710299
12929,0.0015739939408376813
