Index,Activation Value
7334,0.09369993954896927
62757,0.08395111560821533
90842,0.07127073407173157
87758,0.06710909307003021
16107,0.06612369418144226
85314,0.06408614665269852
50983,0.061403244733810425
16261,0.06132142245769501
6375,0.060804836452007294
16959,0.05832573026418686
