Index,Activation Value
28425,0.002954415511339903
28910,0.00024061558360699564
