Index,Activation Value
8396,0.042170602828264236
29340,0.041817523539066315
21467,0.04098331928253174
56855,0.04011297971010208
1909,0.03847074136137962
53579,0.03535139560699463
36212,0.03503013402223587
44569,0.03435000404715538
8080,0.0322607159614563
38924,0.031178150326013565
