Index,Activation Value
53404,1.0182292461395264
48255,1.0097562074661255
38249,0.9530118703842163
27569,0.9320657849311829
17366,0.7474468350410461
13925,0.5749251842498779
46475,0.5549407601356506
56803,0.5296691060066223
22625,0.45597338676452637
57687,0.4346923828125
