Index,Activation Value
43481,0.8423061966896057
35050,0.7429513335227966
39399,0.40117907524108887
27307,0.3846859633922577
42784,0.31728267669677734
14196,0.29642319679260254
57472,0.2670851945877075
43564,0.2542395293712616
15631,0.24420830607414246
24385,0.23068048059940338
