Index,Activation Value
6156,0.010360054671764374
92077,0.002938236342743039
