Index,Activation Value
56855,0.02092636190354824
22371,0.014323636889457703
14465,0.014051312580704689
50934,0.008377180434763432
15111,0.0078101931139826775
11257,0.007618590258061886
5476,0.00735092256218195
8449,0.006582515314221382
20435,0.005780206527560949
13743,0.00422858539968729
