Index,Activation Value
12344,0.014380187727510929
7351,0.013398906216025352
107995,0.011577267199754715
92307,0.00922338105738163
87758,0.00889536365866661
48529,0.007925725542008877
59525,0.006894032936543226
96065,0.006728583946824074
47586,0.005928376689553261
88295,0.005110140889883041
