Index,Activation Value
21549,0.027494413778185844
7351,0.02532021887600422
12344,0.02347814105451107
3082,0.02058144472539425
87758,0.019895287230610847
12,0.018669122830033302
70776,0.01851714588701725
868,0.016120458021759987
72094,0.01436000969260931
18680,0.013131776824593544
