Index,Activation Value
36867,0.012118778191506863
30437,0.0010953311575576663
