Index,Activation Value
28312,0.01710769534111023
8396,0.01666245236992836
56096,0.012675481848418713
56032,0.011323749087750912
58458,0.010737152770161629
17776,0.009790988638997078
17052,0.009469433687627316
47517,0.00831584818661213
14186,0.0076037500984966755
2800,0.007092624437063932
