Index,Activation Value
21467,2.977701187133789
1909,2.8554770946502686
8080,2.464993715286255
44569,2.4376845359802246
53579,2.3735787868499756
33011,2.252624273300171
38924,2.1884469985961914
36212,1.7573957443237305
54138,1.6895737648010254
1859,1.4144864082336426
