Index,Activation Value
24298,0.12961547076702118
36473,0.10007943958044052
8019,0.08451288938522339
13179,0.060924381017684937
1909,0.06086474284529686
42887,0.05179735645651817
38924,0.04928407073020935
53579,0.04324270039796829
566,0.03829651325941086
43197,0.03763736039400101
