Index,Activation Value
58249,0.30179595947265625
43054,0.28997179865837097
28312,0.2497156262397766
38247,0.24275529384613037
48137,0.2373407781124115
39450,0.22558167576789856
39547,0.21360622346401215
34397,0.2009863257408142
14196,0.20019488036632538
56554,0.19648024439811707
