Index,Activation Value
32604,0.08194936066865921
31904,0.07392442226409912
7444,0.07099097222089767
7125,0.06984265148639679
22362,0.05509759113192558
47360,0.054136913269758224
10183,0.05404488742351532
45538,0.04789375886321068
38371,0.044803436845541
46700,0.042093366384506226
