Index,Activation Value
57092,0.0014560710405930877
55625,0.001214273739606142
42784,0.0002446793660055846
