Index,Activation Value
56545,0.16596823930740356
49406,0.1613922268152237
56032,0.16137497127056122
28312,0.1612980216741562
44743,0.14226482808589935
56096,0.1385234147310257
4817,0.13255839049816132
42296,0.1262248158454895
7783,0.12538719177246094
59069,0.1252720057964325
