Index,Activation Value
21467,0.047844164073467255
29340,0.03499435633420944
38924,0.03372452035546303
53579,0.0225956030189991
36212,0.02001839503645897
56855,0.017707975581288338
26778,0.016000479459762573
58249,0.014408653602004051
8396,0.013192549347877502
33011,0.010536501184105873
