Index,Activation Value
6925,1.1423753499984741
34627,0.7449147701263428
50477,0.5685524344444275
8823,0.3913559019565582
109892,0.3093782067298889
76667,0.2934938073158264
36159,0.26197579503059387
73209,0.09419212490320206
33135,0.08824938535690308
77558,0.07326092571020126
