Index,Activation Value
52847,0.08201782405376434
51766,0.08072972297668457
99629,0.06144551560282707
28910,0.06125384569168091
49456,0.06029197946190834
104537,0.05980629846453667
67433,0.058602165430784225
22092,0.05744742974638939
24684,0.05557577311992645
9293,0.054902445524930954
