Index,Activation Value
56725,0.02644052356481552
13090,0.020398134365677834
90842,0.017551908269524574
19627,0.01647689752280712
18680,0.01114147249609232
72094,0.010114927776157856
96125,0.006478645373135805
7334,0.005737448111176491
59162,0.0050201998092234135
4738,0.0041952538304030895
