Index,Activation Value
20542,0.2859329283237457
56339,0.16010771691799164
19626,0.14510317146778107
78382,0.00872233510017395
100506,0.0032428917475044727
