Index,Activation Value
26778,0.06291654706001282
38924,0.03787371143698692
44569,0.037681348621845245
53579,0.030860427767038345
16549,0.030433237552642822
27547,0.022989235818386078
58249,0.02026456594467163
8080,0.02005927637219429
57009,0.016773389652371407
31022,0.01403732318431139
