Index,Activation Value
13090,0.006377455312758684
56725,0.005368761718273163
