Index,Activation Value
27547,0.0305622685700655
21467,0.029619894921779633
8080,0.022255374118685722
54138,0.014179686084389687
8019,0.011895506642758846
8396,0.011875471100211143
29340,0.011724880896508694
38432,0.010598312132060528
56855,0.00937950611114502
36212,0.00882670283317566
