Index,Activation Value
96758,0.09646137803792953
16107,0.060150984674692154
89243,0.0540175586938858
76696,0.04880712553858757
59858,0.040551260113716125
109813,0.03939815238118172
78437,0.037767767906188965
12589,0.03763984888792038
12942,0.037062570452690125
21175,0.03601603955030441
