Index,Activation Value
84250,0.23184464871883392
64115,0.1932034194469452
