Index,Activation Value
95769,0.10167118161916733
1021,0.06835491955280304
27912,0.06544186174869537
68937,0.0650629773736
44123,0.05765300244092941
73501,0.05389294773340225
12589,0.05270269140601158
16261,0.0486479178071022
74331,0.04853678494691849
17608,0.04841145500540733
