Index,Activation Value
7145,0.0055568041279911995
9049,0.0035986737348139286
21467,0.002882499247789383
25800,0.002873315941542387
54222,0.0015944308834150434
27840,0.0007121599046513438
5476,1.7835505786933936e-05
