Index,Activation Value
45538,0.0408245287835598
19868,0.04030323401093483
3689,0.03658810630440712
44036,0.03620719537138939
11478,0.034977640956640244
13411,0.03397149220108986
36625,0.033905014395713806
35367,0.032131314277648926
17169,0.03073885291814804
38340,0.03003438375890255
