Index,Activation Value
88571,0.005379289388656616
35254,0.0022750350181013346
13090,0.002248334465548396
19627,0.0016647587763145566
107995,0.0015563482884317636
28910,0.0009051722008734941
16107,0.0008601123699918389
7334,0.0006785333389416337
54896,0.000629378599114716
84018,0.0006196717731654644
