Index,Activation Value
58249,0.028165549039840698
53579,0.024331288412213326
38924,0.0214313343167305
38432,0.01826467551290989
21467,0.01545130554586649
36625,0.013559524901211262
54138,0.013348842039704323
56554,0.012546468526124954
39547,0.010978641919791698
38247,0.01002137828618288
