Index,Activation Value
43115,0.011804677546024323
51769,0.010575211606919765
42773,0.01026263739913702
14826,0.009546634741127491
7683,0.009310241788625717
33607,0.00849483348429203
57551,0.00767566217109561
23805,0.006212515290826559
28855,0.00561045715585351
13743,0.005231444723904133
