Index,Activation Value
27547,0.01673857495188713
32727,0.01391112431883812
8080,0.012462088838219643
24298,0.011637596413493156
54138,0.009932009503245354
45313,0.00696479482576251
8019,0.006045202258974314
42887,0.005609252490103245
1859,0.003713850863277912
41844,0.0031312438659369946
