Index,Activation Value
43054,0.151926651597023
17950,0.14629442989826202
15397,0.14050079882144928
58458,0.14041902124881744
27840,0.13619524240493774
17728,0.13296343386173248
47264,0.13271605968475342
9516,0.12955936789512634
49406,0.12808874249458313
44743,0.12772227823734283
