Index,Activation Value
39812,0.11787543445825577
42887,0.11590781807899475
53579,0.08883938193321228
51769,0.08499140292406082
40818,0.08061063289642334
36212,0.07939788699150085
58963,0.0784488096833229
13380,0.0746464729309082
2390,0.06698240339756012
7444,0.06694266945123672
