Index,Activation Value
31904,0.8027050495147705
32684,0.626444399356842
17093,0.6130505800247192
26856,0.4985542297363281
14459,0.3076562285423279
51545,0.27987074851989746
51617,0.23429642617702484
39446,0.15598173439502716
14774,0.11600438505411148
29041,0.0509147010743618
