Index,Activation Value
86538,0.09139323979616165
56725,0.08290509134531021
49456,0.07489179074764252
51766,0.06536465883255005
111154,0.06489437818527222
97407,0.06333969533443451
52183,0.06281725317239761
99629,0.05809181183576584
12589,0.052350450307130814
28910,0.051531076431274414
