Index,Activation Value
27651,0.522065281867981
58935,0.30113741755485535
59257,0.287422776222229
35049,0.07095552235841751
34740,0.04647223651409149
