Index,Activation Value
56855,0.2324046790599823
36212,0.23208454251289368
29340,0.23142440617084503
8396,0.22873945534229279
4530,0.2147812694311142
25657,0.19589033722877502
32727,0.17886239290237427
41844,0.15096934139728546
59288,0.13233491778373718
27547,0.12503717839717865
