Index,Activation Value
107925,0.14268119633197784
90842,0.13036304712295532
19627,0.05763155594468117
7334,0.054912880063056946
18680,0.04501698911190033
71879,0.040263451635837555
92876,0.03861347958445549
62402,0.03348753973841667
54156,0.03131560981273651
103825,0.031289733946323395
