Index,Activation Value
34367,2.5420849323272705
26973,2.4686267375946045
47009,2.275590181350708
20957,2.27254056930542
36813,2.0470051765441895
34734,2.0399599075317383
51203,2.0391244888305664
17169,1.992314338684082
14242,1.921398401260376
34352,1.848657488822937
