Index,Activation Value
33336,0.16441912949085236
88571,0.1503605842590332
96758,0.14120648801326752
111011,0.13099557161331177
27438,0.12736763060092926
20663,0.10281895846128464
22227,0.08779086917638779
25849,0.06638633459806442
64204,0.06328599154949188
11313,0.060910750180482864
