Index,Activation Value
80813,2.2693028450012207
11528,2.051485300064087
13585,1.8680226802825928
69312,1.5382206439971924
102708,1.5109825134277344
52426,1.2589620351791382
48059,1.10759437084198
106311,1.0997554063796997
59409,1.0296283960342407
3586,0.9369823932647705
