Index,Activation Value
88571,0.08399351686239243
107925,0.04583281651139259
59998,0.03990575298666954
4738,0.03327301889657974
71355,0.030313925817608833
73855,0.030094079673290253
16107,0.028963157907128334
109700,0.027908843010663986
105975,0.02453635260462761
88407,0.023904895409941673
