Index,Activation Value
6200,0.001710333046503365
16807,0.0005185191403143108
