Index,Activation Value
35254,0.01542480755597353
98149,0.011717014014720917
852,0.00955837219953537
103510,0.0065720947459340096
52426,0.006029380951076746
54896,0.005884245038032532
88979,0.005877859890460968
87200,0.005477759521454573
103694,0.005330916028469801
27191,0.005112572573125362
