Index,Activation Value
38924,0.2406626045703888
53579,0.2042543739080429
26778,0.19260939955711365
21467,0.17110443115234375
58249,0.14568205177783966
8080,0.13060042262077332
33011,0.10804197937250137
54138,0.10183930397033691
24298,0.09959135204553604
38432,0.09046964347362518
