Index,Activation Value
24298,0.05345730483531952
5319,0.03583609685301781
59924,0.019185155630111694
2354,0.015973420813679695
18899,0.0158070120960474
4930,0.014978539198637009
23665,0.012638227082788944
39547,0.012238523922860622
31684,0.010572971776127815
33266,0.010092985816299915
