Index,Activation Value
42391,1.780712604522705
66795,0.3297695815563202
110837,0.27751365303993225
71563,0.22927939891815186
3586,0.13525162637233734
40355,0.045688845217227936
