Index,Activation Value
109739,2.0162606239318848
28050,1.5069373846054077
93224,1.4779173135757446
56606,1.3757740259170532
70555,1.212531328201294
4096,1.1838715076446533
16091,1.1679788827896118
11618,1.021582007408142
111291,1.0160584449768066
72810,1.0145307779312134
