Index,Activation Value
98548,0.5577646493911743
103067,0.39230629801750183
18471,0.1986813098192215
86538,0.17873269319534302
97468,0.10847001522779465
13090,0.013107581064105034
85472,0.0009730976307764649
