Index,Activation Value
44818,0.014335133135318756
87126,0.013288335874676704
21437,0.01140346098691225
101572,0.01013406366109848
48529,0.009928815998136997
79073,0.009240557439625263
107925,0.008441130630671978
2871,0.008421109989285469
87758,0.00827071350067854
4738,0.008126283995807171
