Index,Activation Value
72094,0.10658657550811768
9293,0.07920024544000626
19627,0.07778366655111313
91875,0.07218369096517563
14326,0.07031205296516418
90842,0.06364485621452332
7351,0.05771956965327263
111011,0.05676528438925743
27438,0.05611734837293625
52826,0.0560091994702816
