Index,Activation Value
36212,0.015172277577221394
8396,0.010742184706032276
56855,0.009109342470765114
27547,0.00832265242934227
21467,0.005218438804149628
38432,0.004188927356153727
58249,0.0032903992105275393
38127,0.0017294908175244927
29340,0.0015391805209219456
