Index,Activation Value
21467,0.37995269894599915
53579,0.2841343581676483
27547,0.2660512626171112
32727,0.22643078863620758
8019,0.20996147394180298
19868,0.20575471222400665
44569,0.20419786870479584
43197,0.1977146416902542
33011,0.1862998604774475
9816,0.1860094666481018
