Index,Activation Value
37498,0.019439123570919037
97407,0.008304593153297901
104537,0.0064674317836761475
56725,0.006069413851946592
59162,0.006000902969390154
52183,0.005366251338273287
30064,0.005321619100868702
60631,0.004523680545389652
88937,0.0003379913978278637
103510,0.0001218692705151625
