Index,Activation Value
36212,0.18003937602043152
8396,0.16641543805599213
56855,0.15558350086212158
29340,0.15375570952892303
25657,0.09942194819450378
8019,0.09781721234321594
38924,0.09056894481182098
26778,0.08976898342370987
4530,0.08416776359081268
27547,0.08298815041780472
