Index,Activation Value
40355,0.01297821942716837
90842,0.001033665845170617
