Index,Activation Value
43197,0.002175247296690941
30430,0.002024017972871661
21467,0.0018241341458633542
43054,0.0017038171645253897
54138,0.001647450029850006
58249,0.0013744912575930357
34961,0.001228383625857532
39547,0.0009873745730146766
15397,0.00079426693264395
36625,0.0007483549416065216
