Index,Activation Value
29719,0.6890689134597778
1688,0.595377504825592
17988,0.5390890836715698
7547,0.03079199604690075
