Index,Activation Value
21467,0.47852933406829834
36212,0.35024356842041016
32727,0.3497088849544525
56855,0.3311983644962311
38432,0.3263779282569885
53589,0.3237122595310211
8396,0.3225502669811249
30430,0.29929548501968384
38340,0.2682105600833893
57551,0.2632262706756592
