Index,Activation Value
56855,0.07419408112764359
8396,0.03419661894440651
2792,0.030397620052099228
31736,0.027751287445425987
53582,0.027561131864786148
36473,0.02609163708984852
36598,0.025676768273115158
29340,0.025365980342030525
55023,0.023331351578235626
4055,0.02195623144507408
