Index,Activation Value
773,0.021158333867788315
36875,0.0162972304970026
14971,0.01246412843465805
31723,0.011029856279492378
24702,0.01021814625710249
7125,0.009622235782444477
18517,0.008701027370989323
56147,0.008685830980539322
37670,0.007792066317051649
57009,0.007683517411351204
