Index,Activation Value
27438,0.004760054871439934
52683,0.003931548912078142
52183,0.002636147662997246
25849,0.002269541844725609
96758,0.0021337999496608973
24235,0.0019622293766587973
1267,0.001882820506580174
33336,0.0017976820236071944
107558,0.0015925588086247444
86118,0.001396970241330564
