Index,Activation Value
54138,0.4663648307323456
8080,0.45491093397140503
24298,0.44953852891921997
8019,0.38219523429870605
27547,0.3535391390323639
1859,0.3433937132358551
38432,0.3413946330547333
38127,0.33061039447784424
44569,0.323463499546051
18000,0.31494808197021484
