Index,Activation Value
63669,0.08826478570699692
66000,0.07337860018014908
29372,0.06497398018836975
52426,0.06068028137087822
26012,0.053163424134254456
20779,0.05144033581018448
16261,0.05126863718032837
50983,0.05111877620220184
67509,0.04862334579229355
59041,0.04797757789492607
