Index,Activation Value
27683,0.1770864576101303
59981,0.17402009665966034
14826,0.17390884459018707
47900,0.1668064296245575
23444,0.16246499121189117
7683,0.15316899120807648
34961,0.14472812414169312
22678,0.14306731522083282
8349,0.14000806212425232
57551,0.13192416727542877
