Index,Activation Value
19868,0.10693732649087906
10570,0.08531791716814041
48346,0.06396583467721939
57009,0.05958482250571251
26937,0.053946539759635925
41246,0.05341426655650139
55034,0.049645669758319855
20182,0.048577699810266495
52948,0.04676257073879242
25881,0.039466068148612976
