Index,Activation Value
35367,0.1466880887746811
44036,0.13694021105766296
13411,0.1328505426645279
15670,0.13245564699172974
3689,0.12947522103786469
17169,0.1187780424952507
21019,0.11516332626342773
48477,0.1053517684340477
1693,0.09604845941066742
21161,0.09232216328382492
