Index,Activation Value
59288,0.044744376093149185
56554,0.039215393364429474
13179,0.03111526370048523
16549,0.029774632304906845
33011,0.025546960532665253
31022,0.02126697078347206
57163,0.012864143587648869
38247,0.012668062932789326
4417,0.007385213393718004
36875,0.005898414179682732
