Index,Activation Value
44569,0.002012743381783366
36473,0.0010830344399437308
24298,0.0009656574693508446
