Index,Activation Value
104537,0.003647663863375783
88571,0.0017847588751465082
52183,0.0010318091372027993
55426,0.0003008173662237823
28910,5.8690270634542685e-06
