Index,Activation Value
13090,0.03126310184597969
12344,0.020346786826848984
56725,0.01600862480700016
28425,0.014116372913122177
7351,0.013506678864359856
54896,0.008203038014471531
868,0.006380632985383272
52426,0.0063108960166573524
22202,0.005359153728932142
91551,0.005201128777116537
