Index,Activation Value
38432,0.020394999533891678
57551,0.020360222086310387
44569,0.018679240718483925
13743,0.017580516636371613
30430,0.017543647438287735
21467,0.017141811549663544
43178,0.017112692818045616
9351,0.015146879479289055
56155,0.014879470691084862
24298,0.014670439064502716
