Index,Activation Value
32697,0.02387162856757641
52310,0.021522730588912964
41410,0.01843849942088127
55134,0.018147392198443413
14726,0.015966350212693214
15272,0.015563100576400757
31575,0.01529010385274887
13411,0.015272575430572033
50,0.01470109447836876
35367,0.014018584974110126
