Index,Activation Value
30430,0.1981353908777237
34961,0.18704494833946228
30511,0.16413095593452454
24588,0.1562710702419281
57551,0.15155507624149323
27683,0.139470174908638
566,0.1268405169248581
56855,0.11106488853693008
42192,0.10758140683174133
14826,0.10462858527898788
