Index,Activation Value
38924,0.1730087846517563
773,0.17142726480960846
44569,0.1646438091993332
1909,0.15544500946998596
36473,0.14937157928943634
31022,0.1483716517686844
16549,0.14631491899490356
13179,0.13889819383621216
16956,0.13132381439208984
56096,0.12922917306423187
