Index,Activation Value
87758,1.1223912239074707
2455,1.046839952468872
63510,0.9902634620666504
72769,0.9767435789108276
27820,0.9527154564857483
43165,0.908510684967041
22376,0.8706039190292358
10575,0.7669569253921509
61650,0.7228009104728699
63178,0.6966137886047363
