Index,Activation Value
27438,0.015407643280923367
111011,0.010292368941009045
14022,0.008837183006107807
24604,0.0066850935108959675
7106,0.005575421266257763
19530,0.004978731274604797
88384,0.00489118043333292
59998,0.0039037347305566072
39257,0.003293097484856844
104537,0.003291377564892173
