Index,Activation Value
29340,0.046381108462810516
8396,0.044189877808094025
56855,0.043984305113554
36212,0.03704151138663292
21467,0.025101320818066597
19868,0.022390566766262054
26778,0.021659694612026215
38924,0.021331220865249634
53582,0.019579311832785606
24565,0.01775386370718479
