Index,Activation Value
53579,0.02252190373837948
21467,0.018475709483027458
58249,0.015049478970468044
1909,0.013935502618551254
38924,0.009618604555726051
1859,0.008313004858791828
39547,0.008144289255142212
59288,0.0068931239657104015
43054,0.006371390074491501
8080,0.006018034648150206
