Index,Activation Value
56855,0.028455132618546486
29340,0.024525022134184837
8396,0.020253954455256462
36212,0.01743069663643837
38924,0.015414169058203697
54138,0.015177899040281773
43054,0.014722121879458427
8080,0.014100994914770126
38127,0.014032673090696335
53579,0.013109170831739902
