Index,Activation Value
55426,0.09973683953285217
29372,0.0723801925778389
26012,0.05829434096813202
25887,0.057126134634017944
9017,0.0553075447678566
88571,0.054410360753536224
32672,0.05275377258658409
62951,0.04987112432718277
63669,0.047220733016729355
20779,0.046357519924640656
