Index,Activation Value
58198,0.01892753504216671
51614,0.017979398369789124
31904,0.01438216120004654
22362,0.008638164028525352
32604,0.008635209873318672
29960,0.004458481911569834
56298,0.003282708814367652
4135,0.003267724998295307
22718,0.0031472777482122183
14147,0.0030884845182299614
