Index,Activation Value
58249,0.03318186104297638
38924,0.02937382459640503
1909,0.024212121963500977
53579,0.022356625646352768
26778,0.019901296123862267
18000,0.018416516482830048
33011,0.017857467755675316
56554,0.01644098199903965
24298,0.015538251027464867
54138,0.013928280211985111
