Index,Activation Value
36212,0.5967267155647278
38924,0.5839917063713074
53579,0.5570498108863831
29340,0.5304130911827087
26778,0.5156210064888
58249,0.48774170875549316
8396,0.44953158497810364
27547,0.43348681926727295
19868,0.42636069655418396
56855,0.42201611399650574
