Index,Activation Value
18000,0.1953214555978775
24298,0.12651406228542328
56505,0.11781474202871323
1909,0.09732958674430847
25800,0.0899123027920723
13179,0.08808498829603195
33011,0.08451908826828003
58249,0.08451523631811142
36473,0.07598229497671127
53579,0.07463686168193817
