Index,Activation Value
17999,0.029553361237049103
15111,0.027661936357617378
44937,0.023593900725245476
46600,0.02047894336283207
52735,0.019956694915890694
31213,0.019207313656806946
13005,0.018826782703399658
36793,0.018803799524903297
21565,0.01841740310192108
19315,0.01811813749372959
