Index,Activation Value
96758,0.03804270178079605
33336,0.03525611013174057
104537,0.03154858201742172
83828,0.02302018366754055
52183,0.02284190058708191
64204,0.018863080069422722
13090,0.01661253161728382
28910,0.015185363590717316
51766,0.014293714426457882
3082,0.013756687752902508
