Index,Activation Value
111011,0.03833368048071861
33336,0.034480638802051544
41210,0.030584149062633514
107551,0.02842486836016178
3082,0.027808068320155144
8774,0.026784880086779594
27438,0.02621809020638466
103991,0.022158844396471977
38228,0.021742258220911026
65958,0.020816022530198097
