Index,Activation Value
43835,0.9176172614097595
94414,0.48895546793937683
95093,0.4415620267391205
76118,0.28310608863830566
108311,0.2606266438961029
5481,0.24816326797008514
36173,0.14743688702583313
99795,0.13888823986053467
10755,0.13337542116641998
9293,0.08649743348360062
