Index,Activation Value
13090,0.2773352563381195
56725,0.1512560248374939
17608,0.0830487534403801
60631,0.0805690735578537
14022,0.07917055487632751
36173,0.0730651244521141
54896,0.07281854748725891
70349,0.07018870860338211
70776,0.06843166053295135
11313,0.06816507875919342
