Index,Activation Value
62757,0.11575821787118912
96758,0.07166808843612671
89243,0.07096809893846512
66000,0.06687270104885101
107558,0.043966762721538544
52683,0.043824367225170135
33659,0.03806276246905327
109813,0.03795439377427101
50983,0.036815326660871506
21175,0.03489842265844345
