Index,Activation Value
26635,1.5184314250946045
4791,0.26763132214546204
55521,0.22436027228832245
13513,0.046386752277612686
31904,0.030385205522179604
