Index,Activation Value
6844,0.02496493235230446
44208,0.019495341926813126
56273,0.011697664856910706
38992,0.008692624978721142
20982,0.006534865126013756
57332,0.004303846042603254
4791,0.004093607421964407
7125,0.004020238295197487
17134,0.003946067299693823
16258,0.0037681094836443663
