Index,Activation Value
107995,0.03352128341794014
52426,0.008307701908051968
107558,0.008267039433121681
55426,0.006988372188061476
12344,0.006366140209138393
852,0.005742723122239113
8774,0.0049672494642436504
58965,0.0032456174958497286
17608,0.0029248648788779974
87950,0.0025586204137653112
