Index,Activation Value
94783,0.411138117313385
58017,0.2315833419561386
81473,0.2042718082666397
102851,0.08447503298521042
98052,0.03862360119819641
