Index,Activation Value
39547,0.09403377026319504
43054,0.08675337582826614
19868,0.06104070693254471
53579,0.05727749690413475
4930,0.053024981170892715
2354,0.05155887454748154
26778,0.0484386570751667
58916,0.04801024869084358
7145,0.047863755375146866
1838,0.047271955758333206
