Index,Activation Value
37498,0.01959504559636116
59162,0.009190225973725319
87491,0.002184350276365876
22202,0.001976310508325696
7362,0.0019370552618056536
15037,0.001797035220079124
3531,0.0015407617902383208
7682,0.0012799688847735524
42192,0.0012781721306964755
32400,0.0010163499973714352
