Index,Activation Value
88571,0.03528306633234024
95769,0.02228349633514881
54896,0.013212493620812893
70349,0.012884602881968021
75996,0.012075911276042461
29372,0.011392712593078613
26012,0.010863194242119789
88295,0.010653134435415268
44123,0.010257300920784473
97336,0.009115692228078842
