Index,Activation Value
39479,0.9513964056968689
46158,0.3330705165863037
68859,0.32570481300354004
41178,0.19311639666557312
186,0.0713871419429779
65694,0.014778148382902145
35350,0.009879468940198421
59644,0.0038985232822597027
