Index,Activation Value
36173,0.03748905658721924
71879,0.019754862412810326
97407,0.019446685910224915
4738,0.01843377761542797
27438,0.018244760110974312
19627,0.018047139048576355
95115,0.017199141904711723
111665,0.016043033450841904
55779,0.014275592751801014
15037,0.013905602507293224
