Index,Activation Value
38432,0.00832812488079071
57551,0.0031511266715824604
4902,0.0009285341366194189
53589,0.0005937437526881695
