Index,Activation Value
29450,0.0016335903201252222
104537,0.0012780532706528902
73855,0.0006230516592040658
95769,6.729497545165941e-05
