Index,Activation Value
43164,0.02462470345199108
3004,0.01844419352710247
7125,0.011587515473365784
2800,0.009718917310237885
39207,0.005619051866233349
17569,0.004146363586187363
44026,0.0010753199458122253
