Index,Activation Value
1259,0.049027569591999054
21467,0.0015712142921984196
