Index,Activation Value
59868,1.2656525373458862
11145,1.1946576833724976
32498,0.28080880641937256
23252,0.13935218751430511
