Index,Activation Value
41843,0.07329180836677551
2891,0.06292174011468887
439,0.05421638488769531
38127,0.05238215625286102
10685,0.052370067685842514
44208,0.05210477113723755
43220,0.05135966092348099
44189,0.050669457763433456
31867,0.04765705764293671
47639,0.04723985120654106
