Index,Activation Value
84018,0.005960863549262285
88273,0.004426363855600357
110063,0.004168943036347628
52854,0.003876631846651435
78437,0.003631660481914878
26058,0.0021743006072938442
56266,0.0011486670700833201
2279,0.0008029364980757236
