Index,Activation Value
38127,0.07801566272974014
57551,0.0766216591000557
14826,0.07612765580415726
56855,0.07419980317354202
53589,0.07400582730770111
36212,0.0649600625038147
30430,0.06438366323709488
13743,0.06379376351833344
19339,0.06246188282966614
25657,0.062333978712558746
