Index,Activation Value
16107,0.08290931582450867
62662,0.0745081827044487
26058,0.07107909768819809
108688,0.06931523233652115
73855,0.06791049242019653
61123,0.06785982102155685
15751,0.06663329899311066
29450,0.06272853910923004
39257,0.06229200214147568
101572,0.05870962515473366
