Index,Activation Value
36173,0.0025631231255829334
852,0.0018934229156002402
14326,0.0017856243066489697
111011,0.0015331602189689875
104537,0.0012157299788668752
9293,0.0010396511061117053
70776,0.0009919300209730864
13090,0.0009634061134420335
17608,0.0006023863679729402
12,0.00047017334145493805
