Index,Activation Value
90842,0.008672736585140228
19627,0.005006061866879463
72094,0.0003164614026900381
