Index,Activation Value
41843,0.8283488154411316
44208,0.22207729518413544
