Index,Activation Value
21467,0.10788360238075256
54138,0.07685981690883636
38432,0.07670602947473526
8019,0.07202509790658951
9816,0.06921206414699554
27547,0.06646175682544708
8080,0.06111005321145058
30430,0.05944761261343956
43197,0.05105023831129074
45313,0.04234083369374275
