Index,Activation Value
12344,0.12403848022222519
70349,0.11167709529399872
28910,0.10761678218841553
96758,0.10600186139345169
36173,0.0925503596663475
95769,0.08543098717927933
13090,0.0852377638220787
88571,0.08362650871276855
52183,0.08299612998962402
103694,0.056688614189624786
