Index,Activation Value
24298,0.21951061487197876
57551,0.19748173654079437
14826,0.19023779034614563
19339,0.18570858240127563
17428,0.1854223906993866
9816,0.17834654450416565
27683,0.17695072293281555
33607,0.1721978485584259
24588,0.17102770507335663
31736,0.16838350892066956
