Index,Activation Value
35684,0.003022509627044201
36944,0.0010664955480024219
