Index,Activation Value
773,0.05966554209589958
43197,0.05904253199696541
30430,0.0513487234711647
29465,0.04665312170982361
36212,0.045914869755506516
45313,0.039624884724617004
9816,0.039353568106889725
57551,0.03832337260246277
32727,0.036943469196558
13743,0.03567348048090935
