Index,Activation Value
3903,1.3450424671173096
7444,0.6797072291374207
45466,0.45712122321128845
13446,0.43540894985198975
24951,0.42540761828422546
9271,0.2882750928401947
13927,0.25666990876197815
55479,0.18194912374019623
50837,0.17696039378643036
24599,0.16766169667243958
