Index,Activation Value
12344,0.08246960490942001
49456,0.07877888530492783
104537,0.056680917739868164
21549,0.056160081177949905
14022,0.0538259819149971
14983,0.050808485597372055
66289,0.04897516220808029
80233,0.04231230914592743
96758,0.03811179846525192
99629,0.03767457604408264
