Index,Activation Value
33336,0.03407414257526398
70349,0.02966136299073696
88571,0.01972046121954918
17902,0.018729351460933685
96758,0.014095635153353214
96125,0.013692500069737434
27438,0.011081958189606667
14165,0.010774318128824234
11374,0.008783216588199139
95312,0.0066309040412306786
