Index,Activation Value
55426,0.01013131719082594
48473,0.005693118087947369
26376,0.00545648904517293
16261,0.0039667836390435696
24235,0.0038216011598706245
73782,0.0026366719976067543
24604,0.0023828635457903147
22092,0.002302885055541992
96065,0.0021261139772832394
80813,0.001941925147548318
