Index,Activation Value
36625,0.05631004646420479
36944,0.05586343631148338
15111,0.052208010107278824
25227,0.043858569115400314
15598,0.04206998646259308
43054,0.040546733886003494
52735,0.03923453763127327
14960,0.03670506179332733
25605,0.03542106971144676
57892,0.03533615544438362
