Index,Activation Value
8080,0.02295377478003502
21467,0.02060149423778057
53579,0.01867586001753807
24298,0.016517139971256256
8019,0.01649167202413082
38924,0.014105492271482944
33011,0.012884743511676788
44569,0.01223865058273077
27547,0.01185569167137146
26778,0.010868173092603683
