Index,Activation Value
28910,0.0976962223649025
16959,0.08052556961774826
9293,0.07906438410282135
36411,0.07833113521337509
74354,0.07823750376701355
39257,0.07551778852939606
16107,0.07429257035255432
48473,0.07142134755849838
100532,0.07093056291341782
107558,0.06872531026601791
