Index,Activation Value
97612,0.5092958807945251
47061,0.4536423981189728
71879,0.4118030369281769
88407,0.30595338344573975
54668,0.17840196192264557
90842,0.1527726799249649
17433,0.11953558027744293
88815,0.10795632004737854
5529,0.08232240378856659
48449,0.07111551612615585
