Index,Activation Value
80813,0.01879269629716873
28425,0.013674839399755001
70776,0.004965171683579683
54896,0.004596297163516283
50439,0.002538117114454508
107925,0.0018051498336717486
107558,0.0015861261636018753
37498,0.0009117597946897149
