Index,Activation Value
70349,0.10005486011505127
102181,0.09975580126047134
14022,0.09792222827672958
35831,0.08739408105611801
82590,0.0858801081776619
7351,0.08301606774330139
96758,0.08127486705780029
11918,0.08043535053730011
96654,0.0780283659696579
7866,0.07267574965953827
