Index,Activation Value
26937,0.010430452413856983
22718,0.009689808823168278
5556,0.009065321646630764
44569,0.007265880238264799
38924,0.00697875814512372
1859,0.006047242321074009
2800,0.0042967661283910275
55867,0.0038382390048354864
42887,0.003683484857901931
26778,0.003197588725015521
