Index,Activation Value
61123,0.02646847628057003
48529,0.023080948740243912
21549,0.022587906569242477
56725,0.019980045035481453
52183,0.01884119212627411
11313,0.018680032342672348
107558,0.018663400784134865
111011,0.018047861754894257
108542,0.015945862978696823
36173,0.01474927831441164
