Index,Activation Value
17902,0.10154992341995239
9293,0.09858784079551697
70349,0.09339173883199692
108688,0.0805920958518982
52847,0.07767397910356522
87491,0.0725974291563034
20663,0.07123558223247528
25849,0.06104869395494461
99763,0.060968779027462006
25887,0.05989917740225792
