Index,Activation Value
43178,0.00365774380043149
12023,0.0022918919567018747
579,0.0005918141105212271
