Index,Activation Value
16549,0.043894439935684204
3932,0.035771943628787994
39837,0.0339224599301815
44964,0.03178396821022034
45858,0.02774861641228199
773,0.026449546217918396
40862,0.0256723091006279
29340,0.02479291707277298
43315,0.021946998313069344
22603,0.020274588838219643
