Index,Activation Value
58249,0.09010522067546844
54138,0.0856735110282898
38127,0.08394131809473038
55023,0.07922665029764175
53582,0.07900471985340118
38432,0.07559692859649658
56855,0.0736539214849472
36212,0.07297398149967194
24565,0.072479248046875
33011,0.06734893471002579
