Index,Activation Value
11257,0.13246844708919525
2354,0.11152735352516174
2390,0.10620264708995819
23998,0.09382442384958267
17428,0.09336256980895996
44743,0.08999903500080109
41694,0.0890427678823471
25802,0.08795992285013199
47976,0.08767540752887726
26073,0.08745443820953369
