Index,Activation Value
22230,0.09120170027017593
8774,0.07552918046712875
107551,0.07030612975358963
110712,0.06487910449504852
7942,0.06292998045682907
103991,0.05724380910396576
36533,0.05558353662490845
7334,0.05116261914372444
14983,0.04525384306907654
17608,0.04434564337134361
