Index,Activation Value
28425,0.04050516337156296
36173,0.03175542503595352
107925,0.02473798580467701
16107,0.023446323350071907
90842,0.023104440420866013
99629,0.022252056747674942
64204,0.020541198551654816
50022,0.01656648889183998
27789,0.01537512056529522
13090,0.015199899673461914
