Index,Activation Value
13090,0.12266760319471359
28910,0.09076443314552307
30064,0.08032643795013428
28425,0.08023538440465927
108759,0.07794466614723206
54956,0.07656823843717575
76906,0.06945651024580002
82590,0.06914936751127243
19627,0.06658034771680832
52683,0.0656704530119896
