Index,Activation Value
76523,1.0513190031051636
59662,0.8829146027565002
97007,0.5556637644767761
74060,0.5436150431632996
80598,0.5375576019287109
104224,0.5240570306777954
76217,0.4162140190601349
100756,0.4090940058231354
112194,0.37240561842918396
37495,0.3097530007362366
