Index,Activation Value
43054,0.09308640658855438
8349,0.05494973808526993
8019,0.05318378657102585
58458,0.0521986223757267
14186,0.04847298189997673
43197,0.04841739684343338
579,0.04786738008260727
17939,0.04757409170269966
1859,0.047426316887140274
22371,0.04701325297355652
