Index,Activation Value
21467,0.008312219753861427
24298,0.005845744162797928
8019,0.0031456267461180687
8080,0.0027638247702270746
9816,0.0021190412808209658
36473,0.0013651137705892324
54138,0.0013177930377423763
27547,0.001088577788323164
56855,0.0008794986642897129
29340,8.447025174973533e-05
