Index,Activation Value
8080,0.011471794918179512
54138,0.00902867503464222
21467,0.007895349524915218
38924,0.007216739933937788
27547,0.006456824019551277
24298,0.0062419213354587555
36212,0.004852094687521458
53579,0.00357259064912796
44569,0.003507929854094982
8019,0.00329549890011549
