Index,Activation Value
592,0.01730537973344326
21437,0.015492022037506104
56519,0.014895851723849773
64204,0.014720126986503601
27191,0.013994794338941574
75310,0.013697400689125061
91104,0.013239358551800251
53869,0.012729346752166748
105975,0.012697247788310051
48304,0.012199344113469124
