Index,Activation Value
36212,0.14425671100616455
56855,0.11883847415447235
38432,0.11347074061632156
29340,0.10747865587472916
8396,0.10492360591888428
45313,0.09405450522899628
25657,0.07203607261180878
38340,0.06299380213022232
27547,0.0600123405456543
13743,0.05875300243496895
