Index,Activation Value
38127,0.0685451403260231
773,0.06256536394357681
36625,0.05572805926203728
56096,0.05169719457626343
19491,0.049717698246240616
37379,0.04578959569334984
17728,0.04235256090760231
28312,0.042346879839897156
16956,0.041866812855005264
49037,0.041314832866191864
