Index,Activation Value
24278,1.3229377269744873
52072,1.2973968982696533
33072,1.1829262971878052
71954,1.0763684511184692
108688,1.0562666654586792
20227,1.0415626764297485
56077,1.01629638671875
60476,0.9918620586395264
16105,0.8626746535301208
34742,0.6838855743408203
