Index,Activation Value
92077,0.11181727796792984
67509,0.09919741004705429
40355,0.07796923816204071
93685,0.07606559246778488
101572,0.07403023540973663
28910,0.07310961931943893
62662,0.07156528532505035
4825,0.061160795390605927
3309,0.05960632488131523
21549,0.05131117254495621
