Index,Activation Value
32727,0.5135076642036438
45313,0.46641600131988525
41844,0.4423063397407532
25657,0.43392542004585266
36212,0.42928969860076904
8396,0.4272710680961609
21467,0.4260117709636688
38340,0.4131358563899994
27547,0.3827548921108246
29465,0.37552204728126526
