Index,Activation Value
56725,0.10103738307952881
44818,0.08457248657941818
80813,0.07390341907739639
52826,0.06828100979328156
21437,0.0668693408370018
88571,0.06653410196304321
51766,0.0662197396159172
52847,0.06507588922977448
25887,0.06488383561372757
108688,0.06477519124746323
