Index,Activation Value
37498,0.07466275990009308
33336,0.06023094430565834
107995,0.05906415730714798
103824,0.057714927941560745
41162,0.055956173688173294
42482,0.05020245164632797
91875,0.04525594785809517
7682,0.044868309050798416
20663,0.044578589498996735
6786,0.044122081249952316
