Index,Activation Value
52426,0.0035744160413742065
88571,0.0030394999776035547
12589,0.002743733348324895
7334,0.0025982840452343225
83828,0.00168348487932235
12344,0.001097442233003676
104537,0.000929695030208677
852,0.0007951738662086427
7351,0.0007056234171614051
17690,0.0007051461725495756
