Index,Activation Value
43054,0.18724766373634338
51614,0.15216419100761414
14040,0.1030200645327568
32881,0.10107287764549255
45858,0.08647675067186356
10382,0.08147889375686646
24409,0.08126465231180191
58198,0.08067629486322403
4930,0.0797789990901947
23665,0.0756455734372139
