Index,Activation Value
43054,0.1276884824037552
38247,0.08975081145763397
39041,0.07466241717338562
38127,0.07337229698896408
55625,0.07175997644662857
22718,0.0683680847287178
21565,0.06176655739545822
53338,0.058329153805971146
8302,0.05785803869366646
33414,0.054249003529548645
