Index,Activation Value
33011,0.017910165712237358
38924,0.01566474884748459
26778,0.013225693255662918
30430,0.008098702877759933
53589,0.007353641092777252
26937,0.006918875500559807
18000,0.006643950007855892
38247,0.006427036132663488
53579,0.006012617144733667
58249,0.005371594801545143
