Index,Activation Value
21467,0.04547860100865364
8396,0.018483033403754234
36212,0.016399072483181953
44569,0.016397975385189056
38924,0.015353819355368614
29340,0.011847104877233505
43054,0.011686142534017563
27547,0.010837739333510399
773,0.010273991152644157
16549,0.009842772968113422
