Index,Activation Value
88571,0.15436361730098724
72094,0.10802586376667023
103694,0.09381376206874847
73908,0.09323987364768982
7334,0.08812947571277618
14022,0.08313795179128647
12589,0.08032866567373276
14983,0.07901543378829956
17608,0.07747288793325424
44978,0.07522957772016525
