Index,Activation Value
12344,0.01656324975192547
14022,0.01615292578935623
52491,0.015296053141355515
3082,0.013366462662816048
35254,0.013235988095402718
73908,0.013123652897775173
107558,0.012685267254710197
104002,0.012490447610616684
71879,0.010461773723363876
14983,0.008559785783290863
