Index,Activation Value
33011,0.2593017816543579
36473,0.25895312428474426
24298,0.21728116273880005
13179,0.19315822422504425
1909,0.17024265229701996
16549,0.16354399919509888
26778,0.1509825587272644
57163,0.1477585732936859
8080,0.13854537904262543
38924,0.13196229934692383
