Index,Activation Value
2800,0.013069155625998974
51203,0.002839120803400874
17134,0.002764924429357052
19426,0.0024483308661729097
30720,0.0015450523933395743
41843,0.0013992141466587782
17460,0.0006071152165532112
58688,0.0005692127742804587
4791,0.00036723376251757145
10634,0.00035620335256680846
