Index,Activation Value
56505,0.005321390926837921
41843,0.004732982721179724
47264,0.004203475546091795
25800,0.003638454480096698
46682,0.003564656712114811
48137,0.003492609364911914
34397,0.0033983399625867605
21618,0.003179662860929966
3932,0.002788136713206768
54944,0.0027134683914482594
