Index,Activation Value
17428,0.1417170614004135
56545,0.10071370750665665
5476,0.08806641399860382
14465,0.08431195467710495
56032,0.08371647447347641
54222,0.08346177637577057
30999,0.069963738322258
22335,0.06657099723815918
26174,0.0661054402589798
21532,0.06546171754598618
