Index,Activation Value
53579,0.03442469239234924
21467,0.03352392837405205
29340,0.027861686423420906
36212,0.027451291680336
8396,0.025266515091061592
56855,0.02453669160604477
33011,0.020513249561190605
54138,0.017414605244994164
38432,0.01625797711312771
26778,0.012897671200335026
