Index,Activation Value
55426,0.08961167186498642
100136,0.08159077912569046
87491,0.07554574310779572
98129,0.06133819743990898
26012,0.060477856546640396
29372,0.05646081268787384
25887,0.05464490130543709
16089,0.053081393241882324
35913,0.052858758717775345
2871,0.05211847648024559
