Index,Activation Value
34150,0.008428454399108887
10226,0.0035654313396662474
22603,0.0030072240624576807
45858,0.003001128090545535
21692,0.002923376625403762
2656,0.002795153297483921
7130,0.0026037164498120546
3777,0.00195814180187881
34268,0.0013630195753648877
36252,0.0012903116876259446
