Index,Activation Value
33011,0.12237424403429031
773,0.11891960352659225
36473,0.10871819406747818
36875,0.09684915840625763
579,0.09348641335964203
5319,0.08860358595848083
56032,0.08279655873775482
5476,0.07711038738489151
14465,0.05985541641712189
28312,0.05469683185219765
