Index,Activation Value
12344,0.03551158308982849
87758,0.006915697827935219
6156,0.005149790085852146
92077,0.004754400346428156
107551,0.0038097109645605087
88546,0.0027962839230895042
103991,0.0018198001198470592
61123,0.001060482463799417
91104,0.000979280681349337
64790,0.0004014409496448934
