Index,Activation Value
102055,1.7412976026535034
18417,1.4053717851638794
64414,1.0412853956222534
84327,0.9783941507339478
34152,0.773084282875061
112455,0.6312675476074219
15349,0.624958872795105
17716,0.6038631200790405
36639,0.5878551006317139
159,0.4758983850479126
