Index,Activation Value
36473,0.059819187968969345
29340,0.05591268092393875
8019,0.052925437688827515
18000,0.048699263483285904
42887,0.04811517521739006
7145,0.046436287462711334
24298,0.04455897584557533
4055,0.04360910877585411
35684,0.04296012222766876
33011,0.039293210953474045
