Index,Activation Value
32757,0.1002601757645607
42296,0.09940344095230103
28312,0.0965786799788475
2390,0.0889357328414917
25802,0.07048609107732773
34367,0.06592187285423279
9351,0.0658428892493248
9084,0.06384401768445969
13925,0.062308330088853836
34211,0.05884622409939766
