Index,Activation Value
42773,0.04811347275972366
47257,0.04532242566347122
41844,0.04174059256911278
25657,0.03662772476673126
28855,0.03546915948390961
57551,0.03326452523469925
46682,0.03172856196761131
47900,0.031130990013480186
14721,0.030182670801877975
51769,0.02933383733034134
