Index,Activation Value
38924,0.22998996078968048
53579,0.20902378857135773
44569,0.17591838538646698
24298,0.16292281448841095
58249,0.15950240194797516
26778,0.1530253291130066
1909,0.146361842751503
33011,0.14144156873226166
8019,0.12416119873523712
8080,0.12337581813335419
