Index,Activation Value
19701,0.06227780133485794
50478,0.052270688116550446
38992,0.051834091544151306
50459,0.04422292113304138
14196,0.04285651817917824
25624,0.042535196989774704
39999,0.04167068004608154
54694,0.04093749448657036
38764,0.03833695128560066
10226,0.03771919012069702
