Index,Activation Value
24298,0.06603669375181198
21467,0.06014193221926689
25800,0.05612482503056526
8019,0.03683435544371605
9816,0.03439302742481232
18000,0.030153118073940277
42887,0.028059566393494606
45682,0.025884617120027542
24702,0.024463701993227005
36473,0.02419271133840084
