Index,Activation Value
13090,0.024986930191516876
60631,0.02273106761276722
56725,0.013904501684010029
96758,0.012092666700482368
64204,0.007404679898172617
33336,0.004568205215036869
