Index,Activation Value
13090,0.00718702794983983
28910,0.007113458123058081
70349,0.004056261852383614
107551,0.003998061176389456
75310,0.003909377381205559
592,0.0033878188114613295
103991,0.0028611337766051292
66575,0.000763129850383848
