Index,Activation Value
21467,0.008961536921560764
36212,0.006943125743418932
41843,0.006393284071236849
1859,0.004170386586338282
14826,0.0008043677662499249
38432,0.0002475270302966237
52440,5.890628381166607e-05
