Index,Activation Value
56155,0.6358628273010254
44569,0.4136124849319458
55774,0.08688264340162277
1859,0.054702386260032654
