Index,Activation Value
21191,0.16210953891277313
50478,0.15554651618003845
20435,0.15481911599636078
57413,0.15087130665779114
27399,0.14974837005138397
47321,0.14683392643928528
54327,0.14363934099674225
16956,0.14163430035114288
17557,0.1393497884273529
52585,0.13861031830310822
