Index,Activation Value
37498,0.0032473152969032526
13090,0.0024409221950918436
56725,0.0004843542992603034
