Index,Activation Value
111011,0.028599675744771957
71932,0.019174320623278618
7106,0.015199919231235981
19530,0.015134439803659916
73464,0.014853760600090027
32638,0.014231609180569649
76908,0.013960260897874832
54105,0.012479963712394238
42192,0.011847132816910744
28910,0.011845621280372143
