Index,Activation Value
86606,0.4831649959087372
99680,0.39783570170402527
