Index,Activation Value
33011,0.07973343133926392
55023,0.0584261491894722
54138,0.05530524626374245
29340,0.054402802139520645
25657,0.053918443620204926
31736,0.049660574644804
53407,0.048576124012470245
28561,0.045327819883823395
19339,0.04492953047156334
56554,0.04377539083361626
