Index,Activation Value
49205,1.7903673648834229
2871,1.5468854904174805
20930,1.1193071603775024
39446,1.0143004655838013
92908,0.7963574528694153
92525,0.7221700549125671
39616,0.6066015958786011
69095,0.6039235591888428
19223,0.5543808937072754
67820,0.5290476083755493
