Index,Activation Value
9293,0.10924901068210602
95769,0.10790989547967911
27438,0.07842195779085159
12344,0.07818328589200974
3082,0.07423290610313416
14022,0.07352185994386673
109825,0.07165655493736267
8251,0.06967895478010178
35254,0.06900876015424728
111056,0.06531260162591934
