Index,Activation Value
89945,0.20432336628437042
93280,0.08217589557170868
77864,0.06020999699831009
