Index,Activation Value
107995,0.0821228101849556
80813,0.07825098931789398
87077,0.0723215639591217
102181,0.06250779330730438
41210,0.05862920731306076
47167,0.056310150772333145
48473,0.05618955194950104
70520,0.055457234382629395
65958,0.05424489080905914
852,0.051092423498630524
