Index,Activation Value
8080,0.030975177884101868
26778,0.02982570230960846
33011,0.02452978491783142
53579,0.020717045292258263
18000,0.017367878928780556
8019,0.014650005847215652
38924,0.014479934237897396
24298,0.013707470148801804
1909,0.012881593778729439
21467,0.012531088665127754
