Index,Activation Value
53579,0.1857306957244873
1909,0.1295575648546219
38127,0.12365797162055969
55625,0.09620707482099533
30430,0.08078830689191818
38924,0.07914452999830246
51614,0.07675637304782867
58249,0.07381945103406906
29907,0.06504227966070175
28561,0.0639643743634224
