Index,Activation Value
6156,0.07518734782934189
12344,0.07283038645982742
35254,0.061340250074863434
56725,0.060485489666461945
60631,0.058553364127874374
105073,0.057125531136989594
3311,0.05501909926533699
16158,0.05438908562064171
87758,0.05386298894882202
4738,0.05265573784708977
