Index,Activation Value
16627,0.09222964942455292
66379,0.0493810661137104
