Index,Activation Value
38924,0.022299934178590775
21467,0.021631507202982903
53579,0.01863490417599678
58249,0.015198293142020702
33011,0.015017957426607609
1909,0.009539773687720299
8080,0.008008337579667568
26778,0.007469630800187588
24298,0.006960325408726931
36473,0.006025070324540138
