Index,Activation Value
60631,0.033965181559324265
52183,0.017255187034606934
52008,0.011854058131575584
12344,0.011102210730314255
56725,0.00998706929385662
14165,0.009763266891241074
49456,0.00854482688009739
112731,0.00845005176961422
81123,0.008354945108294487
13090,0.007748082280158997
