Index,Activation Value
21467,0.002546190284192562
53579,0.001172025571577251
38924,0.000308327580569312
