Index,Activation Value
60631,0.0028929184190928936
16107,0.0022829941008239985
88295,0.0016051139682531357
16158,0.0015484249452129006
7334,0.0013327021151781082
59998,0.0011314983712509274
83828,0.0005420151865109801
96758,0.00042142023448832333
76908,0.0002483795688021928
51766,0.000190245162229985
