Index,Activation Value
28910,0.017471222206950188
49456,0.00581982359290123
88571,0.005606847815215588
99629,0.004540308378636837
7334,0.004025367554277182
52183,0.003404794028028846
14022,0.0030397260561585426
21175,0.001534928334876895
20930,0.001391614438034594
95496,0.0013615231728181243
