Index,Activation Value
19627,0.023030616343021393
33336,0.02030763402581215
16107,0.017307661473751068
87077,0.016788654029369354
95769,0.014191174879670143
60631,0.013399592600762844
58045,0.011704430915415287
9017,0.010801396332681179
80233,0.009967719204723835
96065,0.009842668659985065
