Index,Activation Value
66575,1.2177667617797852
31778,0.9799131751060486
98954,0.7833544611930847
112186,0.6426589488983154
17743,0.6158563494682312
19573,0.3905268907546997
56982,0.3290502727031708
39975,0.32531940937042236
65484,0.3195696473121643
89179,0.14411677420139313
