Index,Activation Value
27683,0.03431113809347153
4422,0.015429355204105377
39999,0.015036100521683693
22335,0.014224904589354992
36054,0.013935939408838749
19701,0.012608448974788189
18922,0.011777877807617188
52142,0.010543331503868103
20435,0.010075143538415432
35800,0.01006419025361538
