Index,Activation Value
30064,0.006442295387387276
111478,0.005669909529387951
76908,0.0042084697633981705
24235,0.003598814597353339
82590,0.002231302671134472
97407,0.0015464373864233494
86756,0.001062368624843657
4738,0.0007084616227075458
110063,0.0004491358413361013
