Index,Activation Value
19275,0.1329755038022995
53968,0.013645137660205364
