Index,Activation Value
13090,0.017773212864995003
52183,0.01601606048643589
84018,0.010349095799028873
17608,0.010012911632657051
28910,0.004495810251682997
104002,0.004479572176933289
56725,0.004370979033410549
36411,0.0027591714169830084
14165,0.0019780162256211042
94608,0.0014830228174105287
