Index,Activation Value
36473,0.06418921053409576
26778,0.05408116802573204
21467,0.05187950283288956
59924,0.042860083281993866
53579,0.03733664005994797
8080,0.03580142557621002
39207,0.03422091528773308
1909,0.03268037736415863
33011,0.032004714012145996
24702,0.031081847846508026
