Index,Activation Value
2297,0.8502720594406128
6212,0.6380575895309448
19165,0.3940986692905426
