Index,Activation Value
29340,0.027064280584454536
33011,0.025881171226501465
8080,0.018733171746134758
21467,0.01793426088988781
1909,0.01670374907553196
56855,0.014393024146556854
26778,0.01108906976878643
36473,0.01061320025473833
53579,0.010000552982091904
54138,0.008128245361149311
