Index,Activation Value
37498,0.02588757313787937
36173,0.02551564760506153
56725,0.02325086109340191
47448,0.014207117259502411
18680,0.011319637298583984
33336,0.010892054066061974
48529,0.010572693310678005
13090,0.00788030307739973
92077,0.0078015984036028385
42812,0.007215321529656649
