Index,Activation Value
96758,0.04441904276609421
111011,0.02087111957371235
81123,0.019626425579190254
12344,0.015330841764807701
28910,0.014362105168402195
36398,0.01294298842549324
6156,0.011794116348028183
84018,0.011644064448773861
868,0.011266171000897884
47884,0.010607690550386906
