Index,Activation Value
92943,1.0807969570159912
98983,0.7491173148155212
20663,0.6550241708755493
33955,0.6101231575012207
48363,0.60152268409729
111156,0.5588599443435669
61316,0.46900659799575806
61241,0.4594134986400604
43802,0.4329116642475128
42093,0.3762887418270111
