Index,Activation Value
88571,0.021281426772475243
6156,0.013787686824798584
7682,0.007189984433352947
45447,0.006636531557887793
89026,0.006216119043529034
62757,0.005151660647243261
852,0.004958476405590773
7866,0.004637239035218954
76298,0.004417754709720612
14022,0.003712096717208624
