Index,Activation Value
11450,0.008964226581156254
9893,0.0005218349397182465
