Index,Activation Value
53579,0.030025482177734375
8080,0.018249858170747757
21467,0.01757851429283619
24298,0.013670394197106361
38924,0.013575872406363487
54138,0.011799057945609093
8019,0.011332628317177296
58249,0.009357765316963196
26778,0.009160995483398438
44569,0.008853096514940262
