Index,Activation Value
26196,2.8349690437316895
26568,2.3314571380615234
7618,2.138587236404419
25701,1.661321997642517
25239,1.6474041938781738
40568,1.538339614868164
42409,1.4091259241104126
8861,1.3191879987716675
4243,1.3157672882080078
40835,1.304218053817749
