Index,Activation Value
107995,0.009304206818342209
14165,0.0035219313576817513
22230,0.0027934499084949493
