Index,Activation Value
44743,0.051155660301446915
56545,0.045832350850105286
49406,0.044501908123493195
19491,0.04363831877708435
20435,0.04235021770000458
56032,0.038029368966817856
17728,0.03698684647679329
37379,0.036795925348997116
23998,0.0354357585310936
5476,0.033395834267139435
