Index,Activation Value
104540,0.8976268172264099
5681,0.6739647388458252
103701,0.51678866147995
61687,0.511673092842102
72922,0.3985100984573364
81134,0.390481561422348
60561,0.3652566373348236
107107,0.1514187455177307
24464,0.07367908209562302
56595,0.05607109144330025
