Index,Activation Value
64204,0.02809414267539978
13090,0.02681037411093712
28910,0.024863431230187416
60631,0.02369442582130432
28425,0.01700999028980732
7682,0.014462219551205635
107925,0.013175963424146175
19627,0.012990478426218033
93275,0.010233370587229729
73501,0.009524506516754627
