Index,Activation Value
92077,0.08521414548158646
64204,0.08157628029584885
91104,0.0702560544013977
93969,0.07007276266813278
12589,0.06856709718704224
25887,0.0667332261800766
59080,0.06589043885469437
26012,0.06575160473585129
22092,0.06410986930131912
592,0.06392695009708405
