Index,Activation Value
33011,0.008118472062051296
53579,0.007287054322659969
38924,0.0068428050726652145
58249,0.004717365372925997
26778,0.0014273303095251322
8396,0.0012012713123112917
27547,0.0008747813408263028
32727,5.8386518503539264e-05
