Index,Activation Value
4055,0.04420240595936775
47009,0.03621530532836914
13411,0.025322575122117996
50144,0.024998079985380173
39787,0.024461986497044563
11478,0.02362876757979393
17169,0.023194871842861176
36944,0.021850187331438065
45538,0.02062823809683323
35684,0.01992662064731121
