Index,Activation Value
38924,0.1788204461336136
53579,0.15961965918540955
24298,0.1528697907924652
8080,0.13747982680797577
8019,0.13436158001422882
36473,0.1302165538072586
58249,0.11788738518953323
44569,0.10973262041807175
21467,0.08175703883171082
26778,0.08153713494539261
