Index,Activation Value
107925,0.01108145248144865
36173,0.004676017910242081
59998,0.0044250464998185635
19627,0.0017885302659124136
26233,0.0008231084211729467
6017,0.0006564997020177543
71843,0.00019096607866231352
