Index,Activation Value
21467,0.7449226975440979
54138,0.5331475734710693
