Index,Activation Value
38924,0.26550060510635376
26778,0.22917065024375916
36473,0.1863614171743393
43054,0.18265394866466522
13743,0.1798241287469864
39547,0.14271247386932373
30430,0.12761709094047546
51614,0.11582138389348984
24409,0.10576117038726807
2354,0.10284242779016495
