Index,Activation Value
36944,0.055691204965114594
36625,0.051965970546007156
29465,0.048280004411935806
35473,0.04187578335404396
4055,0.04157758131623268
21565,0.04079580307006836
31723,0.04035928100347519
17999,0.037334781140089035
6473,0.03655613586306572
57892,0.0359724685549736
