Index,Activation Value
73908,0.021401191130280495
103694,0.015763968229293823
86538,0.013880852609872818
92881,0.013609809800982475
14983,0.013531564734876156
40315,0.013146833516657352
66000,0.013084957376122475
51766,0.012853100895881653
36441,0.012697392143309116
9017,0.012559288181364536
