Index,Activation Value
49472,0.35191741585731506
8485,0.0337972454726696
5078,0.028788963332772255
