Index,Activation Value
70349,0.03493374213576317
13090,0.03251843899488449
37498,0.02892141230404377
33336,0.02496972307562828
56725,0.024476658552885056
36173,0.021802127361297607
20663,0.01870531402528286
60631,0.017502151429653168
96758,0.01476896833628416
27438,0.014583964832127094
