Index,Activation Value
21467,0.20779751241207123
36212,0.12024074047803879
53579,0.11423526704311371
8396,0.1060452088713646
56855,0.10383246839046478
38924,0.09516015648841858
25657,0.09408298134803772
58249,0.09233506768941879
19868,0.0880720391869545
29465,0.07402440905570984
