Index,Activation Value
29340,0.27249687910079956
36212,0.2555535137653351
56855,0.204547718167305
8396,0.17643040418624878
773,0.15960846841335297
25657,0.14028295874595642
4530,0.12942861020565033
25544,0.12344913184642792
45858,0.12338712811470032
55023,0.12211192399263382
