Index,Activation Value
29340,0.09805653989315033
36625,0.07178064435720444
56855,0.06843902915716171
36212,0.06812293082475662
54138,0.06646362692117691
31056,0.06458895653486252
21565,0.0586891770362854
36944,0.05637255683541298
44937,0.05404391884803772
35684,0.05262644216418266
