Index,Activation Value
21467,0.008041571825742722
53579,0.007608206011354923
8080,0.0025113096926361322
33011,0.002040186431258917
38924,0.0019765186589211226
26778,0.001540417200885713
1909,0.00020306075748521835
