Index,Activation Value
7145,0.2281823307275772
45313,0.15348705649375916
29465,0.14206451177597046
13743,0.1416158825159073
57551,0.13136596977710724
38432,0.13124632835388184
9049,0.12892751395702362
41994,0.1261381208896637
38340,0.1251339614391327
19701,0.12372174113988876
