Index,Activation Value
7145,0.22781983017921448
24702,0.12329162657260895
7125,0.09364120662212372
43164,0.09238151460886002
14706,0.08982156962156296
13604,0.08535007387399673
51614,0.08173694461584091
33607,0.07751234620809555
24565,0.06608451157808304
21618,0.06553324311971664
