Index,Activation Value
33011,0.332975298166275
38924,0.23932360112667084
53579,0.2244497835636139
56554,0.2216576188802719
58249,0.21442846953868866
1909,0.18744806945323944
26778,0.18092037737369537
44569,0.16395516693592072
8080,0.14181970059871674
24702,0.1359979808330536
