Index,Activation Value
21467,0.13773351907730103
36212,0.0920214131474495
53579,0.08585567772388458
38924,0.08058066666126251
8396,0.06359783560037613
38340,0.060702789574861526
56855,0.05227065086364746
38432,0.05142014101147652
29340,0.050922833383083344
44569,0.03581753000617027
