Index,Activation Value
96758,0.032310277223587036
27438,0.03019057586789131
35254,0.02259397692978382
104537,0.018813444301486015
81123,0.017716167494654655
49456,0.017068184912204742
59998,0.01437191478908062
92547,0.013998324982821941
55040,0.01330139022320509
17335,0.012600533664226532
