Index,Activation Value
38924,0.011614039540290833
53579,0.007229463662952185
33011,0.0048415265046060085
26778,0.0029784857761114836
58249,0.0020001856610178947
13179,0.0003685194533318281
