Index,Activation Value
107558,0.023672498762607574
56725,0.021455569192767143
52683,0.019923241809010506
7334,0.01985999010503292
40355,0.019701585173606873
62662,0.01838216558098793
33336,0.017218198627233505
92077,0.017055653035640717
70349,0.016709785908460617
12,0.01407256256788969
