Index,Activation Value
36212,0.06289581954479218
56855,0.05415097624063492
8396,0.05031021311879158
29340,0.0489741750061512
21467,0.04088939353823662
38432,0.040221553295850754
25657,0.039728954434394836
38340,0.024329127743840218
53579,0.023006496950984
41844,0.022477617487311363
