Index,Activation Value
3949,1.925842046737671
82781,1.8815714120864868
47838,1.428870439529419
80233,1.1998021602630615
102181,1.0358281135559082
110740,1.0114537477493286
39257,0.9818229079246521
54592,0.9660534858703613
78100,0.9054491519927979
87509,0.8420371413230896
