Index,Activation Value
95693,1.256833553314209
111072,1.1992926597595215
11374,1.1232693195343018
14165,0.9920077919960022
9366,0.9872724413871765
46013,0.8620983958244324
3954,0.8063085079193115
15706,0.7560606002807617
104038,0.7395737171173096
94000,0.6677913665771484
