Index,Activation Value
35367,0.10306984931230545
36685,0.08919112384319305
7145,0.08907650411128998
39837,0.08438163250684738
47976,0.07880441099405289
44189,0.077618807554245
25802,0.07730471342802048
44964,0.07612884044647217
41694,0.07476968318223953
2295,0.07437215745449066
