Index,Activation Value
75127,0.6065305471420288
102618,0.403499037027359
28205,0.0736982673406601
94391,0.0701260045170784
