Index,Activation Value
59998,0.029002606868743896
17608,0.014756676740944386
73855,0.014629977755248547
107995,0.013454481028020382
12589,0.012717604637145996
27789,0.012069806456565857
42812,0.011431080289185047
16807,0.010511820204555988
41210,0.009790433570742607
29450,0.009534724056720734
