Index,Activation Value
24298,0.07431211322546005
8019,0.05117981880903244
33011,0.044215571135282516
9816,0.04120398685336113
36473,0.040963757783174515
31904,0.035671867430210114
38924,0.033853642642498016
58249,0.028743408620357513
566,0.027836566790938377
17428,0.025672785937786102
