Index,Activation Value
21467,0.49248477816581726
53579,0.38394179940223694
8080,0.3758784830570221
33011,0.36298564076423645
1909,0.33020004630088806
38924,0.3095845878124237
27547,0.28475645184516907
44569,0.2436085194349289
8019,0.21583028137683868
59288,0.2112361192703247
