Index,Activation Value
29340,0.04345116391777992
56855,0.04016033187508583
8396,0.03630184382200241
36212,0.02867640182375908
21467,0.027530675753951073
19868,0.022253090515732765
32727,0.020291592925786972
31736,0.016290459781885147
55023,0.0147709334269166
53589,0.014329095371067524
