Index,Activation Value
16549,0.0814216285943985
773,0.07722965627908707
33011,0.07285119593143463
38924,0.05382992699742317
53579,0.05150511488318443
58249,0.04102320596575737
39837,0.0381501279771328
19868,0.034577928483486176
45858,0.03242569416761398
26778,0.03132611885666847
