Index,Activation Value
12344,0.1348915845155716
70349,0.12741415202617645
88571,0.1186312884092331
27438,0.11504440009593964
83828,0.10994457453489304
90842,0.09748238325119019
7351,0.09234610944986343
18680,0.07848040014505386
107925,0.07809600234031677
11313,0.07450971752405167
