Index,Activation Value
44569,0.3639252781867981
38924,0.35131630301475525
33011,0.3336499333381653
8080,0.3171584904193878
1909,0.29863241314888
24298,0.29476043581962585
21467,0.28049787878990173
27547,0.27185484766960144
26778,0.2701011896133423
1859,0.26913586258888245
