Index,Activation Value
21467,0.37911543250083923
8396,0.3143685460090637
36212,0.3031040132045746
38924,0.3005125820636749
53579,0.3004818260669708
56855,0.2763500511646271
33011,0.24324935674667358
26778,0.22184468805789948
8080,0.21576811373233795
45313,0.21476632356643677
