Index,Activation Value
111011,0.014910290017724037
12589,0.014030586928129196
46383,0.013886409811675549
6200,0.01305052824318409
52426,0.012359078973531723
61123,0.012272420339286327
104537,0.012182053178548813
852,0.011301946826279163
22092,0.009957210160791874
35254,0.009904461912810802
