Index,Activation Value
24298,0.23046128451824188
21467,0.19086362421512604
33011,0.1904153674840927
53579,0.1808464378118515
36473,0.16747260093688965
44569,0.16059941053390503
38924,0.14211176335811615
26778,0.1363278478384018
8080,0.13354744017124176
54138,0.12210790067911148
