Index,Activation Value
33011,0.05008715018630028
8080,0.0306452177464962
53579,0.028857745230197906
38924,0.027395468205213547
26778,0.024869322776794434
29340,0.023949239403009415
27547,0.019248655065894127
38432,0.018136121332645416
58249,0.01751076430082321
1909,0.0171287152916193
