Index,Activation Value
21467,0.31638103723526
53579,0.3009454905986786
38924,0.27515771985054016
8080,0.22121749818325043
36212,0.2139456570148468
38432,0.19752827286720276
26778,0.19665475189685822
56855,0.19235648214817047
58249,0.19142435491085052
27547,0.18965314328670502
