Index,Activation Value
12344,0.01999153569340706
868,0.011751722544431686
17690,0.005500739440321922
6156,0.004110480193048716
74354,0.0022296514362096786
52491,0.001728313509374857
11313,0.0015443634474650025
102181,0.00046445810585282743
91430,0.00041116776992566884
