Index,Activation Value
104537,0.010044657625257969
48529,0.006740589160472155
42168,0.001560505130328238
52426,0.0007796607096679509
44818,0.00043936993461102247
108688,0.00016139441868290305
