Index,Activation Value
8080,0.21527765691280365
32727,0.21125122904777527
45313,0.201455757021904
43197,0.18562275171279907
18000,0.17907923460006714
24298,0.17459836602210999
43054,0.17186346650123596
8019,0.15372398495674133
42887,0.15267270803451538
38127,0.14957581460475922
