Index,Activation Value
49406,0.1808665245771408
56545,0.17733068764209747
44743,0.1769174039363861
56032,0.15792812407016754
45538,0.15678836405277252
19491,0.1527806967496872
11306,0.13838906586170197
45682,0.13590125739574432
37379,0.13355176150798798
37600,0.12891247868537903
