Index,Activation Value
1031,0.497013121843338
38846,0.42754021286964417
105412,0.14969976246356964
49691,0.08393417298793793
