Index,Activation Value
52975,1.5258220434188843
31634,1.405894160270691
50077,1.4025914669036865
46289,1.1224457025527954
28689,1.0525144338607788
10435,1.0257489681243896
29116,0.9993206858634949
26429,0.9592755436897278
45748,0.9464902877807617
25977,0.9246340394020081
