Index,Activation Value
218,0.015040476806461811
4511,0.004952958319336176
25373,0.0031719559337943792
36875,0.0024577947333455086
13380,0.00202268548309803
43514,0.0012680067447945476
59868,0.0009026953484863043
10226,0.00016847722872626036
