Index,Activation Value
9293,2.2177624702453613
63037,1.1212000846862793
30064,1.0713872909545898
15726,0.8064306974411011
49357,0.796172022819519
27438,0.753391683101654
59162,0.5508408546447754
67013,0.48758602142333984
99795,0.3953658640384674
109813,0.383482962846756
