Index,Activation Value
12344,0.02947189472615719
16107,0.021871104836463928
27438,0.01722870022058487
17690,0.013707153499126434
6156,0.012162948027253151
37498,0.010579664260149002
108542,0.010488994419574738
91430,0.008459853008389473
61123,0.00832870602607727
62757,0.007816851139068604
