Index,Activation Value
52183,0.008412141352891922
7682,0.0030956834089010954
96795,0.0005225742352195084
99629,0.00019036819867324084
34318,0.00013906134699936956
