Index,Activation Value
70776,0.0680946558713913
41162,0.05862664431333542
100195,0.05673849582672119
19627,0.043142225593328476
78618,0.03934619575738907
28425,0.03931119665503502
93685,0.03909948095679283
84018,0.03827258571982384
99629,0.03615979105234146
93969,0.033996596932411194
