Index,Activation Value
72998,1.0864125490188599
13539,0.552578866481781
53468,0.35407114028930664
109829,0.3362962007522583
28903,0.28758928179740906
45014,0.08710990846157074
