Index,Activation Value
40862,1.0170047283172607
16549,0.8397511839866638
