Index,Activation Value
24298,0.32756125926971436
54138,0.2853408753871918
27547,0.2658008933067322
9816,0.2528916299343109
36212,0.23704662919044495
8019,0.22706446051597595
38432,0.2076737880706787
21467,0.18919850885868073
29340,0.18567189574241638
8396,0.1850319653749466
