Index,Activation Value
21467,0.012645562179386616
53579,0.008156536146998405
8396,0.00610366091132164
56855,0.004320170730352402
36212,0.003255039220675826
29340,0.001859876443631947
8080,0.0017502871342003345
38924,0.0005857248324900866
44569,0.0002675279974937439
26778,1.3631161891680676e-05
