Index,Activation Value
53579,0.00017187521734740585
38924,0.0001318130671279505
21467,0.00012067618808941916
33011,8.840199006954208e-05
