Index,Activation Value
7983,1.0199600458145142
5972,0.24127481877803802
28772,0.2076718807220459
52803,0.17479906976222992
26702,0.07896596193313599
