Index,Activation Value
58578,1.276735544204712
46348,1.2099997997283936
82189,1.1878104209899902
56405,1.1078656911849976
20923,1.0828866958618164
106472,1.0507080554962158
263,1.0329018831253052
66751,0.8997116088867188
112578,0.8058326840400696
96154,0.6932773590087891
