Index,Activation Value
13090,0.005017879884690046
28910,0.004551083315163851
52183,0.0044260285794734955
56725,0.00384466047398746
70349,0.003338345792144537
96758,0.002468047896400094
27438,0.0022920456249266863
64204,0.0015910834772512317
107995,0.0009078633156605065
12344,0.0007852200069464743
