Index,Activation Value
31515,0.6058181524276733
51860,0.13671936094760895
97711,0.03387949988245964
