Index,Activation Value
38432,0.23179803788661957
56855,0.21425610780715942
27547,0.17461074888706207
29340,0.169545516371727
8396,0.16396206617355347
8080,0.16107025742530823
54138,0.15301766991615295
36212,0.15144674479961395
38127,0.15030181407928467
28855,0.13338322937488556
