Index,Activation Value
16493,0.12383201718330383
107086,0.11444919556379318
