Index,Activation Value
56855,0.3025627136230469
8396,0.29529210925102234
25657,0.24874532222747803
36212,0.2227679044008255
43115,0.1863543689250946
52440,0.18481338024139404
14826,0.18056055903434753
4530,0.1766275018453598
57551,0.1688113808631897
19339,0.16634538769721985
