Index,Activation Value
24298,0.1295989751815796
32727,0.12417895346879959
27547,0.11863233894109726
8019,0.11787562817335129
9816,0.1046125739812851
38432,0.10385846346616745
18000,0.10178428143262863
53579,0.09961995482444763
21467,0.09878426045179367
44569,0.08236482739448547
