Index,Activation Value
9293,0.09411737322807312
64204,0.09276654571294785
99629,0.074659064412117
111011,0.07237984240055084
94111,0.07204758375883102
60806,0.06968855857849121
90284,0.06881554424762726
6375,0.06823433935642242
27438,0.06730581820011139
70349,0.06318050622940063
