Index,Activation Value
13090,0.03653491660952568
56725,0.026695143431425095
52683,0.019948795437812805
9293,0.00992314238101244
95312,0.009787578135728836
99629,0.008850465528666973
52426,0.008671144023537636
93685,0.008518829941749573
14165,0.006962789222598076
91551,0.006932183168828487
