Index,Activation Value
13090,0.013096019625663757
37498,0.011011922731995583
12344,0.00983929168432951
33336,0.009049754589796066
72094,0.007548571564257145
27438,0.0070376284420490265
95312,0.006920109502971172
111478,0.006650079973042011
70349,0.005915134679526091
52183,0.005765458568930626
