Index,Activation Value
27438,0.019444527104496956
111011,0.011688248254358768
66000,0.005820814520120621
83828,0.0007744867471046746
81123,0.0006353455246426165
