Index,Activation Value
98149,0.07645063102245331
107558,0.07439680397510529
12064,0.07104752957820892
85314,0.06857239454984665
41210,0.06812403351068497
44123,0.06418999284505844
7362,0.06152144446969032
107551,0.059721652418375015
65958,0.05802280828356743
94318,0.056776415556669235
