Index,Activation Value
75921,0.06968329846858978
104702,0.06604182720184326
108688,0.0617961511015892
60806,0.059916239231824875
52426,0.05795346200466156
90284,0.05623655393719673
16089,0.054848745465278625
35913,0.05185747519135475
107558,0.05036011338233948
78362,0.049250733107328415
