Index,Activation Value
20663,0.02419317699968815
107925,0.020640136674046516
52847,0.018585296347737312
22227,0.014795937575399876
76908,0.014235690236091614
88571,0.011822368949651718
83828,0.011445083655416965
102181,0.010204573161900043
12942,0.01017440389841795
78437,0.008978981524705887
