Index,Activation Value
90842,0.10289381444454193
19627,0.10102945566177368
14326,0.09829019755125046
12,0.09348757565021515
87758,0.09277664124965668
12344,0.07361211627721786
100195,0.07311967015266418
852,0.06877046823501587
18680,0.0641997680068016
15037,0.06033463776111603
