Index,Activation Value
60631,0.004834371153265238
56725,0.004661818966269493
70349,0.004033620003610849
28425,0.0036120342556387186
33336,0.003152242861688137
36173,0.0024402830749750137
102181,0.0015127273509278893
13090,0.0015045637264847755
104537,0.0010768910869956017
59162,0.0009059993899427354
