Index,Activation Value
24298,0.11588341742753983
36473,0.1016269251704216
8019,0.10124421864748001
42887,0.09121793508529663
7145,0.08013579994440079
8080,0.07997909933328629
32727,0.07947776466608047
9816,0.07320588827133179
53579,0.07153300940990448
38924,0.06569745391607285
