Index,Activation Value
84249,1.4299836158752441
3701,0.9177572131156921
64186,0.9154670238494873
53185,0.8526161909103394
79018,0.8265723586082458
25107,0.7043659090995789
13173,0.6959969401359558
48599,0.6333176493644714
65340,0.5764651298522949
17518,0.5615559220314026
