Index,Activation Value
26778,0.00010921083594439551
13179,2.2361044102581218e-05
