Index,Activation Value
19169,0.2705654203891754
81032,0.19701547920703888
19783,0.055008649826049805
77231,0.03971612825989723
