Index,Activation Value
21467,0.010713250376284122
53579,0.009330091997981071
38924,0.007697174325585365
58249,0.001724162488244474
33011,0.0012346338480710983
56855,0.0011475838255137205
8080,6.642368680331856e-05
