Index,Activation Value
53579,0.043062396347522736
31723,0.03983967378735542
32727,0.03930290415883064
43054,0.03900185599923134
9816,0.035796698182821274
56032,0.034461453557014465
38247,0.032277993857860565
34961,0.030402759090065956
45313,0.030384689569473267
15397,0.0278281532227993
