Index,Activation Value
42887,0.1971006989479065
39547,0.1619575172662735
19701,0.15448269248008728
24298,0.13772867619991302
25800,0.13274452090263367
33011,0.13222341239452362
53579,0.12322667241096497
36473,0.11978756636381149
19484,0.11550909280776978
8019,0.110289067029953
