Index,Activation Value
83828,0.0019461767515167594
52683,0.0010854033753275871
