Index,Activation Value
58249,0.9983469247817993
56554,0.848824679851532
31470,0.6415085792541504
21467,0.483113557100296
59820,0.31395819783210754
1838,0.2957136631011963
42887,0.2909517288208008
26937,0.22610589861869812
38562,0.2148158997297287
26559,0.12252519279718399
