Index,Activation Value
104537,0.017477774992585182
101572,0.008661191910505295
53502,0.004356659483164549
30064,0.0022899273317307234
