Index,Activation Value
27683,0.10697125643491745
43054,0.08267442882061005
4581,0.08222544938325882
32881,0.07759617269039154
54621,0.07687362283468246
51769,0.07540075480937958
13995,0.07296275347471237
39547,0.07238367199897766
25483,0.07181154191493988
14826,0.0689023956656456
