Index,Activation Value
26778,0.08618367463350296
29340,0.0826663002371788
38432,0.08099836856126785
8396,0.07387899607419968
56855,0.07356641441583633
38924,0.07316289842128754
25657,0.0730695128440857
4530,0.07081443816423416
36212,0.05888313427567482
41844,0.05464621260762215
