Index,Activation Value
52382,0.0259555671364069
3932,0.025179879739880562
4530,0.025060204789042473
4987,0.02223551645874977
52440,0.020697150379419327
13158,0.0203945841640234
8302,0.01868216134607792
11478,0.017939366400241852
26518,0.017099138349294662
18297,0.016891561448574066
