Index,Activation Value
13090,0.07238613814115524
56725,0.04702659323811531
52183,0.030822385102510452
104537,0.029796848073601723
70349,0.024649718776345253
54896,0.02108055353164673
7334,0.01692688651382923
28425,0.016604501754045486
11313,0.01649598777294159
35254,0.015752939507365227
