Index,Activation Value
605,0.24416808784008026
59868,0.20307834446430206
15391,0.1443248987197876
