Index,Activation Value
43054,0.19239778816699982
38247,0.13040776550769806
36598,0.11372767388820648
2354,0.10943233966827393
39547,0.10216859728097916
26559,0.09980782121419907
22813,0.08478417247533798
22718,0.08283216506242752
38127,0.08011843264102936
25800,0.07060965895652771
