Index,Activation Value
33011,0.12598852813243866
38924,0.10847733169794083
21467,0.10261678695678711
26778,0.08349897712469101
53579,0.05150551721453667
13179,0.04215459153056145
58249,0.0388617217540741
38340,0.03450367599725723
24298,0.03312385827302933
42887,0.03259313851594925
