Index,Activation Value
44208,0.00795878004282713
41843,0.0074863615445792675
43178,0.006703592836856842
773,0.005711395293474197
56273,0.003885586280375719
40678,0.002603675704449415
28855,0.002558392472565174
39837,0.00158563198056072
25544,0.0013687096070498228
14960,0.0010628410382196307
