Index,Activation Value
29340,0.44216683506965637
56855,0.35714662075042725
33011,0.33201149106025696
8396,0.2683914303779602
53582,0.20671387016773224
13179,0.19898372888565063
36212,0.1908385157585144
16549,0.17885787785053253
59288,0.17660537362098694
24565,0.17591720819473267
