Index,Activation Value
107558,0.0015767649747431278
49374,0.000734752684365958
52072,0.0005926619051024318
109700,0.0005165573093108833
4825,0.0004894916783086956
