Index,Activation Value
103665,0.8813650608062744
77671,0.19030596315860748
26832,0.09685402363538742
5496,0.04970842972397804
2342,0.019546648487448692
64204,0.014517951756715775
