Index,Activation Value
107558,0.005821134429425001
80813,0.0006425671163015068
