Index,Activation Value
15758,0.018905356526374817
24588,0.017259273678064346
47900,0.007280341349542141
36054,0.006646818947046995
48703,0.00509226880967617
7683,0.004182910080999136
31141,0.004109441768378019
45538,0.0038935483898967505
28273,0.003752922872081399
55513,0.0034067395608872175
