Index,Activation Value
33336,0.03701791912317276
64204,0.03598753362894058
14022,0.020199056714773178
12344,0.020156284794211388
27438,0.016008159145712852
107925,0.01573430560529232
12,0.013383809477090836
87758,0.012410319410264492
52491,0.012312187813222408
14983,0.011685172095894814
