Index,Activation Value
33336,0.07445864379405975
83828,0.05286514014005661
52183,0.05234067514538765
16158,0.05059106647968292
55126,0.04456044360995293
8914,0.04366461932659149
70349,0.04276390001177788
8790,0.03866145759820938
49865,0.037931449711322784
96654,0.0367845855653286
