Index,Activation Value
38924,0.5788168907165527
53579,0.5541562438011169
21467,0.5488405227661133
24298,0.531545877456665
1909,0.4981633722782135
26778,0.47490790486335754
36473,0.4536956548690796
33011,0.43540751934051514
44569,0.4269793927669525
8080,0.3690970242023468
