Index,Activation Value
21467,0.0019589720759540796
33011,0.0008640214800834656
53579,0.0007794086122885346
44569,0.0005720889894291759
26778,0.00018397624080535024
