Index,Activation Value
13090,0.12618909776210785
84018,0.09186170995235443
54896,0.08435685932636261
88571,0.07936704903841019
49456,0.07544699311256409
52183,0.07348331809043884
28425,0.07096166163682938
104537,0.06982236355543137
109813,0.060876138508319855
28910,0.058545369654893875
