Index,Activation Value
56855,0.35016685724258423
8396,0.31028294563293457
38924,0.2648790776729584
36212,0.2520914375782013
55023,0.24725541472434998
29340,0.23262687027454376
53579,0.2258072942495346
4530,0.21507395803928375
58249,0.1936052143573761
25657,0.1913774162530899
