Index,Activation Value
62662,0.014525788836181164
89243,0.013949519954621792
3082,0.012466940097510815
14022,0.0067705451510846615
11374,0.00612989254295826
34454,0.005172923672944307
43247,0.004637156147509813
8897,0.004001944325864315
87950,0.00268612802028656
7114,0.002615108620375395
