Index,Activation Value
104537,0.03821074590086937
16107,0.0144211295992136
1021,0.006835160311311483
84018,0.006745676510035992
9293,0.005836967844516039
26012,0.005515336524695158
12,0.0053323907777667046
87126,0.004925795830786228
44818,0.0035058686044067144
36411,0.003152135293930769
