Index,Activation Value
88571,0.018877893686294556
37498,0.018752573058009148
70349,0.01323348842561245
11313,0.01287827454507351
61123,0.012006901204586029
88546,0.011667536571621895
44123,0.011591286398470402
53869,0.008830885402858257
85314,0.008555863052606583
17902,0.007540011312812567
