Index,Activation Value
44208,0.11790759116411209
50144,0.11473485827445984
47264,0.10670975595712662
29340,0.10349046438932419
41843,0.0954420194029808
15397,0.09500700980424881
21565,0.09341097623109818
57163,0.09340208023786545
27203,0.08971710503101349
47009,0.08908581733703613
