Index,Activation Value
72094,0.042828530073165894
87758,0.024997157976031303
3082,0.018384737893939018
7351,0.015863211825489998
19627,0.014082981273531914
7334,0.011348082683980465
18680,0.010904490947723389
95496,0.010789663530886173
6156,0.010052895173430443
42476,0.009196465834975243
