Index,Activation Value
56855,0.019095655530691147
30430,0.01789228804409504
8396,0.016211263835430145
36212,0.013846710324287415
38924,0.012730032205581665
29340,0.012361298315227032
25657,0.009303183294832706
21467,0.009180832654237747
9049,0.007411375641822815
53589,0.007060445845127106
