Index,Activation Value
36212,0.050160910934209824
8396,0.04125519096851349
21467,0.03239894285798073
29340,0.03205539286136627
56855,0.03115852177143097
25657,0.023546969518065453
4530,0.016582679003477097
36473,0.01442183367908001
54138,0.014074498787522316
24298,0.011181817390024662
