Index,Activation Value
48473,0.009617401286959648
852,0.0075132353231310844
46740,0.00426077377051115
22092,0.002783050062134862
73782,0.002277711872011423
28425,0.0017857629572972655
107995,0.0009352910565212369
21549,0.0007007796666584909
103665,0.0006161070195958018
15003,2.9164342777221464e-05
