Index,Activation Value
44256,0.2553102374076843
102708,0.14218108355998993
