Index,Activation Value
53579,0.032228533178567886
31022,0.025331726297736168
45313,0.02413272112607956
26559,0.019292796030640602
44569,0.017087968066334724
7444,0.01637413538992405
36875,0.015460028313100338
58916,0.012100841850042343
27547,0.011202635243535042
58249,0.010929372161626816
