Index,Activation Value
22569,2.1542770862579346
66917,1.6798162460327148
85195,1.6657805442810059
26376,1.5938608646392822
42179,1.4674125909805298
36199,1.4313255548477173
79903,1.3202446699142456
14291,1.2039059400558472
77500,1.1987096071243286
57937,1.1342753171920776
