Index,Activation Value
55023,0.029752038419246674
32757,0.017944272607564926
47257,0.017201174050569534
41843,0.015703406184911728
44208,0.014825033023953438
39547,0.014246112667024136
56855,0.013993085362017155
8396,0.013540863059461117
36473,0.013367985375225544
58249,0.01068708673119545
