Index,Activation Value
53579,0.1272970736026764
38924,0.12221843004226685
58249,0.09560733288526535
26778,0.08247110247612
24409,0.07393961399793625
3932,0.07259783148765564
39812,0.06346993893384933
3689,0.059824734926223755
43541,0.059814874082803726
31194,0.05852317065000534
