Index,Activation Value
48529,0.0062117790803313255
99629,0.005246652755886316
67509,0.004201407544314861
105492,0.004066857974976301
6550,0.003814833704382181
88295,0.0011166330659762025
34393,0.0006776389782316983
