Index,Activation Value
24298,0.01727411337196827
7145,0.01067370269447565
38127,0.00857192650437355
35684,0.007942392490804195
31723,0.0072329603135585785
27840,0.006702452898025513
15111,0.005793828051537275
43054,0.005743781570345163
9049,0.005643640644848347
56855,0.004951490089297295
