Index,Activation Value
52683,0.015797847881913185
95769,0.0108852693811059
88571,0.007240081671625376
42192,0.006452524568885565
111478,0.00505959102883935
98149,0.003348781494423747
18680,0.0016902738716453314
40355,0.0006241376977413893
95312,0.00048767580301500857
3386,0.00032707047648727894
