Index,Activation Value
33336,0.006515803746879101
12344,0.006135664880275726
13090,0.005489612929522991
52183,0.004757000133395195
56725,0.004011739511042833
107925,0.003560462733730674
28425,0.003415182465687394
36173,0.0030101481825113297
88571,0.0028489958494901657
87758,0.0027600873727351427
