Index,Activation Value
36875,0.029399506747722626
56147,0.016558514907956123
34212,0.014379593543708324
33011,0.012498319149017334
773,0.012461359612643719
31022,0.012009216472506523
13655,0.01088073942810297
13179,0.009780844673514366
18899,0.00968676246702671
3300,0.007217624224722385
