Index,Activation Value
81123,0.7501095533370972
11415,0.12033578008413315
94111,0.07942250370979309
24604,0.02379954606294632
