Index,Activation Value
26778,0.03733893856406212
8080,0.0355222187936306
38924,0.03383982554078102
24298,0.027845075353980064
53579,0.026626726612448692
33011,0.02635156363248825
9816,0.018331175670027733
38127,0.017524270340800285
8019,0.01667165756225586
1909,0.015848051756620407
