Index,Activation Value
102181,0.019811751320958138
70776,0.012564800679683685
28425,0.011354978196322918
81123,0.009621248580515385
96758,0.009439988993108273
59998,0.007789607625454664
93685,0.006796189118176699
7106,0.0056561753153800964
65958,0.005252067465335131
88937,0.005224902648478746
