Index,Activation Value
36212,0.0012807392049580812
56855,0.0005343641969375312
8396,0.00013758846034761518
