Index,Activation Value
27438,0.05496296286582947
107925,0.046955592930316925
16107,0.04003356024622917
111011,0.03545984998345375
42812,0.034879159182310104
84018,0.034051164984703064
55105,0.033112965524196625
100195,0.030611637979745865
73306,0.026748524978756905
88273,0.025200242176651955
