Index,Activation Value
58249,0.05490310490131378
53579,0.05386132001876831
1909,0.039558280259370804
56554,0.039471495896577835
17428,0.03742002323269844
38127,0.03292535990476608
11450,0.03276897594332695
8080,0.03240993618965149
32696,0.030818022787570953
18000,0.030182143673300743
