Index,Activation Value
49406,0.012021472677588463
20435,0.011750804260373116
773,0.009087434969842434
44743,0.007881193421781063
4817,0.007271985057741404
53582,0.007039234042167664
21191,0.006464664358645678
56545,0.006424030754715204
19491,0.006064474582672119
52585,0.005825132131576538
