Index,Activation Value
50357,0.4456672966480255
24189,0.25979045033454895
37125,0.18874230980873108
4194,0.0975898951292038
27090,0.07025477290153503
51071,0.008549589663743973
