Index,Activation Value
32252,1.4581407308578491
50653,1.2235366106033325
29098,0.7614962458610535
33721,0.7442407608032227
50724,0.7288808226585388
50828,0.721868097782135
46927,0.6932326555252075
24838,0.6923166513442993
4748,0.670202374458313
57402,0.6448068618774414
