Index,Activation Value
33336,0.0007990027079358697
48473,7.078866474330425e-05
