Index,Activation Value
43197,0.004388886969536543
51614,0.0016962920781224966
30430,0.0006449662614613771
