Index,Activation Value
21467,0.4951283633708954
8080,0.40447431802749634
53579,0.2639811933040619
1909,0.25149160623550415
44569,0.24428246915340424
38924,0.23779430985450745
8019,0.21224920451641083
33011,0.212026908993721
27547,0.1816471815109253
24298,0.16345703601837158
