Index,Activation Value
26778,0.01578313112258911
1909,0.012710467912256718
53579,0.008670247159898281
24565,0.008417490869760513
38127,0.007950609549880028
54138,0.007567668333649635
33011,0.0070535242557525635
53582,0.006778661627322435
16549,0.006736806593835354
773,0.006528365425765514
