Index,Activation Value
45502,0.5362865328788757
7122,0.1999981850385666
94973,0.1262378990650177
