Index,Activation Value
111011,0.07367958128452301
87077,0.07292752712965012
83828,0.06994729489088058
37498,0.05868886038661003
108542,0.05456826835870743
59080,0.054567791521549225
65367,0.04368084296584129
92179,0.037811413407325745
13278,0.037709012627601624
73855,0.03692621737718582
