Index,Activation Value
53579,0.16851608455181122
38924,0.16456645727157593
33011,0.1358073502779007
58249,0.12498680502176285
21467,0.1000882163643837
26778,0.09268564730882645
1909,0.09213051944971085
24298,0.0920957624912262
8080,0.07476791739463806
8019,0.07117138057947159
