Index,Activation Value
38924,0.016809308901429176
53579,0.011040221899747849
1909,0.00996247585862875
26778,0.008866789750754833
58249,0.008149252273142338
21467,0.006381207145750523
25657,0.0060730986297130585
24298,0.005136169493198395
38432,0.004711352288722992
8396,0.004582453053444624
