Index,Activation Value
13090,0.01324094645678997
60631,0.008288857527077198
88937,0.006752002518624067
