Index,Activation Value
9816,0.246525838971138
43197,0.19836971163749695
32727,0.19492022693157196
35684,0.19224676489830017
42887,0.18870382010936737
36625,0.17177477478981018
41410,0.1568528711795807
17728,0.15558116137981415
23444,0.15478506684303284
45538,0.14602990448474884
