Index,Activation Value
36473,0.22017818689346313
10570,0.1862524151802063
44208,0.15663789212703705
17428,0.1525607854127884
53582,0.14928799867630005
36625,0.1469619870185852
4055,0.14384382963180542
14196,0.14329852163791656
19491,0.14064033329486847
11478,0.13996277749538422
