Index,Activation Value
43054,0.00761759327724576
54138,0.007047438528388739
2354,0.006904504727572203
38127,0.004261213820427656
22371,0.0036476696841418743
22718,0.003524357220157981
50256,0.003070542821660638
58458,0.0030417030211538076
39547,0.0028839288279414177
17939,0.002791167236864567
