Index,Activation Value
21467,1.6427749395370483
54138,1.13127601146698
44569,1.0079761743545532
8080,0.8731349110603333
38127,0.8494405150413513
24298,0.8027874827384949
35684,0.3537614345550537
41410,0.32391589879989624
17939,0.11404119431972504
22952,0.09197442978620529
