Index,Activation Value
73595,1.1932085752487183
67732,1.1893243789672852
78370,0.8070605993270874
102965,0.6342707276344299
94627,0.48567208647727966
72335,0.4744564890861511
9220,0.46787822246551514
77417,0.3021869957447052
65395,0.2341453731060028
44757,0.2028062790632248
