Index,Activation Value
70349,0.015451502986252308
56725,0.011305412277579308
102181,0.007844183593988419
19627,0.0077026220969855785
78437,0.005408496130257845
16807,0.004147078841924667
15751,0.0031539693009108305
35254,0.002906664740294218
7351,0.0028529034461826086
38472,0.0027727403212338686
