Index,Activation Value
32757,0.031109895557165146
51614,0.02556166797876358
47257,0.02462947554886341
43197,0.022304564714431763
4191,0.021180789917707443
58963,0.020797427743673325
33607,0.015092480927705765
56481,0.01473154965788126
46490,0.014504597522318363
41994,0.014151143841445446
