Index,Activation Value
13090,0.006458795629441738
88571,0.0024378367234021425
70349,0.0008383883396163583
