Index,Activation Value
98149,0.022944224998354912
62757,0.01425953395664692
30030,0.012383834458887577
65958,0.011158297769725323
96758,0.009837421588599682
93685,0.008257435634732246
13090,0.008034427650272846
30661,0.007867692969739437
70209,0.007666657213121653
67013,0.007466178387403488
