Index,Activation Value
53579,0.02129332721233368
26778,0.016508853062987328
56554,0.016461823135614395
21467,0.013528265058994293
33011,0.013086794875562191
38432,0.01149456575512886
8080,0.011453963816165924
27547,0.011194273829460144
58249,0.010747592896223068
29340,0.010614719241857529
