Index,Activation Value
13090,0.013394830748438835
56725,0.005261112004518509
70349,0.002816790947690606
33336,0.0020756577141582966
