Index,Activation Value
13090,0.035774774849414825
60631,0.01906532421708107
70349,0.017705444246530533
14165,0.015055077150464058
88937,0.012631937861442566
56725,0.009621048346161842
42192,0.009274909272789955
95693,0.008840292692184448
104537,0.007963280193507671
6156,0.00793005246669054
