Index,Activation Value
38924,0.21680188179016113
26778,0.1997077912092209
53579,0.1961819976568222
33011,0.1857263743877411
21467,0.17878136038780212
1909,0.16518260538578033
58249,0.15993452072143555
8080,0.15141519904136658
27547,0.11701671779155731
18000,0.11041246354579926
