Index,Activation Value
33924,1.0610721111297607
2852,0.8844878077507019
86838,0.2158043384552002
10333,0.16942764818668365
46728,0.16667142510414124
28747,0.15326881408691406
69479,0.12424784898757935
30850,0.05014292150735855
32979,0.03232153505086899
43897,0.02162983827292919
