Index,Activation Value
21467,0.4894125461578369
24298,0.4630294442176819
8019,0.38654983043670654
8080,0.383780837059021
53579,0.36027222871780396
38924,0.3227066695690155
54138,0.3143306076526642
38432,0.3046599328517914
43197,0.3004538416862488
36212,0.2980256974697113
