Index,Activation Value
50773,1.2727386951446533
59122,1.2092245817184448
42334,0.9627944231033325
29933,0.9336536526679993
57298,0.9269917011260986
33371,0.8906207084655762
52893,0.8760413527488708
48026,0.8019326329231262
19476,0.5346568822860718
46609,0.4679810702800751
