Index,Activation Value
29372,0.0072404248639941216
75996,0.0046725161373615265
96125,0.004369361326098442
87491,0.003159215673804283
26012,0.003126547671854496
4825,0.002075539669021964
36398,0.001831206725910306
32672,0.0012191531714051962
66000,0.0010965127730742097
100136,0.0009874480310827494
