Index,Activation Value
49456,0.02648949809372425
7334,0.025403015315532684
12,0.024697929620742798
70776,0.023929886519908905
14022,0.023841075599193573
7866,0.02234853431582451
54156,0.019654663279652596
19627,0.019563743844628334
63669,0.019332880154252052
14326,0.019165275618433952
