Index,Activation Value
13090,0.042903609573841095
60631,0.03508662432432175
37498,0.028205715119838715
28425,0.019016169011592865
36173,0.01706685498356819
56725,0.016376081854104996
96758,0.016298769041895866
70349,0.01579142175614834
92077,0.015306421555578709
52183,0.014773638918995857
