Index,Activation Value
7334,0.024288594722747803
18680,0.023052267730236053
36173,0.020169055089354515
3082,0.018027298152446747
7351,0.017002711072564125
107995,0.01567744091153145
52183,0.012838318943977356
108542,0.012410607188940048
42812,0.012213396839797497
61123,0.011983604170382023
