Index,Activation Value
38924,0.007219764403998852
53579,0.0019852579571306705
58249,0.0012377392267808318
54138,0.0008961972198449075
56855,0.0007476233295165002
8080,0.0004359863814897835
1909,0.00013264644076116383
