Index,Activation Value
28425,0.14046114683151245
36173,0.12283137440681458
56725,0.10252446681261063
13090,0.09310249984264374
42493,0.08972340822219849
37498,0.08362717181444168
80813,0.08235223591327667
88937,0.08040302246809006
71932,0.07955798506736755
52183,0.0779058188199997
