Index,Activation Value
33336,0.055892907083034515
37498,0.046164918690919876
13090,0.044225286692380905
52183,0.03883731737732887
52426,0.032047320157289505
83828,0.030898237600922585
90842,0.02768641710281372
72094,0.027669301256537437
35254,0.026575425639748573
56725,0.025658341124653816
