Index,Activation Value
35254,0.0943584144115448
95769,0.07138407230377197
111011,0.06942102313041687
12344,0.06816521286964417
38228,0.06214601919054985
76906,0.06074026972055435
66353,0.059526000171899796
92307,0.059043195098638535
107995,0.0590379573404789
72094,0.05860566347837448
