Index,Activation Value
33336,0.14885348081588745
12344,0.12774203717708588
14022,0.12034233659505844
11313,0.11121127754449844
92077,0.10540065914392471
83828,0.09990270435810089
70776,0.09802912175655365
93364,0.0946870967745781
6156,0.09051825851202011
7866,0.08999944478273392
