Index,Activation Value
22092,0.11815718561410904
60763,0.08092514425516129
75921,0.07991001009941101
27191,0.0744146928191185
75996,0.06855697184801102
2915,0.06840114295482635
103825,0.06638841331005096
38228,0.0654326006770134
111011,0.06528402119874954
33420,0.06400226056575775
