Index,Activation Value
23621,0.42653337121009827
51585,0.4222649931907654
43886,0.17974966764450073
47625,0.15321530401706696
14609,0.14807748794555664
62151,0.14026568830013275
67831,0.12915931642055511
69508,0.0664919912815094
42828,0.05297040194272995
4022,0.04468958452343941
