Index,Activation Value
13090,0.17219917476177216
28910,0.1183190643787384
56725,0.10603535175323486
44123,0.08008333295583725
37498,0.07700423896312714
99629,0.07438314706087112
15003,0.07398141175508499
52183,0.0725131407380104
92547,0.07168088108301163
23410,0.06954959779977798
