Index,Activation Value
21467,0.05765911191701889
38924,0.03140311688184738
38432,0.029699303209781647
27547,0.02969307452440262
56855,0.02359726093709469
8396,0.02234508842229843
36212,0.0218214001506567
53579,0.01956968940794468
45313,0.01699485257267952
38340,0.01609826646745205
