Index,Activation Value
24298,0.20284652709960938
38924,0.20227627456188202
44569,0.15361948311328888
26778,0.15346010029315948
54138,0.14693956077098846
8019,0.1381472647190094
53579,0.13568861782550812
36473,0.12809434533119202
8080,0.11826559901237488
18000,0.10412459075450897
