Index,Activation Value
39623,0.6575599312782288
27860,0.46244531869888306
26219,0.37749868631362915
45502,0.3198716342449188
103511,0.2144494652748108
26918,0.17746904492378235
53706,0.16516943275928497
68303,0.15579551458358765
65694,0.15528401732444763
100144,0.14518748223781586
