Index,Activation Value
33336,0.024367226287722588
52183,0.021101482212543488
12344,0.01799389347434044
60631,0.016396502032876015
103694,0.013077489100396633
7351,0.011773527599871159
90842,0.011424158699810505
14326,0.010099558159708977
28910,0.008859733119606972
52491,0.008647707290947437
