Index,Activation Value
110712,0.023650264367461205
104537,0.02170015685260296
66000,0.01722203567624092
17902,0.015474064275622368
48529,0.013224068097770214
102181,0.012348383665084839
96654,0.010822629556059837
42482,0.010671968571841717
89903,0.009389338083565235
27438,0.008559098467230797
