Index,Activation Value
52683,0.008096642792224884
54896,0.007487361319363117
93685,0.006615669932216406
8790,0.002001740038394928
852,0.001974414801225066
29372,0.0009830583585426211
30064,0.0006836540414951742
27438,0.00048567415797151625
109813,0.0004215021035633981
22227,0.00035431969445198774
