Index,Activation Value
8019,0.10163125395774841
9816,0.0926244929432869
42887,0.08127865195274353
24298,0.05709166079759598
27547,0.056023962795734406
8080,0.04902343451976776
43197,0.048525620251894
54138,0.04225512221455574
53582,0.03952711448073387
36473,0.0331709124147892
