Index,Activation Value
28425,0.037421081215143204
49456,0.0262036994099617
16107,0.02264375612139702
70349,0.022490018978714943
7106,0.021700449287891388
107558,0.02079514041543007
99629,0.02069266326725483
60763,0.01942737028002739
19530,0.01817837916314602
86118,0.018121011555194855
