Index,Activation Value
29450,3.7309277057647705
95769,3.2383954524993896
73855,2.9090890884399414
35402,2.5531749725341797
35254,2.2146856784820557
10824,2.1807143688201904
38559,2.058112859725952
91707,1.9983878135681152
100136,1.9777487516403198
71355,1.8392126560211182
