Index,Activation Value
21467,2.5552446842193604
14721,1.549302577972412
53579,0.7726569175720215
38432,0.6683548092842102
6648,0.6251792311668396
1909,0.4493418037891388
44569,0.44156235456466675
10673,0.43478113412857056
28965,0.4199841618537903
44985,0.41226378083229065
