Index,Activation Value
14196,0.051650263369083405
28312,0.04179668426513672
57163,0.03848067298531532
27569,0.03810844197869301
40678,0.0349445641040802
56096,0.03375094383955002
31022,0.033308010548353195
7783,0.03092864342033863
36743,0.030126402154564857
17366,0.02750769630074501
