Index,Activation Value
24298,0.5004399418830872
44569,0.4480282962322235
8019,0.44021615386009216
8080,0.42692360281944275
32727,0.37983834743499756
54138,0.33436354994773865
36473,0.32652735710144043
1859,0.3085472285747528
27547,0.3027510941028595
56155,0.2689150869846344
