Index,Activation Value
24298,0.04608355090022087
38924,0.04347444698214531
53579,0.03958236426115036
36473,0.034463103860616684
8019,0.03397461399435997
26778,0.026559961959719658
8080,0.025186145678162575
33011,0.022880015894770622
18000,0.0227701123803854
9816,0.021588586270809174
