Index,Activation Value
24298,0.08404358476400375
32727,0.05918959528207779
27683,0.056570980697870255
18000,0.05486685410141945
19701,0.052927397191524506
8080,0.049364469945430756
19516,0.04826876148581505
42192,0.047573916614055634
42887,0.04543973505496979
25800,0.04512370750308037
