Index,Activation Value
36212,0.010289821773767471
36473,0.004444843158125877
1909,0.0038208013866096735
33011,0.0028934236615896225
56855,0.002783345989882946
29340,0.0026014645118266344
13179,0.000801454356405884
