Index,Activation Value
28910,0.11051318049430847
33336,0.08292095363140106
48820,0.06878719478845596
75921,0.06798069179058075
78437,0.06754617393016815
10755,0.06520523875951767
14022,0.0635576918721199
72094,0.06154412776231766
7351,0.06037648394703865
52183,0.0598452091217041
