Index,Activation Value
21467,0.04648499935865402
56855,0.027337949723005295
36212,0.02694367989897728
8396,0.02678367868065834
38432,0.0240801852196455
29340,0.02318228781223297
38924,0.02270072139799595
53579,0.02062235027551651
41844,0.012955442070960999
38340,0.012765014544129372
