Index,Activation Value
7683,0.13357901573181152
44269,0.12983392179012299
33607,0.1284821331501007
51614,0.10459446161985397
47900,0.10290485620498657
13604,0.09134286642074585
58198,0.082391157746315
23805,0.07623524218797684
28855,0.07470926642417908
21618,0.07379260659217834
