Index,Activation Value
44123,0.11909686774015427
88571,0.11275822669267654
16107,0.10105155408382416
36173,0.09442915767431259
27789,0.09386474639177322
29372,0.08844023197889328
3082,0.08533371239900589
107925,0.08061468601226807
12,0.07753326743841171
72094,0.07729990780353546
