Index,Activation Value
38924,0.027872739359736443
54138,0.01696144975721836
56855,0.012070403434336185
53579,0.010966275818645954
8080,0.01015319861471653
7145,0.010081902146339417
26778,0.00991398561745882
58249,0.009602530859410763
36473,0.00790523923933506
24298,0.0072046550922095776
