Index,Activation Value
16107,0.027814697474241257
67509,0.026299700140953064
88571,0.024101370945572853
107995,0.022655950859189034
36159,0.0215462613850832
14165,0.021490218117833138
72094,0.020208455622196198
87758,0.019644010812044144
59998,0.017453501001000404
12344,0.016771934926509857
