Index,Activation Value
95769,0.06976589560508728
66575,0.06712508946657181
20663,0.06453238427639008
6550,0.054702889174222946
92547,0.04635721072554588
75921,0.037753116339445114
40355,0.033927980810403824
110712,0.0322699174284935
80813,0.027243658900260925
35254,0.026790902018547058
