Index,Activation Value
42887,0.247457817196846
54138,0.1883864849805832
19868,0.16872893273830414
8019,0.16356629133224487
9816,0.1311853528022766
2792,0.1296091377735138
773,0.12939904630184174
19701,0.12652505934238434
18000,0.11725018918514252
5556,0.10159984976053238
