Index,Activation Value
852,0.017317257821559906
100195,0.01248287782073021
36411,0.009889775887131691
100884,0.009796262718737125
79383,0.009165521711111069
96654,0.008594985119998455
96526,0.008025836199522018
11313,0.007196591701358557
111154,0.00719244172796607
42192,0.006253449246287346
