Index,Activation Value
21467,0.35145291686058044
44569,0.28908056020736694
27547,0.24628512561321259
57551,0.24450582265853882
53589,0.22862330079078674
14826,0.2141774445772171
33607,0.21104475855827332
24298,0.20684945583343506
19868,0.20567083358764648
42887,0.20430755615234375
