Index,Activation Value
39450,0.0708465576171875
48137,0.06635995209217072
14196,0.0658964216709137
28312,0.06452644616365433
49406,0.05881960690021515
13179,0.055387936532497406
56096,0.053743716329336166
16956,0.053031861782073975
49213,0.05299841985106468
20435,0.05230405554175377
