Index,Activation Value
80233,0.07826424390077591
73501,0.07620527595281601
71812,0.07250399142503738
7351,0.06589580327272415
8826,0.06396455317735672
107551,0.062092509120702744
4738,0.06132155656814575
93659,0.060890041291713715
36421,0.06057337671518326
21437,0.059613339602947235
