Index,Activation Value
13090,0.03812049701809883
64204,0.034535400569438934
852,0.027960022911429405
107995,0.027172423899173737
33336,0.02653382159769535
28910,0.025268979370594025
22230,0.02504720166325569
65958,0.02446727640926838
8914,0.024047764018177986
96758,0.02391417883336544
