Index,Activation Value
21467,0.16339917480945587
53579,0.1625601202249527
38924,0.14455083012580872
38432,0.13663189113140106
54138,0.13562768697738647
8080,0.12773951888084412
27547,0.12706618010997772
36212,0.1262655109167099
33011,0.1219586730003357
26778,0.12027359753847122
