Index,Activation Value
21467,0.4522577226161957
53579,0.35896795988082886
38924,0.34531378746032715
36212,0.32936009764671326
56855,0.31042858958244324
38432,0.30190324783325195
33011,0.30115970969200134
26778,0.29382988810539246
8080,0.2875700891017914
29340,0.28745508193969727
