Index,Activation Value
52201,0.3192683756351471
2521,0.1692080944776535
17059,0.029833370819687843
