Index,Activation Value
33011,1.2923353910446167
36473,0.6603068113327026
38924,0.18814703822135925
13179,0.0191512294113636
