Index,Activation Value
54138,0.5612879395484924
8080,0.28993967175483704
24298,0.2030562460422516
2062,0.012095565907657146
