Index,Activation Value
21467,0.07766827195882797
8396,0.057375624775886536
36212,0.05604828894138336
56855,0.054642453789711
29340,0.05125092715024948
27547,0.04804700240492821
38432,0.04702107980847359
8080,0.04044304043054581
38340,0.040360063314437866
53579,0.03783659264445305
