Index,Activation Value
21487,1.3993961811065674
2930,1.26752769947052
27592,1.0759426355361938
27057,1.021921992301941
44014,0.9388777613639832
1106,0.7468563914299011
21287,0.7237342596054077
53584,0.6571025252342224
7366,0.5986257195472717
33590,0.5794986486434937
