Index,Activation Value
13090,0.08902104198932648
56725,0.053961530327796936
60631,0.03685178607702255
37498,0.03570600226521492
52183,0.018074505031108856
70349,0.01170809380710125
101572,0.007957817055284977
36173,0.0074592833407223225
15003,0.007133824285119772
112731,0.0056596663780510426
