Index,Activation Value
79207,0.862551212310791
82743,0.43253034353256226
48737,0.38473448157310486
4669,0.3411581814289093
99271,0.30717477202415466
104002,0.093462735414505
