Index,Activation Value
9816,0.05351826921105385
42887,0.040562015026807785
43054,0.03804001584649086
19868,0.03387648984789848
7783,0.03160186484456062
8019,0.031038908287882805
32727,0.030793728306889534
19701,0.030652424320578575
37379,0.02986021339893341
43197,0.02899521216750145
