Index,Activation Value
8080,0.0021322930697351694
21467,0.001048412756063044
1909,0.00032246322371065617
