Index,Activation Value
13090,0.022109583020210266
56725,0.015157002955675125
70349,0.014701304957270622
96125,0.008082854561507702
62757,0.006563704460859299
84018,0.005437011364847422
88273,0.0032443413510918617
88937,0.0032036735210567713
85314,0.003022649558261037
65958,0.00237448513507843
