Index,Activation Value
70833,1.5504424571990967
42986,1.4651198387145996
85076,1.377448320388794
6344,1.0026389360427856
69150,0.9395030736923218
88937,0.9344702363014221
49422,0.7820611596107483
39257,0.71027010679245
96585,0.7081429362297058
61390,0.6342902779579163
