Index,Activation Value
18000,0.03640967607498169
56007,0.027447523549199104
52382,0.026728449389338493
54222,0.02481192909181118
59288,0.02287435717880726
16549,0.02025618590414524
13179,0.016910847276449203
22362,0.016864433884620667
22371,0.016412273049354553
32604,0.015873176977038383
