Index,Activation Value
33011,0.23781725764274597
13179,0.19802184402942657
59288,0.18973878026008606
773,0.1707552820444107
38127,0.16949297487735748
1909,0.16622933745384216
56096,0.1651654690504074
19491,0.1608540415763855
26778,0.16015583276748657
16956,0.14630424976348877
