Index,Activation Value
8080,0.06668113172054291
54138,0.06149198114871979
8019,0.05911649763584137
27547,0.05871071293950081
21467,0.054818008095026016
9816,0.04940381273627281
38924,0.046464405953884125
26778,0.04581873491406441
53579,0.044258903712034225
24298,0.04042479768395424
