Index,Activation Value
24298,0.008158360607922077
8080,0.0003890235093422234
