Index,Activation Value
88571,0.00015568426169920713
107558,0.00012047832569805905
70349,5.407665412349161e-06
