Index,Activation Value
54138,0.006968227215111256
29465,0.0030575282871723175
25800,0.001556838396936655
59949,0.0014660832239314914
13655,0.0010303460294380784
45997,0.0008312335121445358
39864,0.0008083800203166902
40169,0.0005207615904510021
24565,0.0004905073437839746
1202,0.00043315248331055045
