Index,Activation Value
107558,0.0213379617780447
62757,0.019374176859855652
70349,0.016524795442819595
52426,0.01601293683052063
95769,0.015757601708173752
29450,0.010931488126516342
98129,0.010232045315206051
88295,0.007345377001911402
107925,0.006791670341044664
70520,0.00595372449606657
