Index,Activation Value
852,0.007985634729266167
52847,0.007081475108861923
100195,0.005871100351214409
48529,0.0044464594684541225
90842,0.0020523271523416042
81123,0.002024367218837142
2871,0.0007947437115944922
17608,0.0006105451029725373
27224,0.0005827511195093393
