Index,Activation Value
96758,2.034813642501831
33336,1.5737636089324951
36948,1.0173568725585938
30064,0.9391244649887085
49357,0.8513834476470947
64204,0.7723692059516907
109813,0.719196081161499
36536,0.6495183110237122
6786,0.5745805501937866
103264,0.5455418825149536
