Index,Activation Value
31723,0.04379371553659439
24702,0.038649074733257294
7145,0.026909947395324707
58458,0.026083363220095634
27399,0.022070489823818207
59924,0.020952673628926277
32704,0.020682763308286667
39450,0.018496591597795486
773,0.018320836126804352
11897,0.0175444595515728
