Index,Activation Value
24298,0.20343826711177826
36473,0.19275955855846405
17428,0.1614879071712494
23805,0.14653411507606506
44269,0.13768194615840912
54222,0.1360907405614853
50011,0.13497744500637054
29778,0.1345764845609665
14826,0.1272910237312317
4501,0.12278740853071213
