Index,Activation Value
33792,0.6012131571769714
49008,0.2412184327840805
605,0.03238373249769211
