Index,Activation Value
51614,0.056610651314258575
28312,0.03377529978752136
53589,0.026546861976385117
58198,0.025911562144756317
44269,0.025682276114821434
29960,0.024056322872638702
14826,0.021333584561944008
23805,0.02126885950565338
56096,0.02093433402478695
58458,0.020373597741127014
