Index,Activation Value
33011,0.05396057292819023
48137,0.04757867753505707
59288,0.047451529651880264
34397,0.040781985968351364
39450,0.03890649601817131
49406,0.036713410168886185
42784,0.0363849438726902
55023,0.0331113263964653
51614,0.032420944422483444
27840,0.03161044418811798
