Index,Activation Value
8396,0.017735542729496956
56855,0.013814580626785755
29340,0.008722796104848385
4530,0.005949994549155235
36212,0.0036420251708477736
25657,0.00346211064606905
53582,0.0014305298682302237
