Index,Activation Value
26778,0.011321247555315495
38924,0.010506268590688705
53579,0.007035539951175451
21467,0.0053571476601064205
38432,0.003904583863914013
33011,0.003495672484859824
58249,0.0026954226195812225
56855,0.0013904426014050841
