Index,Activation Value
15111,0.3266094923019409
21565,0.269692987203598
15397,0.25773197412490845
57892,0.24818776547908783
9049,0.24399058520793915
36625,0.2409120351076126
17999,0.23965942859649658
47264,0.2393251210451126
42599,0.2304985374212265
50934,0.20726415514945984
