Index,Activation Value
24298,0.30110371112823486
54138,0.27235516905784607
36473,0.24158820509910583
17366,0.1536828577518463
18000,0.15288516879081726
24702,0.14968973398208618
17728,0.1466030329465866
59981,0.13761262595653534
22371,0.13513362407684326
579,0.13472437858581543
