Index,Activation Value
100646,0.4873947203159332
99826,0.2945909798145294
75381,0.2905188500881195
98755,0.23933322727680206
36657,0.1398768573999405
21140,0.13394027948379517
103612,0.013235456310212612
