Index,Activation Value
101572,0.11672234535217285
27789,0.10049164295196533
6156,0.08805208653211594
84018,0.07517736405134201
110712,0.0748191550374031
25887,0.07466625422239304
25024,0.07261762022972107
20663,0.06774210929870605
22227,0.06559666246175766
36398,0.062026310712099075
