Index,Activation Value
13090,0.0034921211190521717
88571,0.003454610239714384
64204,0.002282112604007125
33336,0.001395099563524127
28425,0.0010363112669438124
28910,0.0006827606703154743
