Index,Activation Value
49478,0.45451658964157104
84895,0.2825590670108795
51436,0.14918267726898193
100303,0.077632836997509
62546,0.0615696907043457
