Index,Activation Value
21467,0.3775564730167389
36212,0.25095099210739136
29340,0.22513802349567413
8396,0.1605350226163864
38432,0.15885688364505768
13743,0.15814551711082458
7145,0.15725307166576385
56855,0.15495532751083374
38340,0.12796460092067719
25657,0.12695416808128357
