Index,Activation Value
53579,0.043140657246112823
44569,0.042453374713659286
1909,0.040468793362379074
36212,0.03983047232031822
54138,0.033740948885679245
21467,0.02442101202905178
38924,0.02318190410733223
8080,0.02198042720556259
1859,0.021221444010734558
45313,0.01229542214423418
