Index,Activation Value
7551,0.13039004802703857
46952,0.002101327059790492
