Index,Activation Value
53579,0.06619743257761002
21467,0.05454375594854355
38924,0.050747349858284
8080,0.049810610711574554
1909,0.04527130722999573
26778,0.04389322176575661
8019,0.043105755001306534
44569,0.042482778429985046
24298,0.04130792245268822
27547,0.038591064512729645
