Index,Activation Value
31904,0.44999805092811584
3361,0.19962982833385468
53983,0.19335222244262695
52189,0.17659880220890045
8438,0.1736251562833786
31903,0.16994121670722961
23257,0.1568494737148285
13829,0.09206889569759369
3594,0.043192461133003235
