Index,Activation Value
94876,0.8365593552589417
36748,0.7975560426712036
31345,0.5482296943664551
11023,0.4414884150028229
96772,0.35905271768569946
105256,0.3501165211200714
97829,0.3332594037055969
7844,0.3003489375114441
79737,0.22715438902378082
26996,0.21797765791416168
