Index,Activation Value
28910,0.12236519157886505
52183,0.10165881365537643
110712,0.09815093129873276
28425,0.09147016704082489
103824,0.08051250874996185
49456,0.07228546589612961
36173,0.07213083654642105
99629,0.07181677967309952
102181,0.06950079649686813
7682,0.06892630457878113
