Index,Activation Value
70349,0.012367334216833115
13090,0.007785137742757797
88571,0.005169474985450506
36173,0.004179919138550758
14022,0.0009143190109170973
37498,0.000866171030793339
