Index,Activation Value
9816,0.0426960289478302
32727,0.03510477766394615
42887,0.018573351204395294
43197,0.016965648159384727
566,0.014789086766541004
45313,0.014385346323251724
23444,0.013893836177885532
38127,0.0120259840041399
27683,0.01109522208571434
34961,0.011079753749072552
