Index,Activation Value
33607,0.03128892928361893
28855,0.025631528347730637
30430,0.022877894341945648
16258,0.016740059480071068
21618,0.014089372009038925
43178,0.013573547825217247
53973,0.01347045786678791
27771,0.011725456453859806
49883,0.010854422114789486
6535,0.010766178369522095
