Index,Activation Value
59924,0.029431626200675964
41410,0.025889839977025986
36685,0.022877998650074005
24702,0.02202467992901802
2295,0.020345384255051613
43620,0.019124094396829605
13411,0.01899191550910473
7125,0.018222082406282425
58,0.01694861426949501
39247,0.016193656250834465
