Index,Activation Value
10570,0.15341712534427643
44743,0.14023521542549133
49213,0.13902603089809418
56007,0.1353403925895691
43178,0.13272854685783386
6190,0.13086619973182678
20435,0.13027364015579224
37410,0.1277725249528885
49406,0.12753327190876007
54222,0.12567822635173798
