Index,Activation Value
18000,0.0874757468700409
8019,0.07340706884860992
24298,0.07300363481044769
54138,0.06628233939409256
27547,0.06593018770217896
56855,0.062035493552684784
8080,0.061813294887542725
40678,0.056822992861270905
29340,0.0568135641515255
36625,0.05678480863571167
