Index,Activation Value
51614,0.07290522754192352
21467,0.06400469690561295
30430,0.05729024112224579
17428,0.054725632071495056
33607,0.04980212822556496
54222,0.04834969714283943
44269,0.042952001094818115
36473,0.04147467017173767
53589,0.040987059473991394
38340,0.040127526968717575
