Index,Activation Value
15397,0.23486410081386566
31056,0.17903324961662292
51614,0.16177016496658325
32757,0.1563020944595337
47264,0.1546446830034256
33333,0.14853310585021973
44937,0.14825165271759033
42599,0.1458204984664917
40818,0.13939568400382996
58963,0.1358243077993393
