Index,Activation Value
53579,0.2053007185459137
58249,0.19031982123851776
38924,0.18651476502418518
56554,0.1819416582584381
2354,0.18159182369709015
44569,0.18040809035301208
39547,0.17986561357975006
33011,0.15687528252601624
26778,0.14445243775844574
38247,0.14376792311668396
