Index,Activation Value
36212,0.041377343237400055
8396,0.03331933543086052
32727,0.03082282468676567
56855,0.028396079316735268
45313,0.027787644416093826
38340,0.02716105431318283
25657,0.02515392005443573
29340,0.02510683238506317
27547,0.02434922754764557
41844,0.023696137592196465
