Index,Activation Value
6094,0.01701490581035614
76092,0.008086380548775196
