Index,Activation Value
53579,0.08615543693304062
26778,0.08581746369600296
33011,0.06862257421016693
38924,0.06341885030269623
18000,0.06085726618766785
24298,0.05376344546675682
13179,0.044735778123140335
54138,0.04279162362217903
58249,0.03991743549704552
8019,0.03415555879473686
