Index,Activation Value
60631,0.047171756625175476
13090,0.025434665381908417
107995,0.02508595399558544
37498,0.021772561594843864
88571,0.02114335633814335
96758,0.018779845908284187
81123,0.018625611439347267
70349,0.01758332923054695
27438,0.015149537473917007
52183,0.014186800457537174
