Index,Activation Value
60763,0.07403475046157837
107925,0.07376021146774292
59080,0.06305776536464691
91875,0.06040855124592781
24604,0.05883035808801651
105073,0.058651868253946304
91269,0.0565989650785923
82590,0.05590549856424332
36533,0.053191449493169785
52491,0.05303895100951195
