Index,Activation Value
16061,1.6478300094604492
56921,0.6620987057685852
51688,0.5155206918716431
10226,0.3957020044326782
24224,0.3890286386013031
14115,0.3332005739212036
31684,0.20369811356067657
22551,0.13190987706184387
15313,0.10510806739330292
24902,0.036971256136894226
