Index,Activation Value
19701,0.005479395855218172
27569,0.004796590656042099
38127,0.0036829435266554356
8349,0.003644732292741537
15111,0.0034858318977057934
9049,0.003437207778915763
48346,0.003393523395061493
18517,0.0033819270320236683
11450,0.003034269204363227
27399,0.0028147136326879263
