Index,Activation Value
21467,0.0023245373740792274
38924,0.0013590309536084533
8396,0.0006158235482871532
56855,4.7011726564960554e-05
