Index,Activation Value
52426,0.026502059772610664
83828,0.017978735268115997
28425,0.017205582931637764
21549,0.012437954545021057
107995,0.01211536955088377
70776,0.0119387311860919
62757,0.009843668900430202
14326,0.009600763209164143
91875,0.008521273732185364
59998,0.008287104777991772
