Index,Activation Value
38247,0.24575386941432953
39547,0.22108229994773865
7145,0.20793746411800385
26937,0.15039017796516418
41843,0.1501883864402771
24702,0.14513258635997772
59924,0.14318306744098663
56545,0.13459035754203796
47264,0.13322630524635315
43054,0.1305924654006958
