Index,Activation Value
53579,0.49494317173957825
38924,0.45234549045562744
21467,0.4090346097946167
1909,0.38280564546585083
44569,0.33306029438972473
1859,0.286905974149704
58249,0.27707943320274353
33011,0.2712423801422119
26778,0.27083393931388855
8080,0.2667144536972046
