Index,Activation Value
36212,0.024438008666038513
29340,0.0194846261292696
56855,0.01924763433635235
8396,0.016537845134735107
25657,0.013711648061871529
53582,0.011533752083778381
4530,0.010829783976078033
24565,0.010467286221683025
38924,0.00993654690682888
58249,0.005391170270740986
