Index,Activation Value
773,0.20891056954860687
2800,0.13380247354507446
55625,0.12656989693641663
39837,0.11998572945594788
59924,0.10639970749616623
31056,0.10545828193426132
7145,0.1002945601940155
15397,0.09693308174610138
16549,0.09272279590368271
56147,0.09026333689689636
