Index,Activation Value
107995,0.0025827372446656227
17902,0.0011340408818796277
42192,0.0008339611231349409
7682,0.0006284023402258754
22092,0.00020201232109684497
14326,0.00019485733355395496
107558,0.00015935118426568806
73782,0.0001308165374211967
105073,3.961170659749769e-05
