Index,Activation Value
38924,0.6273981928825378
33011,0.6268192529678345
26778,0.5179058909416199
21467,0.5055408477783203
53579,0.4890080690383911
8080,0.42315229773521423
1909,0.41049855947494507
59288,0.40191951394081116
18000,0.397887647151947
58249,0.38382017612457275
