Index,Activation Value
27547,0.002747810212895274
38924,0.002706940285861492
36473,0.00093192292843014
44569,0.0008833316969685256
