Index,Activation Value
53579,0.13223797082901
21467,0.12651176750659943
38924,0.11132849752902985
58249,0.08720310032367706
26778,0.07670371979475021
8080,0.054626911878585815
45538,0.04235132783651352
4055,0.039124660193920135
16549,0.035663459450006485
56554,0.035112619400024414
