Index,Activation Value
29372,0.016451841220259666
56725,0.014610501006245613
55426,0.014198314398527145
87077,0.012386889196932316
8774,0.012005946598947048
27191,0.011472968384623528
59080,0.01096375659108162
13090,0.010572575964033604
26012,0.010546918027102947
47448,0.00913073867559433
