Index,Activation Value
53579,0.008650502189993858
58249,0.0027275311294943094
44569,0.0025313454680144787
1909,0.000319652259349823
