Index,Activation Value
21467,0.045488741248846054
53579,0.03429969400167465
38924,0.028309596702456474
38432,0.024947548285126686
38340,0.021876176819205284
58249,0.021449869498610497
13743,0.019276466220617294
53589,0.01574637182056904
19868,0.015200612135231495
26778,0.01204140204936266
