Index,Activation Value
53579,0.25251954793930054
8080,0.2027754783630371
44569,0.1984887421131134
27547,0.19229725003242493
38924,0.18613453209400177
8019,0.18489640951156616
21467,0.17381492257118225
38432,0.15685105323791504
26778,0.1556745320558548
24298,0.1442449688911438
