Index,Activation Value
21467,0.06835006922483444
53579,0.05303214490413666
56855,0.04936981573700905
38924,0.04236767813563347
36212,0.040081072598695755
8080,0.04002169519662857
8396,0.0376666858792305
24298,0.03595809265971184
54138,0.03447721526026726
58249,0.0332120843231678
