Index,Activation Value
62757,0.05928536877036095
6786,0.055999577045440674
101572,0.05252433568239212
91104,0.05154735594987869
85185,0.050703827291727066
93904,0.04464292898774147
17608,0.04414810612797737
27789,0.041741762310266495
16089,0.04054437205195427
31830,0.03752206265926361
