Index,Activation Value
16730,0.531470000743866
44735,0.49614158272743225
