Index,Activation Value
56855,0.004282500594854355
21467,0.003116434207186103
38924,0.0015049154171720147
53579,0.0014419789658859372
8396,0.000564921589102596
8019,7.114801701391116e-05
