Index,Activation Value
28910,0.024926887825131416
6156,0.0170274805277586
104537,0.0159774012863636
97407,0.012572608888149261
35254,0.010494070127606392
99629,0.010143153369426727
16089,0.008094328455626965
50439,0.007851636968553066
96065,0.006714072078466415
41552,0.00653699180111289
