Index,Activation Value
50206,0.7986866235733032
104387,0.19632528722286224
64919,0.07878603786230087
26311,0.06520562618970871
20901,0.059762828052043915
27865,0.03880475461483002
