Index,Activation Value
70349,0.11999374628067017
13090,0.10505887866020203
107995,0.07876667380332947
6156,0.06735506653785706
52426,0.06206556782126427
108688,0.05569646880030632
88571,0.05459511652588844
92547,0.044544994831085205
63669,0.04258561134338379
110063,0.037681907415390015
