Index,Activation Value
21467,0.01962118037045002
38432,0.016674146056175232
53579,0.01422022469341755
31723,0.010455898940563202
43115,0.010164162144064903
30430,0.00770204421132803
33011,0.006941418629139662
56855,0.006608608644455671
22371,0.005877162795513868
579,0.005393869709223509
