Index,Activation Value
58249,0.009553701616823673
56554,0.00565640302374959
32727,0.005415825173258781
47264,0.004523129668086767
41844,0.004320831503719091
51614,0.003416539402678609
31723,0.0024182251654565334
36944,0.0019231745973229408
15111,0.001879497547633946
36625,0.0011779420310631394
