Index,Activation Value
95282,0.6793076992034912
3375,0.33271488547325134
100372,0.3294122815132141
106391,0.308204710483551
87441,0.30112579464912415
96748,0.2968263626098633
84879,0.2641380727291107
95735,0.2499266415834427
100426,0.24073314666748047
77852,0.23811493813991547
