Index,Activation Value
97251,1.4083948135375977
4707,0.9845215082168579
75440,0.9421337246894836
44774,0.8576431274414062
110160,0.6291179656982422
88400,0.5768866539001465
14809,0.4109855890274048
112754,0.4091023802757263
22985,0.38579806685447693
8758,0.38212263584136963
