Index,Activation Value
43054,0.07625703513622284
48137,0.03812900930643082
12474,0.03651340305805206
16261,0.035428497940301895
24409,0.03407963737845421
32254,0.031210293993353844
38127,0.031179355457425117
32704,0.029749438166618347
34268,0.02958485297858715
7921,0.029344860464334488
