Index,Activation Value
55426,0.12887239456176758
29372,0.10137471556663513
63669,0.10103930532932281
71543,0.08780800551176071
20779,0.08282966911792755
26012,0.07950489968061447
14326,0.07484239339828491
12,0.0716034397482872
59041,0.06392865628004074
92876,0.06361185014247894
