Index,Activation Value
59924,0.17064635455608368
24702,0.16857123374938965
14147,0.157835453748703
31723,0.14460256695747375
9049,0.14431005716323853
32604,0.14353081583976746
22362,0.13614776730537415
31904,0.13470150530338287
43054,0.13408643007278442
7145,0.12519118189811707
