Index,Activation Value
96758,0.006290909834206104
13090,0.0036261065397411585
20663,0.003162206383422017
88571,0.003014032728970051
104537,0.002277790103107691
22227,0.0018335310742259026
35254,0.0014211407396942377
17608,0.001415099948644638
27438,0.00023734080605208874
64204,0.00022121465008240193
