Index,Activation Value
50022,2.6405365467071533
89464,2.368074417114258
94222,0.9203985929489136
99271,0.9099851250648499
105294,0.866503119468689
55427,0.8413764238357544
96470,0.8194063901901245
30533,0.7593696713447571
8928,0.5509228706359863
21319,0.5444731116294861
