Index,Activation Value
53579,0.23075532913208008
38924,0.18505249917507172
21467,0.18276062607765198
58249,0.1659054309129715
8080,0.16385865211486816
8019,0.14217780530452728
24298,0.12756429612636566
26778,0.12157153338193893
38432,0.11326859891414642
18000,0.10963793098926544
