Index,Activation Value
21467,0.2291884571313858
38924,0.15164388716220856
24298,0.1394234001636505
53579,0.12121487408876419
26778,0.11950385570526123
54138,0.10909970104694366
8080,0.10892122983932495
8019,0.09836021065711975
36212,0.09665478020906448
58249,0.08396875113248825
