Index,Activation Value
19179,1.1036155223846436
75736,1.0398664474487305
30379,1.0074845552444458
51760,0.9940186142921448
43444,0.928414523601532
74751,0.8386549949645996
27304,0.7541204690933228
69905,0.7390078902244568
105937,0.7360597252845764
87718,0.7031455039978027
