Index,Activation Value
29340,0.01150039117783308
21467,0.010552098974585533
26778,0.008496091701090336
38924,0.007583342958241701
8396,0.007323518395423889
56855,0.007145598530769348
36212,0.006992329377681017
38432,0.006150433793663979
24298,0.003698495915159583
53579,0.003241052385419607
