Index,Activation Value
88571,0.016050470992922783
2871,0.00860652420669794
49205,0.006863563321530819
13042,0.0047002751380205154
22202,0.004669990390539169
78437,0.004543764982372522
12589,0.004184141755104065
100136,0.004170533735305071
61202,0.004048746079206467
25440,0.003739843610674143
