Index,Activation Value
38924,0.10774016380310059
26778,0.06941714137792587
56855,0.06840693205595016
36473,0.0681217685341835
58249,0.06140833720564842
24298,0.0603039376437664
53579,0.0587746761739254
39547,0.05776188522577286
29340,0.05261578410863876
36212,0.05168711766600609
