Index,Activation Value
13090,0.019544238224625587
108688,0.01019937451928854
93969,0.00870571844279766
32638,0.006195819936692715
59080,0.0032999487593770027
70776,0.0014199764700606465
27438,0.001018623006530106
12589,0.0007450757548213005
