Index,Activation Value
32727,0.1668536216020584
45313,0.14898934960365295
33011,0.14821256697177887
21467,0.14219240844249725
8080,0.14011599123477936
36212,0.13736596703529358
27547,0.12955842912197113
41844,0.12352210283279419
54138,0.12253780663013458
9816,0.12031605839729309
