Index,Activation Value
13090,0.034449703991413116
60631,0.018790405243635178
6156,0.017314542084932327
17690,0.01500643976032734
52683,0.014397728256881237
21549,0.014085674658417702
68381,0.01377621665596962
22839,0.013144077733159065
54105,0.013134327717125416
61251,0.0129666393622756
