Index,Activation Value
66672,1.1071099042892456
94318,0.5066854357719421
31906,0.4750359058380127
57477,0.31095269322395325
27789,0.26600104570388794
43102,0.16932158172130585
41272,0.13333703577518463
19424,0.0775098130106926
2496,0.03939608111977577
