Index,Activation Value
94550,0.5748080611228943
67725,0.18007595837116241
