Index,Activation Value
13090,0.03933553770184517
56725,0.02964175119996071
52683,0.02532266639173031
34454,0.022868381813168526
15003,0.0183685552328825
60631,0.018330274149775505
89243,0.013349421322345734
64204,0.01316387765109539
28425,0.013091213069856167
73782,0.012912933714687824
