Index,Activation Value
26531,0.4023229479789734
40172,0.3752741813659668
15545,0.36365780234336853
9390,0.2933008670806885
34799,0.26186108589172363
425,0.2040877640247345
36428,0.20385947823524475
36067,0.17525947093963623
26030,0.1709146499633789
31426,0.1321893185377121
