Index,Activation Value
90842,0.014914159663021564
92876,0.013663305900990963
14326,0.01306066568940878
52491,0.011326982639729977
48529,0.0072547965683043
7351,0.006686088629066944
54956,0.0063362931832671165
4264,0.006055427715182304
12,0.00580418948084116
95769,0.0054218824952840805
