Index,Activation Value
38924,0.05232250690460205
21467,0.05064116418361664
53579,0.05047869309782982
8080,0.049969058483839035
54138,0.0447663851082325
44569,0.03930164873600006
38432,0.03459881246089935
24298,0.03440280258655548
58249,0.03428853675723076
26778,0.03313256427645683
