Index,Activation Value
29340,0.22482219338417053
56855,0.19134216010570526
55023,0.16792449355125427
53582,0.16353939473628998
8396,0.15755000710487366
56607,0.13214533030986786
54927,0.1172991469502449
31022,0.10609880089759827
59868,0.10320320725440979
9816,0.10143938660621643
