Index,Activation Value
52426,0.012566459365189075
14022,0.011620793491601944
7334,0.010921893641352654
87758,0.006471463479101658
103825,0.005342154763638973
6156,0.0044433437287807465
90842,0.0036335645709186792
18680,0.002830447629094124
12344,0.0021388884633779526
7866,0.001747502014040947
