Index,Activation Value
9816,0.1750081181526184
17428,0.14816300570964813
8019,0.1452692747116089
27547,0.14338310062885284
36473,0.13900268077850342
56032,0.12994642555713654
32696,0.12980742752552032
15111,0.12789160013198853
37379,0.1104288324713707
39812,0.11005333065986633
