Index,Activation Value
9049,0.37473592162132263
54025,0.1581135094165802
