Index,Activation Value
16271,0.8837906718254089
35090,0.7098784446716309
16018,0.68575519323349
52040,0.6057713031768799
42133,0.5547356009483337
8517,0.5180317759513855
46491,0.40480414032936096
10108,0.3966117203235626
16485,0.36743053793907166
50568,0.36015045642852783
