Index,Activation Value
218,0.09894242137670517
24409,0.09880045056343079
2390,0.056343261152505875
30435,0.05474633723497391
9390,0.049659449607133865
30053,0.046080056577920914
39207,0.04601964354515076
40678,0.04432510584592819
22718,0.04242986440658569
43514,0.041851773858070374
