Index,Activation Value
24565,0.1694922149181366
53582,0.10985365509986877
55625,0.09763108193874359
55023,0.0888298749923706
45682,0.08052999526262283
57180,0.07498491555452347
22737,0.0657849833369255
17169,0.06435326486825943
15397,0.06395106762647629
41694,0.06313569843769073
