Index,Activation Value
21467,0.3087184429168701
38432,0.30313336849212646
33011,0.2705995440483093
53579,0.25423958897590637
18000,0.25280219316482544
44569,0.24053066968917847
27547,0.22670836746692657
8080,0.2223009318113327
58249,0.20530878007411957
38924,0.20315846800804138
