Index,Activation Value
13179,0.009800238534808159
59288,0.006696137599647045
1909,0.005130240693688393
57163,0.003932542633265257
39547,0.0028073485009372234
