Index,Activation Value
52183,0.008555128239095211
28910,0.00830832775682211
60631,0.005120974499732256
13090,0.004908443428575993
33336,0.003968298900872469
107558,0.003955138847231865
59080,0.00344154448248446
107925,0.003323954762890935
52683,0.0032174752559512854
25887,0.0030733116436749697
