Index,Activation Value
91875,0.08667358756065369
59080,0.07109973579645157
14165,0.06915078312158585
34655,0.06709770113229752
42192,0.06164446845650673
111011,0.05291525274515152
80813,0.04835374280810356
88295,0.04692854359745979
18680,0.04295056685805321
38228,0.04243534430861473
