Index,Activation Value
11713,0.5140948295593262
91414,0.4092171788215637
21367,0.21894323825836182
98614,0.019372470676898956
98645,0.010974778793752193
