Index,Activation Value
41843,0.13991734385490417
44208,0.09261080622673035
51163,0.0915684849023819
45682,0.08169794082641602
4191,0.07499503344297409
21532,0.06784427165985107
20182,0.06693248450756073
22737,0.06481777876615524
57496,0.06448991596698761
20348,0.06444099545478821
