Index,Activation Value
21467,0.003273016307502985
26778,0.001815228839404881
38924,0.0016385859344154596
