Index,Activation Value
87491,0.013128979131579399
4765,0.009284197352826595
92547,0.007186588365584612
80233,0.004635300952941179
716,0.0038995989598333836
7106,0.003629503073170781
19530,0.0034327926114201546
852,0.0023944152053445578
60880,0.0018076375126838684
22569,0.001540074939839542
