Index,Activation Value
32727,0.12117891013622284
27547,0.0713745728135109
40678,0.06918060034513474
56481,0.06892087310552597
34961,0.066829614341259
42192,0.06608439236879349
9816,0.06594891101121902
18000,0.06382820010185242
25800,0.06276653707027435
45313,0.06164579838514328
