Index,Activation Value
52183,0.05890173092484474
28910,0.044637542217969894
13090,0.04359068349003792
56725,0.036132365465164185
27438,0.03605305403470993
88571,0.03592028096318245
33336,0.03443751484155655
49456,0.03349632769823074
25849,0.030663814395666122
35254,0.028199758380651474
