Index,Activation Value
21467,0.25305894017219543
53579,0.1980503797531128
29340,0.17263804376125336
36212,0.16307106614112854
56855,0.15324902534484863
38432,0.14860081672668457
38924,0.1483445018529892
8396,0.14195047318935394
58249,0.13978944718837738
26778,0.13439776003360748
