Index,Activation Value
29340,0.011513562873005867
56855,0.008908136747777462
58249,0.007653649430721998
36212,0.007327474188059568
8396,0.007190761622041464
38924,0.006797072011977434
53579,0.006051160860806704
43054,0.0046465639024972916
53582,0.0032725261989980936
38432,0.0029149758629500866
