Index,Activation Value
24298,0.3291788399219513
8019,0.29403921961784363
9816,0.23515839874744415
43197,0.23352016508579254
29465,0.21029336750507355
54138,0.17063191533088684
8349,0.17050626873970032
42887,0.17028209567070007
21467,0.16667328774929047
56505,0.15565712749958038
