Index,Activation Value
5401,0.3197833001613617
52648,0.22505679726600647
47835,0.0835893452167511
