Index,Activation Value
58249,0.0201546810567379
53579,0.01821395754814148
54138,0.010855808854103088
38924,0.01060777809470892
8080,0.0009628129191696644
24298,0.0004052221484016627
