Index,Activation Value
80233,0.0914665013551712
28425,0.08446579426527023
80813,0.08167390525341034
48529,0.08049307018518448
59998,0.07842736691236496
6156,0.07817602902650833
87126,0.06994066387414932
16959,0.06667114794254303
55426,0.0637345165014267
52683,0.06068969890475273
