Index,Activation Value
27789,0.9253643155097961
41221,0.6303152441978455
50116,0.4252226650714874
77436,0.32697269320487976
74672,0.3108300566673279
47411,0.3078524172306061
90152,0.2886756658554077
107492,0.26386329531669617
94318,0.21048682928085327
38674,0.1764591634273529
