Index,Activation Value
56855,0.00165380141697824
8396,0.0010240174597129226
