Index,Activation Value
21467,0.141107439994812
33011,0.05106091499328613
38340,0.04823729023337364
26778,0.03872577100992203
38924,0.035508327186107635
38432,0.025735553354024887
53579,0.024272657930850983
1909,0.023240497335791588
13179,0.02018597722053528
8080,0.016997838392853737
