Index,Activation Value
83828,0.08817266672849655
16158,0.07114627212285995
88571,0.06032262742519379
103824,0.05877787992358208
111478,0.05302519351243973
85185,0.05136154592037201
49865,0.050476834177970886
107551,0.050243087112903595
70349,0.049878351390361786
33336,0.04953331500291824
