Index,Activation Value
64204,0.02302055060863495
12,0.02018396370112896
59998,0.015054881572723389
71932,0.011166146956384182
8826,0.010780022479593754
36421,0.00925326719880104
74413,0.008028121665120125
44818,0.007574995048344135
33336,0.0070966980420053005
58367,0.0069351885467767715
