Index,Activation Value
53579,0.09180368483066559
38924,0.08345484733581543
21467,0.08094323426485062
26778,0.06274603307247162
58249,0.04502877593040466
33011,0.02887660078704357
19868,0.02405248023569584
8080,0.023791883140802383
1909,0.023430805653333664
19701,0.022621549665927887
