Index,Activation Value
72152,0.09369705617427826
23366,0.05543351545929909
59519,0.04072026535868645
