Index,Activation Value
13090,0.009415981359779835
60631,0.003559210803359747
52426,0.000883512373548001
37498,0.0007099881768226624
52183,0.00047536054626107216
95769,0.0003614940505940467
