Index,Activation Value
21549,0.09396647661924362
18680,0.08492931723594666
108542,0.07819026708602905
70776,0.07075302302837372
27191,0.06942193955183029
59080,0.06896349787712097
11313,0.06538821011781693
61123,0.06281129270792007
2915,0.059966906905174255
47448,0.059555210173130035
