Index,Activation Value
21467,0.08722048252820969
33011,0.0830693319439888
38924,0.0763515830039978
53579,0.06183646619319916
1909,0.055458370596170425
28561,0.05256742611527443
8396,0.05250261351466179
38432,0.0465674065053463
58249,0.04334362596273422
25657,0.0404837392270565
