Index,Activation Value
107995,0.007940983399748802
33336,0.0014092936180531979
