Index,Activation Value
101968,0.28624334931373596
41485,0.08192368596792221
