Index,Activation Value
43178,0.14843331277370453
43054,0.14618752896785736
7145,0.1004086583852768
28855,0.09003663063049316
7125,0.08899516612291336
29465,0.08257115632295609
33607,0.07999385893344879
40668,0.07661985605955124
26174,0.07228250801563263
24409,0.07052039355039597
