Index,Activation Value
90842,0.027072202414274216
71879,0.02165761962532997
19627,0.018407609313726425
12344,0.015958748757839203
72094,0.015835918486118317
35254,0.014775329269468784
95769,0.014398806728422642
105073,0.014133919030427933
14326,0.012928946875035763
87758,0.012190685607492924
