Index,Activation Value
47066,0.33501696586608887
22883,0.3273325264453888
45942,0.32720986008644104
44366,0.3255636692047119
33818,0.2267129272222519
41503,0.18625161051750183
12198,0.16642427444458008
42322,0.11406921595335007
