Index,Activation Value
24235,0.004766810219734907
97156,0.0023664706386625767
68297,0.002197085879743099
110609,0.0012613595463335514
65399,0.001237646909430623
109813,0.0011016464559361339
30787,0.0007570107700303197
41768,0.0005030328175053
91342,0.0004879980406258255
16959,0.0004790668317582458
