Index,Activation Value
70349,0.0754537582397461
9293,0.056709304451942444
88571,0.055073607712984085
52847,0.048389751464128494
63037,0.04394851252436638
56266,0.036066681146621704
17902,0.03561432659626007
10755,0.02947024628520012
6786,0.029271017760038376
48529,0.02864249236881733
