Index,Activation Value
100136,0.0026660419534891844
18272,0.0011473556514829397
