Index,Activation Value
38924,0.03847424313426018
33011,0.03763386979699135
24298,0.03544260561466217
53579,0.03078998066484928
44569,0.02709737792611122
36473,0.023916134610772133
54138,0.023848384618759155
21467,0.023502854630351067
8019,0.02157004177570343
58249,0.01902753673493862
