Index,Activation Value
96758,0.017972629517316818
27438,0.01369698066264391
96654,0.008175176568329334
101572,0.006523616146296263
49456,0.005782534833997488
27858,0.005572284106165171
67013,0.003941412549465895
50022,0.0028101576026529074
102708,0.002588823903352022
87077,0.0022450629621744156
