Index,Activation Value
17648,0.5196357369422913
34265,0.2289123237133026
7220,0.2176721692085266
31750,0.10662180185317993
15451,0.07527349144220352
46600,0.05283728614449501
39812,0.031932856887578964
53788,0.006870201788842678
