Index,Activation Value
19606,0.4443325996398926
30829,0.15370230376720428
8083,0.1417405903339386
