Index,Activation Value
2632,1.0022022724151611
91151,0.5833197236061096
64736,0.5248675346374512
72458,0.51370769739151
8395,0.33296069502830505
99605,0.33008304238319397
48655,0.326528936624527
70634,0.14891448616981506
98584,0.11113332211971283
111011,0.04102737084031105
