Index,Activation Value
33336,1.348483920097351
60631,0.8931345343589783
88991,0.6034976840019226
57062,0.5879656672477722
67433,0.5739653706550598
52183,0.5198611617088318
3549,0.43583670258522034
36536,0.389220267534256
36184,0.3185071349143982
92876,0.31452032923698425
