Index,Activation Value
48473,0.10864531993865967
36411,0.10439042747020721
27438,0.09047791361808777
73782,0.08182255923748016
54105,0.07624280452728271
79383,0.0727115198969841
104537,0.06934481114149094
87950,0.06814242154359818
14983,0.06809591501951218
9293,0.06682563573122025
