Index,Activation Value
36173,0.017869988456368446
59162,0.01004882249981165
27438,0.007781124673783779
71932,0.0068747070617973804
51766,0.004108261317014694
52683,0.004056904464960098
73464,0.003759377868846059
8914,0.003719475818797946
101572,0.0030238591134548187
6786,0.002588234841823578
