Index,Activation Value
53785,0.7322879433631897
96750,0.7054720520973206
16807,0.6336958408355713
4126,0.5381900668144226
97140,0.4242725074291229
48982,0.3952923119068146
55923,0.35423439741134644
62430,0.26173245906829834
3309,0.02862706035375595
