Index,Activation Value
38432,0.08432253450155258
53579,0.08303698897361755
38924,0.07643689960241318
21467,0.07378023117780685
13743,0.059743672609329224
33011,0.05822708457708359
58249,0.056298110634088516
26778,0.05466906353831291
30430,0.05021696165204048
28855,0.0500187948346138
