Index,Activation Value
22371,0.003374424995854497
12023,0.0032598183024674654
579,0.0027683640364557505
54222,0.00246153655461967
5476,0.001471754047088325
56032,0.0006866452749818563
14465,7.832115807104856e-05
