Index,Activation Value
21467,0.0028437464497983456
53579,0.0025954446755349636
38924,0.000654406554531306
33011,0.0006160594057291746
