Index,Activation Value
88571,0.0005966293974779546
33336,0.0002117786934832111
52426,0.00016047644021455199
52683,6.473770190495998e-05
96758,3.5541554098017514e-05
14983,1.6744852473493665e-05
