Index,Activation Value
96758,0.019555125385522842
1267,0.013841240666806698
28910,0.008546286262571812
76298,0.00693872943520546
49456,0.006427169311791658
35254,0.005763613153249025
87491,0.004970753565430641
27438,0.0035726148635149
16089,0.0032985711004585028
36173,0.0018969735829159617
