Index,Activation Value
38924,0.04071882367134094
53579,0.03919444978237152
58249,0.028354834765195847
21467,0.02279183454811573
24298,0.015396853908896446
26778,0.012722761370241642
8019,0.012384286150336266
18000,0.01138804666697979
33011,0.010684734210371971
36473,0.00922679714858532
