Index,Activation Value
104537,0.10373573005199432
35254,0.07015631347894669
84018,0.06349020451307297
16107,0.05718110874295235
6786,0.043885424733161926
55426,0.04098086059093475
59998,0.03987380489706993
29372,0.03819840028882027
48473,0.03693568333983421
80813,0.03610743582248688
