Index,Activation Value
54138,0.38800913095474243
21467,0.2666627764701843
218,0.1271376758813858
