Index,Activation Value
56007,0.009689117781817913
50700,0.001315755769610405
57009,0.00041722418973222375
