Index,Activation Value
38924,0.018772991374135017
1909,0.012088860385119915
33011,0.008818915113806725
44569,0.006619078107178211
21467,7.766441558487713e-05
