Index,Activation Value
1021,2.6470048427581787
50983,2.636333703994751
16261,2.5725436210632324
71622,2.518004894256592
69490,2.2786190509796143
57192,2.116072654724121
34998,2.0773704051971436
87950,2.0365021228790283
67812,2.016977548599243
110788,1.8798251152038574
