Index,Activation Value
90842,0.04963432252407074
107925,0.03211482614278793
19627,0.031364381313323975
7334,0.02360362559556961
87758,0.021412018686532974
72094,0.020648445934057236
52491,0.020573316141963005
7351,0.020222749561071396
11918,0.019225889816880226
25887,0.017376096919178963
