Index,Activation Value
4491,1.4713890552520752
107014,1.0975362062454224
106705,1.0197606086730957
2646,1.0084131956100464
93671,0.9935158491134644
52004,0.9403497576713562
75324,0.9254522919654846
89875,0.8338063359260559
7823,0.7964909672737122
75358,0.7646068930625916
