Index,Activation Value
53589,0.07613769173622131
57551,0.055732280015945435
14826,0.05263841524720192
19339,0.04819367080926895
33607,0.04130188375711441
23805,0.04029430076479912
31736,0.0338762030005455
44269,0.03216082602739334
7683,0.030165979638695717
50011,0.029730174690485
