Index,Activation Value
108688,0.08372104912996292
52426,0.08357575535774231
98129,0.06011306867003441
80813,0.05988721176981926
107995,0.05797227472066879
107558,0.05790053680539131
100195,0.057687561959028244
88295,0.05700007453560829
97407,0.054881080985069275
104537,0.04982180893421173
