Index,Activation Value
21467,0.1950870156288147
38924,0.14857381582260132
38432,0.1373685598373413
44569,0.10811257362365723
53579,0.10278523713350296
58249,0.09815465658903122
8080,0.08513864129781723
38340,0.0721317008137703
8396,0.06612314283847809
56855,0.061664171516895294
