Index,Activation Value
48460,1.2293026447296143
92990,0.9116640090942383
74008,0.7538833022117615
66825,0.6442406177520752
74725,0.5818249583244324
1076,0.5643213391304016
35593,0.5546442270278931
75423,0.5471974611282349
62942,0.49131104350090027
50176,0.48481273651123047
