Index,Activation Value
22092,0.01502051018178463
21549,0.014845217578113079
108542,0.014410629868507385
18680,0.01421670988202095
110108,0.012417178601026535
82590,0.01062014140188694
64204,0.0077350083738565445
61123,0.007335766218602657
35913,0.007335095666348934
31199,0.006917700637131929
