Index,Activation Value
36212,0.03861565887928009
8396,0.019436266273260117
56855,0.0138630960136652
19868,0.011748227290809155
25657,0.011623821221292019
29340,0.011566385626792908
41844,0.011065849103033543
4530,0.010165397077798843
55023,0.003907243721187115
38340,0.0034230819437652826
