Index,Activation Value
15082,0.21555115282535553
82585,0.186459481716156
