Index,Activation Value
5319,0.3733202815055847
23510,0.27359434962272644
