Index,Activation Value
36212,0.02500159852206707
24298,0.02483293227851391
36473,0.024229275062680244
54138,0.02232290990650654
17428,0.02040235511958599
8396,0.01918935589492321
773,0.01733413338661194
56855,0.016358453780412674
33011,0.014497142285108566
29340,0.014367089606821537
