Index,Activation Value
13090,0.0182479415088892
67509,0.007657750975340605
32672,0.003853271948173642
70349,0.0030922575388103724
1021,0.0029714570846408606
20930,0.0024029326159507036
91551,0.0022223666310310364
16261,0.0015932251699268818
85314,0.00139110186137259
10581,0.0012208573753014207
