Index,Activation Value
38924,0.04380461946129799
53579,0.04159119352698326
24298,0.03997320681810379
36473,0.03286970779299736
26778,0.032772213220596313
21467,0.03181978687644005
8019,0.02616889961063862
44569,0.018753940239548683
33011,0.01874719187617302
43054,0.017214147374033928
