Index,Activation Value
13090,0.030957503244280815
35254,0.03050723671913147
60631,0.029345646500587463
80233,0.02515040524303913
33336,0.024359658360481262
96758,0.02111763320863247
44123,0.019526951014995575
88571,0.017958395183086395
74354,0.017829464748501778
852,0.017377709969878197
