Index,Activation Value
18736,0.020644595846533775
48477,0.019242793321609497
44705,0.01833811029791832
16403,0.018313445150852203
14756,0.01828571781516075
29475,0.01818804442882538
47380,0.017592858523130417
48587,0.01565653830766678
32604,0.01423986442387104
44189,0.013050357811152935
