Index,Activation Value
46171,0.7561519145965576
42113,0.726590633392334
39365,0.6577690243721008
6975,0.5974155068397522
1720,0.5818581581115723
13023,0.534792959690094
36659,0.5085315108299255
13784,0.4864667057991028
54320,0.38635388016700745
13211,0.37750276923179626
