Index,Activation Value
24298,0.028867512941360474
29340,0.020143980160355568
44569,0.018085766583681107
8019,0.018055835738778114
27547,0.017242038622498512
32727,0.016647448763251305
56855,0.015055391006171703
8396,0.013286139816045761
9816,0.011527873575687408
36212,0.009606046602129936
