Index,Activation Value
76908,0.07258304208517075
40355,0.07220551371574402
4825,0.06537941843271255
93275,0.06537701934576035
48473,0.06463570147752762
22092,0.0626298189163208
48820,0.0607324093580246
7334,0.06046651303768158
44123,0.05859721824526787
90842,0.058324072510004044
