Index,Activation Value
3596,0.8915173411369324
20081,0.7022853493690491
32322,0.6448944807052612
105303,0.5831915736198425
78382,0.4950815737247467
3505,0.48898670077323914
98818,0.4428291916847229
44507,0.3897998034954071
87668,0.368716835975647
60212,0.3585057258605957
