Index,Activation Value
46277,1.1366877555847168
31904,0.7871307730674744
