Index,Activation Value
13090,0.0022684785071760416
56725,0.002025611000135541
60631,0.0015453457599505782
33336,0.000989963999018073
83828,0.00047207524767145514
49456,0.0004392506671138108
28910,0.0003915783017873764
3082,0.0003531608381308615
52183,0.0003407642070669681
7351,0.000281329732388258
