Index,Activation Value
36212,0.026177264750003815
8396,0.02450709417462349
44249,0.012403899803757668
4530,0.009171480312943459
59981,0.009135995991528034
47541,0.008681063540279865
13033,0.007650717161595821
34249,0.007600216194987297
56095,0.004281444475054741
55443,0.004196477122604847
