Index,Activation Value
29340,0.07065770030021667
56855,0.06164067983627319
55023,0.043718371540308
21467,0.03972681984305382
8396,0.03207266330718994
53582,0.02974061854183674
24565,0.029282335191965103
36212,0.02513674832880497
31723,0.020977230742573738
2792,0.01892591081559658
