Index,Activation Value
38924,0.040547121316194534
53579,0.03856872767210007
8080,0.030899740755558014
38432,0.028135834261775017
8019,0.024331875145435333
38340,0.02288714610040188
44569,0.022147532552480698
27547,0.021792292594909668
54138,0.020916670560836792
24298,0.019933369010686874
