Index,Activation Value
55023,0.010552698746323586
29340,0.00719893304631114
36212,0.003210680792108178
8396,0.00288551882840693
56855,0.0025955375749617815
