Index,Activation Value
13090,0.12954780459403992
96758,0.09379309415817261
56725,0.0896555632352829
88571,0.08398173004388809
81123,0.07306688278913498
17902,0.07289281487464905
70349,0.07259586453437805
22092,0.06434230506420135
14165,0.061134643852710724
94111,0.05937187373638153
