Index,Activation Value
107925,0.12567104399204254
36173,0.1017097607254982
90842,0.09494654089212418
93685,0.07863576710224152
44818,0.07218647748231888
19627,0.06481528282165527
62757,0.06115405634045601
95115,0.05574103072285652
57225,0.05278830975294113
38063,0.05061876401305199
