Index,Activation Value
54138,0.0023873616009950638
53579,0.0015598391182720661
38924,0.001104404916986823
33011,0.0006576220039278269
