Index,Activation Value
44569,0.12240438908338547
27547,0.09504982084035873
1909,0.09376717358827591
8080,0.08582879602909088
58249,0.08564788103103638
26778,0.08464054763317108
38924,0.08045182377099991
1859,0.07732757925987244
36473,0.07332891970872879
33011,0.07056880742311478
