Index,Activation Value
107995,0.1261468529701233
16107,0.10635380446910858
86538,0.07442252337932587
60631,0.07342173904180527
109825,0.0679602324962616
83828,0.06640999019145966
22092,0.06368407607078552
61202,0.05847471207380295
54896,0.055656589567661285
7866,0.05454229190945625
