Index,Activation Value
28425,0.014684739522635937
107925,0.014177053235471249
19627,0.01022930908948183
17902,0.00837916973978281
72094,0.006170664913952351
7351,0.004504473879933357
12,0.004174660891294479
87491,0.0015698906499892473
4825,0.0010464150691404939
24235,0.0006242108647711575
