Index,Activation Value
16107,0.08780714124441147
67509,0.06935171782970428
78437,0.05990750342607498
17335,0.05665741115808487
62951,0.05512228235602379
29450,0.053893692791461945
39257,0.049549803137779236
73855,0.04914559796452522
107310,0.04813840612769127
3311,0.04768599569797516
