Index,Activation Value
13090,0.026749972254037857
83828,0.025823095813393593
107925,0.018297458067536354
52183,0.017150061205029488
67509,0.0170142725110054
16107,0.01495460793375969
107995,0.013764324598014355
104537,0.013378246687352657
28910,0.013302893377840519
48473,0.012171276845037937
