Index,Activation Value
7145,0.005433278623968363
16261,0.002628136659041047
2059,0.002298508072271943
50324,0.0010146412532776594
38848,0.000909445050638169
