Index,Activation Value
18000,0.0007946431287564337
26778,0.00012019844143651426
