Index,Activation Value
21467,0.030207987874746323
27547,0.021883584558963776
38247,0.012037476524710655
26559,0.011360805481672287
579,0.008041162975132465
566,0.00738619826734066
11257,0.006950528360903263
36473,0.00646386481821537
13179,0.006453095935285091
38432,0.00473955599591136
