Index,Activation Value
33011,0.09943100064992905
25800,0.04100612550973892
56554,0.02761615626513958
36875,0.027358628809452057
59868,0.027278820052742958
13179,0.023158658295869827
773,0.021709376946091652
27683,0.01916709914803505
14196,0.0190309789031744
11257,0.018932178616523743
