Index,Activation Value
773,0.14978653192520142
39837,0.09032384306192398
3300,0.08788222819566727
25544,0.08539275825023651
22362,0.07906659692525864
24567,0.07859738916158676
58458,0.07852277159690857
4135,0.07757262885570526
40862,0.0766185000538826
14960,0.07469898462295532
