Index,Activation Value
13090,0.10486528277397156
67509,0.08803616464138031
76699,0.06679710745811462
36173,0.06463652849197388
852,0.05792597681283951
54896,0.05709860846400261
100884,0.054392628371715546
76906,0.05239536613225937
28425,0.050894010812044144
3413,0.047069795429706573
