Index,Activation Value
95980,0.0029390391428023577
73855,0.00169826066121459
11374,0.0012144737411290407
6786,0.0011747158132493496
73306,0.0005291763809509575
66000,0.00038563538691960275
