Index,Activation Value
56855,0.01013658381998539
8396,0.007529578637331724
7125,0.00042435727664269507
55625,0.00019471965788397938
