Index,Activation Value
38924,0.0761995017528534
53579,0.07531842589378357
26778,0.06170619651675224
58249,0.04905034974217415
33011,0.0338459350168705
8080,0.03320669010281563
1909,0.03138970211148262
21467,0.02967640571296215
8019,0.029513632878661156
44569,0.029354287311434746
