Index,Activation Value
7866,0.018692608922719955
104537,0.016972873359918594
107558,0.013470898382365704
28910,0.01263976190239191
80813,0.012514177709817886
12,0.012477883137762547
14022,0.012120039202272892
54156,0.0118407579138875
103694,0.011786488816142082
87758,0.009497314691543579
