Index,Activation Value
88571,0.0007264706073328853
92077,0.0006522758631035686
11313,0.0006139317410998046
107925,0.0004777463909704238
108542,0.0003502648323774338
61123,0.000334271346218884
60631,0.0003234953328501433
48529,0.00027834519278258085
97407,2.286185736011248e-05
