Index,Activation Value
28910,0.022961296141147614
99629,0.013367616571485996
100195,0.01189380045980215
48529,0.011457402259111404
50983,0.011382837779819965
42812,0.01110407616943121
21175,0.01066893432289362
60631,0.010185383260250092
39127,0.008316587656736374
49456,0.008136965334415436
