Index,Activation Value
4738,0.018573831766843796
52426,0.01552045438438654
82475,0.015313901007175446
29450,0.013405095785856247
87758,0.012149001471698284
15003,0.011667761951684952
73855,0.011178103275597095
63669,0.010438731871545315
28910,0.010369326919317245
92881,0.009800717234611511
