Index,Activation Value
9816,0.2790595293045044
29340,0.2687901258468628
27547,0.2434096485376358
56855,0.23711806535720825
36212,0.18682946264743805
42887,0.16028617322444916
218,0.1531848907470703
8396,0.1486341506242752
45313,0.14236454665660858
38127,0.1327776312828064
