Index,Activation Value
53579,0.19745749235153198
8080,0.19392161071300507
27547,0.17030011117458344
38924,0.16057170927524567
26778,0.1596258282661438
54138,0.15842168033123016
8019,0.1471574902534485
24298,0.14417575299739838
56855,0.13733892142772675
36212,0.12174958735704422
