Index,Activation Value
66353,1.2492706775665283
9644,0.3220910131931305
80676,0.27693161368370056
5894,0.11868106573820114
18038,0.05764683708548546
71735,0.03660529479384422
