Index,Activation Value
38127,0.4101879596710205
38432,0.26277756690979004
21467,0.24808275699615479
30430,0.1333308219909668
38340,0.13293953239917755
31056,0.10899391770362854
51614,0.10783074051141739
54138,0.10537723451852798
40678,0.09854015707969666
58458,0.09455638378858566
