Index,Activation Value
38924,0.0077066547237336636
8396,0.0072679766453802586
53579,0.007174337282776833
56855,0.006324793677777052
26778,0.0058027696795761585
36212,0.004364962689578533
29340,0.0034702967386692762
58249,0.0034134869929403067
38340,0.00229963893070817
21467,0.002181766787543893
