Index,Activation Value
21467,0.0037454962730407715
36212,0.00038204589509405196
