Index,Activation Value
33336,0.11587173491716385
86538,0.09214179962873459
36173,0.08935115486383438
87758,0.08055531233549118
28425,0.07476384937763214
60631,0.07301121205091476
7334,0.06760235130786896
96758,0.06653347611427307
56725,0.06600921601057053
7351,0.06297179311513901
