Index,Activation Value
31723,3.9029369354248047
24702,3.4527969360351562
7145,2.719414710998535
50144,2.621507167816162
59924,2.536872148513794
20635,2.450366973876953
15397,2.2112014293670654
57937,2.1530590057373047
47247,2.114400625228882
11897,2.067067861557007
