Index,Activation Value
88832,0.915429949760437
87718,0.20699907839298248
71472,0.2030024230480194
9721,0.12137985974550247
6184,0.11279978603124619
69479,0.0979512557387352
56783,0.044739577919244766
35781,0.037574462592601776
67578,0.027100682258605957
