Index,Activation Value
30999,0.017707081511616707
27840,0.01570863649249077
18541,0.015070672146975994
46600,0.011202992871403694
4987,0.010754854418337345
4965,0.010498682968318462
31194,0.010067828930914402
31684,0.00940184760838747
19957,0.008934118784964085
27990,0.008609176613390446
