Index,Activation Value
36473,0.021278027445077896
54138,0.011906561441719532
1909,0.011030443012714386
17428,0.005000712350010872
