Index,Activation Value
27438,0.1339978575706482
83828,0.12227367609739304
36173,0.11722902953624725
108542,0.10022813081741333
61123,0.09916891157627106
2915,0.09433633089065552
21549,0.08999261260032654
18680,0.08872045576572418
27191,0.08366228640079498
9293,0.08252798020839691
