Index,Activation Value
36473,0.15108078718185425
57009,0.09466318041086197
9480,0.09198970347642899
56007,0.08526591211557388
13179,0.07756385952234268
52855,0.0734042078256607
579,0.06520159542560577
11314,0.05607104301452637
17428,0.054658908396959305
16486,0.05234723538160324
