Index,Activation Value
21565,0.002406494924798608
31736,0.0006780531839467585
25227,0.00045227690134197474
