Index,Activation Value
13090,0.1475389450788498
59998,0.1233501061797142
16107,0.11859086900949478
56725,0.10067706555128098
66575,0.08407972007989883
14165,0.07505941390991211
107558,0.07238595932722092
53869,0.06976313143968582
98149,0.06616626679897308
592,0.06295798718929291
