Index,Activation Value
54138,0.22726401686668396
27547,0.1999627947807312
42887,0.16836562752723694
59924,0.1650281697511673
9816,0.16161838173866272
26937,0.16051214933395386
32727,0.1397751420736313
39547,0.13743194937705994
7145,0.13341276347637177
24702,0.12259355187416077
