Index,Activation Value
43190,0.903287410736084
31114,0.6438146829605103
43014,0.4964637756347656
13625,0.1845220923423767
13986,0.18447180092334747
1237,0.1807030737400055
44812,0.1596013456583023
15104,0.15403592586517334
37681,0.11626870185136795
44818,0.09988933801651001
