Index,Activation Value
51614,0.2056453973054886
43178,0.20230381190776825
7145,0.19962996244430542
24702,0.15366226434707642
28855,0.13878239691257477
30430,0.11471179127693176
33607,0.1072060689330101
53589,0.10372143983840942
43164,0.10322161763906479
47257,0.09143421053886414
