Index,Activation Value
13090,0.027749894186854362
92077,0.024053994566202164
29450,0.023368241265416145
52426,0.023172540590167046
101572,0.023026922717690468
35254,0.01973060332238674
88295,0.017855240032076836
87077,0.01782289333641529
12589,0.016376104205846786
47884,0.016014980152249336
