Index,Activation Value
53579,0.006874218117445707
21467,0.003987156320363283
44569,0.0037449777591973543
24298,0.0020671170204877853
38924,0.001513898721896112
