Index,Activation Value
13091,0.931913435459137
5568,0.8411363959312439
101850,0.7507838010787964
4410,0.729041576385498
39114,0.7281031608581543
25159,0.6920725107192993
37785,0.5790358185768127
7771,0.4762924611568451
101962,0.44138431549072266
29587,0.4293152093887329
