Index,Activation Value
61123,0.11748276650905609
35254,0.09699021279811859
18680,0.09289494901895523
92077,0.09204608201980591
104002,0.08241042494773865
70776,0.08032399415969849
66000,0.08010803908109665
7334,0.07995101064443588
87758,0.07821596413850784
105073,0.07747229933738708
