Index,Activation Value
28561,0.08795247226953506
2398,0.07571873068809509
10317,0.07059235870838165
6830,0.06498859822750092
43150,0.06153338402509689
41694,0.060091640800237656
54405,0.05984322726726532
88,0.058672431856393814
331,0.057792216539382935
3300,0.05607333406805992
