Index,Activation Value
10580,1.7934739589691162
107558,1.6885836124420166
4904,1.2903691530227661
56912,1.134077548980713
59998,1.0767052173614502
45018,1.0488451719284058
100112,0.9001006484031677
8621,0.8843985795974731
25791,0.8453758358955383
112720,0.8224035501480103
