Index,Activation Value
16107,0.09076930582523346
92077,0.05871663987636566
47448,0.053823865950107574
101572,0.05040452629327774
55426,0.046098388731479645
110063,0.04598294943571091
70776,0.0439356230199337
39127,0.04350902512669563
67831,0.04062441736459732
50954,0.03972986340522766
