Index,Activation Value
53579,0.694832444190979
38924,0.6487274765968323
33011,0.5799776315689087
58249,0.5621289014816284
24298,0.5294530391693115
1909,0.5178514122962952
26778,0.5130304098129272
8019,0.5032641887664795
44569,0.4831691384315491
8080,0.48260757327079773
