Index,Activation Value
24298,0.04357098788022995
8019,0.03405343368649483
44569,0.034011360257864
21467,0.03378431126475334
56855,0.02950749546289444
54138,0.027684718370437622
8396,0.025996113196015358
36212,0.024954568594694138
8080,0.023272350430488586
1859,0.022283650934696198
