Index,Activation Value
5319,0.11380552500486374
45682,0.08273645490407944
7125,0.0813571885228157
26174,0.06930159777402878
13581,0.06909240782260895
5556,0.06650304794311523
34156,0.06436414271593094
14433,0.0640086755156517
6844,0.06286821514368057
44948,0.060813333839178085
