Index,Activation Value
107558,0.12175866961479187
17902,0.09331360459327698
88295,0.07295683771371841
98149,0.07148388028144836
93685,0.07010737806558609
48529,0.06708672642707825
74579,0.054019369184970856
88937,0.05226876586675644
70349,0.05122552439570427
20457,0.04944806918501854
