Index,Activation Value
29340,0.16315904259681702
56855,0.14799173176288605
8396,0.14678551256656647
27547,0.11432672291994095
36212,0.10402290523052216
55023,0.09567135572433472
33011,0.08327555656433105
21467,0.07764173299074173
25657,0.07256663590669632
8080,0.07022975385189056
