Index,Activation Value
12344,0.0012062888126820326
28910,4.142629768466577e-05
