Index,Activation Value
90842,0.014104563742876053
4264,0.01027036365121603
93137,0.009705452248454094
14165,0.008310483768582344
19627,0.007866743952035904
4738,0.007767651230096817
96654,0.007013892754912376
87077,0.00640096515417099
95312,0.006135934963822365
53715,0.0050632827915251255
