Index,Activation Value
980,0.39584046602249146
59110,0.25683924555778503
4670,0.21503663063049316
27940,0.08696143329143524
8246,0.01918564923107624
49916,0.011524174362421036
41297,0.010929340496659279
37153,0.003837552387267351
