Index,Activation Value
21467,0.158350870013237
53579,0.11944279074668884
38924,0.11069481819868088
24298,0.10306438058614731
38432,0.10078658163547516
44569,0.08894161134958267
29340,0.08524253219366074
26778,0.08036366105079651
58249,0.07632662355899811
27547,0.07569561898708344
