Index,Activation Value
26778,0.03450765833258629
38924,0.029276961460709572
33011,0.024114718660712242
53579,0.013985319063067436
47257,0.009411908686161041
53589,0.009005805477499962
36473,0.008161967620253563
1909,0.003290038788691163
55023,0.003076911671087146
51614,0.0023770045954734087
