Index,Activation Value
19868,0.1493128091096878
47257,0.1418704390525818
36212,0.12932325899600983
38340,0.12817102670669556
13743,0.12684904038906097
53589,0.1042935773730278
8396,0.09429437667131424
25657,0.08834466338157654
56855,0.0848495289683342
54621,0.08380745351314545
