Index,Activation Value
29465,0.06109128147363663
30430,0.04358262941241264
43197,0.03924331068992615
38432,0.03759022057056427
35033,0.036527011543512344
8396,0.03497663140296936
21467,0.033257339149713516
33011,0.033227160573005676
29340,0.030094824731349945
13743,0.027430396527051926
