Index,Activation Value
77100,0.6475231647491455
84761,0.6357358694076538
47046,0.4861117899417877
80104,0.181047722697258
15003,0.14923831820487976
31390,0.12241904437541962
49985,0.10597468167543411
104385,0.09774869680404663
