Index,Activation Value
104537,0.12150593847036362
52426,0.08153174072504044
92547,0.07507879287004471
39257,0.06974082440137863
109825,0.06145048514008522
104002,0.0569351427257061
97407,0.056807421147823334
20663,0.055161815136671066
9293,0.05395215377211571
33659,0.053924560546875
