Index,Activation Value
55426,0.018909942358732224
14326,0.01064006332308054
18680,0.009052133187651634
29372,0.008728778921067715
90842,0.007653758395463228
59998,0.007231344934552908
80801,0.006960950791835785
21549,0.006308685056865215
95769,0.005976565647870302
6200,0.005175677593797445
