Index,Activation Value
87842,0.6806279420852661
111668,0.5671958923339844
38483,0.4767695367336273
27004,0.4693770408630371
19192,0.45502251386642456
45989,0.3898824155330658
24687,0.35353291034698486
30629,0.32505109906196594
99393,0.20381028950214386
58137,0.16205421090126038
