Index,Activation Value
53579,0.28365349769592285
38924,0.2828390896320343
21467,0.26629284024238586
8080,0.2556958496570587
58249,0.23687560856342316
24298,0.20536412298679352
54138,0.20082628726959229
26778,0.1974829137325287
18000,0.18054471909999847
33011,0.1778915524482727
