Index,Activation Value
48477,0.015185022726655006
34156,0.014688525348901749
44036,0.013999528251588345
44948,0.012859479524195194
56902,0.012136897072196007
7444,0.011435954831540585
41548,0.010428711771965027
39234,0.009609829634428024
27100,0.009353681467473507
10826,0.009311871603131294
