Index,Activation Value
21700,0.5164684653282166
39812,0.267821341753006
21072,0.018819788470864296
