Index,Activation Value
56855,0.0469294972717762
8396,0.04193038493394852
36212,0.040535666048526764
29340,0.03692799061536789
53589,0.01954885572195053
25657,0.016621433198451996
31736,0.01632937230169773
33607,0.015587071888148785
21467,0.013072703033685684
55023,0.011852896772325039
