Index,Activation Value
43514,0.0053213550709187984
3689,0.0034314803779125214
21149,0.001271539949811995
3326,0.0007643422577530146
10183,0.00012981504551135004
37903,9.679031791165471e-05
