Index,Activation Value
43054,0.2534925639629364
36625,0.22028467059135437
15111,0.21971458196640015
14971,0.18604494631290436
21467,0.18424256145954132
57551,0.17916274070739746
47264,0.17736698687076569
21565,0.17651355266571045
36944,0.16971591114997864
13743,0.16481247544288635
