Index,Activation Value
9816,0.04614638537168503
27547,0.039714522659778595
43197,0.03869832679629326
56855,0.03355663642287254
40678,0.032446373254060745
38432,0.029894184321165085
32727,0.024707449600100517
11450,0.022535765543580055
8396,0.020310575142502785
42887,0.020125053822994232
