Index,Activation Value
36173,0.0014817381743341684
13090,0.0009372886852361262
