Index,Activation Value
32727,0.01562906615436077
18000,0.014710848219692707
42887,0.013540433719754219
24298,0.01312100701034069
27547,0.012520592659711838
1859,0.012183095328509808
36473,0.011442199349403381
8019,0.010422883555293083
44569,0.008609953336417675
9816,0.007797237951308489
