Index,Activation Value
82846,1.7665096521377563
26376,0.8046640157699585
67229,0.5481919050216675
63307,0.380307674407959
70770,0.24028950929641724
95338,0.11288806051015854
54527,0.08076517283916473
24875,0.057410288602113724
13539,0.017122147604823112
