Index,Activation Value
105311,0.7168147563934326
68789,0.18359816074371338
