Index,Activation Value
44208,0.16449609398841858
41843,0.14916403591632843
7444,0.1167072206735611
39207,0.09514664858579636
32696,0.0930616483092308
31684,0.09133255481719971
39999,0.0832781195640564
31448,0.08124316483736038
59924,0.08065982908010483
56273,0.08054440468549728
