Index,Activation Value
13090,0.004633414559066296
104537,0.004259168636053801
37498,0.003205231623724103
70349,0.0029600358102470636
17608,0.001658232999034226
96758,0.001589350402355194
87491,0.0015677891205996275
61123,0.0015021850122138858
852,0.0014065626310184598
52683,0.0012329331366345286
