Index,Activation Value
87491,1.546339511871338
34096,0.3959054946899414
71914,0.3350076675415039
7873,0.2525409758090973
