Index,Activation Value
8340,1.271884560585022
7772,1.0332441329956055
33817,0.76884925365448
32000,0.6924010515213013
21838,0.645605206489563
11405,0.6379715204238892
32859,0.52284836769104
53104,0.4787980020046234
3414,0.46519842743873596
41246,0.4596885144710541
