Index,Activation Value
8080,0.005192911252379417
27547,0.00268681556917727
38127,0.0022396654821932316
38432,0.0020014254841953516
8019,0.0019047434907406569
36473,0.0018974074628204107
33011,0.0018588550155982375
1909,0.0016267210012301803
773,0.0013180895475670695
54138,0.0012455880641937256
