Index,Activation Value
33011,0.1088111400604248
1909,0.09902306646108627
36473,0.08825632184743881
13179,0.0752687081694603
8080,0.06877022981643677
21467,0.06822223216295242
18000,0.06820114701986313
38924,0.061432842165231705
26778,0.05983610823750496
53579,0.054396629333496094
