Index,Activation Value
35387,0.42304420471191406
21587,0.3293779790401459
25043,0.23388664424419403
35374,0.17453230917453766
26478,0.1474420726299286
864,0.10048287361860275
49010,0.09642906486988068
50910,0.09481427073478699
4603,0.09079482406377792
42117,0.08288569748401642
