Index,Activation Value
58458,1.6184585094451904
60067,0.8238384127616882
6418,0.7441574335098267
42493,0.6412311792373657
1639,0.6405963897705078
93424,0.5668671727180481
30844,0.5391655564308167
52803,0.5173940062522888
98135,0.5012528300285339
50910,0.47110727429389954
