Index,Activation Value
36173,0.1299600750207901
111011,0.11623021960258484
13090,0.09861861169338226
38228,0.0866251066327095
9293,0.08607575297355652
21437,0.08471249788999557
70349,0.08250019699335098
37498,0.08036467432975769
107995,0.07734766602516174
107551,0.07604522258043289
