Index,Activation Value
852,0.0069069648161530495
87491,0.005264075938612223
