Index,Activation Value
44569,0.09838446974754333
24298,0.09498246759176254
8019,0.09167198836803436
1859,0.08286917209625244
27547,0.07899965345859528
8080,0.07511083036661148
44743,0.07486145198345184
36473,0.07013043761253357
9816,0.06809578090906143
56545,0.06403843313455582
