Index,Activation Value
21467,0.8660721182823181
53579,0.6970452070236206
38924,0.5200996398925781
36212,0.5097898244857788
44569,0.4362698197364807
38340,0.43606430292129517
8396,0.40595656633377075
58249,0.3954656422138214
1909,0.39471420645713806
27547,0.3901386260986328
