Index,Activation Value
56554,0.011498094536364079
38247,0.008548309095203876
18000,0.001038593240082264
