Index,Activation Value
16107,0.1043584942817688
16807,0.08119417726993561
107558,0.07785200327634811
38228,0.0723649188876152
111011,0.05783909931778908
73782,0.053352683782577515
852,0.048483360558748245
4825,0.04387000575661659
67509,0.042617764323949814
92547,0.04256438463926315
