Index,Activation Value
53589,0.03836720809340477
36625,0.018495988100767136
38127,0.018230216577649117
33391,0.015480944886803627
39787,0.012707604095339775
14826,0.012619437649846077
25227,0.011415944434702396
28561,0.009846845641732216
11478,0.009802471846342087
23805,0.009471430443227291
