Index,Activation Value
63443,0.8290940523147583
16481,0.39640653133392334
30180,0.38625437021255493
83204,0.11725950986146927
50566,0.11183392256498337
151,0.012648132629692554
