Index,Activation Value
29340,0.6161845922470093
24565,0.10259003937244415
36212,0.0756915807723999
