Index,Activation Value
64204,0.12021923065185547
28425,0.11305675655603409
52426,0.10528045147657394
13090,0.09843465685844421
33336,0.09535658359527588
7351,0.09171520918607712
76908,0.08947744220495224
83828,0.08137864619493484
28910,0.07859724014997482
56725,0.07374171167612076
