Index,Activation Value
55625,0.10681383311748505
54927,0.08644741773605347
45682,0.06550212949514389
3932,0.06416559964418411
2800,0.06093449518084526
37747,0.05255759134888649
33420,0.05114882439374924
24934,0.049572303891181946
25482,0.04781327024102211
26196,0.0456373505294323
