Index,Activation Value
36473,0.2246231585741043
54138,0.17899034917354584
57163,0.17066816985607147
44208,0.11984486877918243
5319,0.10699253529310226
21161,0.10363686084747314
18000,0.10094866901636124
17428,0.09491413086652756
59288,0.09173078089952469
23367,0.08903124928474426
