Index,Activation Value
56725,0.11054279655218124
37498,0.10544158518314362
97407,0.10411414504051208
6156,0.09471224993467331
86538,0.09238661825656891
87491,0.08622542768716812
11918,0.07887333631515503
83828,0.07862970232963562
7866,0.0783308744430542
89026,0.07143662124872208
