Index,Activation Value
44569,0.0381539985537529
24298,0.03532614931464195
36473,0.03347935155034065
8019,0.031162001192569733
27547,0.03025948256254196
9816,0.02946871519088745
21467,0.024729492142796516
8396,0.019937632605433464
45313,0.019663700833916664
56855,0.01943906955420971
