Index,Activation Value
38924,0.29527053236961365
53579,0.28210723400115967
26778,0.22956468164920807
58249,0.2232503592967987
21467,0.18931421637535095
56855,0.1763918399810791
8080,0.1661551296710968
36212,0.14936259388923645
33011,0.1459135264158249
8396,0.14556936919689178
