Index,Activation Value
37498,0.10117504000663757
13090,0.06305806338787079
56725,0.045506469905376434
41552,0.0414939746260643
852,0.03462380915880203
36173,0.03427795693278313
96065,0.03280150890350342
55426,0.03182800114154816
16158,0.027720756828784943
86756,0.026973940432071686
