Index,Activation Value
21467,0.0036080749705433846
53579,0.002468465594574809
26778,0.0011228674557060003
8080,6.147920794319361e-05
