Index,Activation Value
38432,0.04121570289134979
40678,0.004926625639200211
57496,0.004378624260425568
