Index,Activation Value
92077,0.038972511887550354
90842,0.03293859213590622
107925,0.029456852003932
11313,0.020945260301232338
47448,0.01941548101603985
62757,0.016875743865966797
18680,0.015274807810783386
70776,0.015122088603675365
54156,0.013329400680959225
21549,0.00994241051375866
