Index,Activation Value
54138,0.020719660446047783
18000,0.015223529189825058
41844,0.013201039284467697
8019,0.011015469208359718
27547,0.010275781154632568
9816,0.00984608381986618
42887,0.00956812035292387
24298,0.008471991866827011
38432,0.008026371710002422
27683,0.006582110654562712
