Index,Activation Value
56855,0.05912129580974579
8396,0.04852718859910965
38924,0.041237737983465195
29340,0.040131907910108566
36212,0.038952793926000595
8080,0.03495926037430763
53579,0.032611869275569916
58249,0.029797477647662163
33011,0.029755763709545135
55023,0.02882935106754303
