Index,Activation Value
29372,0.05399737507104874
8251,0.05095817521214485
26012,0.046139366924762726
50022,0.041775140911340714
32672,0.04062017425894737
3309,0.0392557755112648
104002,0.03742839768528938
95115,0.036893896758556366
89624,0.03566015884280205
52491,0.03517245128750801
