Index,Activation Value
23770,2.903691530227661
26667,2.627798080444336
33342,2.352498769760132
43054,2.158074140548706
13109,2.0781760215759277
47864,1.9810889959335327
16196,1.9518158435821533
14115,1.9406856298446655
13596,1.8681640625
59868,1.7935558557510376
