Index,Activation Value
21467,0.0569271519780159
56855,0.05654701218008995
36212,0.050724536180496216
8396,0.0487997904419899
27547,0.04789263382554054
8019,0.046630147844552994
29340,0.044073425233364105
38432,0.040723491460084915
8080,0.04009787738323212
24298,0.033033955842256546
