Index,Activation Value
8774,0.01214933954179287
107551,0.010894421488046646
28910,0.009610182605683804
52491,0.008397563360631466
52183,0.007777636870741844
3082,0.007320495322346687
72094,0.007300652097910643
103991,0.0058285947889089584
7942,0.00578836165368557
12,0.004861530382186174
