Index,Activation Value
38127,0.10682176053524017
11257,0.10358712077140808
34150,0.0934763252735138
10085,0.07778997719287872
37903,0.07364196330308914
11450,0.07083544880151749
51614,0.07058382779359818
17366,0.06989771127700806
3689,0.06756527721881866
37711,0.06700687110424042
