Index,Activation Value
36473,4.427481651306152
38924,4.171462535858154
53579,3.811000108718872
1909,3.654367208480835
58249,3.441953420639038
33011,3.4386823177337646
18000,3.292809247970581
26778,3.2617857456207275
56554,3.071010112762451
24298,2.905054807662964
