Index,Activation Value
21467,0.3790091574192047
21810,0.0323338620364666
