Index,Activation Value
33011,0.024748917669057846
8080,0.01703549362719059
1909,0.016447165980935097
32727,0.01603475771844387
18000,0.01564953662455082
8019,0.015505884774029255
44569,0.015315936878323555
27547,0.013111267238855362
9816,0.01282689068466425
36625,0.011799320578575134
