Index,Activation Value
773,0.1671474725008011
39837,0.12405142933130264
38247,0.11504115909337997
16549,0.09785892069339752
44964,0.08238672465085983
7145,0.07858419418334961
17076,0.07523246109485626
7125,0.07438419759273529
43514,0.07345471531152725
4394,0.07121746242046356
