Index,Activation Value
29340,0.03950222209095955
36212,0.03716136887669563
8396,0.03414428234100342
56855,0.03257358819246292
53582,0.014434718526899815
24565,0.012879874557256699
53579,0.012354976497590542
58249,0.012132235802710056
44569,0.011978654190897942
13743,0.008726981468498707
