Index,Activation Value
95769,0.01714114099740982
35913,0.015252618119120598
64204,0.011862564831972122
27438,0.011694364249706268
18731,0.010197850875556469
4738,0.010049041360616684
104002,0.00972986500710249
70349,0.009271596558392048
75915,0.00869996752589941
37498,0.007921630516648293
