Index,Activation Value
96758,0.01366341020911932
36173,0.004202346783131361
88937,0.0018285674741491675
