Index,Activation Value
24298,0.11865014582872391
38924,0.0988624095916748
21467,0.09253808856010437
8019,0.0761234313249588
33011,0.06212017685174942
8349,0.0608307383954525
30430,0.05397183448076248
11257,0.05098419636487961
13743,0.048829659819602966
38432,0.04721243306994438
