Index,Activation Value
13090,0.01969137042760849
18680,0.018066121265292168
70349,0.017950620502233505
61123,0.017110727727413177
72094,0.016416387632489204
83828,0.013322778977453709
11313,0.012275137938559055
88571,0.01202199887484312
103824,0.011310303583741188
16107,0.010063651949167252
