Index,Activation Value
30430,0.24228119850158691
21467,0.23328810930252075
13743,0.2316761612892151
57551,0.21180668473243713
45313,0.2064679116010666
43197,0.1933109313249588
30511,0.16742122173309326
19868,0.16552995145320892
32727,0.1629820466041565
53589,0.15290939807891846
