Index,Activation Value
53582,0.08867383748292923
24565,0.0870341956615448
17428,0.08474332839250565
44743,0.08282578736543655
56545,0.07815972715616226
5319,0.0684158205986023
5476,0.06643784791231155
11306,0.06500478833913803
8449,0.05843952298164368
30999,0.05813560262322426
