Index,Activation Value
28312,0.010715539567172527
42296,0.009149963967502117
17366,0.007099090609699488
48137,0.006613710429519415
18517,0.006083999760448933
27569,0.00591582665219903
34150,0.0036756645422428846
32254,0.0025146575644612312
31056,0.0022613895125687122
59069,0.0022586635313928127
