Index,Activation Value
29340,0.2684873342514038
36212,0.25674718618392944
56855,0.22669759392738342
8396,0.2212831825017929
51614,0.1949814409017563
7145,0.18566173315048218
33607,0.14384780824184418
4987,0.12912259995937347
31736,0.12262057512998581
21161,0.1138065829873085
