Index,Activation Value
52183,0.15127699077129364
13090,0.13649344444274902
86538,0.09068780392408371
83828,0.07793853431940079
51766,0.07026541978120804
56725,0.06570794433355331
59998,0.06162441894412041
60631,0.057564135640859604
99629,0.057403817772865295
97407,0.054606616497039795
