Index,Activation Value
21467,0.004917159676551819
27547,0.0012742753606289625
56855,0.0009197159670293331
36212,0.0005840779049322009
19868,0.0003994228900410235
51769,0.00023147332831285894
8396,0.00020961776317562908
