Index,Activation Value
6200,0.4356710910797119
8506,0.4232793152332306
46716,0.2720898985862732
35055,0.2235201597213745
2755,0.11666266620159149
99014,0.1021040678024292
