Index,Activation Value
13090,0.037005964666604996
9293,0.035458896309137344
70349,0.03215615451335907
28910,0.02843431755900383
27438,0.02581770531833172
52183,0.0226066242903471
111011,0.021913304924964905
96758,0.019549153745174408
59998,0.019053088501095772
43807,0.018566563725471497
