Index,Activation Value
43527,0.5344676971435547
102907,0.22631923854351044
80023,0.1861443668603897
8495,0.09642588347196579
