Index,Activation Value
33011,0.023536603897809982
26778,0.02102453075349331
1909,0.018717749044299126
38127,0.01473802700638771
38924,0.012788214720785618
43178,0.010067163966596127
44569,0.009669468738138676
31056,0.006792992353439331
4530,0.006789527367800474
15111,0.0060466015711426735
