Index,Activation Value
27683,0.09204810112714767
51163,0.08836283534765244
7125,0.0564221628010273
43115,0.05448763817548752
57496,0.0512777641415596
7444,0.05059019476175308
32604,0.05000918358564377
20982,0.042980264872312546
44208,0.04184436425566673
49271,0.039361514151096344
