Index,Activation Value
88571,0.13320934772491455
93685,0.1004505306482315
72094,0.09920912235975266
12344,0.08997098356485367
87758,0.08274085819721222
93275,0.06334144622087479
14022,0.06263486295938492
73908,0.06152456998825073
76298,0.06000521034002304
70349,0.05835793912410736
