Index,Activation Value
21467,0.11307602375745773
29340,0.07731267064809799
53589,0.07516823709011078
36212,0.07008732110261917
8396,0.06769659370183945
30430,0.06721212714910507
25657,0.05893229693174362
56855,0.050595883280038834
43178,0.05039382725954056
52440,0.05016347020864487
