Index,Activation Value
22337,0.4756110608577728
68555,0.22559508681297302
99034,0.19636791944503784
13541,0.18607966601848602
102027,0.1768435537815094
15712,0.1650293469429016
54090,0.15679389238357544
57457,0.10086450725793839
81267,0.0729212760925293
22486,0.03051053360104561
