Index,Activation Value
70349,0.04255004599690437
88571,0.031670574098825455
28425,0.02604546956717968
27438,0.025174187496304512
36173,0.019110888242721558
92547,0.018220506608486176
87491,0.016379136592149734
111478,0.015255626291036606
49456,0.01506956946104765
73782,0.01500310655683279
