Index,Activation Value
21467,0.06028709560632706
53579,0.04756687581539154
38924,0.04004687815904617
38432,0.03873516991734505
58249,0.03375367447733879
8019,0.02885134518146515
27547,0.02779938094317913
36212,0.02698557637631893
54138,0.02560417540371418
24298,0.023404045030474663
