Index,Activation Value
102708,1.1709296703338623
34872,1.0208336114883423
27818,0.7694615125656128
6728,0.7257130146026611
54105,0.671877384185791
20535,0.6692270636558533
104336,0.5529807209968567
29868,0.503434419631958
72094,0.4793670177459717
85806,0.47594234347343445
