Index,Activation Value
15345,0.8748598694801331
21969,0.6545937061309814
453,0.5271788835525513
17522,0.4109072983264923
41072,0.3848325312137604
47411,0.2001403421163559
52341,0.15611065924167633
42381,0.08319254964590073
53850,0.052676811814308167
