Index,Activation Value
36212,0.30829280614852905
9816,0.2868656516075134
29465,0.2681092321872711
32727,0.26466768980026245
19868,0.2571924924850464
8396,0.2552872896194458
45313,0.2530747950077057
56855,0.24522823095321655
42887,0.24397146701812744
53589,0.23437559604644775
