Index,Activation Value
21467,1.0517635345458984
29743,0.3602009117603302
47517,0.14494796097278595
32086,0.095488540828228
33884,0.09426524490118027
31666,0.025162499397993088
