Index,Activation Value
97229,1.7133159637451172
100478,1.319819450378418
2859,1.2943613529205322
23229,1.2569146156311035
36002,1.01413893699646
26371,1.0047372579574585
25024,1.0017679929733276
29227,0.9750849604606628
44675,0.886764645576477
111283,0.8487836718559265
