Index,Activation Value
97407,0.10126227885484695
107925,0.08655140548944473
92077,0.08117692172527313
14165,0.08045772463083267
37498,0.07911752164363861
55426,0.07621361315250397
62757,0.07583177834749222
13090,0.0758054330945015
86538,0.07552497833967209
11374,0.06880949437618256
