Index,Activation Value
59868,0.13715915381908417
59924,0.10205497592687607
32604,0.0936061441898346
34156,0.08797774463891983
56298,0.08738995343446732
50724,0.08455861359834671
56273,0.08148002624511719
48477,0.07963693886995316
3300,0.07933732122182846
56902,0.07920398563146591
