Index,Activation Value
36173,0.033848684281110764
28425,0.028923053294420242
92077,0.028379827737808228
96758,0.023938767611980438
6156,0.02148548699915409
111478,0.01871807873249054
27789,0.017066722735762596
70349,0.01514540147036314
66289,0.014917348511517048
13090,0.013028456829488277
