Index,Activation Value
14022,0.010074290446937084
14983,0.006811854429543018
73908,0.004777836613357067
7334,0.0009159333421848714
