Index,Activation Value
44569,0.004897125996649265
36473,0.002678320277482271
59924,0.002354550641030073
1859,0.0016482195351272821
9049,0.0002017754886765033
53579,0.00012080417218385264
