Index,Activation Value
52183,0.011107118800282478
35913,0.008830232545733452
12942,0.007306299638003111
54956,0.007249671034514904
2871,0.006661515217274427
96808,0.005851970985531807
18731,0.0048838346265256405
97407,0.004874485544860363
97156,0.004597639199346304
8826,0.004452649038285017
