Index,Activation Value
38924,0.3994358479976654
58249,0.3542516827583313
53579,0.3383292853832245
21467,0.30704376101493835
24298,0.26623013615608215
36473,0.23409754037857056
44569,0.20852938294410706
56554,0.19244565069675446
8019,0.18679994344711304
35684,0.17694002389907837
