Index,Activation Value
36212,0.20654842257499695
29340,0.20647302269935608
8396,0.19143404066562653
56855,0.18116532266139984
53579,0.16560441255569458
38924,0.1400042176246643
26778,0.1385960727930069
25657,0.1292959600687027
45313,0.12522855401039124
55023,0.1204485073685646
