Index,Activation Value
36173,0.02399023249745369
16107,0.02147708274424076
6156,0.019951509311795235
12344,0.01743767224252224
88571,0.016119297593832016
79383,0.01399592962116003
7334,0.013385175727307796
7351,0.012706315144896507
14326,0.012373190373182297
72094,0.01234701182693243
