Index,Activation Value
11450,0.13885407149791718
35684,0.1317434161901474
2891,0.12493014335632324
13158,0.12413550913333893
55625,0.12286975234746933
4987,0.11359291523694992
26174,0.11072312295436859
48680,0.10941741615533829
13910,0.10546036809682846
20544,0.10330815613269806
