Index,Activation Value
38432,0.4851085841655731
8396,0.47041356563568115
24298,0.44518935680389404
36212,0.4370628297328949
56855,0.4365144371986389
32727,0.4286958873271942
27547,0.4064595401287079
8019,0.39315247535705566
45313,0.38767263293266296
21467,0.3823566138744354
