Index,Activation Value
53579,0.006317753344774246
21467,0.003998887725174427
26778,0.0038864826783537865
38924,0.0038506044074892998
8019,0.00017536756058689207
