Index,Activation Value
87077,0.01089708786457777
51766,0.007917169481515884
87491,0.005785043351352215
104537,0.00430431729182601
16107,0.0016779479337856174
