Index,Activation Value
21467,0.10190946608781815
53579,0.0786883756518364
9816,0.07783371210098267
54138,0.07602361589670181
45313,0.07276636362075806
42887,0.07113076001405716
38432,0.06768113374710083
8019,0.06767094880342484
56855,0.06498865783214569
24298,0.0645594522356987
