Index,Activation Value
32727,0.07256811112165451
8019,0.0630064606666565
38432,0.05593081936240196
27547,0.050059836357831955
21467,0.04880465194582939
24298,0.03440016880631447
9816,0.030981723219156265
37903,0.030926736071705818
17366,0.030141867697238922
45313,0.028659477829933167
