Index,Activation Value
61202,1.852003812789917
16107,1.3098267316818237
74531,1.0691189765930176
64204,0.8430266380310059
17665,0.6536272168159485
99554,0.5535910129547119
12175,0.42598485946655273
86756,0.3645502030849457
104537,0.36004143953323364
24924,0.33204540610313416
