Index,Activation Value
56725,0.1655747890472412
13090,0.13952259719371796
60631,0.11846360564231873
88571,0.10818749666213989
70349,0.1008785218000412
33336,0.0893358439207077
45447,0.08766944706439972
96758,0.08025171607732773
87758,0.07482422143220901
37498,0.0728418305516243
