Index,Activation Value
5472,0.8651379942893982
92856,0.702468991279602
94788,0.6379413604736328
90860,0.615990936756134
98462,0.613176167011261
101382,0.525582492351532
27087,0.36716026067733765
66239,0.3135439455509186
58226,0.22601114213466644
108491,0.18829768896102905
