Index,Activation Value
18621,0.935271680355072
31524,0.5495437383651733
38983,0.2957684099674225
88813,0.24064978957176208
101551,0.2025877684354782
7946,0.0781819298863411
10413,0.04029059782624245
