Index,Activation Value
107558,0.014879286289215088
42812,0.005310095846652985
28425,0.0033423162531107664
104537,0.0027348315343260765
91551,0.002566301729530096
22092,0.00239942641928792
