Index,Activation Value
36596,1.3542083501815796
84941,0.9634853601455688
4756,0.9547015428543091
73213,0.8778687119483948
20949,0.43755418062210083
29618,0.383999764919281
27438,0.35887575149536133
104732,0.3381480574607849
42428,0.1654803305864334
63516,0.16426301002502441
