Index,Activation Value
22737,0.005507597699761391
44208,0.003558353055268526
56273,0.0009700604132376611
54076,0.0008519934490323067
27801,0.00046346840099431574
54927,0.0002798323694150895
