Index,Activation Value
99798,1.0614548921585083
60476,0.9409980773925781
63108,0.8063127398490906
18947,0.7674698829650879
35640,0.6603717803955078
27817,0.6573136448860168
93685,0.6547292470932007
42981,0.6391144394874573
89903,0.5349764227867126
97140,0.46606889367103577
