Index,Activation Value
53579,0.11861587315797806
8080,0.11525721102952957
1909,0.11079534143209457
38924,0.1059194877743721
26778,0.09732552617788315
58249,0.08643856644630432
54138,0.0776357650756836
16549,0.0728534534573555
27547,0.06640994548797607
36473,0.06610336154699326
