Index,Activation Value
8019,0.12344525754451752
24298,0.10907736420631409
27547,0.10602059960365295
8080,0.10339180380105972
21467,0.10227134078741074
54138,0.09433044493198395
32727,0.09372973442077637
53579,0.09132596105337143
9816,0.08413415402173996
45313,0.08353039622306824
