Index,Activation Value
53579,0.19845262169837952
38924,0.1677933782339096
21467,0.13925844430923462
44569,0.1346253752708435
8080,0.13042327761650085
58249,0.11906089633703232
38432,0.10941608995199203
1909,0.10644569247961044
27547,0.0843951404094696
1859,0.0827268660068512
