Index,Activation Value
28561,0.031241968274116516
29340,0.019406532868742943
22678,0.017948927357792854
43164,0.016875987872481346
15397,0.015684213489294052
50011,0.013929572887718678
53589,0.013574006967246532
35684,0.011840090155601501
31684,0.011265678331255913
39999,0.010761517100036144
