Index,Activation Value
12270,1.3128440380096436
98986,1.1967023611068726
38983,1.1349138021469116
8252,0.7877810597419739
77025,0.5208679437637329
105112,0.5015119910240173
48473,0.40898293256759644
70512,0.25075528025627136
38210,0.24035748839378357
108324,0.22136516869068146
