Index,Activation Value
90842,0.10984467715024948
59080,0.07650605589151382
107925,0.07510824501514435
93137,0.0736575797200203
4809,0.07164942473173141
95769,0.06942853331565857
39257,0.06735198944807053
108542,0.06449591368436813
42192,0.06251132488250732
92547,0.060501713305711746
