Index,Activation Value
31346,1.1141399145126343
11552,0.6092315316200256
69970,0.49497881531715393
100894,0.38245657086372375
54006,0.24950072169303894
25184,0.20528967678546906
71028,0.19453904032707214
48484,0.19079764187335968
