Index,Activation Value
70349,0.009779696352779865
13090,0.007854405790567398
