Index,Activation Value
36473,0.22709321975708008
1909,0.1887720823287964
44569,0.15973928570747375
27683,0.1478566825389862
58249,0.11766724288463593
15670,0.11732606589794159
3400,0.1122114285826683
43115,0.10296192020177841
25657,0.10044227540493011
44208,0.10020662099123001
