Index,Activation Value
36173,0.0017104374710470438
13090,0.0007826130604371428
