Index,Activation Value
52426,0.10818422585725784
6156,0.0822734385728836
7351,0.07504013925790787
36411,0.07398968935012817
12344,0.07171787321567535
44818,0.07115128636360168
41210,0.07071467489004135
65958,0.06849045306444168
89339,0.06501151621341705
80233,0.06410904973745346
