Index,Activation Value
21549,0.027308214455842972
61123,0.025333600118756294
52426,0.02503298595547676
11313,0.024387504905462265
14022,0.023315535858273506
18680,0.022816553711891174
47448,0.020513415336608887
12589,0.018312525004148483
92077,0.018008209764957428
852,0.01744624227285385
