Index,Activation Value
33333,0.013216194696724415
773,0.0067998310551047325
9775,0.006338559556752443
40818,0.005236913450062275
6044,0.004825641866773367
35663,0.004321384709328413
50291,0.004121714271605015
25605,0.0040404656901955605
34446,0.0038048415444791317
49875,0.0035288105718791485
