Index,Activation Value
36212,0.022402219474315643
8396,0.021493304520845413
26778,0.014696415513753891
32727,0.014198364689946175
56855,0.012337769381701946
25657,0.010537107475101948
38340,0.008643812499940395
43054,0.00583160575479269
38924,0.005385449156165123
21467,0.005346322897821665
