Index,Activation Value
14983,0.08965690433979034
14022,0.08131544291973114
82475,0.07233528047800064
15629,0.06588897109031677
74354,0.06517070531845093
88155,0.06431712955236435
12832,0.06360497325658798
51214,0.062487002462148666
48820,0.061896856874227524
48529,0.0612044632434845
