Index,Activation Value
16403,1.5314520597457886
41246,1.4483006000518799
37711,1.446087121963501
14915,1.413077473640442
48477,1.3919209241867065
44705,1.384928584098816
3689,1.3827617168426514
43075,1.3209720849990845
10826,1.296190857887268
351,1.2690510749816895
