Index,Activation Value
33336,0.003554635914042592
41210,0.0011514393845573068
88295,0.0010637195082381368
107995,0.0007979260990396142
25849,0.0007366181816905737
22230,0.000659412587992847
60631,0.0005313357687555254
65958,0.0005179122090339661
110063,0.00038327008951455355
7306,0.000339561520377174
