Index,Activation Value
37498,0.0010530982399359345
52426,2.997608135046903e-06
