Index,Activation Value
22092,0.09523999691009521
87200,0.08364000171422958
1267,0.08198770135641098
2279,0.07308495789766312
96654,0.06539200991392136
29450,0.06526342034339905
50983,0.06420225650072098
73501,0.06047137826681137
47884,0.05846433341503143
21175,0.05778122693300247
