Index,Activation Value
26778,0.026896333321928978
43054,0.019244424998760223
24298,0.018375933170318604
38924,0.01754549890756607
33011,0.016403689980506897
36473,0.013761716894805431
36625,0.012850023806095123
8019,0.009496361017227173
20435,0.00867612473666668
8080,0.007066081278026104
