Index,Activation Value
25015,1.7909259796142578
40816,1.261583924293518
22985,1.2335422039031982
84293,0.888659656047821
91942,0.8747941851615906
63494,0.871458113193512
99437,0.7483456134796143
13035,0.7306053638458252
10489,0.7194996476173401
93576,0.6875833868980408
