Index,Activation Value
60631,0.07017220556735992
20663,0.06541156768798828
50022,0.05575054883956909
24604,0.05254121124744415
72094,0.05129240080714226
95769,0.050399091094732285
33336,0.04942457750439644
25887,0.048350587487220764
88937,0.04198155552148819
27234,0.04146881401538849
