Index,Activation Value
33011,0.03932398185133934
9084,0.013469792902469635
88,0.012016166932880878
59288,0.0098583297803998
25802,0.009642675518989563
16549,0.008928987197577953
13179,0.007782096043229103
1909,0.007736796513199806
58,0.007463124580681324
14147,0.0074414340779185295
