Index,Activation Value
6156,0.02404875122010708
852,0.020941641181707382
104537,0.018961021676659584
35254,0.01817282661795616
59998,0.017426034435629845
7866,0.017054172232747078
84018,0.016480207443237305
79383,0.015507101081311703
100884,0.014821963384747505
88546,0.013545862399041653
