Index,Activation Value
37498,0.026090268045663834
52183,0.017494166269898415
13090,0.017265060916543007
73501,0.010301671922206879
99629,0.00976921059191227
73782,0.009679952636361122
56725,0.008859892375767231
28910,0.007068654987961054
80233,0.006006844807416201
86756,0.005814594682306051
