Index,Activation Value
28910,0.005363063421100378
52183,0.002470616018399596
13090,0.002285461872816086
25849,0.001630443730391562
107995,0.0015920029254630208
83828,0.0009869353380054235
70776,0.0009004735038615763
99629,0.00087877077748999
110712,0.0006234587635844946
14022,0.0004570547316689044
