Index,Activation Value
21467,0.009023511782288551
56855,0.008889575488865376
29340,0.007830359973013401
8396,0.006557031534612179
33011,0.005579643417149782
24298,0.005371320992708206
26778,0.005004140082746744
38924,0.003661388298496604
36212,0.002474491950124502
53579,0.0015056460397318006
