Index,Activation Value
45989,0.6864680647850037
78390,0.31260237097740173
31629,0.1329840123653412
43545,0.09851261228322983
8495,0.0956735610961914
106427,0.0856330394744873
99337,0.04705457016825676
19773,0.013155176304280758
30879,0.0006654925527982414
