Index,Activation Value
27438,0.1079215332865715
83828,0.1013275682926178
33336,0.09872656315565109
49456,0.06975511461496353
43807,0.06416469812393188
20663,0.06213093549013138
11374,0.06164419651031494
104537,0.05723593384027481
67013,0.05602560192346573
36173,0.05537762865424156
