Index,Activation Value
78437,2.170076608657837
81616,1.2759932279586792
6649,0.7450536489486694
16107,0.7388646602630615
14434,0.45655709505081177
20882,0.38199400901794434
62022,0.2571963965892792
67666,0.18168219923973083
16009,0.13254670798778534
7753,0.09414467960596085
