Index,Activation Value
36473,0.08714067935943604
17428,0.019815843552350998
1909,0.019317036494612694
3689,0.01753576286137104
17939,0.012033024802803993
47264,0.011497839353978634
53314,0.011162958107888699
26568,0.009355300106108189
41843,0.004842159803956747
57163,0.004428033251315355
