Index,Activation Value
27547,0.07273542135953903
8019,0.0706445723772049
9816,0.055415358394384384
38432,0.04119573161005974
39547,0.041082751005887985
54138,0.03858353942632675
14186,0.038371533155441284
32727,0.03777405247092247
36212,0.0377623550593853
58458,0.037268273532390594
