Index,Activation Value
56855,0.03265794366598129
8396,0.031081486493349075
29340,0.021037442609667778
36212,0.01740480586886406
24298,0.012293956242501736
8019,0.011319201439619064
38432,0.008009200915694237
31736,0.007219771388918161
27547,0.007181036286056042
4530,0.004347482230514288
