Index,Activation Value
107558,0.08631555736064911
16107,0.0845024585723877
22092,0.0748707726597786
85314,0.06827537715435028
88295,0.06749775260686874
93685,0.06702923774719238
108688,0.06234649568796158
7866,0.061137523502111435
14022,0.060894548892974854
70776,0.05961647257208824
