Index,Activation Value
43054,0.10375531017780304
8396,0.06516145169734955
56855,0.06431268900632858
30430,0.058957360684871674
33607,0.05210922658443451
27771,0.04818596690893173
40678,0.047513823956251144
4902,0.04690275341272354
218,0.04580170661211014
32881,0.04541543126106262
