Index,Activation Value
10570,0.031129421666264534
43054,0.02777443267405033
7054,0.02730894275009632
42784,0.025502685457468033
23665,0.02227279543876648
31684,0.02147427201271057
56095,0.02082040347158909
41843,0.020181458443403244
19701,0.019881201907992363
32881,0.01932167075574398
