Index,Activation Value
34454,0.0957246646285057
36173,0.08718731999397278
54896,0.08560332655906677
82590,0.07956795394420624
92077,0.07780654728412628
109825,0.07167407125234604
27191,0.07137273252010345
86538,0.07045813649892807
23836,0.06805010139942169
87077,0.06628810614347458
