Index,Activation Value
38247,0.17005154490470886
56554,0.13195806741714478
59288,0.0997510701417923
773,0.07466769963502884
4417,0.06592058390378952
33011,0.06292692571878433
58249,0.06006021425127983
14433,0.05937571823596954
25538,0.05711522325873375
43514,0.055177949368953705
