Index,Activation Value
85418,0.6202943325042725
103701,0.11279022693634033
