Index,Activation Value
24298,0.038263577967882156
8019,0.03804599121212959
36212,0.034405581653118134
38432,0.030272619798779488
8396,0.02966434881091118
56855,0.029047813266515732
27547,0.02820238657295704
8080,0.027850056067109108
25657,0.02720976620912552
38340,0.026602156460285187
