Index,Activation Value
111011,0.09756089746952057
36173,0.07373030483722687
99763,0.05761725455522537
26376,0.051658838987350464
73464,0.05135393142700195
2279,0.050590015947818756
92179,0.049531128257513046
45447,0.04827253147959709
48529,0.04751991853117943
6156,0.04540780186653137
