Index,Activation Value
21467,0.4554971158504486
8080,0.39325758814811707
53579,0.3533483147621155
56855,0.3369128108024597
44569,0.333144873380661
36212,0.3292895555496216
38924,0.3288985788822174
26778,0.32610973715782166
54138,0.32365089654922485
38432,0.3150672912597656
