Index,Activation Value
43197,0.025131812319159508
2390,0.017324311658740044
7125,0.016426069661974907
13473,0.011134423315525055
43220,0.010748231783509254
31867,0.0104720089584589
11450,0.010064038448035717
1948,0.009033857844769955
3262,0.008268521167337894
28598,0.007256848271936178
