Index,Activation Value
12344,0.02358434908092022
88571,0.019074784591794014
17902,0.00877095852047205
107558,0.007874242961406708
7351,0.00736325653269887
67509,0.007110110484063625
27789,0.006953313481062651
62662,0.006193141918629408
60806,0.005978369619697332
25887,0.005799190606921911
