Index,Activation Value
5286,1.0277799367904663
46447,0.7879133820533752
57552,0.7393359541893005
24568,0.5565318465232849
28368,0.44471031427383423
8877,0.3558335304260254
19827,0.2965536117553711
36013,0.22039945423603058
29827,0.14471109211444855
41741,0.03929779678583145
