Index,Activation Value
26531,1.2470566034317017
51368,1.1068724393844604
5304,1.0909879207611084
10870,1.0440858602523804
34719,1.0017707347869873
48795,0.9707306623458862
42798,0.9511507153511047
10603,0.9380404353141785
13460,0.8559879064559937
4877,0.8201150298118591
