Index,Activation Value
13090,0.136003315448761
60631,0.11605890840291977
101572,0.08467193692922592
110712,0.06365351378917694
42482,0.04977555572986603
92547,0.04835176095366478
70349,0.04679665341973305
75921,0.04253280535340309
97156,0.04197169467806816
8252,0.041262175887823105
