Index,Activation Value
21467,0.015116773545742035
38924,0.009437520988285542
24298,0.006528951693326235
53579,0.006442876532673836
38432,0.005261177662760019
8080,0.0046755047515034676
27547,0.0037628398276865482
8019,0.003044766839593649
26778,0.0027034322265535593
44569,0.002491012681275606
