Index,Activation Value
7145,0.11520164459943771
43164,0.0989992618560791
13995,0.09261119365692139
6190,0.08700791746377945
33607,0.085442453622818
3932,0.08283378928899765
14706,0.0784488245844841
49213,0.07838129997253418
59924,0.07410948723554611
11485,0.0728861391544342
