Index,Activation Value
13090,0.1623408943414688
56725,0.11858924478292465
852,0.10363060981035233
17608,0.10107153654098511
70349,0.09971603006124496
12589,0.09919320046901703
88571,0.09613002091646194
14022,0.0891718789935112
11313,0.08846382051706314
22227,0.0839029997587204
