Index,Activation Value
53579,0.01157622504979372
27547,0.008933644741773605
8080,0.005310593172907829
21467,0.004936181474477053
38924,0.00478358194231987
38432,0.004630660638213158
36212,0.004534066654741764
38340,0.003923376090824604
58249,0.0035835611633956432
33011,0.003067492973059416
