Index,Activation Value
21467,0.032958514988422394
38432,0.03268948197364807
54138,0.027966169640421867
56855,0.027541659772396088
8080,0.02736649289727211
29340,0.02696916088461876
44569,0.023805761709809303
38924,0.022882701829075813
8396,0.021498458459973335
36212,0.020144371315836906
