Index,Activation Value
35254,0.12427733093500137
52426,0.1015673577785492
6156,0.09887266159057617
96065,0.09593402594327927
92307,0.09403674304485321
22230,0.08012128621339798
53715,0.07345109432935715
12344,0.07054772228002548
95769,0.06347986310720444
88384,0.06300494074821472
