Index,Activation Value
36173,0.10974200069904327
55426,0.09288313239812851
112731,0.08181249350309372
56725,0.07817022502422333
59998,0.07666641473770142
38779,0.07433808594942093
58965,0.060211438685655594
7682,0.05780628323554993
96758,0.052017562091350555
11374,0.05126701667904854
