Index,Activation Value
21467,0.015245053917169571
53579,0.006684834603220224
26778,0.0019396354909986258
38924,0.001600846997462213
58249,0.00023786688689142466
8080,0.0001274647656828165
