Index,Activation Value
107995,0.01905057765543461
27789,0.012447763234376907
70349,0.01000140979886055
111154,0.009535428136587143
52426,0.009181618690490723
852,0.009059924632310867
17902,0.008015257306396961
26058,0.006873256992548704
31017,0.006607122253626585
37498,0.006504178512841463
