Index,Activation Value
38924,0.307671457529068
33011,0.2711169421672821
38127,0.25754910707473755
58249,0.25308218598365784
26778,0.25151270627975464
53579,0.23559384047985077
1909,0.15861831605434418
25800,0.15819844603538513
56554,0.1523645520210266
8080,0.15053071081638336
