Index,Activation Value
92077,0.02410491742193699
72094,0.020594852045178413
104537,0.01996293105185032
104002,0.01986948773264885
12344,0.016991009935736656
56725,0.01664629951119423
11313,0.01537699531763792
25887,0.015278328210115433
22092,0.013956462033092976
29372,0.013594300486147404
