Index,Activation Value
52426,0.036333512514829636
20663,0.03342296928167343
16107,0.018062904477119446
98149,0.015979265794157982
66371,0.015403562225401402
26376,0.012096832506358624
84018,0.01183583214879036
73306,0.01179113332182169
18272,0.011491727083921432
17608,0.011324194259941578
