Index,Activation Value
53579,0.008510475978255272
38924,0.006615763995796442
26778,0.0036013294011354446
58249,0.0023346683010458946
27547,0.0022198923397809267
44569,0.0008117738179862499
