Index,Activation Value
21467,0.22433429956436157
8080,0.21102717518806458
36212,0.20208975672721863
56855,0.19831278920173645
8396,0.19158166646957397
53579,0.18611711263656616
8019,0.184553861618042
27547,0.18156394362449646
54138,0.1805734783411026
32727,0.169038325548172
