Index,Activation Value
70349,0.10263972729444504
52683,0.06604800373315811
111478,0.06491639465093613
95312,0.05926491692662239
39257,0.05777876079082489
88937,0.0540325865149498
96234,0.052635565400123596
30030,0.051613014191389084
109700,0.04956080764532089
66575,0.045916710048913956
