Index,Activation Value
38924,0.06107763946056366
58249,0.03887653350830078
1909,0.02787431888282299
26778,0.016135647892951965
56554,0.013620845042169094
44208,0.013247189112007618
45682,0.011905242688953876
8080,0.011788393370807171
53579,0.010535657405853271
14196,0.01006986852735281
