Index,Activation Value
56725,0.03387025371193886
29450,0.03190060704946518
111011,0.03068292886018753
27438,0.026691263541579247
9293,0.02571205608546734
28425,0.02525845728814602
37498,0.023907631635665894
52683,0.023395748808979988
82590,0.021120356395840645
88571,0.020964154973626137
