Index,Activation Value
28910,0.023061934858560562
96654,0.018703343346714973
88546,0.01858820579946041
70776,0.018565764650702477
90710,0.015454898588359356
52426,0.012917018495500088
28425,0.012429487891495228
55426,0.011687732301652431
102181,0.01164275873452425
50983,0.010799677111208439
