Index,Activation Value
88571,0.03535075858235359
64204,0.03519263491034508
33336,0.03019666112959385
52683,0.029628556221723557
71879,0.02682923525571823
111478,0.024686461314558983
107558,0.023950647562742233
73855,0.018499646335840225
29450,0.01843785122036934
90842,0.0178879052400589
