Index,Activation Value
107995,0.07863028347492218
80813,0.07810923457145691
46383,0.06829138100147247
75996,0.06677397340536118
82590,0.06610367447137833
107604,0.06578144431114197
76908,0.0639076679944992
88295,0.056890785694122314
97156,0.05585409328341484
105073,0.052359689027071
