Index,Activation Value
54956,0.08177495002746582
107551,0.08043994009494781
1021,0.07791628688573837
104537,0.07786623388528824
92547,0.0773743987083435
85314,0.07168591767549515
44123,0.06772974878549576
103991,0.06754904240369797
12064,0.06712853908538818
8774,0.06428184360265732
