Index,Activation Value
53579,0.18764956295490265
21467,0.15764960646629333
38924,0.15140388906002045
58249,0.1329355686903
19868,0.12280584126710892
26778,0.11542386561632156
1909,0.09233248978853226
39547,0.08609306067228317
36473,0.08435582369565964
24298,0.0837397426366806
