Index,Activation Value
38127,0.03165533021092415
21467,0.02432844042778015
56032,0.024105548858642578
33011,0.02203291840851307
1909,0.014119235798716545
56545,0.012620450928807259
59288,0.011553815566003323
33391,0.009829885326325893
52186,0.009364306926727295
14721,0.009345347993075848
