Index,Activation Value
101007,1.8475626707077026
88650,0.9831704497337341
2466,0.9708645939826965
7420,0.9517051577568054
70510,0.6709310412406921
25286,0.6413353085517883
63300,0.5362367630004883
24044,0.39926791191101074
97937,0.2802768647670746
77988,0.2636328637599945
