Index,Activation Value
58249,0.01751871407032013
26559,0.011237580329179764
26937,0.007944107986986637
28312,0.007790259551256895
34397,0.007432956248521805
39450,0.007292051333934069
48137,0.007203954271972179
44208,0.0065238820388913155
42296,0.006256353110074997
41843,0.006119869649410248
