Index,Activation Value
38127,0.17056001722812653
24702,0.13587543368339539
7145,0.1155366450548172
43164,0.1035686805844307
59924,0.09089374542236328
55625,0.07598144561052322
39207,0.06763552874326706
25216,0.06453079730272293
47257,0.0631917417049408
58963,0.05815121904015541
