Index,Activation Value
30430,0.06878457218408585
33011,0.06681264191865921
13743,0.06138846278190613
56855,0.05752339959144592
38340,0.05086076632142067
8396,0.04717681184411049
57551,0.04602886363863945
25657,0.03834734857082367
41994,0.037835948169231415
41844,0.03305521607398987
