Index,Activation Value
56155,0.044765178114175797
1859,0.044030219316482544
38340,0.04309199005365372
41844,0.0414341539144516
13743,0.030944008380174637
44569,0.030420010909438133
12023,0.028583453968167305
25657,0.028030062094330788
27569,0.026735875755548477
4055,0.026683950796723366
