Index,Activation Value
21702,0.5575037002563477
33336,0.4361930787563324
71582,0.0424358993768692
