Index,Activation Value
56855,0.4647495150566101
8396,0.3992425799369812
29340,0.38271746039390564
36212,0.33549386262893677
27547,0.3072378635406494
19868,0.25887608528137207
53582,0.22773997485637665
9816,0.2243022918701172
31022,0.2163095772266388
55023,0.2087874561548233
