Index,Activation Value
70349,0.009602224454283714
60631,0.009173705242574215
6156,0.007098983973264694
13090,0.006779592949897051
96758,0.006522570736706257
107995,0.0052006058394908905
87758,0.004963058512657881
12344,0.004538936074823141
12,0.004296812228858471
54896,0.0034489233512431383
