Index,Activation Value
21467,0.6426764726638794
27547,0.6271417140960693
56855,0.5966536998748779
38432,0.5788248181343079
30430,0.5354709625244141
8396,0.5295665264129639
9816,0.5095550417900085
36212,0.5074779391288757
8080,0.49784767627716064
43197,0.4452020525932312
