Index,Activation Value
7145,1.331799864768982
43737,1.1881260871887207
31396,0.9334911108016968
26258,0.9118854999542236
5087,0.8858082294464111
36813,0.8770903944969177
9414,0.857315182685852
9231,0.8482421040534973
34734,0.8472705483436584
26487,0.8250414133071899
