Index,Activation Value
38924,0.006182726006954908
21467,0.0015117514412850142
