Index,Activation Value
29340,0.19083794951438904
33011,0.1800120770931244
8080,0.16885408759117126
21467,0.15274587273597717
38432,0.14589855074882507
24702,0.11390256881713867
4417,0.11333978921175003
13655,0.10980155318975449
55625,0.09783952683210373
54076,0.09624839574098587
