Index,Activation Value
7145,0.29436686635017395
31723,0.2273426055908203
24702,0.21921798586845398
38127,0.1588124930858612
50144,0.14427325129508972
36473,0.1441875547170639
43164,0.14095711708068848
4055,0.13584613800048828
43054,0.12851080298423767
34289,0.12216148525476456
