Index,Activation Value
8080,0.008297864347696304
24298,0.005562612786889076
27547,0.00542250694707036
8019,0.0037756431847810745
32727,0.0037538930773735046
21467,0.0021581135224550962
9816,0.002029865048825741
18000,0.0010421720799058676
45313,0.0008692108676768839
42887,0.0007914629532024264
