Index,Activation Value
56725,0.10172883421182632
14983,0.09951557964086533
83828,0.09874345362186432
13090,0.09536278992891312
88571,0.09421489387750626
7682,0.09191641211509705
52183,0.08995842933654785
75996,0.08910654485225677
67013,0.08389132469892502
35254,0.08257436752319336
