Index,Activation Value
25502,0.07822296023368835
56860,0.018918830901384354
