Index,Activation Value
72094,0.0002964081068057567
28910,0.0002573253004811704
70349,0.00018772159819491208
49456,0.0001254011585842818
7334,0.0001179841929115355
27438,0.00011419162183301523
55426,0.00010469988046679646
92077,7.128177094273269e-05
96758,2.2468597308034077e-05
