Index,Activation Value
36173,0.07537975162267685
27438,0.060547906905412674
90842,0.053766995668411255
80813,0.05083686113357544
52683,0.04934341087937355
59162,0.044400494545698166
29372,0.03901965916156769
107925,0.03847877308726311
16959,0.034269630908966064
104002,0.034150153398513794
