Index,Activation Value
13090,0.07431203126907349
64204,0.07248570024967194
14165,0.06738509982824326
24919,0.06586343050003052
4738,0.0651395246386528
7351,0.06446479260921478
56725,0.06077784672379494
88571,0.06008121371269226
56266,0.057205282151699066
28425,0.055397629737854004
