Index,Activation Value
37498,0.11010343581438065
716,0.07916709780693054
2871,0.0738154724240303
62662,0.06728304177522659
6156,0.06339620053768158
50022,0.062023647129535675
78974,0.06126468628644943
16959,0.05932777002453804
100136,0.056937385350465775
20930,0.05685809627175331
