Index,Activation Value
21467,0.8369625806808472
27547,0.7305848598480225
8019,0.6816316843032837
38432,0.6704810261726379
24298,0.6687936186790466
8080,0.6685447096824646
32727,0.6303825974464417
9816,0.5527454018592834
44569,0.5199966430664062
45313,0.5138772130012512
