Index,Activation Value
8302,0.12006892263889313
26518,0.11105146259069443
7444,0.10042176395654678
18297,0.09354212135076523
41410,0.0919279158115387
13411,0.09088488668203354
33277,0.0886625126004219
16549,0.08698014914989471
3829,0.08481443673372269
2831,0.0837276354432106
