Index,Activation Value
36212,0.06122320517897606
8396,0.055806368589401245
27547,0.05394759029150009
56855,0.05255798250436783
53579,0.051187705248594284
38432,0.04470466077327728
8080,0.04455111548304558
29340,0.04356740042567253
38924,0.042126670479774475
24298,0.04189569875597954
