Index,Activation Value
38127,2.003120183944702
33011,1.6250988245010376
38432,1.5665178298950195
26778,1.2772125005722046
28414,1.2740037441253662
38924,1.2671276330947876
54138,1.079483151435852
21467,1.0151067972183228
58916,0.8360074758529663
8080,0.7644389867782593
