Index,Activation Value
8080,0.038420382887125015
1859,0.03158101066946983
41843,0.02227804996073246
40678,0.020466532558202744
25800,0.014139282517135143
44569,0.014133288525044918
3366,0.009684734046459198
49213,0.00892307236790657
8019,0.008366554975509644
47321,0.008233478292822838
