Index,Activation Value
37323,0.5497880578041077
41596,0.3204585313796997
48728,0.07829749584197998
17648,0.004861381836235523
