Index,Activation Value
12,0.08004236966371536
70776,0.06725252419710159
90710,0.06528118252754211
7334,0.05904801934957504
107925,0.05327413231134415
14022,0.05207568034529686
96654,0.05190844088792801
21549,0.05131349340081215
86118,0.05061924457550049
1021,0.050133924931287766
