Index,Activation Value
8422,0.2661956548690796
84448,0.1612926870584488
108347,0.11860066652297974
28659,0.11803325265645981
98230,0.01533470768481493
71564,0.0004947638954035938
