Index,Activation Value
21467,0.6590216159820557
38432,0.4962460994720459
36212,0.4177667200565338
38340,0.4054245054721832
30430,0.3964715898036957
53579,0.3798002004623413
32727,0.3753829896450043
45313,0.3657185435295105
44569,0.36386242508888245
8396,0.3601149916648865
