Index,Activation Value
8019,0.32602888345718384
27547,0.3003688454627991
24298,0.29521235823631287
54138,0.2920864224433899
9816,0.2727756202220917
18000,0.2724929451942444
26778,0.23871727287769318
58249,0.2234095185995102
42887,0.22284449636936188
8080,0.22205570340156555
