Index,Activation Value
53579,0.1228850781917572
58249,0.12012592703104019
18000,0.10032514482736588
8019,0.09074452519416809
38924,0.08403213322162628
33011,0.08246888965368271
45313,0.07548364251852036
8080,0.07499939203262329
56554,0.07191740721464157
26778,0.07121127098798752
