Index,Activation Value
28910,0.040928877890110016
52183,0.035204872488975525
37498,0.03504662215709686
56725,0.03397698700428009
52426,0.030785858631134033
60631,0.02545725740492344
13090,0.01964479498565197
33336,0.016992926597595215
70349,0.016778934746980667
49456,0.01030429732054472
