Index,Activation Value
38127,0.025599949061870575
30430,0.02491425909101963
16549,0.023320868611335754
26937,0.015024944208562374
53589,0.013011197559535503
43115,0.012370076961815357
14826,0.012079722248017788
45858,0.010284876450896263
45313,0.008019744418561459
7683,0.006622083019465208
