Index,Activation Value
56855,0.11866593360900879
29340,0.10452955961227417
8396,0.097376748919487
38924,0.08983753621578217
26778,0.087304025888443
36212,0.08484721183776855
24565,0.08019562810659409
58249,0.0757492408156395
43054,0.07514423131942749
53582,0.07351274788379669
