Index,Activation Value
26937,0.011294929310679436
38127,0.007039688993245363
54006,0.0060987831093370914
36598,0.004802331794053316
4909,0.0044358535669744015
22925,0.003931754268705845
48383,0.003583116689696908
46478,0.003454177640378475
43594,0.0032351170666515827
21149,0.0028678136877715588
