Index,Activation Value
13090,0.3188183903694153
56725,0.1988297402858734
70349,0.14151102304458618
107995,0.11225232481956482
14165,0.10567209124565125
60631,0.09916628897190094
97407,0.09849037230014801
104537,0.0908300131559372
37498,0.08698762208223343
108759,0.08195419609546661
