Index,Activation Value
49815,0.7605612874031067
46904,0.7112603783607483
5075,0.6832777261734009
54493,0.6786163449287415
23810,0.5837320685386658
29437,0.4905918836593628
15860,0.3032645285129547
20457,0.26284971833229065
19666,0.2617699205875397
10972,0.2546432912349701
