Index,Activation Value
44569,0.02341795712709427
36473,0.023371556773781776
24298,0.018540887162089348
1859,0.009144719690084457
43054,0.007819374091923237
7145,0.004772684071213007
1909,0.002669679932296276
17428,0.0020032653119415045
218,0.0012571151601150632
5476,0.0009320788085460663
