Index,Activation Value
70349,0.035466764122247696
13090,0.03441813215613365
37498,0.02940591424703598
56725,0.02689758874475956
28425,0.024483676999807358
852,0.02402275614440441
55426,0.021059032529592514
28910,0.020769648253917694
52183,0.020410776138305664
88571,0.019857387989759445
