Index,Activation Value
53567,0.5216319561004639
37217,0.2027309536933899
61291,0.14941227436065674
109536,0.11494360864162445
39211,0.059229057282209396
