Index,Activation Value
38432,0.019237659871578217
13743,0.012910237535834312
58458,0.010855192318558693
48137,0.010761326178908348
38340,0.01070006936788559
39450,0.010604833252727985
32704,0.010125537402927876
34397,0.009351059794425964
42296,0.008506596088409424
31786,0.00808012019842863
