Index,Activation Value
12344,0.016275348141789436
89243,0.015752017498016357
90842,0.015115472488105297
87758,0.01120386179536581
716,0.011005543172359467
111478,0.010531743057072163
55426,0.010517273098230362
102181,0.009634673595428467
18680,0.00921163521707058
42192,0.009163923561573029
