Index,Activation Value
8396,0.009937938302755356
56855,0.009319367818534374
25657,0.005030968692153692
36212,0.00406299065798521
19868,0.002639268059283495
