Index,Activation Value
3309,0.5358577370643616
29440,0.22704382240772247
98518,0.15130017697811127
63118,0.14458703994750977
65480,0.07258898764848709
