Index,Activation Value
7145,0.06223709508776665
43054,0.06120065599679947
31723,0.05160629004240036
44569,0.048327118158340454
20635,0.04643075168132782
15397,0.042290981858968735
40818,0.03964737057685852
38127,0.03781741112470627
1909,0.03616604954004288
36473,0.035402361303567886
