Index,Activation Value
52183,0.9137063026428223
89512,0.8942714929580688
51766,0.886161744594574
99629,0.805945634841919
97532,0.7292557954788208
13090,0.510417640209198
42981,0.44135478138923645
15751,0.423919677734375
88571,0.3522540032863617
60476,0.2492740899324417
