Index,Activation Value
48992,0.0824059396982193
14756,0.07068819552659988
45485,0.06626126170158386
28748,0.05745541304349899
2129,0.05493168160319328
52948,0.054527588188648224
48383,0.05297127738595009
1838,0.05242519453167915
33077,0.05216065049171448
48818,0.05177116021513939
