Index,Activation Value
56725,0.039960894733667374
13090,0.03584215044975281
60631,0.0259162038564682
52183,0.025899143889546394
59998,0.025526801124215126
16107,0.021717848256230354
37498,0.01708686165511608
51766,0.014856265857815742
67509,0.014521312899887562
52426,0.013168176636099815
