Index,Activation Value
36625,0.014837535098195076
31056,0.013922929763793945
15111,0.010340497829020023
36944,0.008694734424352646
21565,0.007990657351911068
15397,0.007879418320953846
56155,0.007508790120482445
14971,0.006337167229503393
40818,0.005608560983091593
12023,0.005585384555160999
