Index,Activation Value
24298,0.034042224287986755
36473,0.03230329230427742
44569,0.026903288438916206
1909,0.013823027722537518
13179,0.01058939192444086
8019,0.007319037336856127
42887,0.005169781390577555
1859,0.004553815815597773
19868,0.004064226057380438
18000,0.0033292619045823812
