Index,Activation Value
99629,0.00903412513434887
67013,0.004242025315761566
59162,0.002803876530379057
59080,0.0016011693514883518
30064,0.001590054715052247
28425,0.0008989772177301347
