Index,Activation Value
11450,0.11928081512451172
52382,0.11046822369098663
8349,0.10023274272680283
19701,0.09074955433607101
5556,0.08844944834709167
2390,0.08628766983747482
43812,0.07921626418828964
36075,0.0770503431558609
34268,0.07584385573863983
47976,0.07560780644416809
