Index,Activation Value
86030,1.0842866897583008
94785,0.9929775595664978
33163,0.8607880473136902
46716,0.8490950465202332
41028,0.8189891576766968
20072,0.7166010737419128
78824,0.671845555305481
77901,0.5224857330322266
33135,0.5023813247680664
79751,0.4924907088279724
