Index,Activation Value
26529,1.2544524669647217
22674,1.0930254459381104
33582,0.811152458190918
60763,0.42879021167755127
76217,0.41754356026649475
61131,0.4139083921909332
89840,0.11496331542730331
52759,0.09497389942407608
