Index,Activation Value
21467,0.006514837499707937
32727,0.004874414298683405
38924,0.003127569565549493
53579,0.003025509649887681
27547,0.0027180826291441917
26778,0.0022448287345469
36212,0.0021813332568854094
33011,0.0017485098214820027
45313,0.0014251680113375187
8080,0.001266413601115346
