Index,Activation Value
27818,0.10340933501720428
88571,0.09063409268856049
88295,0.09008749574422836
107558,0.0831066220998764
96758,0.08115700632333755
71153,0.07416645437479019
87200,0.06611160188913345
27191,0.0619685985147953
28910,0.05897458270192146
31199,0.057220458984375
