Index,Activation Value
28205,0.6669396162033081
537,0.5317100882530212
95146,0.432719349861145
49326,0.16413052380084991
40294,0.163712739944458
