Index,Activation Value
56725,0.022309646010398865
13090,0.013907312415540218
60631,0.0025263656862080097
