Index,Activation Value
44569,0.12450259923934937
1909,0.11939462274312973
33011,0.0962819829583168
53579,0.0908038318157196
54138,0.08354105800390244
1859,0.07544436305761337
8080,0.07531225681304932
24298,0.07463987171649933
58249,0.06658752262592316
13179,0.06008557602763176
