Index,Activation Value
13090,0.1049327701330185
14165,0.09901478886604309
108688,0.08885785937309265
90842,0.0822470560669899
110108,0.07542355358600616
1267,0.0711677074432373
95693,0.07084853202104568
96125,0.0708099901676178
56725,0.06577222049236298
17902,0.06258764863014221
