Index,Activation Value
29340,1.5258020162582397
23562,0.7760517001152039
36212,0.6861066818237305
23399,0.6109201312065125
1333,0.5795065760612488
18488,0.4029238224029541
24029,0.2405174821615219
7685,0.2368304282426834
15014,0.17128601670265198
8619,0.13282957673072815
