Index,Activation Value
36173,0.03193845599889755
64204,0.01992860808968544
33336,0.018410176038742065
28425,0.014750058762729168
88295,0.01071286853402853
39257,0.008241132833063602
71879,0.004897114355117083
52491,0.004384739324450493
111011,0.003409124445170164
42493,0.0033640784677118063
