Index,Activation Value
33336,0.17049679160118103
37498,0.16416771709918976
13090,0.13795752823352814
83828,0.13104109466075897
111011,0.12648002803325653
27438,0.11272814869880676
56725,0.09492850303649902
52183,0.08758248388767242
2279,0.08707081526517868
16107,0.07477332651615143
