Index,Activation Value
53579,0.04454376921057701
8080,0.044137973338365555
38432,0.043576739728450775
38924,0.043238647282123566
21467,0.0409126877784729
27547,0.03815209120512009
1909,0.03356175124645233
29340,0.03350352495908737
36212,0.03273303806781769
36473,0.03070160001516342
