Index,Activation Value
38924,0.0005466963048093021
53579,0.0002912006457336247
