Index,Activation Value
28640,0.0028048886451870203
52857,0.0027208554092794657
38198,0.00187297398224473
50256,0.001796561642549932
49037,0.001676581334322691
53814,0.0014574783854186535
25540,0.001447586459107697
21165,0.0014260095776990056
18760,0.0011907574953511357
7130,0.0010995243210345507
