Index,Activation Value
21467,0.0637555792927742
36212,0.06374123692512512
38432,0.05300659313797951
43054,0.044853098690509796
57551,0.0420880988240242
10570,0.04150737449526787
51614,0.04076569527387619
7683,0.03879965841770172
38340,0.037233296781778336
14826,0.036970049142837524
