Index,Activation Value
55426,0.018338287249207497
7334,0.014287295751273632
71543,0.010871360078454018
95496,0.008216176182031631
92077,0.007174805738031864
20663,0.006959231570363045
18680,0.006239425390958786
11313,0.005403905175626278
47586,0.005150022450834513
72094,0.00477558933198452
