Index,Activation Value
21467,0.009531105868518353
8080,0.002031386364251375
