Index,Activation Value
34545,0.4342719316482544
5383,0.2523091435432434
4829,0.11808004975318909
8950,0.09117859601974487
59049,0.08465943485498428
50623,0.08386189490556717
54986,0.044125996530056
51136,0.01024335715919733
