Index,Activation Value
26012,0.0667739287018776
2871,0.06498885154724121
12942,0.053879112005233765
62757,0.05332927405834198
84018,0.05039254203438759
12571,0.04956436529755592
71180,0.04799307882785797
75738,0.04694435000419617
31227,0.045680589973926544
96682,0.04461972042918205
