Index,Activation Value
13743,0.004972376860678196
40678,0.003970192279666662
773,0.0017068838933482766
31022,0.0014762554783374071
29465,0.001387250144034624
38340,0.0009664861718192697
7145,0.0006831793580204248
9049,2.9481017918442376e-05
