Index,Activation Value
88571,0.025800073519349098
90842,0.022315500304102898
16158,0.0204059686511755
37498,0.01596812717616558
107925,0.015917832031846046
56725,0.014080124907195568
54896,0.013399938121438026
108542,0.013264312408864498
28425,0.013210141099989414
17902,0.011929230764508247
