Index,Activation Value
92691,0.8500372171401978
35650,0.6671713590621948
23067,0.655663013458252
54956,0.12373505532741547
101607,0.03765643760561943
84565,0.01720992475748062
112552,0.009462419897317886
67134,0.0030362727120518684
