Index,Activation Value
27547,0.21924683451652527
9816,0.21127161383628845
42887,0.21038419008255005
8080,0.18330048024654388
39547,0.17879633605480194
8019,0.1781485229730606
43054,0.17732255160808563
18000,0.17485308647155762
53579,0.16690963506698608
24298,0.1432911604642868
