Index,Activation Value
103832,0.5493287444114685
62753,0.45302462577819824
63214,0.32108426094055176
85461,0.2914898991584778
110063,0.26769116520881653
16107,0.17913030087947845
19093,0.17153401672840118
34188,0.15038301050662994
43630,0.0952383428812027
22151,0.08572901785373688
