Index,Activation Value
17608,0.08665528893470764
35254,0.0820985957980156
37498,0.066225066781044
103824,0.05335646867752075
43247,0.05151524022221565
23410,0.04945413023233414
42192,0.047932449728250504
110975,0.04725177586078644
54956,0.04226798564195633
82475,0.041499629616737366
