Index,Activation Value
21467,0.07447472214698792
38432,0.05239946395158768
8080,0.045514922589063644
27547,0.04307815432548523
38340,0.041280344128608704
32727,0.03691380098462105
53589,0.03387260064482689
33011,0.029196985065937042
36212,0.027890801429748535
218,0.025358350947499275
