Index,Activation Value
24298,0.45384806394577026
21467,0.35955896973609924
8019,0.3277950584888458
54138,0.3067261874675751
44569,0.2939915359020233
8080,0.2638128697872162
38924,0.2590413987636566
53579,0.2277381271123886
38432,0.21216493844985962
38127,0.20718303322792053
