Index,Activation Value
2800,0.16365031898021698
19701,0.16038429737091064
25800,0.1491100788116455
31904,0.14038662612438202
8349,0.13447903096675873
48477,0.12604664266109467
15670,0.12241321057081223
29475,0.11653576046228409
11450,0.11475598067045212
14147,0.1057920902967453
