Index,Activation Value
28425,0.03222154453396797
67509,0.028375936672091484
4825,0.02070998214185238
9293,0.02016235515475273
59998,0.01986258290708065
80813,0.019652586430311203
27912,0.019229231402277946
104537,0.01895057037472725
35254,0.018667344003915787
17608,0.018282458186149597
