Index,Activation Value
36212,0.26616227626800537
8396,0.23130415380001068
56855,0.21281938254833221
25657,0.18106089532375336
51769,0.13337905704975128
27547,0.13195456564426422
2792,0.11960121989250183
53407,0.10925344377756119
14826,0.10392352938652039
32696,0.09935639798641205
