Index,Activation Value
27088,0.003895346773788333
1838,0.0035570214968174696
47360,0.0025723774451762438
10183,0.0016154117183759809
26778,0.001547015504911542
53582,0.0011502563720569015
27801,0.0009127443772740662
