Index,Activation Value
36212,0.4225865304470062
29340,0.33455201983451843
8396,0.32959139347076416
38924,0.3125808835029602
56855,0.3106510639190674
25657,0.2777248024940491
21467,0.26731589436531067
38340,0.24365445971488953
53579,0.23639464378356934
44569,0.22345097362995148
