Index,Activation Value
13090,0.030127285048365593
111011,0.01577170006930828
83828,0.012533965520560741
28425,0.011835402809083462
36173,0.011543995700776577
35254,0.008512107655405998
43807,0.008163158781826496
19627,0.007430114317685366
73855,0.007417837157845497
29450,0.0066077820956707
