Index,Activation Value
45858,0.11118220537900925
14960,0.10024818778038025
30430,0.09257194399833679
25544,0.09250464290380478
2656,0.09127355366945267
57163,0.08853879570960999
36875,0.08688613027334213
38127,0.08643285930156708
44964,0.08585084974765778
56032,0.08469357341527939
