Index,Activation Value
16549,0.10596879571676254
58963,0.08989915251731873
3204,0.07910989224910736
32881,0.06386779993772507
46490,0.06310315430164337
35840,0.06236052140593529
43054,0.056683775037527084
5109,0.0502929762005806
9035,0.04652893915772438
37085,0.04462705925107002
