Index,Activation Value
41843,2.108309030532837
50860,1.6595269441604614
9925,1.6590514183044434
44208,1.4649757146835327
50680,1.2885836362838745
51513,1.210167646408081
55695,1.0202206373214722
54187,0.8400394320487976
56273,0.7453852891921997
24342,0.6830683946609497
