Index,Activation Value
33011,0.2739191949367523
1909,0.22412323951721191
26778,0.19532568752765656
53579,0.1806027740240097
38924,0.151716411113739
8080,0.13864277303218842
773,0.1292829066514969
9816,0.12506218254566193
13179,0.1233745664358139
21467,0.11525598913431168
