Index,Activation Value
7334,0.03725583851337433
36533,0.02765810675919056
14983,0.02188502997159958
18680,0.021389227360486984
73908,0.021306749433279037
87200,0.0212933961302042
108542,0.020330708473920822
8127,0.01955621875822544
47586,0.01926743984222412
36441,0.01665627211332321
