Index,Activation Value
24298,0.02322491444647312
36473,0.023132383823394775
17428,0.01149106677621603
29340,0.00728401867672801
36212,0.006877623964101076
38432,0.005908678285777569
54222,0.0038828400429338217
8396,0.0031488006934523582
8019,0.001663430593907833
579,0.0011031866306439042
