Index,Activation Value
21467,0.08921417593955994
53589,0.08661705255508423
8396,0.08280837535858154
36212,0.08190993219614029
25657,0.08046986162662506
29340,0.07732714712619781
56855,0.0732930600643158
38340,0.06694716960191727
31736,0.06515169888734818
28561,0.06409822404384613
