Index,Activation Value
88571,0.03252912312746048
70349,0.027545632794499397
110712,0.019154014065861702
35254,0.017351703718304634
93685,0.014896363951265812
110091,0.014573452062904835
101572,0.014069377444684505
42482,0.013942559249699116
6156,0.013170192018151283
25849,0.012497526593506336
