Index,Activation Value
72094,0.03892647102475166
104537,0.03408701717853546
102181,0.028019526973366737
7334,0.027941087260842323
7351,0.026153165847063065
59998,0.024428339675068855
28425,0.021407464519143105
70776,0.01990317925810814
16107,0.019432490691542625
52491,0.018985100090503693
