Index,Activation Value
44569,0.0718337669968605
21467,0.05936066806316376
8080,0.054722391068935394
24298,0.040352191776037216
1859,0.03805363550782204
57163,0.03477680683135986
27547,0.033249903470277786
36473,0.01903563179075718
1909,0.019034402444958687
58963,0.017288170754909515
