Index,Activation Value
51614,0.05814661458134651
39787,0.05380246043205261
4055,0.05365058779716492
36944,0.04094843938946724
38127,0.04066789522767067
15598,0.04026699438691139
36625,0.04016188904643059
11478,0.036941997706890106
25087,0.03585822880268097
45538,0.03548024594783783
