Index,Activation Value
19627,0.020007681101560593
80813,0.011597739532589912
80233,0.0107439449056983
27818,0.009663914330303669
107925,0.00965722743421793
14326,0.008151636458933353
4825,0.007738439366221428
65958,0.00680133793503046
110063,0.00678578857332468
48529,0.005720280576497316
