Index,Activation Value
27912,0.08631991595029831
66000,0.07273736596107483
87126,0.06633712351322174
90842,0.06489381939172745
44818,0.06376238912343979
1021,0.06164252385497093
4491,0.059830695390701294
99492,0.0560874342918396
12832,0.055218882858753204
110063,0.054185375571250916
