Index,Activation Value
102426,0.9134227633476257
28065,0.8942541480064392
43855,0.8899480104446411
73579,0.8621277213096619
23410,0.8127279877662659
31482,0.7755577564239502
80801,0.6896840929985046
105791,0.6362070441246033
31728,0.6237689852714539
49534,0.5819855332374573
