Index,Activation Value
35254,0.07286473363637924
63669,0.06749753654003143
67509,0.0671202763915062
29372,0.06304430216550827
104537,0.06098894029855728
56725,0.06001550331711769
4825,0.05609642714262009
84018,0.0547986775636673
54156,0.054415736347436905
1267,0.050838928669691086
