Index,Activation Value
53579,0.1445983201265335
21467,0.1414324790239334
44569,0.1392541080713272
1909,0.12950149178504944
8080,0.12824980914592743
38924,0.11489996314048767
24298,0.11011312901973724
8019,0.10827738046646118
33011,0.1034499779343605
36212,0.09047389775514603
