Index,Activation Value
38924,0.2738795876502991
1909,0.2182447761297226
33011,0.2145046442747116
26778,0.2029515653848648
58249,0.20118877291679382
53579,0.14996621012687683
16549,0.10172489285469055
18000,0.09653922915458679
44036,0.09636161476373672
773,0.08823977410793304
