Index,Activation Value
38924,0.13744650781154633
21467,0.13606391847133636
27547,0.13070186972618103
24298,0.1261068433523178
8019,0.12154310941696167
8080,0.11973754316568375
9816,0.11139502376317978
53579,0.09822731465101242
54138,0.09570711851119995
43197,0.09489727765321732
