Index,Activation Value
90842,0.1420193314552307
19627,0.11588698625564575
7334,0.09016527980566025
72094,0.08493407070636749
107925,0.07735752314329147
3082,0.07578085362911224
18680,0.07021316885948181
88407,0.06886903941631317
48473,0.047186292707920074
16107,0.04675624892115593
