Index,Activation Value
36212,0.001758256577886641
8396,0.0017496979562565684
56855,0.0016287113539874554
29340,0.0005982734728604555
32727,0.00042590562952682376
