Index,Activation Value
97407,0.08677198737859726
1021,0.0631067156791687
44818,0.06045341119170189
80813,0.059974849224090576
9293,0.05958316847681999
49456,0.05898088589310646
12,0.05178684741258621
36173,0.051188211888074875
52854,0.05060731992125511
52183,0.04976930096745491
