Index,Activation Value
773,0.16448479890823364
2800,0.14912323653697968
31056,0.13440342247486115
16549,0.12140294909477234
36625,0.11426911503076553
56545,0.10013080388307571
39837,0.09718514233827591
24567,0.09627493470907211
36944,0.09575563669204712
32696,0.0949057936668396
