Index,Activation Value
107925,0.0010367963695898652
17902,0.0009522376931272447
6156,0.0002893650671467185
95769,0.0002477468806318939
