Index,Activation Value
53582,0.014659636653959751
24565,0.007627957500517368
38127,0.005842452868819237
55023,0.004697970114648342
25087,0.003307828214019537
13179,0.003106670919805765
33333,0.0027944252360612154
43054,0.002606350462883711
36625,0.001929370453581214
29340,0.0018295361660420895
