Index,Activation Value
13090,0.0329105481505394
20663,0.01667219214141369
16107,0.015948358923196793
52426,0.011309048160910606
38228,0.011307977139949799
92547,0.010916978120803833
111011,0.00997740775346756
37498,0.008401956409215927
39257,0.008241036906838417
108688,0.007702272851020098
