Index,Activation Value
21467,0.02378225140273571
36473,0.01975894905626774
1909,0.018766820430755615
24298,0.018403321504592896
33011,0.010078455321490765
18000,0.007234289310872555
13179,0.006539016496390104
1859,0.006427699699997902
38432,0.0060308403335511684
8019,0.005722879897803068
