Index,Activation Value
79444,1.758858561515808
37665,1.478912115097046
84945,1.414162278175354
39305,1.3298088312149048
88407,1.22721266746521
1797,1.2095564603805542
20840,1.1441844701766968
65152,1.1184794902801514
29988,1.1112655401229858
66387,1.0836620330810547
