Index,Activation Value
36173,0.020110132172703743
70349,0.0030162916518747807
