Index,Activation Value
13090,0.02824597992002964
83828,0.026332003995776176
52847,0.020869974046945572
20663,0.015499233268201351
22227,0.01523522101342678
24235,0.015083658508956432
97407,0.014864611439406872
60631,0.014184890314936638
3082,0.014063871465623379
27438,0.013977980241179466
