Index,Activation Value
21467,1.2286434173583984
36212,0.6300123333930969
22710,0.5993903279304504
8396,0.48788195848464966
56855,0.2718316614627838
29340,0.2623690962791443
48036,0.17975853383541107
9921,0.17060230672359467
