Index,Activation Value
21467,0.05154677480459213
56855,0.0416610911488533
8396,0.03734958544373512
32727,0.031219439581036568
36212,0.030991081148386
24298,0.029949771240353584
8019,0.02656524069607258
36473,0.024846583604812622
29340,0.024081584066152573
38432,0.023448899388313293
