Index,Activation Value
29340,0.02151399664580822
16549,0.00920177437365055
36212,0.0077172317542135715
7145,0.006856770254671574
56855,0.006713679060339928
8396,0.004888277500867844
36875,0.004277808591723442
44964,0.004138113930821419
39837,0.003819684498012066
44743,0.0031743855215609074
