Index,Activation Value
43178,0.019833020865917206
29465,0.019010990858078003
88,0.014691500924527645
58963,0.013745388016104698
3366,0.009830191731452942
55731,0.00838991068303585
32757,0.008348364382982254
20544,0.0070981187745928764
31904,0.006884275935590267
54694,0.006019888911396265
