Index,Activation Value
107995,0.13427406549453735
70776,0.09689273685216904
8251,0.08097028732299805
52426,0.08083292841911316
46468,0.08059919625520706
93969,0.07804655283689499
109825,0.07489912211894989
90710,0.0737236887216568
93659,0.06479667127132416
47884,0.06450946629047394
