Index,Activation Value
33011,0.01932280883193016
26778,0.012467645108699799
38924,0.011746489442884922
8080,0.011520412750542164
53579,0.011418940499424934
21467,0.010877626948058605
38432,0.008350049145519733
24298,0.00759540032595396
44569,0.007240723818540573
27547,0.005047494079917669
