Index,Activation Value
53579,0.059989266097545624
38924,0.04350816830992699
33011,0.043269697576761246
26778,0.04067939892411232
58249,0.03187362104654312
31022,0.02380228228867054
45313,0.022374074906110764
13743,0.020977729931473732
30430,0.01762949489057064
42887,0.014765794388949871
