Index,Activation Value
50898,0.28076958656311035
47214,0.24935594201087952
