Index,Activation Value
28425,0.1412448137998581
96758,0.13933780789375305
12,0.12001773715019226
27438,0.10823746025562286
49456,0.10800611227750778
71932,0.1040847897529602
74354,0.0902237594127655
7334,0.088454969227314
20663,0.08623959869146347
73855,0.08616355061531067
