Index,Activation Value
21467,2.520545721054077
773,2.460792064666748
33011,1.3211818933486938
14960,1.0814021825790405
38432,0.6826743483543396
38924,0.5028305649757385
44964,0.2389182299375534
38340,0.2194259613752365
