Index,Activation Value
90842,0.003702330868691206
35254,0.0036727148108184338
14165,0.0036114370450377464
29450,0.0031023386400192976
