Index,Activation Value
88571,0.11272995918989182
88295,0.08718003332614899
17902,0.07430866360664368
52683,0.06645192205905914
77289,0.06527058780193329
73501,0.06525871902704239
1021,0.06355787068605423
95769,0.062435440719127655
70349,0.06000756472349167
17608,0.056216537952423096
