Index,Activation Value
13090,0.21067805588245392
90842,0.13932907581329346
12,0.11686653643846512
80813,0.09978248924016953
37498,0.09872221201658249
107925,0.08853510022163391
28425,0.08134984225034714
88571,0.07792633771896362
56725,0.07638546824455261
14326,0.07623166590929031
