Index,Activation Value
38127,0.21085938811302185
36212,0.16351455450057983
38247,0.13344819843769073
3932,0.12348555773496628
45682,0.11473172158002853
51614,0.0986052006483078
44208,0.0936310663819313
58198,0.0911693349480629
54927,0.09026070684194565
43115,0.08879236876964569
