Index,Activation Value
51614,0.006568388547748327
33607,0.004444842226803303
44208,0.0023747216910123825
28312,0.0015861357096582651
14196,0.0011621981393545866
