Index,Activation Value
38924,0.254595547914505
58249,0.11736385524272919
25802,0.11208956688642502
2390,0.104383684694767
47976,0.10363008826971054
9084,0.10029692947864532
53579,0.09762399643659592
3300,0.09562650322914124
6830,0.09457690268754959
7076,0.09401916712522507
