Index,Activation Value
3082,1.5039116144180298
54105,1.4905096292495728
60763,1.4773263931274414
74133,1.2226837873458862
48239,1.0162231922149658
83049,0.9262600541114807
12640,0.9116858243942261
33578,0.8046675324440002
101119,0.795918345451355
96228,0.7569128274917603
