Index,Activation Value
35254,0.11641544848680496
88295,0.08091238886117935
44123,0.07862943410873413
9293,0.07222049683332443
12064,0.056145813316106796
110975,0.05418825522065163
52854,0.05206174775958061
82590,0.04555049166083336
73855,0.044924866408109665
98149,0.04401414096355438
