Index,Activation Value
59998,0.11859998852014542
88295,0.09027065336704254
4738,0.08758122473955154
95115,0.0875181257724762
35254,0.08228372037410736
107551,0.08177517354488373
8774,0.08121871203184128
12,0.08108304440975189
84018,0.07953368127346039
40633,0.07768332958221436
