Index,Activation Value
9816,0.07483313977718353
42887,0.0603519044816494
27547,0.05932706594467163
32727,0.05494416877627373
16956,0.04986753687262535
45313,0.0484599843621254
37410,0.04760811850428581
23998,0.04715738818049431
27683,0.04584071412682533
10272,0.04465363919734955
