Index,Activation Value
36212,0.35204604268074036
8396,0.2995426654815674
56855,0.2921028733253479
21467,0.219294011592865
29340,0.20223025977611542
39547,0.19296707212924957
24565,0.18637090921401978
38432,0.1809164434671402
19868,0.18066507577896118
38340,0.176551952958107
