Index,Activation Value
38247,0.20603300631046295
26937,0.14583411812782288
54138,0.136111781001091
58249,0.1135110855102539
38924,0.10252099484205246
7125,0.09797359257936478
17939,0.09703990072011948
5556,0.09685412049293518
32881,0.09682571142911911
43164,0.09453099966049194
