Index,Activation Value
16549,0.10107264667749405
28561,0.09340064227581024
53589,0.09134019166231155
32757,0.08654933422803879
36875,0.07905295491218567
14721,0.07726159691810608
24409,0.0710185095667839
25544,0.06826689839363098
47257,0.06657645851373672
25657,0.06274698674678802
