Index,Activation Value
52183,0.22080479562282562
83828,0.14702118933200836
70349,0.14467477798461914
52683,0.1288428008556366
33336,0.11942771822214127
60631,0.11913765966892242
13090,0.11216450482606888
49865,0.10582013428211212
17902,0.09808138012886047
52008,0.09432322531938553
