Index,Activation Value
33336,0.3445587158203125
102436,0.3301585018634796
13882,0.12386208027601242
12236,0.09517868608236313
64204,0.07370355725288391
67138,0.026372645050287247
