Index,Activation Value
8080,0.1650783270597458
8019,0.16399507224559784
27547,0.1557287722826004
33011,0.1487826257944107
24298,0.14741696417331696
53579,0.1460404247045517
44569,0.1454116702079773
21467,0.13568533957004547
1909,0.12664495408535004
32727,0.12239199876785278
