Index,Activation Value
854,0.6420238018035889
84701,0.36160191893577576
70569,0.3125101327896118
77852,0.11490916460752487
