Index,Activation Value
88571,0.015750199556350708
96758,0.014051618054509163
6156,0.008337710052728653
67831,0.0053478567861020565
104537,0.004692057613283396
83828,0.00400806637480855
95051,0.00318925897590816
107604,0.0022582875099033117
25849,0.0017282478511333466
54156,0.0012560763861984015
