Index,Activation Value
54222,0.0015743025578558445
32727,0.0010207915911450982
45538,0.0009164080256596208
56481,0.0003451976226642728
