Index,Activation Value
21467,0.016911813989281654
38924,0.0052568367682397366
8019,0.0027214062865823507
38432,0.0026925180573016405
53579,0.0024147718213498592
58249,0.002255901461467147
20435,0.0015843595610931516
32727,0.0014482904225587845
49406,0.001372592756524682
24298,0.0013062215875834227
