Index,Activation Value
33336,0.022395631298422813
25849,0.010867142118513584
96065,0.010349761694669724
109813,0.008338920772075653
95312,0.007446300704032183
36173,0.006588146090507507
92307,0.004801009315997362
66000,0.00430108280852437
36159,0.003119037253782153
105112,0.0030243145301938057
