Index,Activation Value
47009,0.17762582004070282
17169,0.14769254624843597
13411,0.1463148146867752
4055,0.1404646784067154
35367,0.13946472108364105
44036,0.13747912645339966
44743,0.13444915413856506
45538,0.13415376842021942
41410,0.1281861662864685
35684,0.1261870115995407
