Index,Activation Value
46682,0.024907248094677925
41843,0.009447367861866951
22080,0.00854551326483488
55774,0.006710193119943142
38127,0.006502983625978231
16258,0.00603520218282938
42784,0.004990242421627045
7125,0.004373786970973015
42649,0.0034817347768694162
21777,0.003256190102547407
