Index,Activation Value
54105,0.02282295934855938
16807,0.012850811704993248
76908,0.011513492092490196
66000,0.00954373273998499
105073,0.009430649690330029
76906,0.008734545670449734
82590,0.008433239534497261
56266,0.008220721036195755
86756,0.007530465256422758
27328,0.0074950046837329865
