Index,Activation Value
29372,0.015579472295939922
8897,0.010173054412007332
26012,0.00982126034796238
97407,0.008546900935471058
52426,0.008486121892929077
35254,0.00831111241132021
14165,0.008206792175769806
83828,0.007801186293363571
111011,0.005323910154402256
100136,0.005104171112179756
