Index,Activation Value
9293,0.06555573642253876
17902,0.05914206802845001
70349,0.039638593792915344
66000,0.03418217599391937
1021,0.03161761537194252
42812,0.03154041990637779
109825,0.028441835194826126
97336,0.028183002024888992
64475,0.0267963707447052
88384,0.025517499074339867
