Index,Activation Value
24298,0.35579484701156616
53579,0.32636308670043945
38924,0.3216150403022766
21467,0.31990209221839905
54138,0.31564784049987793
8019,0.3148059844970703
8080,0.3005158007144928
1909,0.2941718101501465
36473,0.29183724522590637
58249,0.2786467373371124
