Index,Activation Value
29340,0.24488969147205353
36212,0.2289738804101944
56855,0.16339878737926483
8396,0.13828787207603455
38127,0.1360805481672287
38432,0.13423556089401245
53582,0.1212424784898758
24565,0.11641205847263336
38340,0.09792276471853256
21467,0.08999241143465042
