Index,Activation Value
63370,1.0895649194717407
70296,0.7209842205047607
42179,0.043124374002218246
