Index,Activation Value
72094,0.11388961225748062
7334,0.08958083391189575
47586,0.07227511703968048
27234,0.07143118232488632
94080,0.06926408410072327
36533,0.0667336955666542
19627,0.06490467488765717
104002,0.06166720762848854
16089,0.05806713178753853
52491,0.05653801187872887
