Index,Activation Value
36173,0.18743793666362762
28425,0.13064472377300262
42493,0.10796446353197098
96758,0.09448075294494629
852,0.09244482964277267
111011,0.09068163484334946
88295,0.0898120179772377
22230,0.08088628947734833
107551,0.07263821363449097
34454,0.07111522555351257
