Index,Activation Value
12972,0.07561378926038742
6720,0.057182952761650085
