Index,Activation Value
33011,0.03382209315896034
38924,0.014224443584680557
7145,0.009544550441205502
53579,0.009020757861435413
13179,0.00900004617869854
31022,0.007557080592960119
26778,0.006191312335431576
55023,0.005983417853713036
29340,0.0037136697210371494
19868,0.002099857898429036
