Index,Activation Value
26778,0.483662486076355
38924,0.42536261677742004
33011,0.3119027614593506
58249,0.28806352615356445
53579,0.26013198494911194
1909,0.22648704051971436
54138,0.2206144779920578
18000,0.21664078533649445
26559,0.20521683990955353
8080,0.20093823969364166
