Index,Activation Value
39837,0.03404129296541214
24409,0.029535969719290733
16549,0.026157334446907043
42296,0.022018225863575935
773,0.02106986567378044
52585,0.017728770151734352
2800,0.017585305497050285
48137,0.016430076211690903
40862,0.01578824780881405
17999,0.015646744519472122
