Index,Activation Value
18604,0.23463581502437592
14809,0.08403795212507248
94986,0.021272972226142883
