Index,Activation Value
21467,0.07544251531362534
38340,0.051262252032756805
18000,0.03884301707148552
56481,0.031760748475790024
32727,0.03168246150016785
45682,0.029889706522226334
44208,0.028964487835764885
4417,0.0283636637032032
25800,0.027347305789589882
34961,0.026463355869054794
