Index,Activation Value
56855,0.6590385437011719
8396,0.5758739709854126
29340,0.5001904368400574
36212,0.43742021918296814
32727,0.40983304381370544
25657,0.3952718675136566
55023,0.3946356773376465
41844,0.3828803598880768
9816,0.37409162521362305
27547,0.34834522008895874
