Index,Activation Value
58249,0.011873730458319187
21019,0.010172690264880657
38127,0.007538562640547752
29907,0.005835064686834812
38924,0.00563061935827136
31215,0.005579107441008091
21565,0.004816841799765825
48383,0.003465122077614069
7014,0.0025815542321652174
36598,0.0023781093768775463
