Index,Activation Value
29340,0.17287153005599976
55023,0.10998634994029999
1976,0.09711046516895294
53582,0.09143365174531937
13179,0.07976142317056656
21565,0.07915915548801422
3932,0.07856091111898422
24565,0.07798827439546585
9187,0.0777374729514122
43541,0.06863135099411011
