Index,Activation Value
13090,0.0001569706801092252
56725,3.085298158111982e-05
