Index,Activation Value
16107,0.01755179651081562
64204,0.013857830315828323
111056,0.006267900113016367
107995,0.005958865862339735
40355,0.0047201854176819324
98149,0.0023783324286341667
86118,0.0021171225234866142
47884,0.0018580103060230613
83828,0.0009408728219568729
80813,0.0008564463350921869
