Index,Activation Value
38846,1.4937188625335693
8229,1.2983964681625366
87560,1.073840856552124
87922,0.9953117370605469
9770,0.914871871471405
106787,0.8536153435707092
82963,0.8198294639587402
108667,0.7280551195144653
35873,0.725338339805603
32183,0.7110288143157959
