Index,Activation Value
33011,0.094680055975914
5556,0.08447983115911484
29465,0.08372276276350021
46682,0.08175812661647797
1202,0.07964998483657837
45858,0.07569026201963425
34961,0.07458902150392532
47900,0.06594326347112656
2656,0.06573309749364853
35033,0.06299270689487457
