Index,Activation Value
7523,1.0612947940826416
55936,0.12925094366073608
23053,0.123954176902771
58510,0.09378251433372498
17299,0.06647592782974243
