Index,Activation Value
14826,0.006484149023890495
24588,0.003967232536524534
27683,0.0036554401740431786
43115,0.003604560624808073
19701,0.0025258660316467285
7683,0.002195115899667144
34961,0.0018353856867179275
25800,0.0010444403160363436
57551,0.0009242402738891542
22371,0.00015621137572452426
