Index,Activation Value
21467,0.041630156338214874
38924,0.03550093621015549
53579,0.027630547061562538
38432,0.025857124477624893
32727,0.024465415626764297
44569,0.02305769920349121
58249,0.022120093926787376
33011,0.020665151998400688
38340,0.01924831233918667
36212,0.018530355766415596
