Index,Activation Value
36473,1.9178390502929688
17428,0.6518126130104065
579,0.5494080781936646
10570,0.4734044373035431
58249,0.3857700824737549
56032,0.1876833587884903
24298,0.027295205742120743
