Index,Activation Value
13090,0.1464272141456604
37498,0.11781962960958481
56725,0.09608639031648636
60631,0.09441544860601425
96758,0.09139654785394669
83828,0.09051401913166046
52183,0.08482757210731506
33336,0.08480313420295715
35831,0.08256544917821884
36173,0.08112010359764099
