Index,Activation Value
21467,0.6436334252357483
36212,0.5584024786949158
8396,0.4916808307170868
27547,0.4760335087776184
56855,0.4170388877391815
29340,0.408317893743515
38432,0.34770113229751587
32727,0.34377428889274597
9816,0.32477104663848877
8019,0.32069554924964905
