Index,Activation Value
27438,0.0418417789041996
70349,0.036334265023469925
12344,0.035618677735328674
33336,0.035389967262744904
21549,0.03332111984491348
101572,0.03143155574798584
66000,0.031201384961605072
52683,0.03037913702428341
93685,0.029886990785598755
11313,0.029838791117072105
