Index,Activation Value
27547,0.9990409016609192
8080,0.9349297881126404
8019,0.8768591284751892
21467,0.8050311207771301
24298,0.8017739653587341
54138,0.7480215430259705
38432,0.7479784488677979
53579,0.7401103377342224
32727,0.7302850484848022
9816,0.6869995594024658
