Index,Activation Value
21467,0.21559956669807434
53579,0.13783934712409973
38924,0.13582809269428253
44569,0.10715299844741821
33011,0.10477758944034576
38432,0.09143900871276855
29340,0.08922435343265533
30430,0.08418075740337372
27547,0.07918880879878998
19868,0.07643657922744751
