Index,Activation Value
49406,0.007524342276155949
20435,0.005931391380727291
48137,0.0041876742616295815
51614,0.004064338747411966
21191,0.0037558579351752996
4817,0.003628184786066413
36473,0.003221494611352682
19491,0.003127399832010269
39450,0.003064033342525363
44743,0.0030572842806577682
