Index,Activation Value
13090,0.07423277944326401
55040,0.06587838381528854
56725,0.05925903841853142
27858,0.058201033622026443
2279,0.05348729342222214
51766,0.051540058106184006
88571,0.049650270491838455
111011,0.048863187432289124
93685,0.04695216938853264
105073,0.04570090398192406
