Index,Activation Value
53579,5.516169548034668
38924,4.827591419219971
26778,4.541007041931152
24298,4.092681884765625
21467,3.828367233276367
8080,3.695817708969116
58249,3.464601993560791
54138,3.3654751777648926
27547,3.292921543121338
8019,3.1901354789733887
