Index,Activation Value
13112,1.4633907079696655
41289,0.6659184694290161
35168,0.4174814820289612
57769,0.2401421219110489
43307,0.2291901558637619
22957,0.22845612466335297
27855,0.19826465845108032
1883,0.16775168478488922
2390,0.13319340348243713
36867,0.07854235917329788
