Index,Activation Value
53415,1.0382182598114014
25681,0.6781646013259888
49031,0.497198224067688
8571,0.46523821353912354
28986,0.43313470482826233
30751,0.4241040050983429
48050,0.37635740637779236
25105,0.3763255476951599
30183,0.36232513189315796
899,0.3212112486362457
