Index,Activation Value
36212,0.10044516623020172
8396,0.09492351114749908
56855,0.08089490234851837
29340,0.07861590385437012
25657,0.07453568279743195
55023,0.04328862950205803
4530,0.03846963122487068
38340,0.03733237832784653
30430,0.03559793159365654
24565,0.030832327902317047
