Index,Activation Value
53579,0.1198301687836647
58249,0.09290474653244019
38924,0.08702179044485092
21467,0.07385336607694626
27547,0.07200174778699875
11257,0.05931064486503601
8080,0.05881861597299576
20435,0.05782128497958183
52585,0.0537797287106514
30430,0.05357937514781952
