Index,Activation Value
51262,0.39460453391075134
71529,0.28186699748039246
