Index,Activation Value
88571,0.02921551652252674
25849,0.016851933673024178
42812,0.015217003412544727
64204,0.011921530589461327
52491,0.009433488361537457
107995,0.00889891292899847
33336,0.005673599429428577
50439,0.005623366683721542
96758,0.005052735097706318
94111,0.004676464479416609
