Index,Activation Value
35254,0.008597818203270435
33336,0.003986682277172804
67509,0.002720002317801118
52183,0.0021536839194595814
52426,0.0020123685244470835
85185,0.002004070673137903
91104,0.0017628230853006244
73501,0.0013251994969323277
26012,0.0006093319971114397
