Index,Activation Value
27438,0.13511338829994202
64204,0.12458580732345581
33336,0.1158146858215332
107558,0.08854285627603531
104537,0.08095309138298035
66000,0.07507813721895218
83828,0.07336320728063583
52426,0.06831546127796173
53715,0.06575345247983932
80233,0.0644233450293541
