Index,Activation Value
108491,0.9806284308433533
93358,0.9310340881347656
69657,0.672355055809021
24050,0.5091657638549805
78438,0.4628317356109619
67713,0.3861598074436188
77411,0.3269444704055786
77432,0.3086284101009369
11782,0.3021576702594757
92361,0.26801449060440063
