Index,Activation Value
21467,0.03581110015511513
8019,0.017818262800574303
9816,0.01407891046255827
32727,0.01378731057047844
43197,0.013665392063558102
8080,0.012328577227890491
27547,0.011112053878605366
38432,0.008231984451413155
45313,0.007166847120970488
54138,0.006103617139160633
