Index,Activation Value
44569,0.5227442979812622
24298,0.45446839928627014
21467,0.44208139181137085
32727,0.43346282839775085
38432,0.424006849527359
8019,0.4217280447483063
27547,0.4107273519039154
8080,0.37696173787117004
36212,0.3718815743923187
41844,0.36245080828666687
