Index,Activation Value
52183,0.02240162342786789
28425,0.019880270585417747
99629,0.01471303403377533
56725,0.010206189006567001
14983,0.007741125766187906
35254,0.007724916562438011
14165,0.006461030803620815
88155,0.005924400873482227
44818,0.005731840617954731
40030,0.005626796744763851
