Index,Activation Value
56725,0.03086209110915661
90842,0.025823097676038742
28425,0.025520391762256622
108688,0.021448098123073578
86756,0.02036622166633606
84018,0.019987069070339203
14983,0.017676839604973793
108542,0.01695462316274643
86538,0.01685839332640171
29450,0.016772380098700523
