Index,Activation Value
33607,0.05111730098724365
53589,0.04175707325339317
44269,0.035633496940135956
28561,0.030400868505239487
57551,0.028440356254577637
23805,0.028237968683242798
36212,0.026377566158771515
51614,0.025565357878804207
7683,0.023942051455378532
28855,0.02341754361987114
