Index,Activation Value
33011,0.026388315483927727
27547,0.023246116936206818
43054,0.015547903254628181
8080,0.014258883893489838
33607,0.013266831636428833
1909,0.01151081919670105
59288,0.010463565587997437
29465,0.009965433739125729
26778,0.008688786998391151
38432,0.008673764765262604
