Index,Activation Value
12344,0.052790820598602295
88571,0.048748861998319626
71879,0.040230948477983475
56725,0.0361788272857666
59998,0.034566424787044525
35254,0.03208276256918907
7334,0.0318305641412735
28425,0.03143004700541496
87758,0.031138518825173378
83828,0.030716046690940857
