Index,Activation Value
36212,0.36194145679473877
53579,0.30362626910209656
25657,0.2975600063800812
36473,0.27741384506225586
8396,0.27293166518211365
4530,0.2675781548023224
1909,0.26470834016799927
38924,0.2503165304660797
38340,0.23259489238262177
26778,0.22989945113658905
