Index,Activation Value
16089,0.015871109440922737
17902,0.015647826716303825
111478,0.015576287172734737
34454,0.013803253881633282
93275,0.012686639092862606
3082,0.011554168537259102
52683,0.010904724709689617
95312,0.010702346451580524
88571,0.009939556941390038
91875,0.009892826899886131
