Index,Activation Value
70349,0.1094781905412674
37498,0.10333136469125748
22092,0.09260015189647675
64204,0.09228669106960297
52426,0.08600123226642609
52683,0.08164191246032715
107558,0.08134990930557251
60763,0.0677846148610115
111478,0.06765131652355194
17902,0.0654115229845047
