Index,Activation Value
27547,0.09743338078260422
38432,0.08445145189762115
26778,0.08366327732801437
8396,0.08203525096178055
43197,0.08155553042888641
29340,0.07889486104249954
36212,0.07572183012962341
56855,0.07505910843610764
9816,0.06737181544303894
31022,0.06381935626268387
