Index,Activation Value
43054,0.21397623419761658
55625,0.14104287326335907
3932,0.1312076598405838
31904,0.1225266233086586
7444,0.1219867467880249
53338,0.11340037733316422
35684,0.11028245836496353
50478,0.1047702506184578
20544,0.09847764670848846
47321,0.09844638407230377
