Index,Activation Value
29340,0.011522996239364147
38247,0.011316925287246704
57551,0.008630195632576942
15397,0.007984739728271961
19868,0.007688665762543678
36625,0.007494158111512661
36944,0.00725745502859354
29465,0.007206572685390711
9816,0.0063063655979931355
31723,0.006179683841764927
