Index,Activation Value
38407,0.09200478345155716
9086,0.011879020370543003
28670,0.0008178979041986167
