Index,Activation Value
73209,0.24315986037254333
111996,0.12844088673591614
56327,0.003814544528722763
