Index,Activation Value
36473,0.3778524398803711
24298,0.23097898066043854
28312,0.21042457222938538
56096,0.2053574025630951
16956,0.1921701580286026
19491,0.18858209252357483
14196,0.1791793256998062
37379,0.17769330739974976
49406,0.1662074625492096
8349,0.16478924453258514
