Index,Activation Value
15751,0.08359301090240479
104537,0.0749666765332222
16807,0.07100705057382584
46930,0.0629802718758583
40355,0.06172109395265579
31199,0.057286422699689865
96065,0.05505096912384033
22092,0.05437793955206871
96125,0.0530925951898098
78437,0.05234465375542641
