Index,Activation Value
56725,0.11878659576177597
110712,0.11235880106687546
102181,0.09407490491867065
86538,0.08922716975212097
89903,0.08017037063837051
13090,0.07910887151956558
105112,0.07508906722068787
27789,0.07114506512880325
88295,0.06754568219184875
33659,0.06699134409427643
