Index,Activation Value
12,0.1408700793981552
14326,0.12448865920305252
7351,0.09961089491844177
107558,0.09598495811223984
74354,0.09339071810245514
19627,0.08854615688323975
7334,0.0854303315281868
110712,0.07971637696027756
79383,0.0760619044303894
12344,0.07464341819286346
