Index,Activation Value
41843,0.05469430983066559
49135,0.05211860314011574
38127,0.043303005397319794
47976,0.04259056970477104
2800,0.038227055221796036
25802,0.03425279259681702
44208,0.033862706273794174
50387,0.031761474907398224
10054,0.0317237563431263
52209,0.031591348350048065
