Index,Activation Value
24298,0.08742447942495346
8019,0.08572006225585938
20435,0.07300888746976852
566,0.07228251546621323
54138,0.07040402293205261
44743,0.06828581541776657
9816,0.06615585833787918
58458,0.06297597289085388
32704,0.06140591949224472
18000,0.06063540279865265
