Index,Activation Value
70349,0.14899387955665588
17902,0.11098548024892807
44818,0.10794911533594131
107925,0.10274991393089294
12,0.09142616391181946
25887,0.08032098412513733
14165,0.07997056096792221
111011,0.07828004658222198
108688,0.07691583782434464
74746,0.06981874257326126
