Index,Activation Value
24875,0.5055148601531982
38658,0.3408817648887634
