Index,Activation Value
19868,0.015867168083786964
10570,0.01065827812999487
45682,0.007321284618228674
18311,0.001918185967952013
3689,0.0016946087125688791
