Index,Activation Value
38924,0.008956304751336575
21467,0.008416670374572277
36212,0.007967011071741581
53579,0.0066617135889828205
56855,0.0062688556499779224
26778,0.006129632703959942
29340,0.0058068931102752686
8396,0.004670333582907915
38432,0.00448710797354579
8080,0.003796216333284974
