Index,Activation Value
31308,0.7219749689102173
44491,0.5485153198242188
59518,0.37315070629119873
28242,0.3171204924583435
18707,0.3166658580303192
41694,0.2869742214679718
28414,0.2294320911169052
54947,0.21137166023254395
39467,0.206492617726326
43064,0.17422667145729065
