Index,Activation Value
108688,0.10009738057851791
38228,0.09496989101171494
111011,0.09152238070964813
52183,0.08131437003612518
7106,0.08015691488981247
59998,0.06971533596515656
14326,0.06852852553129196
19530,0.06423056870698929
83828,0.06385103613138199
12,0.061755627393722534
