Index,Activation Value
38924,0.007409995421767235
21467,0.007363904267549515
53579,0.0065440163016319275
24298,0.004451880231499672
54138,0.001964239403605461
58249,0.0015848728362470865
36473,0.0008434493211098015
