Index,Activation Value
36212,0.48653531074523926
56855,0.4663289189338684
8396,0.45398518443107605
29340,0.3547027111053467
32727,0.30488353967666626
27547,0.3048264682292938
25657,0.272433876991272
38432,0.26809412240982056
4530,0.2595316171646118
24298,0.2574963867664337
