Index,Activation Value
80813,0.011923427693545818
4738,0.01171533577144146
76906,0.008413509465754032
52426,0.007372827269136906
15751,0.005687130149453878
12,0.004882005974650383
100195,0.003969001583755016
87758,0.00395438726991415
111665,0.003286335151642561
90842,0.0026790527626872063
