Index,Activation Value
11257,0.03764072805643082
18000,0.01567620411515236
23444,0.011069481261074543
41843,0.011018600314855576
17939,0.008741114288568497
19491,0.007351571694016457
8349,0.007206557784229517
56554,0.007061533629894257
16956,0.006173246540129185
37379,0.006127017084509134
