Index,Activation Value
88571,0.0042343284003436565
72094,0.0013074855087324977
59998,0.0008984660962596536
107558,0.0007601245888508856
52426,0.000471935753012076
