Index,Activation Value
38924,0.24141806364059448
1909,0.2023593932390213
53579,0.20032469928264618
33011,0.1995602548122406
26778,0.17633582651615143
8080,0.17465941607952118
21467,0.1672826111316681
58249,0.1410788893699646
38340,0.1326805055141449
13743,0.1280757337808609
