Index,Activation Value
14674,0.5718902349472046
24235,0.29071173071861267
95788,0.2744612395763397
68712,0.16656337678432465
88881,0.04462861269712448
104557,0.017103098332881927
