Index,Activation Value
43054,0.05067966878414154
7145,0.046422991901636124
773,0.039692942053079605
31723,0.037997983396053314
16549,0.03792128711938858
24409,0.036524925380945206
9049,0.03608890622854233
36875,0.03459382429718971
14960,0.02888733334839344
56032,0.027675047516822815
