Index,Activation Value
11923,0.47150135040283203
12138,0.10703495889902115
