Index,Activation Value
10382,0.36655592918395996
7389,0.07775665819644928
16704,0.026737472042441368
