Index,Activation Value
52826,2.4908487796783447
89624,2.024519443511963
71843,2.020768880844116
110643,2.006753444671631
65019,1.8011019229888916
76663,1.7166945934295654
66483,1.6979061365127563
26233,1.3888243436813354
72893,1.3840504884719849
31919,1.38193678855896
