Index,Activation Value
36173,0.021388329565525055
102181,0.015454744920134544
38274,0.01420337799936533
12589,0.01267431303858757
19627,0.01214341726154089
107925,0.011085927486419678
88571,0.010768888518214226
72094,0.00980049092322588
90842,0.009697374887764454
56725,0.00969589315354824
