Index,Activation Value
43054,0.2418121099472046
36473,0.18640285730361938
24298,0.17671909928321838
4930,0.1166151612997055
32881,0.11530757695436478
2354,0.1115783154964447
5319,0.10247211158275604
23665,0.10124630481004715
39547,0.09356529265642166
8019,0.09065033495426178
