Index,Activation Value
54927,0.01827552169561386
59868,0.01460194494575262
2800,0.014445017091929913
38371,0.012889024801552296
45682,0.010986749082803726
56273,0.0106344074010849
58065,0.008337357081472874
22737,0.008293609134852886
3689,0.008006543852388859
41843,0.007609077729284763
