Index,Activation Value
55765,0.3559398949146271
18444,0.03489197790622711
35699,0.030091961845755577
