Index,Activation Value
88,0.016813810914754868
44387,0.016647610813379288
9969,0.012709928676486015
15748,0.012109274044632912
4135,0.010297689586877823
31904,0.008899373933672905
57854,0.007209077477455139
28688,0.006314544007182121
54405,0.005147999618202448
30453,0.005135251674801111
