Index,Activation Value
9049,0.1226319819688797
44208,0.11903434991836548
43054,0.10628955811262131
46600,0.1011534035205841
15111,0.09838675707578659
7145,0.09422098845243454
9516,0.0937606543302536
2800,0.0910971388220787
13005,0.09058361500501633
53314,0.08982954174280167
