Index,Activation Value
62870,0.9471322298049927
77586,0.6941138505935669
27490,0.464547723531723
14991,0.3848700523376465
95732,0.31102877855300903
1248,0.09482348710298538
29719,0.05457865819334984
73832,0.023359429091215134
