Index,Activation Value
27438,0.0033878434915095568
33336,0.0011243351036682725
29450,0.0006238960195332766
