Index,Activation Value
56855,0.0012105554342269897
8396,0.0002664503699634224
