Index,Activation Value
51614,0.18453852832317352
44269,0.12108456343412399
43178,0.1175461858510971
38127,0.10773596167564392
58198,0.10753239691257477
50011,0.09720596671104431
29960,0.09082037955522537
30430,0.09070543199777603
33607,0.0906369686126709
34136,0.08422546833753586
