Index,Activation Value
45313,0.14135684072971344
773,0.12911370396614075
29340,0.1221335232257843
26778,0.12130606919527054
38924,0.11561671644449234
32727,0.10302816331386566
13743,0.10117900371551514
53579,0.09949467331171036
38340,0.07334481924772263
31022,0.07286932319402695
