Index,Activation Value
10570,0.13000015914440155
8349,0.11503265798091888
11257,0.11272077262401581
17428,0.08051399141550064
19701,0.07677867263555527
41410,0.06487724184989929
54227,0.06399126350879669
52382,0.06325995922088623
13411,0.05704215541481972
52310,0.05658535286784172
