Index,Activation Value
31904,0.13623856008052826
27840,0.10127104073762894
14147,0.10107553750276566
32604,0.0980391576886177
22362,0.08884366601705551
24702,0.08822271972894669
57496,0.08737196028232574
49271,0.08628366887569427
27683,0.0790904089808464
36103,0.07892291992902756
