Index,Activation Value
36173,0.42284756898880005
85294,0.24998192489147186
19795,0.20886652171611786
