Index,Activation Value
38924,0.31350818276405334
36212,0.251626193523407
19868,0.23615482449531555
58249,0.21551008522510529
53579,0.20722556114196777
33011,0.20601163804531097
29340,0.20137591660022736
26778,0.1835382580757141
21467,0.16783566772937775
51769,0.16598065197467804
