Index,Activation Value
53579,0.1342678666114807
38924,0.12345040589570999
58249,0.10502813011407852
26778,0.09658277779817581
8080,0.07134870439767838
33011,0.07049863040447235
18000,0.06987147033214569
1909,0.069734588265419
24298,0.06390172243118286
59288,0.06346037983894348
