Index,Activation Value
59288,0.004407004453241825
40678,0.0033398650120943785
31022,0.000630738097243011
