Index,Activation Value
20183,0.7250124216079712
92665,0.6497495770454407
7762,0.4158599078655243
32465,0.20992742478847504
72127,0.18590886890888214
17931,0.1284530758857727
109869,0.0573544017970562
