Index,Activation Value
33011,0.0023748655803501606
36212,0.0013262868160381913
