Index,Activation Value
96758,0.022570418193936348
12589,0.018719825893640518
108688,0.017725644633173943
12344,0.015804395079612732
55426,0.012616267427802086
4825,0.007495006546378136
16089,0.00619033258408308
54896,0.005870944354683161
42812,0.005407974123954773
62662,0.00535881333053112
