Index,Activation Value
21467,0.07299572974443436
38924,0.05425873398780823
8080,0.0457296222448349
33011,0.040876712650060654
53579,0.03996248170733452
26778,0.036699458956718445
44569,0.03632611781358719
38432,0.03225395455956459
8396,0.02949824556708336
58249,0.02933645434677601
