Index,Activation Value
36212,0.04654121771454811
8396,0.04455281421542168
56855,0.042238544672727585
55023,0.0345585010945797
25657,0.0313984714448452
50256,0.024201784282922745
4530,0.02415265329182148
17728,0.022433307021856308
43115,0.020171532407402992
49406,0.020001603290438652
