Index,Activation Value
19627,0.06443580240011215
90842,0.05572431534528732
110712,0.05211321637034416
35055,0.04909440129995346
9293,0.04125422239303589
2279,0.040080759674310684
72094,0.03834771364927292
93685,0.03629937022924423
15037,0.03158276155591011
98149,0.030472194775938988
