Index,Activation Value
33011,0.003701400477439165
36212,0.003289160318672657
27547,0.0029697921127080917
26778,0.0029026377014815807
53579,0.002559753367677331
8396,0.0016254058573395014
29340,0.0007963040843605995
56855,0.0002563881571404636
