Index,Activation Value
110631,0.7727323770523071
18707,0.7674986720085144
46874,0.6904461979866028
52415,0.6006291508674622
84883,0.5156069397926331
47664,0.4654220938682556
57261,0.46198341250419617
85304,0.42199069261550903
35530,0.3844882845878601
44931,0.3840276300907135
