Index,Activation Value
44569,0.3132662773132324
13743,0.28628453612327576
38340,0.2832677960395813
24298,0.2749852240085602
38432,0.26081427931785583
21467,0.25871843099594116
27547,0.256030797958374
53579,0.23823940753936768
38924,0.2311089187860489
30430,0.23009008169174194
