Index,Activation Value
33336,0.03495657816529274
27438,0.02571798302233219
111011,0.02493780292570591
12344,0.023371951654553413
93685,0.022528983652591705
100136,0.02167084440588951
95769,0.02077423222362995
36173,0.020764824002981186
16107,0.02017461322247982
16959,0.019746901467442513
