Index,Activation Value
56725,0.12872835993766785
33336,0.12739333510398865
70349,0.1252027302980423
37498,0.11533030867576599
13090,0.11056403070688248
25849,0.08781213313341141
35254,0.08135862648487091
111478,0.08118336647748947
36173,0.08044727146625519
95312,0.07218649238348007
