Index,Activation Value
53579,0.13476009666919708
27547,0.11925601959228516
24298,0.1145927682518959
8080,0.1131691187620163
18000,0.11211786419153214
8019,0.10652001202106476
32727,0.10356547683477402
36473,0.1018267422914505
42887,0.0971330851316452
54138,0.091517373919487
