Index,Activation Value
21019,0.11303765326738358
48346,0.08865799754858017
5556,0.0801645815372467
47009,0.076835498213768
19868,0.075726717710495
53589,0.07399798929691315
4191,0.07398564368486404
36598,0.0686495304107666
55867,0.06321147084236145
57551,0.06319264322519302
