Index,Activation Value
90842,0.021780245006084442
92077,0.012889458797872066
19627,0.009298546239733696
87758,0.008229058235883713
72094,0.007846699096262455
107925,0.006459122058004141
83828,0.005959551781415939
104537,0.005635890178382397
16959,0.005629439372569323
70776,0.004970882553607225
