Index,Activation Value
39310,0.5442399382591248
78437,0.4163018465042114
41326,0.32835620641708374
109432,0.2835035026073456
25985,0.20479372143745422
90106,0.1776525378227234
49583,0.1696186512708664
19800,0.07227877527475357
8143,0.03459656983613968
