Index,Activation Value
33336,0.021213073283433914
73855,0.0022185605484992266
95769,0.0011620915029197931
24235,0.0004361806495580822
