Index,Activation Value
29340,0.09029950201511383
56554,0.023914052173495293
56855,0.021453218534588814
55625,0.019698387011885643
24565,0.01892949640750885
38371,0.018629861995577812
13473,0.015882069244980812
7125,0.015121935866773129
58249,0.014603149145841599
43054,0.013684420846402645
