Index,Activation Value
55040,1.7280622720718384
101145,1.0319595336914062
15751,0.8449336886405945
30064,0.823280930519104
109813,0.7845825552940369
56725,0.7539007663726807
40355,0.6960434913635254
70349,0.6331519484519958
91619,0.49776774644851685
77112,0.4429176151752472
