Index,Activation Value
18000,0.04052361845970154
38924,0.03973904252052307
26778,0.03915426880121231
13179,0.03843764215707779
58249,0.035555869340896606
773,0.03502451628446579
59288,0.026552679017186165
33011,0.022820645943284035
57163,0.02086593583226204
58963,0.014934387989342213
