Index,Activation Value
21467,0.00422307476401329
53579,0.0005186161142773926
