Index,Activation Value
38247,0.023063119500875473
773,0.018490856513381004
21467,0.009458881802856922
32727,0.00923703983426094
39837,0.005898320581763983
8080,0.005679602734744549
40862,0.004685608670115471
14960,0.004504811950027943
45858,0.004385122563689947
44964,0.004065974149852991
