Index,Activation Value
30829,1.1648728847503662
106704,1.1473674774169922
107510,0.8584304451942444
25527,0.8196823596954346
95901,0.7500411868095398
110356,0.60016930103302
8326,0.5570465326309204
85102,0.4889482259750366
90979,0.46837103366851807
50044,0.4596269726753235
