Index,Activation Value
23665,0.024197692051529884
4930,0.02193031832575798
38247,0.020175160840153694
2354,0.019974498078227043
34091,0.019638994708657265
21019,0.019170764833688736
43054,0.018281536176800728
25538,0.016479287296533585
3689,0.016359591856598854
48346,0.015553531236946583
