Index,Activation Value
64204,0.007230942603200674
95769,0.004792284686118364
82590,0.004130926914513111
8826,0.0037195056211203337
36421,0.0030047125183045864
55105,0.0022949627600610256
75996,0.0020713452249765396
77289,0.0010649909963831306
48699,0.00043943943455815315
6200,0.00016765714099165052
