Index,Activation Value
42887,0.004815489053726196
44569,0.004725512582808733
24298,0.004331853240728378
8019,0.0037743891589343548
36473,0.003654641332104802
53579,0.0035542678087949753
33011,0.0034945064689964056
1909,0.003285347018390894
38924,0.003277054987847805
1859,0.0029555431101471186
