Index,Activation Value
36212,0.03780369088053703
29340,0.03283965587615967
8396,0.028878401964902878
25657,0.02623714692890644
24298,0.02431885153055191
56855,0.022385988384485245
4530,0.02140282653272152
20435,0.02023334614932537
55023,0.017132142558693886
4817,0.01705414243042469
