Index,Activation Value
60631,0.13021554052829742
13090,0.10514749586582184
99629,0.10296616703271866
51766,0.10182677954435349
111011,0.09627224504947662
52183,0.09370123594999313
97407,0.09283283352851868
56725,0.0887891948223114
87491,0.08767347037792206
36173,0.08599624037742615
