Index,Activation Value
10651,1.2218788862228394
33025,0.7641117572784424
45373,0.6532802581787109
5231,0.6348897814750671
4018,0.6216117143630981
52387,0.5508853197097778
25756,0.5377426147460938
13829,0.37119320034980774
17198,0.23283657431602478
44241,0.20733606815338135
