Index,Activation Value
24298,0.6213483810424805
36473,0.6171935796737671
44569,0.6097478270530701
38924,0.5921556949615479
53579,0.5912309288978577
21467,0.5734288692474365
1909,0.5551381707191467
26778,0.4878300428390503
8080,0.4696165919303894
33011,0.46150097250938416
