Index,Activation Value
1909,0.19836658239364624
38247,0.19477032124996185
56554,0.1869135946035385
58249,0.1857580840587616
11450,0.16628128290176392
38924,0.15822848677635193
55625,0.13916119933128357
218,0.1342867761850357
25800,0.1298413872718811
39812,0.12212806195020676
