Index,Activation Value
42192,0.08263315260410309
35831,0.07098563760519028
2915,0.0668082907795906
16107,0.06632310897111893
4809,0.06368403881788254
31581,0.06095033884048462
59080,0.060724593698978424
64475,0.05655035749077797
27191,0.0546463280916214
36533,0.05127497762441635
