Index,Activation Value
59288,0.04031139984726906
56554,0.027220971882343292
56481,0.02208666503429413
31684,0.019702773541212082
56273,0.019436504691839218
218,0.018100298941135406
31056,0.01786056160926819
37899,0.01741264946758747
19701,0.017358025535941124
54138,0.01699144020676613
