Index,Activation Value
13090,0.22400279343128204
60631,0.2160269320011139
92077,0.19629795849323273
104537,0.1829701066017151
52183,0.15288981795310974
7334,0.1458347737789154
28910,0.144231915473938
12,0.12725919485092163
33336,0.1240898072719574
72094,0.11701000481843948
