Index,Activation Value
29651,0.7134984731674194
3916,0.5079630017280579
20559,0.2889609932899475
56726,0.21630911529064178
40134,0.17526203393936157
13618,0.15650562942028046
40320,0.14596596360206604
38906,0.12519103288650513
58939,0.10177749395370483
18735,0.07163586467504501
