Index,Activation Value
104537,0.03373464196920395
88571,0.031218092888593674
36173,0.02051759697496891
29450,0.017056716606020927
17902,0.016943927854299545
96758,0.01561250165104866
39257,0.01556327473372221
65958,0.014917859807610512
61123,0.01447511836886406
107925,0.014228657819330692
