Index,Activation Value
39547,0.007211710326373577
2354,0.006515825632959604
21019,0.0040074302814900875
14465,0.0036384814884513617
21467,0.0035256720148026943
773,0.0022691201884299517
3689,0.0022353259846568108
17366,0.0021805930882692337
44208,0.001999165629968047
26559,0.0018342796247452497
