Index,Activation Value
7334,0.0033921943977475166
92077,0.001891029067337513
11313,0.0012230209540575743
7351,0.0007844502106308937
12589,0.00022674817591905594
27438,1.9478757167235017e-05
