Index,Activation Value
13090,0.005286174360662699
12344,0.0037474508862942457
36173,0.003449880052357912
28425,0.0029899899382144213
33336,0.0021696705371141434
88571,0.0020195632241666317
96758,0.0016245486913248897
27438,0.0007827806985005736
7351,0.00015758851077407598
37498,0.00010915715392911807
