Index,Activation Value
5476,0.00697486475110054
2354,0.00647242646664381
579,0.0022692435886710882
