Index,Activation Value
24298,0.00785753969103098
44569,0.005243928171694279
32727,0.0027502193115651608
21467,0.0023890656884759665
45313,0.0021724116522818804
8019,0.0020915258210152388
38432,0.002070399932563305
36473,0.0013339505530893803
58249,0.0006143290083855391
27547,0.0003199958009645343
