Index,Activation Value
48137,0.033756986260414124
39450,0.03127828985452652
34397,0.029022322967648506
42296,0.023773180320858955
6190,0.02375057153403759
42784,0.021321652457118034
26937,0.01944071799516678
31723,0.018709653988480568
49213,0.018027998507022858
5300,0.017447946593165398
