Index,Activation Value
16261,0.018176529556512833
47009,0.01698782481253147
12474,0.015743525698781013
42784,0.015426619909703732
48137,0.015352288261055946
39450,0.015310064889490604
25605,0.014800791628658772
17169,0.014499309472739697
2059,0.013752620667219162
57092,0.012422590516507626
