Index,Activation Value
1838,0.11617119610309601
4930,0.1094423457980156
38127,0.10652792453765869
23665,0.10107403993606567
14721,0.08542093634605408
10317,0.0835498496890068
56481,0.08207802474498749
32881,0.07104678452014923
17134,0.0702940821647644
218,0.06722146272659302
