Index,Activation Value
27438,0.014085356146097183
107558,0.012623229995369911
111011,0.012217453680932522
88295,0.011429617181420326
52426,0.010316669940948486
33336,0.008191162720322609
110091,0.006202873308211565
16107,0.005928301252424717
24604,0.0036385594867169857
592,0.003094832180067897
