Index,Activation Value
28910,0.010211322456598282
107551,0.007643717806786299
852,0.006999214179813862
36173,0.00650044484063983
33336,0.006484979763627052
592,0.006281109992414713
64204,0.0060368310660123825
111011,0.0060086725279688835
8774,0.005897851660847664
103991,0.005867058876901865
