Index,Activation Value
21467,0.2780088186264038
49406,0.1951741725206375
33011,0.17340461909770966
38924,0.1653277426958084
37903,0.15644028782844543
56032,0.15323808789253235
28312,0.14982032775878906
44743,0.14632155001163483
56545,0.14445438981056213
12929,0.13759633898735046
