Index,Activation Value
50340,0.9659171104431152
34276,0.703583836555481
35168,0.4878559708595276
36088,0.46241164207458496
45413,0.3770259618759155
54126,0.3529241681098938
30458,0.22881276905536652
30513,0.22305800020694733
15158,0.20752330124378204
37563,0.19042743742465973
