Index,Activation Value
62757,0.08737333863973618
35254,0.06832059472799301
66575,0.04226834699511528
98149,0.0418168380856514
95769,0.041762735694646835
12589,0.03656361997127533
52826,0.03504158928990364
50022,0.033111322671175
36398,0.03066219575703144
22202,0.030474180355668068
