Index,Activation Value
53098,0.23702402412891388
46865,0.23467539250850677
100919,0.20330968499183655
