Index,Activation Value
27547,0.007569633424282074
38432,0.006388726178556681
21467,0.0031899046152830124
