Index,Activation Value
29340,0.25648990273475647
56855,0.1373082548379898
19868,0.11436933279037476
8396,0.09167686849832535
36212,0.08708450943231583
27683,0.06867938488721848
7444,0.06647807359695435
24778,0.0663599967956543
14433,0.062190353870391846
25802,0.06178363412618637
