Index,Activation Value
2800,0.0828854963183403
30845,0.07381900399923325
24409,0.0647474080324173
56147,0.06259240955114365
28561,0.05993843823671341
36875,0.05622551962733269
36813,0.05410686880350113
39837,0.054078731685876846
773,0.05133757367730141
28987,0.05063817277550697
