Index,Activation Value
23367,0.4137883484363556
9644,0.2542746663093567
79348,0.2172204554080963
85413,0.06437087059020996
