Index,Activation Value
16549,0.0447518415749073
56855,0.0273197703063488
8396,0.0193015169352293
31022,0.019153423607349396
55023,0.018034275621175766
29475,0.017608342692255974
7054,0.016490653157234192
36875,0.0158090703189373
49406,0.015643615275621414
56095,0.013903387822210789
