Index,Activation Value
22227,0.05146748945116997
56725,0.046643029898405075
52683,0.044127799570560455
93969,0.043003473430871964
107995,0.04282091557979584
60631,0.034281305968761444
52183,0.03210670128464699
57225,0.03207838907837868
27818,0.03123623877763748
90208,0.030379734933376312
