Index,Activation Value
27438,0.026420384645462036
111011,0.025758270174264908
83828,0.009215813130140305
107995,0.008132334798574448
52683,0.0071878875605762005
50439,0.007017513271421194
592,0.005601019132882357
33336,0.00517615769058466
73306,0.004341795574873686
96758,0.00359384180046618
