Index,Activation Value
21467,0.019708583131432533
36212,0.014005407691001892
8080,0.011510327458381653
38924,0.010740650817751884
8396,0.010600976645946503
56855,0.010567426681518555
38432,0.010172653943300247
53579,0.00935262069106102
26778,0.00862950924783945
38340,0.005570039618760347
