Index,Activation Value
5258,1.745090126991272
24702,1.3612762689590454
42106,1.359270453453064
45674,1.1779429912567139
3411,1.1701749563217163
45654,0.9967942237854004
41583,0.9617186784744263
32177,0.9495843648910522
56946,0.9142894148826599
11176,0.9135215282440186
