Index,Activation Value
16549,0.002092099981382489
29465,0.0007283927989192307
