Index,Activation Value
27547,0.028740696609020233
36212,0.027498876675963402
53579,0.026814168319106102
29340,0.02380247786641121
21467,0.023190276697278023
8396,0.019724491983652115
58249,0.015555454418063164
56855,0.015435058623552322
9816,0.014766291715204716
38924,0.011984901502728462
