Index,Activation Value
44208,0.00456670206040144
56855,0.0021673992741853
53589,0.00195879815146327
52440,0.0017064117128029466
8396,0.0010783110046759248
19701,0.0007386684883385897
51614,7.915082096587867e-05
25657,1.6161345683940453e-06
