Index,Activation Value
39952,0.5142088532447815
17482,0.15451253950595856
