Index,Activation Value
62662,0.1108788251876831
21549,0.1013258695602417
92077,0.09944825619459152
6156,0.09835391491651535
12344,0.09822891652584076
97336,0.09686487913131714
108542,0.0880657285451889
14983,0.07829392701387405
59080,0.07783983647823334
63170,0.07651495188474655
