Index,Activation Value
10183,0.0045481836423277855
4107,0.0008804987883195281
