Index,Activation Value
29475,0.10483994334936142
42649,0.0828966423869133
10226,0.07890579104423523
28312,0.07859446108341217
21196,0.07489105314016342
26747,0.07440391182899475
25800,0.0722135528922081
10685,0.06880716234445572
41246,0.06855562329292297
17950,0.0669562965631485
