Index,Activation Value
38127,0.12415863573551178
43115,0.09521687775850296
25657,0.09410830587148666
36212,0.0853416696190834
47257,0.08084187656641006
36944,0.07132706791162491
36625,0.07022858411073685
14826,0.06582993268966675
52440,0.06578578054904938
21565,0.06545695662498474
