Index,Activation Value
42267,0.7811035513877869
11069,0.4474484324455261
27855,0.2833416163921356
