Index,Activation Value
53579,0.028979424387216568
44569,0.028349697589874268
7145,0.02667391486465931
8080,0.025420764461159706
1909,0.024874482303857803
27547,0.023903539404273033
38924,0.023223860189318657
58249,0.022761905565857887
8019,0.018694167956709862
13743,0.018291117623448372
