Index,Activation Value
36473,0.04192204400897026
1909,0.019917989149689674
7783,0.014262120239436626
58458,0.013249712996184826
32254,0.011406906880438328
32704,0.010696204379200935
49406,0.010057725943624973
331,0.009912152774631977
16261,0.008313638158142567
12474,0.007689252961426973
