Index,Activation Value
11257,0.0236059483140707
38127,0.020980432629585266
3689,0.014899530448019505
47247,0.012945093214511871
7444,0.012926199473440647
11450,0.011418315581977367
21019,0.01055003609508276
31723,0.009742416441440582
10085,0.00877976045012474
31056,0.008697756566107273
