Index,Activation Value
70349,0.007683284115046263
76906,0.0009958954760804772
