Index,Activation Value
33336,0.17629483342170715
60631,0.16657696664333344
96758,0.14648480713367462
72094,0.11769483238458633
7334,0.11556216329336166
12344,0.10834669321775436
70349,0.10713855922222137
52683,0.10329867899417877
13090,0.1001090407371521
27438,0.09870781749486923
