Index,Activation Value
93490,0.7626068592071533
76226,0.1959323137998581
