Index,Activation Value
16152,0.054273709654808044
18918,0.013969441875815392
50995,0.00045708470861427486
