Index,Activation Value
21467,0.17375144362449646
53579,0.14988036453723907
18000,0.0966901108622551
1909,0.09547755867242813
58249,0.09343256801366806
44569,0.09310682862997055
38924,0.08190006017684937
8080,0.08183736354112625
38432,0.07771960645914078
27547,0.07452571392059326
