Index,Activation Value
38924,0.06284451484680176
53579,0.058712929487228394
58249,0.04841390252113342
26778,0.04531317576766014
29340,0.04156707972288132
27547,0.03734884783625603
24298,0.03610483184456825
36212,0.03558079153299332
21467,0.0353446789085865
56855,0.03303378075361252
