Index,Activation Value
89243,0.010432363487780094
73464,0.009409335441887379
42493,0.0091899074614048
28425,0.008340517058968544
96758,0.008284170180559158
56266,0.00793322641402483
21437,0.007300541270524263
76908,0.006384931039065123
81123,0.006005610805004835
109813,0.005144476890563965
