Index,Activation Value
43054,0.015954840928316116
21467,0.01334910187870264
39547,0.011560339480638504
53589,0.010478205047547817
27547,0.010337086394429207
35684,0.010228113271296024
19868,0.009524035267531872
47264,0.009401611983776093
53579,0.008453242480754852
21565,0.008406736887991428
