Index,Activation Value
71879,0.10971350967884064
55779,0.0996260792016983
24919,0.08548123389482498
16807,0.08277802914381027
29450,0.0796840712428093
95769,0.07774633914232254
53502,0.06577225029468536
3082,0.06529221683740616
111665,0.06340160220861435
44818,0.05680064111948013
