Index,Activation Value
53579,0.5359706282615662
38924,0.4577791392803192
26778,0.4251495599746704
58249,0.3744625747203827
33011,0.3616088926792145
43054,0.33084800839424133
8080,0.26509252190589905
18000,0.25141584873199463
26559,0.25129246711730957
1909,0.2405586838722229
