Index,Activation Value
82475,0.006396839395165443
71932,0.004519611597061157
88295,0.0032830829732120037
66575,0.0029533226042985916
105975,0.0017116025555878878
107925,0.0016774018295109272
53715,0.0011736903106793761
4825,0.0007114737527444959
102708,0.0006835137028247118
31199,0.0006196848698891699
