Index,Activation Value
36212,0.34800466895103455
8396,0.2750193476676941
56855,0.2714117765426636
21467,0.20930108428001404
25657,0.1833030879497528
29340,0.17075993120670319
4530,0.1618427187204361
38340,0.15872372686862946
38127,0.1576136201620102
57551,0.15416499972343445
