Index,Activation Value
38924,0.07994310557842255
53579,0.07681290060281754
21467,0.0750318244099617
26778,0.06410685181617737
58249,0.05669479817152023
8080,0.05592764914035797
33011,0.04357827454805374
38432,0.04341493919491768
27547,0.04213312268257141
36212,0.041852135211229324
