Index,Activation Value
36212,0.030372193083167076
53579,0.02706545777618885
21467,0.026874912902712822
8396,0.018110601231455803
44569,0.01710038259625435
56855,0.01621267758309841
33011,0.014850563369691372
38924,0.014616934582591057
38340,0.010002201423048973
25657,0.009994372725486755
