Index,Activation Value
773,0.01265215128660202
36473,0.01160640548914671
13179,0.006555710453540087
44743,0.006369567010551691
20435,0.0058717261999845505
49406,0.0057248203083872795
7145,0.0033627725206315517
23998,0.003352218307554722
19491,0.0032030357979238033
58249,0.0026636694092303514
