Index,Activation Value
58249,0.18211635947227478
33011,0.16493915021419525
773,0.06165872886776924
38127,0.0576934777200222
13179,0.05262623727321625
38247,0.051044464111328125
43054,0.044454265385866165
14960,0.04336072877049446
39547,0.039812300354242325
36875,0.038065679371356964
