Index,Activation Value
110237,0.19143691658973694
43855,0.11992224305868149
