Index,Activation Value
9049,0.15052394568920135
7145,0.1471920758485794
31723,0.12717139720916748
59924,0.12588165700435638
33607,0.0980730950832367
42773,0.09416963905096054
50144,0.09340169280767441
20635,0.09111644327640533
47247,0.0859953984618187
43178,0.08443871140480042
