Index,Activation Value
57057,1.2973378896713257
112448,1.2030946016311646
24235,1.0179414749145508
99960,0.7044316530227661
9542,0.454270601272583
23540,0.3984472453594208
8422,0.3853355944156647
89477,0.36319980025291443
23042,0.3306478261947632
28203,0.25596141815185547
