Index,Activation Value
69918,1.026151418685913
56654,0.7961284518241882
57543,0.7493851780891418
57581,0.4837980270385742
86631,0.27386677265167236
29339,0.1726180762052536
82683,0.11778043955564499
51231,0.11340361833572388
9473,0.07411506026983261
