Index,Activation Value
12344,0.0038256426341831684
7334,0.0007370678358711302
9293,6.22734660282731e-05
