Index,Activation Value
53579,0.09298702329397202
38924,0.08771417289972305
21467,0.0844765231013298
8080,0.0709458440542221
58249,0.06015714630484581
26778,0.05272521451115608
33011,0.051044024527072906
1909,0.047160204499959946
24298,0.046617910265922546
54138,0.0462767519056797
