Index,Activation Value
58249,0.09118889272212982
38924,0.04787115007638931
4055,0.04556889832019806
38247,0.04474853351712227
13411,0.044060733169317245
15111,0.043075621128082275
47009,0.041922278702259064
44036,0.041534338146448135
17939,0.04091538116335869
39837,0.040762126445770264
