Index,Activation Value
16549,0.03545426204800606
24702,0.024322815239429474
51614,0.01995755173265934
35684,0.017190244048833847
15670,0.015145797282457352
4987,0.014994598925113678
36875,0.014576173387467861
38764,0.011723851785063744
51203,0.011533468961715698
21161,0.01028570905327797
