Index,Activation Value
43115,0.005289361346513033
2800,0.004744544159621
4191,0.004310171585530043
7444,0.004196615424007177
25216,0.004077136982232332
7125,0.0025282057467848063
715,0.001078112400136888
43541,0.0010521890362724662
39207,0.000588274619076401
