Index,Activation Value
4987,0.055191751569509506
14971,0.054785650223493576
15111,0.05476202070713043
13179,0.05343737080693245
24298,0.05229317024350166
47009,0.0516861155629158
36473,0.05160590261220932
21161,0.05092576518654823
35684,0.04652532562613487
47264,0.045602019876241684
