Index,Activation Value
36212,0.05028241127729416
56855,0.04981742799282074
8396,0.045717719942331314
29340,0.03644280880689621
25657,0.02261299639940262
21467,0.02088088169693947
26778,0.019781824201345444
55023,0.019710374996066093
4530,0.018587591126561165
9816,0.017967868596315384
