Index,Activation Value
29465,0.17119243741035461
39547,0.13636431097984314
43197,0.13471423089504242
9816,0.12930987775325775
51614,0.11842373013496399
43178,0.11647684127092361
42887,0.11114083975553513
41843,0.09678389877080917
52382,0.0933789536356926
26174,0.08340099453926086
