Index,Activation Value
65867,0.4123801589012146
90668,0.2170826494693756
10276,0.1441008299589157
