Index,Activation Value
26778,0.008646749891340733
36212,0.00770980678498745
53579,0.007474365644156933
38924,0.006244083400815725
56855,0.006243338342756033
8396,0.005845692940056324
21467,0.004050666466355324
33011,0.00343088386580348
29340,0.0019334966782480478
27547,0.0006951037794351578
