Index,Activation Value
30430,0.026641931384801865
35367,0.023735441267490387
6844,0.022939899936318398
28561,0.02187836542725563
22678,0.016909239813685417
3689,0.016820786520838737
21019,0.01629033498466015
20982,0.01593703404068947
14826,0.015632841736078262
55867,0.014530166052281857
