Index,Activation Value
21467,0.06888947635889053
773,0.03837266191840172
16549,0.03592020273208618
9816,0.02199200727045536
54138,0.021905211731791496
43197,0.018695218488574028
39837,0.015711091458797455
38432,0.014172193594276905
3300,0.012957490980625153
33266,0.01256417017430067
