Index,Activation Value
38924,0.36106643080711365
58249,0.2671758234500885
21467,0.26380687952041626
39547,0.2285989224910736
43054,0.22696195542812347
53579,0.21731987595558167
29340,0.20028091967105865
26937,0.18226498365402222
26778,0.16513316333293915
26559,0.15460403263568878
