Index,Activation Value
96758,0.010701816529035568
33336,0.009715552441775799
97407,0.0041495393961668015
52183,0.0027539576403796673
51766,0.002646644599735737
103824,0.002220457186922431
43807,0.002084812382236123
36533,0.0019023411441594362
53715,0.00187203090172261
71153,0.0016123889945447445
