Index,Activation Value
29340,0.011263868771493435
56855,0.006796687841415405
8396,0.004356967750936747
53582,0.003916554618626833
54138,0.002529106568545103
55023,0.002498848596587777
36212,0.0023254172410815954
36625,0.0015187101671472192
26778,0.0008222298347391188
24565,8.163998427335173e-05
