Index,Activation Value
41844,0.12781848013401031
58963,0.12408331036567688
9351,0.12328039109706879
33011,0.12271157652139664
32727,0.12048863619565964
26778,0.11275791376829147
24298,0.10952340811491013
13743,0.10552371293306351
42773,0.1038985550403595
28855,0.09091205894947052
