Index,Activation Value
33336,0.026245057582855225
64204,0.026138192042708397
60631,0.023809749633073807
48529,0.020711220800876617
13090,0.01634996384382248
88295,0.01331309787929058
51766,0.009762899950146675
35254,0.00934881716966629
37498,0.007638780865818262
95769,0.007189194206148386
