Index,Activation Value
7125,0.05368047207593918
24702,0.039082884788513184
39787,0.03710203990340233
4055,0.03574588894844055
45538,0.030321350321173668
50144,0.026906393468379974
6466,0.025538766756653786
8702,0.025453997775912285
14971,0.02451053448021412
26731,0.024127978831529617
