Index,Activation Value
13090,0.0013442792696878314
56725,0.00013521140499506146
