Index,Activation Value
28910,0.0007612199988216162
52183,0.0004749623767565936
28425,0.0003240441146772355
37498,0.00031668663723394275
70349,0.00026492957840673625
56725,0.00023248991055879742
49456,0.00017127695900853723
52426,0.00016551886801607907
36173,0.00016435633006040007
852,0.00012237070768605918
