Index,Activation Value
21467,0.029476314783096313
53579,0.02818945236504078
38924,0.01685219630599022
58249,0.00958721898496151
27547,0.008013972081243992
38432,0.007417947985231876
29340,0.007380787283182144
8396,0.004920107312500477
26778,0.004553787875920534
56855,0.003766291541978717
