Index,Activation Value
36625,0.0067406706511974335
43054,0.004695382434874773
11478,0.003782139625400305
47264,0.00273326993919909
25227,0.002120227785781026
4055,0.001934821018949151
39787,0.0014410741860046983
31056,0.0013066751416772604
47247,0.001024340046569705
15111,0.0006073536933399737
