Index,Activation Value
6156,0.09307033568620682
7866,0.07458606362342834
7351,0.061721377074718475
54156,0.05968872457742691
22227,0.05854768306016922
11918,0.051814451813697815
30064,0.051393698900938034
102181,0.05123787000775337
76906,0.0480276383459568
868,0.04548383876681328
