Index,Activation Value
36625,0.18962351977825165
14971,0.17752161622047424
6466,0.16386014223098755
4055,0.16200995445251465
39787,0.1597982496023178
36944,0.1596672534942627
15111,0.1575165092945099
31723,0.15555734932422638
21565,0.15477871894836426
24702,0.15381500124931335
