Index,Activation Value
70349,0.12236988544464111
88571,0.08321316540241241
38228,0.07479749619960785
111011,0.07438665628433228
9293,0.0684855580329895
19627,0.0667760819196701
33336,0.06542664766311646
64204,0.06269708275794983
13090,0.06266100704669952
27858,0.06218526139855385
