Index,Activation Value
8080,0.07486582547426224
33011,0.06253018230199814
53579,0.052183814346790314
54138,0.04809781536459923
38924,0.04609645903110504
21467,0.04489517956972122
31723,0.0370296873152256
10570,0.029167022556066513
26778,0.027487512677907944
1909,0.024051154032349586
