Index,Activation Value
18680,0.008168402127921581
103825,0.006754775531589985
61123,0.005812426563352346
104002,0.005259949713945389
14022,0.0048347944393754005
27818,0.004360944963991642
103694,0.0029001187067478895
36533,0.0018562038894742727
66289,0.0017724188510328531
93364,0.0016290131025016308
