Index,Activation Value
9809,0.722267746925354
84058,0.466140478849411
45698,0.39270350337028503
100547,0.21873648464679718
89776,0.16001315414905548
107810,0.1576654314994812
90227,0.13271842896938324
24147,0.10242549329996109
24694,0.05915931612253189
