Index,Activation Value
14022,0.09604230523109436
59998,0.09472145885229111
3082,0.09286461770534515
72094,0.08605436235666275
12344,0.07476779073476791
36411,0.0687490925192833
11918,0.06756894290447235
7351,0.06686042249202728
12,0.06452186405658722
111011,0.061497148126363754
