Index,Activation Value
36473,0.3721242845058441
24298,0.2765924334526062
44569,0.24026070535182953
56545,0.2395658642053604
56032,0.22558829188346863
5476,0.21494925022125244
56007,0.21466131508350372
49406,0.21462661027908325
44743,0.20626375079154968
17428,0.20399430394172668
