Index,Activation Value
24565,0.042360786348581314
53582,0.025778764858841896
50873,0.02099333517253399
44036,0.018442343920469284
29340,0.014656840823590755
21311,0.01465377677232027
13411,0.014564412645995617
15670,0.013949199579656124
3004,0.012977571226656437
16198,0.011821776628494263
