Index,Activation Value
38247,0.03345203772187233
26937,0.031113632023334503
54927,0.020674528554081917
39547,0.020075079053640366
45682,0.017857801169157028
43054,0.015983274206519127
25538,0.014839892275631428
41843,0.014495502226054668
22737,0.013793022371828556
58916,0.00966630969196558
