Index,Activation Value
4055,0.004699808079749346
14971,0.0036321713123470545
36944,0.002501764567568898
