Index,Activation Value
37498,0.009514913894236088
35254,0.006035526283085346
27858,0.0017642024904489517
12942,0.001411778968758881
100195,0.0013186839642003179
42482,0.0009723411640152335
