Index,Activation Value
88295,0.09554075449705124
107558,0.0909511148929596
16107,0.0801922008395195
104537,0.07581796497106552
52847,0.059579070657491684
20663,0.059413567185401917
73802,0.05788706988096237
35913,0.0568326860666275
59998,0.05574437230825424
52854,0.05207640305161476
