Index,Activation Value
106932,0.2855737507343292
91728,0.23250851035118103
32005,0.1862819641828537
15474,0.14585037529468536
