Index,Activation Value
6156,0.10547778010368347
56725,0.09835813194513321
13090,0.09058479219675064
36173,0.08294124901294708
60631,0.08198234438896179
104537,0.07723600417375565
54156,0.07391626387834549
14022,0.06803871691226959
7866,0.0670909732580185
88546,0.06495298445224762
