Index,Activation Value
30430,0.015609483234584332
13743,0.013133600354194641
40678,0.007057583425194025
47257,0.006869331002235413
57551,0.006444839294999838
29465,0.00446723448112607
38432,0.003947918303310871
51614,0.0035780833568423986
43178,0.00264096655882895
43197,0.0025450035464018583
