Index,Activation Value
33011,0.07682893425226212
53579,0.06208198517560959
8396,0.04512536898255348
19701,0.04088154807686806
27547,0.039356522262096405
1909,0.03886444866657257
58249,0.03751107677817345
56855,0.033171750605106354
8080,0.0296646635979414
29340,0.027455942705273628
