Index,Activation Value
102181,0.6719607710838318
99109,0.5885590314865112
63747,0.12486725300550461
109848,0.0697937086224556
