Index,Activation Value
36173,0.2087944895029068
13090,0.1651756912469864
56725,0.11623993515968323
88571,0.11167711764574051
28425,0.1052970215678215
27438,0.0931779071688652
107925,0.07714339345693588
33336,0.0748591348528862
96758,0.07461243867874146
111011,0.07368775457143784
