Index,Activation Value
13090,1.2922860383987427
18471,1.2835285663604736
42828,1.2027695178985596
28910,1.0487130880355835
6335,0.8648930788040161
15751,0.8620332479476929
71655,0.6295251846313477
64368,0.5301274061203003
31199,0.5078604221343994
40030,0.38288208842277527
