Index,Activation Value
91875,0.09508437663316727
56725,0.08605492860078812
92077,0.07870335131883621
27191,0.07325080037117004
104537,0.07265441864728928
1324,0.06683604419231415
34655,0.06592150032520294
13090,0.06001676619052887
87077,0.0586828887462616
46383,0.055149998515844345
