Index,Activation Value
33011,0.020882688462734222
27683,0.006137234158813953
19868,0.0029579992406070232
2800,0.0029042090754956007
43115,0.002889375202357769
53582,0.0023811457213014364
29340,0.0021944036707282066
14826,0.002016636775806546
34961,0.0014955132501199841
52440,0.0007912678993307054
