Index,Activation Value
107995,0.10365784913301468
16107,0.07472769916057587
80813,0.07201433181762695
10580,0.07144936919212341
27818,0.06061524525284767
73802,0.05961460992693901
97156,0.054410070180892944
70512,0.053698137402534485
12589,0.053653817623853683
91551,0.05263984203338623
