Index,Activation Value
38425,0.26268818974494934
88897,0.18657872080802917
85882,0.18082760274410248
110817,0.02410012297332287
