Index,Activation Value
22227,1.7096375226974487
41302,1.2620171308517456
20663,1.1843451261520386
61316,1.1435011625289917
2962,1.0099202394485474
36398,0.9366616606712341
62913,0.5337178111076355
44243,0.3864556849002838
107581,0.38398176431655884
33135,0.3101480305194855
