Index,Activation Value
36212,0.12132427841424942
29340,0.116336889564991
56855,0.10403802990913391
8396,0.0863722413778305
31723,0.035647202283144
35367,0.035182323306798935
15111,0.032177865505218506
50,0.03157467395067215
4530,0.03153880313038826
24565,0.03142658621072769
