Index,Activation Value
90842,0.1180596575140953
107925,0.06271418184041977
30064,0.054983578622341156
63170,0.04868980124592781
88407,0.04637690261006355
79383,0.04202751815319061
12,0.04112570360302925
80233,0.03847978264093399
103825,0.03841811418533325
73908,0.037997838109731674
