Index,Activation Value
14196,0.24586419761180878
56032,0.2341596782207489
44569,0.23309111595153809
21467,0.2219872772693634
56545,0.20748671889305115
56007,0.19510601460933685
19491,0.19380997121334076
49406,0.19306501746177673
20435,0.18354825675487518
579,0.18337757885456085
