Index,Activation Value
102181,0.006833389867097139
13090,5.539892299566418e-05
