Index,Activation Value
42172,0.5838090181350708
33440,0.5427042841911316
32788,0.5196934938430786
47172,0.37169593572616577
39270,0.3391628861427307
54669,0.2903556227684021
11490,0.2056434452533722
38170,0.18606753647327423
13194,0.12745361030101776
30935,0.1250167042016983
