Index,Activation Value
21467,6.146451950073242
38432,5.441399097442627
8080,5.392235279083252
53579,5.009797096252441
1909,4.774815082550049
38924,4.708090305328369
38340,4.67908239364624
44569,4.573450088500977
54138,4.445298671722412
36212,4.3796563148498535
