Index,Activation Value
29340,0.27433279156684875
53582,0.12096807360649109
9049,0.11195868253707886
7145,0.10480950027704239
43541,0.0933607742190361
51163,0.07392781227827072
4191,0.0727878138422966
24565,0.059786342084407806
39812,0.05788044258952141
51351,0.05466106906533241
