Index,Activation Value
4022,0.7726454734802246
12190,0.3814617991447449
67831,0.29586026072502136
68863,0.2427939623594284
62151,0.23598282039165497
60476,0.2269023358821869
85268,0.15795105695724487
69508,0.15625280141830444
80844,0.07175081223249435
49103,0.04614114761352539
