Index,Activation Value
22371,0.15698853135108948
11257,0.1359802484512329
47257,0.12342039495706558
49406,0.12009579688310623
8349,0.10461652278900146
57163,0.09977594763040543
14196,0.09930537641048431
46682,0.0976090356707573
4817,0.09224918484687805
566,0.09178101271390915
