Index,Activation Value
13090,0.026701439172029495
60631,0.014817042276263237
56725,0.01031122263520956
49456,0.006018262356519699
66000,0.0049959211610257626
52183,0.004237846937030554
37498,0.0038249047938734293
105073,0.0035644310992211103
34454,0.002212264807894826
108207,0.0010348731884732842
