Index,Activation Value
25800,0.20462684333324432
9816,0.19573655724525452
53579,0.1847461760044098
44569,0.18294401466846466
27547,0.18082822859287262
8080,0.166152223944664
42887,0.1404128521680832
24298,0.13577650487422943
59868,0.12351996451616287
8019,0.12242566794157028
