Index,Activation Value
53579,0.002769838087260723
21467,0.0012736781500279903
38924,0.0006520988536067307
