Index,Activation Value
24298,0.1311045140028
8080,0.12635092437267303
54138,0.11476360261440277
36473,0.09056288003921509
32727,0.08630232512950897
27547,0.083274245262146
8019,0.08084287494421005
44569,0.07674909383058548
18000,0.06806781142950058
1909,0.06715643405914307
