Index,Activation Value
54223,1.028236985206604
37932,0.3350978493690491
78653,0.3350144922733307
42391,0.32687485218048096
75016,0.3237902522087097
19192,0.18427646160125732
624,0.1508609801530838
8896,0.12290320545434952
28274,0.0393943153321743
111793,0.037954676896333694
