Index,Activation Value
13090,0.1610097885131836
70349,0.1518101841211319
88571,0.15015016496181488
17902,0.13780461251735687
52426,0.1137857735157013
62757,0.07971356809139252
14165,0.07749740034341812
92547,0.07652845233678818
31199,0.07178158313035965
52683,0.0693550780415535
