Index,Activation Value
1909,0.014605904929339886
58249,0.014435319229960442
38924,0.013275071047246456
53579,0.013120018877089024
33011,0.011128493584692478
18000,0.0105837257578969
27547,0.006806247401982546
56554,0.003125423099845648
13179,0.0021351331379264593
59288,0.0003446013724897057
