Index,Activation Value
33011,0.21937406063079834
38924,0.21235200762748718
1909,0.20231817662715912
26778,0.1826598048210144
53579,0.13618673384189606
58249,0.13510112464427948
59288,0.11809757351875305
9049,0.11652782559394836
13179,0.10879310965538025
50478,0.09468085318803787
