Index,Activation Value
56855,0.6151819229125977
29340,0.5719035863876343
8396,0.5382506847381592
36212,0.5287774801254272
55023,0.3664631247520447
25657,0.3639448285102844
38924,0.33168625831604004
19868,0.32059231400489807
53582,0.3164256513118744
21467,0.31568124890327454
