Index,Activation Value
19701,0.006747827399522066
57892,0.00020064314594492316
