Index,Activation Value
16107,0.01699092984199524
52426,0.01246806513518095
71879,0.011607329361140728
104537,0.011593827046453953
24235,0.008391565643250942
62757,0.007042239885777235
64204,0.006972949486225843
86756,0.006950217764824629
75921,0.0061073605902493
59998,0.00609790300950408
