Index,Activation Value
93484,1.119289755821228
54431,0.8241724371910095
28575,0.7954031229019165
23997,0.7174390554428101
26566,0.60107421875
89568,0.6007856130599976
107500,0.5144360065460205
16553,0.4949125051498413
66813,0.49389371275901794
64867,0.42357826232910156
