Index,Activation Value
36212,0.16688412427902222
29340,0.1657620668411255
56855,0.14361827075481415
8396,0.14132514595985413
38924,0.11395864933729172
19868,0.09543567150831223
21467,0.0844232514500618
36944,0.08364196121692657
55023,0.08290798962116241
21565,0.079463891685009
