Index,Activation Value
96758,0.05713260546326637
76906,0.04703928157687187
73855,0.04169736057519913
13090,0.040629930794239044
2279,0.03549867495894432
36173,0.029832303524017334
52183,0.028908027336001396
16959,0.025995224714279175
27438,0.022931160405278206
32638,0.022253891453146935
