Index,Activation Value
24737,1.2151521444320679
8507,0.6489456295967102
36791,0.5741188526153564
13541,0.48097142577171326
5231,0.46966108679771423
72885,0.4311954081058502
68267,0.4274824261665344
108218,0.41398608684539795
96808,0.3567826449871063
44990,0.34283187985420227
