Index,Activation Value
59288,0.015329493209719658
27547,0.01498486753553152
33011,0.012730570510029793
9816,0.012427856214344501
38127,0.011646267026662827
30430,0.00859860423952341
32727,0.008402083069086075
38432,0.007606633007526398
26778,0.0072386544197797775
31022,0.006855173502117395
