Index,Activation Value
103694,0.017598692327737808
28425,0.01557923760265112
73908,0.013323409482836723
97407,0.012977469712495804
14022,0.011689952574670315
56725,0.011230982840061188
6156,0.01102390605956316
79383,0.010563865303993225
76298,0.010544586926698685
22227,0.010517640970647335
