Index,Activation Value
88571,0.042700763791799545
107925,0.022991802543401718
22202,0.02207030914723873
7866,0.021576955914497375
7351,0.021481959149241447
11918,0.019285060465335846
52426,0.01917659118771553
18680,0.017701691016554832
14022,0.017418861389160156
54156,0.015204024501144886
