Index,Activation Value
21565,0.17798294126987457
14971,0.17143799364566803
42887,0.16061969101428986
15111,0.15881383419036865
36625,0.15202024579048157
4055,0.1494976431131363
11478,0.1428270787000656
28312,0.13708309829235077
47264,0.13553008437156677
4987,0.1303083598613739
