Index,Activation Value
45967,1.4628539085388184
109102,1.2965030670166016
28205,1.1686513423919678
14571,1.0956041812896729
62156,1.0379233360290527
98149,0.8894480466842651
7362,0.8859230279922485
108447,0.8372489809989929
96886,0.8085885047912598
38089,0.7470257878303528
