Index,Activation Value
21467,0.018137216567993164
26778,0.017401929944753647
53579,0.011991601437330246
27547,0.007736418396234512
39547,0.006821389775723219
38340,0.006633771117776632
58458,0.006509118247777224
49406,0.006223572418093681
41844,0.006088228430598974
4817,0.005070277024060488
