Index,Activation Value
33011,0.0005945593002252281
56855,0.0004303113673813641
8396,9.569310350343585e-06
