Index,Activation Value
8396,0.0976659283041954
24298,0.08660577237606049
36212,0.08579672127962112
56855,0.08487650752067566
25657,0.0767982080578804
53579,0.07096905261278152
8080,0.06434992700815201
54138,0.06086413934826851
58249,0.0581045001745224
29340,0.05664321780204773
