Index,Activation Value
9816,0.0401882603764534
54927,0.027540266513824463
56505,0.025710446760058403
43197,0.02452266402542591
2800,0.024492301046848297
42887,0.024221140891313553
14196,0.02190019004046917
56545,0.01787017099559307
7125,0.01694723218679428
42419,0.015848994255065918
