Index,Activation Value
38127,0.02866828441619873
8387,0.0010443953797221184
