Index,Activation Value
60631,0.015003181993961334
13090,0.01163225807249546
37498,0.004029023926705122
76906,0.0033355988562107086
83828,0.0026864863466471434
27858,0.0020477636717259884
52183,0.001252851216122508
95312,0.001200166530907154
12589,0.001070906757377088
33336,0.0006094978307373822
