Index,Activation Value
103694,0.10023564100265503
87758,0.09205853939056396
7682,0.08757041394710541
73908,0.08556671440601349
12344,0.07946900278329849
30064,0.07738310843706131
101572,0.07615043222904205
36173,0.0726807564496994
87200,0.07132025808095932
14983,0.06983789801597595
