Index,Activation Value
58249,0.1022738665342331
38924,0.09626471996307373
33011,0.09120351076126099
21467,0.08481064438819885
26778,0.08310960233211517
53579,0.0818125456571579
38127,0.07601422071456909
30430,0.06538824737071991
4530,0.05059639364480972
47257,0.049765802919864655
