Index,Activation Value
28408,0.7053065299987793
20261,0.5847880840301514
26997,0.561408519744873
34234,0.2705360949039459
70460,0.22203660011291504
85478,0.181230366230011
76340,0.11861396580934525
239,0.11003479361534119
38322,0.09295789152383804
65194,0.04373028501868248
