Index,Activation Value
96758,0.10642236471176147
27438,0.08851820975542068
88571,0.07430477440357208
36173,0.06833330541849136
102181,0.0660155713558197
13090,0.06402051448822021
52683,0.05876361206173897
34454,0.054438333958387375
96125,0.05047646909952164
100195,0.04830389469861984
