Index,Activation Value
21467,0.6497513055801392
8396,0.6096986532211304
56855,0.5827281475067139
36212,0.5826012492179871
29340,0.5756283402442932
8080,0.4389706552028656
27547,0.42715272307395935
38924,0.41485148668289185
44569,0.3973912298679352
25657,0.3693961501121521
