Index,Activation Value
53579,0.17247121036052704
38924,0.16469860076904297
26937,0.1286298632621765
18000,0.11836724728345871
59288,0.11815831065177917
41843,0.10593954473733902
42887,0.10479182749986649
38247,0.10172795504331589
218,0.09950970113277435
25538,0.09683409333229065
