Index,Activation Value
28910,0.07897289842367172
54956,0.05829717963933945
49456,0.0556165836751461
65993,0.050644565373659134
98149,0.050314564257860184
4738,0.04831774905323982
107558,0.04568915441632271
70520,0.04427359253168106
71812,0.04203013703227043
16959,0.03642662614583969
