Index,Activation Value
95769,0.010737141594290733
112731,0.0024977969005703926
57225,0.00017085924628190696
