Index,Activation Value
6375,0.8886662125587463
88991,0.844201922416687
13518,0.7949365377426147
6786,0.7612282037734985
50317,0.6862965226173401
52059,0.5832619071006775
92516,0.5751493573188782
110257,0.34973034262657166
33336,0.321005642414093
36536,0.29852306842803955
