Index,Activation Value
30430,0.284765362739563
16549,0.13317641615867615
40678,0.12922750413417816
51614,0.12265867739915848
47264,0.12166780978441238
36875,0.11256770044565201
31022,0.11123461276292801
29465,0.10608188807964325
8302,0.10434272885322571
33414,0.09401597827672958
