Index,Activation Value
44569,0.038971588015556335
8080,0.03486911579966545
53579,0.032169513404369354
24298,0.031204810366034508
54138,0.03040231578052044
8019,0.029032723978161812
27547,0.021181324496865273
1859,0.018617557361721992
58249,0.018374906852841377
26778,0.017159579321742058
