Index,Activation Value
70349,0.003146624192595482
27438,0.001235724426805973
