Index,Activation Value
57965,0.6562519669532776
24592,0.3346620202064514
44735,0.08742216974496841
