Index,Activation Value
33011,0.032903607934713364
13179,0.02217336744070053
26778,0.019517812877893448
1909,0.019479895010590553
38924,0.0177244171500206
44569,0.011260195635259151
53579,0.008931622840464115
38432,0.008343858644366264
59288,0.008330006152391434
18000,0.008175808005034924
