Index,Activation Value
58249,0.30482953786849976
53579,0.1689998060464859
38924,0.15797209739685059
56554,0.15489310026168823
48137,0.14070983231067657
42296,0.12929020822048187
38247,0.1277202069759369
773,0.11577718704938889
39450,0.11528289318084717
34397,0.10886205732822418
