Index,Activation Value
38924,0.15599042177200317
53579,0.14011484384536743
33011,0.13417047262191772
26778,0.12387949228286743
58249,0.12059764564037323
18000,0.08380775153636932
1909,0.07886561006307602
13179,0.0632464736700058
56554,0.05551633983850479
8080,0.05330199748277664
