Index,Activation Value
15574,1.4270498752593994
8119,1.1329128742218018
45391,0.9581445455551147
13794,0.802334725856781
19888,0.7988245487213135
24408,0.7748789191246033
9650,0.6929635405540466
32605,0.6474359631538391
56103,0.6199186444282532
8279,0.6144512295722961
