Index,Activation Value
56855,0.5170297622680664
21467,0.4891777038574219
36212,0.4426446855068207
38432,0.4006464183330536
8396,0.4000421166419983
25657,0.3560384511947632
38340,0.33720633387565613
45313,0.3183969259262085
29340,0.30780330300331116
32727,0.30160027742385864
