Index,Activation Value
27438,0.14537672698497772
111011,0.12620103359222412
852,0.1255369335412979
88571,0.11532294005155563
9293,0.10088890790939331
83828,0.09287294000387192
7106,0.08677438646554947
71932,0.08530110120773315
32638,0.08225318044424057
13090,0.077132947742939
