Index,Activation Value
21467,0.0395202711224556
25657,0.03398154675960541
36212,0.03335478901863098
8019,0.03150971233844757
29340,0.030766863375902176
56855,0.030754778534173965
44569,0.03035973384976387
8080,0.030037421733140945
55023,0.028639329597353935
27547,0.026973653584718704
