Index,Activation Value
107995,0.09059084206819534
9293,0.0676838606595993
50983,0.06224279850721359
26058,0.05929264426231384
109825,0.05708194896578789
16261,0.05516693741083145
103612,0.05504104122519493
7351,0.05437959358096123
852,0.05322031304240227
21175,0.052195947617292404
