Index,Activation Value
108661,1.509992003440857
71049,1.4390524625778198
97342,1.3476682901382446
110266,1.0794093608856201
24636,1.063815712928772
68921,1.0305969715118408
12183,1.011534571647644
38978,0.9993408918380737
7741,0.9259859323501587
34312,0.9121613502502441
