Index,Activation Value
88295,0.0024895777460187674
52683,0.001983997179195285
28910,0.0009134095744229853
