Index,Activation Value
21467,0.0448974072933197
8080,0.036408159881830215
29340,0.03555973619222641
33011,0.03537287563085556
44569,0.03403070941567421
36212,0.03256373479962349
24298,0.031026450917124748
53579,0.030586127191781998
1909,0.029719991609454155
43197,0.025185588747262955
