Index,Activation Value
28910,0.023624395951628685
36173,0.015624563209712505
22227,0.014661853201687336
28425,0.014433457516133785
52854,0.013089542277157307
44123,0.012862465344369411
103438,0.011093256995081902
66000,0.00964215025305748
48529,0.009113587439060211
12064,0.008811742067337036
