Index,Activation Value
54138,0.01779826544225216
44569,0.015866132453083992
24298,0.014788929373025894
8019,0.013229944743216038
8080,0.010783315636217594
1859,0.0069989548064768314
21467,0.003370341844856739
1909,0.0018957102438434958
38924,2.7127931389259174e-05
