Index,Activation Value
88571,0.10321556776762009
70349,0.1030200868844986
49456,0.09345501661300659
28910,0.0855204239487648
56725,0.08439697325229645
39257,0.07454580813646317
17902,0.07138586044311523
83828,0.06793408840894699
7351,0.06435199826955795
59525,0.058106083422899246
