Index,Activation Value
72094,0.11475531756877899
90842,0.09839979559183121
7334,0.08069632202386856
12,0.07934393733739853
19627,0.07028332352638245
98149,0.06285243481397629
95115,0.056763529777526855
54156,0.05584056302905083
7351,0.05477599427103996
47586,0.052532609552145004
