Index,Activation Value
40355,1.2923672199249268
57457,0.19579604268074036
26974,0.14838241040706635
68104,0.05121459439396858
78059,0.0007937705959193408
