Index,Activation Value
13090,0.04398213326931
56725,0.021927716210484505
89243,0.009377209469676018
60631,0.00904041901230812
59998,0.00671000499278307
76908,0.004035198129713535
33336,0.003843794111162424
87200,0.0023349151015281677
52008,0.0017381012439727783
83828,0.0011477841762825847
