Index,Activation Value
24298,0.2976536452770233
9816,0.267795205116272
8019,0.26751038432121277
8080,0.2636707127094269
44569,0.26343709230422974
42887,0.24572914838790894
43197,0.22210098803043365
36473,0.2011847048997879
566,0.18538714945316315
1859,0.1827966272830963
