Index,Activation Value
4825,0.014701226726174355
36173,0.014305572025477886
92077,0.009125697426497936
82590,0.008188702166080475
88295,0.0075858174823224545
29450,0.007465554866939783
100136,0.007199251092970371
48529,0.006461026147007942
38779,0.006285061594098806
2871,0.005932135041803122
