Index,Activation Value
55426,0.09176738560199738
12,0.0813385471701622
72094,0.08005965501070023
88571,0.07865945994853973
62757,0.06931161880493164
67509,0.06895354390144348
87758,0.06631417572498322
17608,0.06526991724967957
63669,0.06061093136668205
29372,0.05404486879706383
