Index,Activation Value
33011,0.055594898760318756
41843,0.038296714425086975
2800,0.03294985368847847
44208,0.027838118374347687
13655,0.024898774921894073
27569,0.020745668560266495
38127,0.019619522616267204
13179,0.01939958520233631
58916,0.019315684214234352
30845,0.01929560862481594
