Index,Activation Value
18112,0.7969896793365479
26075,0.4213082790374756
24162,0.23377597332000732
24953,0.16606320440769196
4752,0.1455448865890503
