Index,Activation Value
36473,0.08492224663496017
59924,0.0608513243496418
7145,0.04557742550969124
24298,0.044302795082330704
18000,0.04416709765791893
9049,0.038599345833063126
31723,0.029086744412779808
31904,0.024730606004595757
39207,0.024340353906154633
27683,0.024234337732195854
