Index,Activation Value
13090,0.12606742978096008
11374,0.09447924792766571
49456,0.08323584496974945
28425,0.07887875288724899
99629,0.07829342037439346
28910,0.07612746208906174
52183,0.07539761811494827
54896,0.0673026368021965
88295,0.06495515257120132
17608,0.06253968924283981
