Index,Activation Value
15111,3.827547550201416
13324,2.946033000946045
14529,2.852823257446289
31056,2.80281925201416
52382,2.714080810546875
50934,2.6988885402679443
40818,2.687549352645874
6366,2.620713472366333
36625,2.5585556030273438
28338,2.5371170043945312
