Index,Activation Value
36625,0.08155028522014618
43054,0.07748284935951233
36944,0.07119595259428024
15111,0.0653371810913086
25227,0.06196422874927521
14971,0.05881195515394211
47264,0.058077048510313034
35473,0.05537557229399681
15598,0.05444195866584778
11478,0.05413104221224785
