Index,Activation Value
29778,0.018129222095012665
58198,0.015314655378460884
50011,0.013562618754804134
4501,0.011219071224331856
13473,0.009990615770220757
29960,0.009646150283515453
32696,0.009240168146789074
21618,0.009030800312757492
44269,0.008922829292714596
1693,0.008851130492985249
