Index,Activation Value
111011,0.09417277574539185
107995,0.08045247197151184
59998,0.07773848623037338
40355,0.07446283847093582
27191,0.06514962762594223
88571,0.06170761585235596
1267,0.052709825336933136
88295,0.051074810326099396
22227,0.04867301881313324
105975,0.048192527145147324
