Index,Activation Value
95769,0.028291642665863037
14022,0.017658235505223274
74331,0.01708120107650757
36533,0.016527453437447548
7334,0.016106976196169853
82590,0.014297395013272762
23276,0.01401534304022789
71153,0.013560228049755096
31778,0.012590317986905575
69238,0.011907207779586315
