Index,Activation Value
55426,0.08889415860176086
36173,0.0763949453830719
88571,0.07624562084674835
75921,0.07343923300504684
85314,0.06532956659793854
25024,0.06182599812746048
1021,0.057561732828617096
16089,0.0572972297668457
85185,0.05728296563029289
5317,0.05721405893564224
