Index,Activation Value
53579,0.05872098356485367
26778,0.053134486079216
38924,0.04822811856865883
29340,0.04521462693810463
36212,0.04333002492785454
21467,0.04325556755065918
58249,0.03653693571686745
8396,0.03499171510338783
33011,0.028962284326553345
44569,0.028928784653544426
