Index,Activation Value
8080,0.03686440363526344
8019,0.03567414730787277
27547,0.03229755535721779
38432,0.028135279193520546
32727,0.026643479242920876
21467,0.025745615363121033
43197,0.02405039593577385
36212,0.019988417625427246
38340,0.019448179751634598
26778,0.01887441612780094
