Index,Activation Value
12,0.0037001532036811113
33336,0.0024508426431566477
