Index,Activation Value
57180,0.09900946915149689
218,0.09105732291936874
51614,0.08867089450359344
30453,0.0849141851067543
55625,0.07817894965410233
47264,0.07747051864862442
24702,0.07628670334815979
53338,0.07518322020769119
33266,0.07486455887556076
39596,0.07453786581754684
