Index,Activation Value
7145,0.027082988992333412
27840,0.015062959864735603
59924,0.011827019043266773
34367,0.011023808270692825
31904,0.010872620157897472
46600,0.009053266607224941
34212,0.008647199720144272
31723,0.007842512801289558
26973,0.0076889768242836
47247,0.007560342084616423
