Index,Activation Value
4825,0.842924177646637
40355,0.6938377618789673
52683,0.4322385787963867
92169,0.2676122486591339
46013,0.1942618191242218
