Index,Activation Value
36212,0.014507755637168884
56855,0.013771302066743374
29340,0.012408732436597347
8396,0.012062856927514076
38432,0.006106650456786156
21467,0.003998362924903631
27547,0.003973475191742182
24298,0.0024701235815882683
25657,0.0018822497222572565
45313,0.001041965908370912
