Index,Activation Value
9816,0.14095519483089447
42887,0.13844572007656097
8080,0.1344480663537979
29465,0.1207343265414238
27547,0.10305435210466385
33607,0.10285024344921112
57551,0.10081326216459274
24588,0.09449636191129684
43197,0.09068550169467926
1202,0.08475887775421143
