Index,Activation Value
20663,0.015349181368947029
34454,0.013191708363592625
28425,0.007285053841769695
87758,0.0046705445274710655
54896,0.0033616251312196255
96758,0.0023570898920297623
24604,0.0017852135933935642
55426,0.0013271985808387399
14326,0.0008638803265057504
80813,0.000811533653177321
