Index,Activation Value
3082,0.020182739943265915
6970,0.01628030464053154
4141,0.014672158285975456
62662,0.01370326243340969
67509,0.013048005290329456
42812,0.01281041745096445
99629,0.012106644921004772
68044,0.011879099532961845
110712,0.011186235584318638
63669,0.010884547606110573
