Index,Activation Value
13090,0.0052522215992212296
60631,0.0031242752447724342
96758,0.0031098888721317053
33336,0.0022262465208768845
92077,0.0019077465403825045
75921,0.0007661971030756831
83828,0.0006437178235501051
59998,0.0004214290529489517
107925,0.0003305489371996373
