Index,Activation Value
36473,0.27848324179649353
17428,0.18875451385974884
24298,0.17380619049072266
579,0.15806743502616882
26073,0.1170894131064415
44569,0.08649370074272156
2390,0.08407982438802719
3300,0.07190731912851334
57009,0.06859762966632843
56032,0.06680484116077423
