Index,Activation Value
852,0.10143334418535233
52426,0.09646209329366684
85185,0.08100159466266632
101572,0.07531546801328659
65958,0.0673144981265068
28425,0.06600461155176163
31199,0.06593464314937592
75996,0.06571950018405914
75188,0.06552910059690475
14326,0.0650249570608139
