Index,Activation Value
80813,0.02837914228439331
35913,0.022294549271464348
16107,0.019472705200314522
3878,0.01935923658311367
4765,0.019045637920498848
70349,0.017742982134222984
18731,0.017540093511343002
56725,0.017190374433994293
52426,0.016311582177877426
101572,0.016050709411501884
