Index,Activation Value
36944,0.020181376487016678
58398,0.018029293045401573
11897,0.017711831256747246
38924,0.01756233349442482
57937,0.01698247529566288
4055,0.015733206644654274
25605,0.015463078394532204
15397,0.015118103474378586
34289,0.014992751181125641
31723,0.01423255167901516
