Index,Activation Value
59868,0.09853289276361465
41843,0.071526437997818
22564,0.058270107954740524
25373,0.055898990482091904
39837,0.05508348345756531
43514,0.05507215857505798
52186,0.053201910108327866
40862,0.05018192157149315
22968,0.0495973601937294
23367,0.048259709030389786
