Index,Activation Value
73782,0.049821820110082626
35254,0.0479503758251667
48473,0.04692067205905914
62757,0.031394585967063904
43247,0.030844852328300476
34464,0.029444148764014244
73855,0.02875971794128418
42168,0.025433458387851715
33659,0.02452901192009449
71843,0.021855033934116364
