Index,Activation Value
72094,0.023828504607081413
7334,0.01915743201971054
67509,0.017600905150175095
16107,0.014722310937941074
107558,0.01406115759164095
91875,0.013447582721710205
60763,0.012610914185643196
52426,0.012437939643859863
107995,0.012352986261248589
6200,0.012042845599353313
