Index,Activation Value
55343,0.357077032327652
6419,0.3352745771408081
48460,0.12006703019142151
16899,0.10112864524126053
93456,0.008521595038473606
