Index,Activation Value
107925,0.14476260542869568
90842,0.13532866537570953
18680,0.13069722056388855
21549,0.12015778571367264
108542,0.10501424968242645
7334,0.10459098219871521
72094,0.10079755634069443
12,0.09768372029066086
11313,0.08606292307376862
54156,0.08588740974664688
