Index,Activation Value
38127,0.25328049063682556
27547,0.24912919104099274
8080,0.24365918338298798
9816,0.19613954424858093
8019,0.18994969129562378
38432,0.18081533908843994
1859,0.14398857951164246
1909,0.13920913636684418
43197,0.12986981868743896
18000,0.12831521034240723
