Index,Activation Value
31736,0.018662383779883385
2800,0.014246287755668163
14706,0.013679291121661663
44208,0.010997895151376724
25482,0.01085895486176014
3004,0.010753235779702663
773,0.009355355054140091
54145,0.009091975167393684
7145,0.00879582017660141
25544,0.008670873008668423
