Index,Activation Value
44735,0.7324644327163696
16061,0.40988004207611084
22551,0.14341507852077484
35325,0.0905902087688446
50697,0.020556794479489326
