Index,Activation Value
88295,0.018077528104186058
107558,0.016584694385528564
60880,0.013585396111011505
29372,0.008355285972356796
63669,0.007976888678967953
592,0.007761386223137379
55426,0.004298155661672354
1021,0.0040993657894432545
26012,0.003876833477988839
48304,0.0036507858894765377
