Index,Activation Value
13090,0.024071313440799713
592,0.023844344541430473
56725,0.022617468610405922
62757,0.021913284435868263
107551,0.021110258996486664
103991,0.01784839853644371
75310,0.01700442284345627
48304,0.01635424606502056
28910,0.015056919306516647
46866,0.013341727666556835
