Index,Activation Value
63742,0.7707170248031616
8687,0.6352455615997314
69227,0.5032323598861694
96089,0.4740619957447052
14962,0.36638349294662476
109712,0.3594580590724945
51802,0.35323455929756165
44874,0.3524021804332733
98610,0.29839470982551575
87560,0.2510673701763153
