Index,Activation Value
24298,0.018980465829372406
8019,0.01757383532822132
43197,0.014200301840901375
36473,0.009858209639787674
54138,0.009104620665311813
32727,0.008867868222296238
53579,0.008727844804525375
7145,0.008498581126332283
18000,0.008454561233520508
1859,0.00802620965987444
