Index,Activation Value
107995,0.07086315751075745
55779,0.06798209995031357
73855,0.06749935448169708
82590,0.06307360529899597
64204,0.0622040294110775
42812,0.05940021201968193
26233,0.05552367866039276
71843,0.05415220931172371
29450,0.05349041149020195
43247,0.052235331386327744
