Index,Activation Value
32727,0.042504630982875824
57551,0.0373433418571949
25657,0.032433897256851196
30511,0.025643326342105865
9107,0.024550503119826317
51769,0.023818710818886757
16549,0.022269174456596375
51614,0.021631374955177307
9049,0.021388091146945953
53589,0.01879122294485569
