Index,Activation Value
7145,0.14820757508277893
39207,0.09202268719673157
41843,0.09040268510580063
24702,0.08600853383541107
2792,0.07692074030637741
13655,0.07190504670143127
31723,0.07179676741361618
59924,0.07125783711671829
47264,0.06699487566947937
43164,0.06617116183042526
