Index,Activation Value
111914,0.5559357404708862
54956,0.21510694921016693
