Index,Activation Value
12023,0.14780069887638092
22371,0.12674467265605927
56481,0.11719868332147598
58458,0.11423786729574203
29465,0.11412061750888824
42649,0.11341626197099686
38127,0.10917392373085022
59981,0.10346495360136032
49406,0.09927023202180862
8349,0.0987919345498085
