Index,Activation Value
38924,0.02385513111948967
58249,0.016313256695866585
21467,0.016052668914198875
39547,0.014761703088879585
19868,0.013211645185947418
43054,0.011930033564567566
38247,0.011619742028415203
53579,0.011456973850727081
26778,0.011319516226649284
32727,0.008073991164565086
