Index,Activation Value
9057,1.5588278770446777
55521,0.7465621829032898
3916,0.6287974715232849
3300,0.5279567837715149
33475,0.3338727056980133
44777,0.3133831322193146
57780,0.2556070387363434
12497,0.09066087007522583
