Index,Activation Value
28312,0.2527613639831543
36625,0.24474014341831207
27840,0.21001899242401123
20435,0.20927852392196655
56096,0.20818321406841278
36944,0.191033273935318
7145,0.1890275925397873
39787,0.1887904703617096
52585,0.1885078400373459
4055,0.18236428499221802
