Index,Activation Value
49406,0.030162207782268524
44743,0.02941722981631756
19491,0.0279447790235281
17728,0.026316791772842407
37379,0.025776030495762825
14371,0.024907127022743225
21165,0.022957250475883484
19516,0.02285851165652275
15111,0.02277151122689247
19701,0.02226448617875576
