Index,Activation Value
95980,1.789982795715332
11540,1.7351137399673462
90105,1.6864980459213257
4765,1.668184518814087
73381,1.450298547744751
98129,1.3247014284133911
81840,1.3210779428482056
66000,1.2759530544281006
39148,1.243254542350769
20569,1.2425026893615723
