Index,Activation Value
109096,0.857275128364563
84365,0.5135676264762878
75006,0.3437933027744293
26948,0.2955222427845001
9186,0.18544206023216248
104145,0.12423301488161087
97992,0.0036528960335999727
