Index,Activation Value
24298,0.4513542652130127
36473,0.4284464418888092
36625,0.2717846632003784
11257,0.2620283365249634
15111,0.25206291675567627
36944,0.22775104641914368
21565,0.2206309586763382
47264,0.21018220484256744
14971,0.2086695283651352
17428,0.20849600434303284
