Index,Activation Value
15111,0.041385360062122345
40818,0.036008354276418686
56545,0.02992434985935688
28561,0.02983224391937256
31723,0.028634848073124886
46600,0.02580665610730648
49043,0.025765065103769302
58398,0.024570820853114128
57892,0.024507012218236923
773,0.022712763398885727
