Index,Activation Value
58249,0.1736973226070404
32696,0.13151080906391144
1909,0.12538094818592072
54927,0.10752766579389572
17428,0.09356920421123505
56554,0.09288674592971802
42801,0.08819961547851562
38924,0.08411999046802521
45682,0.0831557884812355
58423,0.07593128830194473
