Index,Activation Value
38924,0.4749623239040375
53579,0.3479022979736328
58249,0.32640719413757324
33011,0.28332147002220154
26778,0.2518272399902344
4055,0.2248220145702362
1909,0.22366741299629211
58458,0.2200573980808258
44569,0.21395254135131836
36625,0.19391070306301117
