Index,Activation Value
32697,0.010741581209003925
41410,0.0081432880833745
52310,0.007858794182538986
465,0.007524780463427305
55134,0.007520067971199751
2891,0.007179886102676392
5478,0.006716338451951742
19426,0.006354102399200201
31575,0.005983537528663874
13411,0.005466654431074858
