Index,Activation Value
43583,1.3193281888961792
96386,1.0051709413528442
93685,0.4974776804447174
7480,0.4749448001384735
31272,0.25506308674812317
12815,0.22177404165267944
14495,0.16545090079307556
