Index,Activation Value
852,0.06457021087408066
90842,0.06412963569164276
81123,0.04358917102217674
11313,0.03638245910406113
95769,0.03577146679162979
93659,0.026569824665784836
18680,0.026055369526147842
97892,0.025609809905290604
17902,0.02472122758626938
54956,0.023417498916387558
