Index,Activation Value
96758,0.028001626953482628
25887,0.017373131588101387
104537,0.016417304053902626
52426,0.015254780650138855
87491,0.013390080071985722
90842,0.01121626328676939
38274,0.009722369723021984
28425,0.006747506558895111
40355,0.005120818968862295
17902,0.004958014469593763
