Index,Activation Value
107925,0.1104288101196289
12,0.07777784764766693
28425,0.06798375397920609
15003,0.0677381232380867
90842,0.06721288710832596
13090,0.06569881737232208
67509,0.06483552604913712
62757,0.06342565268278122
16107,0.05664469674229622
29372,0.054547954350709915
