Index,Activation Value
36212,0.11663828045129776
8396,0.09466578811407089
56855,0.08832002431154251
43054,0.06859981268644333
4530,0.06293410062789917
29340,0.0616634339094162
25657,0.06003822386264801
45313,0.05342136695981026
29465,0.050106436014175415
51614,0.045718781650066376
