Index,Activation Value
6156,0.1065683588385582
12344,0.09078274667263031
37498,0.07514399290084839
90842,0.07356493175029755
62662,0.07319638133049011
74354,0.060934893786907196
7866,0.05901174992322922
56725,0.057218775153160095
54156,0.05503940209746361
16807,0.0528392568230629
