Index,Activation Value
36473,0.053713615983724594
54222,0.048409417271614075
22371,0.04397817701101303
33011,0.04284043610095978
24298,0.03494524955749512
18000,0.03311724215745926
8019,0.03305748105049133
8080,0.03210936114192009
8349,0.03158797323703766
579,0.03100462257862091
