Index,Activation Value
16807,0.018017146736383438
1021,0.015108737163245678
52854,0.01475776731967926
21437,0.012053875252604485
25024,0.011501840315759182
107551,0.011359719559550285
95769,0.01126539334654808
592,0.010822905227541924
36173,0.00994587130844593
103991,0.009560810402035713
