Index,Activation Value
62757,0.08555051684379578
111011,0.07295557111501694
96065,0.07290896028280258
88571,0.06649065017700195
17902,0.0647144690155983
70349,0.06399869918823242
74331,0.06246305629611015
95769,0.060659728944301605
20930,0.056442756205797195
71932,0.05588771775364876
