Index,Activation Value
83828,0.018062299117445946
49456,0.010810529813170433
28910,0.00366946286521852
30064,0.0034111232962459326
103824,0.0018297834321856499
52426,0.0011032066540792584
18272,0.0010445080697536469
57225,0.0007628382882103324
