Index,Activation Value
62757,0.023480113595724106
33336,0.019095653668045998
13090,0.016995521262288094
59998,0.01508324034512043
64204,0.011407452635467052
7866,0.010679035447537899
66000,0.010226643644273281
2871,0.009754611179232597
16107,0.008023986592888832
29372,0.00785357691347599
