Index,Activation Value
21467,0.026556717231869698
36473,0.02591678500175476
8396,0.021737484261393547
56855,0.019799042493104935
25657,0.01898539438843727
36212,0.018823079764842987
29340,0.01870528608560562
24298,0.01757359690964222
38432,0.01757001504302025
27547,0.015799690037965775
