Index,Activation Value
53160,0.5161182284355164
7461,0.17220844328403473
33240,0.04775559902191162
47574,0.0407596156001091
