Index,Activation Value
88571,0.10639631003141403
101572,0.068454809486866
105073,0.0575278140604496
92077,0.057519491761922836
17902,0.05600796639919281
26376,0.051682133227586746
852,0.050060149282217026
96758,0.0391392782330513
92876,0.03591698035597801
3386,0.034510910511016846
