Index,Activation Value
38846,0.7883543372154236
87169,0.363071084022522
8229,0.2682797908782959
52011,0.0828227773308754
9271,0.06844890862703323
22495,0.006557171232998371
