Index,Activation Value
70349,0.005453160498291254
35254,0.0046129170805215836
95769,0.004119879100471735
12344,0.003950853366404772
34454,0.002983261365443468
107925,0.0029614486265927553
14165,0.0026672943495213985
29450,0.0025934071745723486
36173,0.0024909405037760735
37498,0.002346755238249898
