Index,Activation Value
852,0.010456528514623642
96065,0.010177990421652794
52426,0.008614269085228443
82475,0.0073675732128322124
2871,0.006949994713068008
55426,0.0065743629820644855
13090,0.004676077980548143
80233,0.0046480195596814156
35254,0.003749230643734336
70776,0.0028415059205144644
