Index,Activation Value
31723,0.12795551121234894
31684,0.106053926050663
59924,0.09810969233512878
54076,0.09267304837703705
41005,0.08947407454252243
8449,0.08424407988786697
15111,0.08021079003810883
24702,0.07931603491306305
22214,0.07690557837486267
14706,0.07551315426826477
