Index,Activation Value
21437,0.0038421046920120716
92547,0.0016953847371041775
