Index,Activation Value
96758,0.08894038945436478
86756,0.04922976344823837
9293,0.048897840082645416
3311,0.048438142985105515
56266,0.03842087462544441
109825,0.03520293906331062
54492,0.03221799060702324
84897,0.03206183761358261
71879,0.031377777457237244
56350,0.030499016866087914
