Index,Activation Value
53579,0.6136633157730103
24298,0.6063178181648254
8019,0.5545904040336609
8080,0.5422113537788391
38924,0.5129246115684509
44569,0.4848164916038513
18000,0.4609600007534027
54138,0.454331636428833
26778,0.44839224219322205
27547,0.43484777212142944
