Index,Activation Value
57798,0.6642899513244629
4066,0.5556408166885376
12288,0.552332878112793
23263,0.5449149012565613
35558,0.4915216267108917
47247,0.48226630687713623
14354,0.45049750804901123
13586,0.44319942593574524
32464,0.44315651059150696
49762,0.4319886565208435
