Index,Activation Value
28910,0.022103717550635338
96125,0.01901957206428051
16107,0.01489235833287239
64204,0.013207482174038887
97407,0.012484227307140827
59998,0.011925949715077877
49456,0.011869723908603191
17608,0.011664961464703083
34464,0.011074366047978401
30787,0.010864490643143654
