Index,Activation Value
19627,0.116571344435215
90842,0.08706411719322205
18680,0.07359769195318222
20663,0.07231377810239792
94111,0.06517995893955231
64204,0.05768532305955887
36735,0.05352085828781128
102181,0.05337304621934891
107558,0.05251115933060646
71812,0.05249937251210213
