Index,Activation Value
773,0.08985181897878647
21467,0.05475164204835892
16549,0.05008789151906967
33011,0.048849839717149734
39837,0.04631919413805008
25544,0.04215545207262039
44964,0.03823363780975342
13179,0.03665443882346153
14960,0.03662071004509926
58963,0.032203350216150284
