Index,Activation Value
13090,0.18264149129390717
60631,0.14504776895046234
52183,0.13920214772224426
28910,0.09828177839517593
36173,0.09714511036872864
37498,0.09701354056596756
56725,0.07895056903362274
59998,0.07654768973588943
33336,0.07636195421218872
99629,0.06632792204618454
