Index,Activation Value
56855,0.008108981885015965
36212,0.006985839456319809
8396,0.006757341790944338
29340,0.0029872460290789604
25657,0.0014188379282131791
21467,0.001065665390342474
