Index,Activation Value
27438,0.2100825011730194
33336,0.2095109522342682
13090,0.20210424065589905
96758,0.1887526959180832
70349,0.16733571887016296
56725,0.16537290811538696
60631,0.16124019026756287
83828,0.14704276621341705
88571,0.14668682217597961
111011,0.1457785964012146
