Index,Activation Value
33336,0.0034573180601000786
96758,0.002799754962325096
107995,0.0019692331552505493
13090,0.000658722419757396
107551,9.033442620420828e-05
