Index,Activation Value
24298,0.48586511611938477
36473,0.36484774947166443
44569,0.3027786612510681
53579,0.2760200500488281
38924,0.2620013952255249
8019,0.2612920105457306
54138,0.23751460015773773
43054,0.22518248856067657
19868,0.21929927170276642
579,0.19258584082126617
