Index,Activation Value
7145,4.576365947723389
9049,3.6566600799560547
43164,3.0349385738372803
7125,2.7335588932037354
31723,2.2835216522216797
59924,2.161548137664795
20635,1.8429348468780518
24702,1.8268640041351318
53834,1.7482489347457886
34528,1.6966625452041626
