Index,Activation Value
7145,0.22493676841259003
31723,0.1949072927236557
14706,0.1891321837902069
59924,0.18180911242961884
20435,0.14762772619724274
11257,0.1402377188205719
48137,0.13948462903499603
58458,0.13762111961841583
32704,0.13494665920734406
36944,0.13421425223350525
