Index,Activation Value
28425,0.010551540181040764
96654,0.008525297977030277
27191,0.00828017108142376
59080,0.00805785320699215
108542,0.007422815542668104
25849,0.0066435267217457294
59998,0.0064199320040643215
41210,0.005016932263970375
20930,0.00454536871984601
2915,0.003210841678082943
