Index,Activation Value
28425,0.13195671141147614
111011,0.09924618154764175
28910,0.08630738407373428
27438,0.07496057450771332
31199,0.07467884570360184
42192,0.06826368719339371
99629,0.05988246574997902
92179,0.05687679350376129
42493,0.05612409487366676
81064,0.05402902513742447
