Index,Activation Value
27399,0.17958930134773254
21191,0.16716980934143066
36473,0.16683128476142883
52585,0.16637550294399261
13740,0.16555781662464142
33011,0.1641952097415924
20435,0.16070851683616638
17557,0.1596066951751709
37410,0.15920096635818481
54327,0.15004996955394745
