Index,Activation Value
45313,0.2516652047634125
13743,0.22397491335868835
36212,0.20563828945159912
38340,0.2036851942539215
18000,0.19577132165431976
32727,0.18668290972709656
36473,0.17888107895851135
56855,0.1758393496274948
41844,0.16392086446285248
27547,0.16174283623695374
