Index,Activation Value
38924,0.4383966624736786
38432,0.4347228705883026
21467,0.4315495789051056
53579,0.4261569678783417
8080,0.38097962737083435
26778,0.3797304034233093
27547,0.3290485441684723
26937,0.2884696424007416
44569,0.2864176630973816
54138,0.27877628803253174
