Index,Activation Value
70349,0.01808619126677513
28425,0.015573532320559025
3082,0.015362659469246864
90842,0.011583018116652966
13090,0.010432342067360878
2871,0.009523343294858932
88571,0.00933283194899559
107925,0.00901053473353386
48473,0.008902415633201599
24604,0.008803305216133595
