Index,Activation Value
31723,0.012205756269395351
33607,0.009678979404270649
30430,0.008862807415425777
53589,0.008456503972411156
4191,0.008091763593256474
59924,0.007601101417094469
218,0.007578102871775627
58398,0.0074854218401014805
25562,0.007153048180043697
11897,0.007056487258523703
