Index,Activation Value
107396,0.9279107451438904
44776,0.6637555956840515
90898,0.5425299406051636
40557,0.2968080937862396
19501,0.2355910688638687
40700,0.1740197092294693
27665,0.08276724070310593
41239,0.08075331896543503
25447,0.06849689781665802
99750,0.022461289539933205
