Index,Activation Value
36473,0.13892942667007446
579,0.13421407341957092
17428,0.13164862990379333
4987,0.10871713608503342
21161,0.10817345231771469
566,0.10455983877182007
13158,0.10198935866355896
48346,0.10026458650827408
54222,0.10021688044071198
24298,0.09661345183849335
