Index,Activation Value
58249,2.84783673286438
38924,2.802241086959839
38247,2.5771467685699463
56554,1.7774755954742432
53579,1.5280019044876099
26937,1.216273307800293
26778,1.1834975481033325
26559,0.834868848323822
58916,0.7226502299308777
25538,0.7091818451881409
