Index,Activation Value
44569,0.028815317898988724
30430,0.028349919244647026
38924,0.028182875365018845
53579,0.027019208297133446
8080,0.02415010705590248
8396,0.02342340163886547
27547,0.023037416860461235
56855,0.02227424643933773
38340,0.021885376423597336
21467,0.02162572555243969
