Index,Activation Value
24934,2.157120704650879
48494,1.5968166589736938
51130,1.2917336225509644
53603,0.8889598846435547
56948,0.7783925533294678
33391,0.7165319919586182
326,0.6843057870864868
25756,0.49307122826576233
26267,0.48278507590293884
59308,0.46070215106010437
