Index,Activation Value
29340,0.005609237588942051
9816,0.0017413245514035225
38924,3.416346226003952e-05
