Index,Activation Value
96758,0.06276681274175644
107925,0.06167367100715637
47884,0.061468299478292465
9293,0.06055853143334389
93137,0.0585266649723053
111056,0.05820271372795105
48473,0.05388983339071274
85185,0.05022015422582626
73782,0.04732373356819153
76908,0.04709072411060333
