Index,Activation Value
21467,1.754958987236023
1909,1.4122862815856934
44569,1.2736743688583374
36473,1.2678388357162476
1859,1.1235758066177368
9351,0.7179802656173706
8080,0.6991498470306396
56155,0.5261898636817932
53579,0.3130299746990204
38924,0.2032395303249359
