Index,Activation Value
21467,0.06850536912679672
54138,0.06415803730487823
38432,0.04384087398648262
53579,0.04353657364845276
33011,0.04237367585301399
8080,0.033439893275499344
26778,0.0259427260607481
38924,0.02535453997552395
27547,0.023500360548496246
7145,0.02069133147597313
