Index,Activation Value
773,0.12835462391376495
24567,0.09681983292102814
28312,0.09681878238916397
20435,0.09046084433794022
24934,0.09041306376457214
45858,0.08892642706632614
49406,0.08791278302669525
39837,0.08630863577127457
4817,0.08518398553133011
37903,0.08470414578914642
