Index,Activation Value
13891,1.0074093341827393
13290,0.8825289011001587
19553,0.6840134859085083
79084,0.6248822212219238
110461,0.520148515701294
33508,0.3844858705997467
98965,0.17073290050029755
69264,0.06485559791326523
103307,0.046051982790231705
46710,0.016484957188367844
