Index,Activation Value
53589,0.13352161645889282
51769,0.12273284047842026
21467,0.1136961579322815
31736,0.10256558656692505
33607,0.10030723363161087
8080,0.09927495568990707
24565,0.09476782381534576
29340,0.09460114687681198
16549,0.09171488881111145
14826,0.09143409132957458
