Index,Activation Value
13090,0.040796685963869095
111478,0.03325405716896057
52683,0.032127898186445236
28910,0.03196081891655922
52183,0.03076903149485588
64204,0.02864736132323742
70349,0.02825522981584072
71153,0.018531586974859238
42812,0.017884785309433937
97407,0.01762906275689602
