Index,Activation Value
49824,0.8775737881660461
53715,0.7828455567359924
32698,0.4943276643753052
80767,0.48748207092285156
8395,0.3152221739292145
