Index,Activation Value
7125,3.8135600090026855
7444,2.709956407546997
58152,2.1896228790283203
56526,2.1169185638427734
11450,1.9445477724075317
24702,1.8921561241149902
46685,1.8226542472839355
58535,1.779894471168518
57854,1.7139893770217896
18634,1.7093232870101929
