Index,Activation Value
6156,0.10590903460979462
12344,0.07321364432573318
11313,0.07270292937755585
14326,0.07175526022911072
62662,0.07005549222230911
41552,0.06459067761898041
54156,0.0638800859451294
103438,0.06351687759160995
25024,0.06330928206443787
50022,0.05726008489727974
