Index,Activation Value
95312,0.019531115889549255
33336,0.017844203859567642
2279,0.0173017717897892
852,0.015084980987012386
88571,0.01248873770236969
11374,0.012202449142932892
29450,0.010346225462853909
13090,0.010003779083490372
105073,0.009648307226598263
18680,0.009318048134446144
