Index,Activation Value
62271,1.5049813985824585
76062,1.3285961151123047
21549,1.3274283409118652
20201,1.3007348775863647
95051,1.072780728340149
18680,0.9142285585403442
26284,0.910251796245575
61265,0.8932543992996216
97336,0.8030252456665039
88759,0.7591637372970581
