Index,Activation Value
71879,0.019507842138409615
104537,0.008049692027270794
86756,0.007208778522908688
55779,0.005291471257805824
75188,0.003989392425864935
83084,0.0013527050614356995
72696,0.0012433826923370361
77133,0.0010851363185793161
104963,9.23302213777788e-05
