Index,Activation Value
4738,0.00810016505420208
95769,0.0030092494562268257
27438,0.0021699024364352226
97828,0.0019437179435044527
