Index,Activation Value
21467,0.11859031021595001
38432,0.09314201027154922
27547,0.08945448696613312
53579,0.0817214623093605
38340,0.06883025169372559
8080,0.06590710580348969
30430,0.05870002508163452
32727,0.05858597531914711
38924,0.05827818065881729
40678,0.05493355914950371
