Index,Activation Value
25657,0.007452602498233318
54138,0.005092922132462263
36212,0.00245484197512269
36473,0.0014200282748788595
56855,0.0012918318388983607
