Index,Activation Value
56855,0.08579344302415848
44569,0.07611589878797531
43054,0.07386843860149384
8396,0.07046790421009064
29340,0.05192562937736511
27547,0.05177846550941467
9816,0.04107482358813286
31736,0.037542566657066345
53582,0.03617199510335922
16549,0.03604525327682495
