Index,Activation Value
36473,0.41969034075737
21467,0.3762558400630951
44569,0.3539654612541199
24298,0.2950427830219269
13743,0.2849600911140442
32727,0.28291669487953186
56155,0.2736625373363495
41844,0.2695341110229492
9351,0.25906214118003845
47257,0.25496262311935425
