Index,Activation Value
31684,0.02627423033118248
4055,0.02603883109986782
47264,0.02515457384288311
39787,0.024985559284687042
11478,0.023767611011862755
59868,0.02075786702334881
15397,0.02017856016755104
20544,0.018002521246671677
26174,0.017822638154029846
52382,0.017738034948706627
