Index,Activation Value
95769,0.012331350706517696
35254,0.012200427241623402
29450,0.01216695923358202
3309,0.005177969578653574
73855,0.00431473832577467
37498,0.0037353201769292355
110975,0.0024815695360302925
1267,0.0011672185501083732
89903,0.0010406627552583814
66371,0.0009514606208540499
