Index,Activation Value
13090,0.002843171125277877
12,0.0006280615925788879
107925,0.0006027474883012474
33336,0.00048575829714536667
90842,0.00021638601901941001
