Index,Activation Value
21467,0.06193447858095169
29340,0.04670693725347519
8396,0.04661872610449791
56855,0.043801821768283844
27547,0.04367554560303688
38432,0.042901892215013504
44569,0.04222992807626724
36212,0.040547750890254974
8019,0.03922489285469055
32727,0.03570306673645973
