Index,Activation Value
83828,0.09177707880735397
96758,0.08959490805864334
93685,0.07500095665454865
35831,0.06826671212911606
27438,0.06761834770441055
80813,0.06524090468883514
15003,0.06219454109668732
103824,0.055199138820171356
52183,0.05231153964996338
112731,0.04866762459278107
