Index,Activation Value
29340,0.008891924284398556
53579,0.008804966695606709
56855,0.006818072870373726
26778,0.005984556395560503
36212,0.005287069361656904
8396,0.004106502048671246
21467,0.0018510500667616725
33011,0.00158055464271456
27547,0.001305946265347302
