Index,Activation Value
11313,0.027009177953004837
18680,0.0251767635345459
108542,0.024113042280077934
92077,0.022434482350945473
93685,0.021334627643227577
107558,0.020388852804899216
61123,0.01862042397260666
59080,0.01734830252826214
68381,0.016539044678211212
43247,0.01653148978948593
