Index,Activation Value
27683,0.212049663066864
14826,0.19027359783649445
57551,0.1589145064353943
22678,0.14016060531139374
7683,0.13369876146316528
48477,0.12594613432884216
24588,0.12263096123933792
34961,0.12200885266065598
24409,0.1173115000128746
15758,0.11192720383405685
