Index,Activation Value
32727,0.11029171198606491
54138,0.10088633745908737
8080,0.10049968957901001
27547,0.09234489500522614
53579,0.08650535345077515
42887,0.08597634732723236
9816,0.08536111563444138
26778,0.08274483680725098
45313,0.08047109097242355
38924,0.07805175334215164
