Index,Activation Value
9293,0.07577384263277054
101572,0.07252331078052521
12589,0.04160992428660393
4750,0.04069743677973747
69312,0.03864829242229462
57893,0.03759002685546875
18471,0.03678188472986221
852,0.036064133048057556
95980,0.03595827892422676
110712,0.03475724533200264
