Index,Activation Value
27438,0.021582232788205147
102181,0.02053980901837349
8251,0.01697329245507717
21437,0.015727784484624863
111011,0.013775523751974106
89903,0.01361387874931097
109700,0.013558474369347095
28910,0.013042754493653774
5798,0.011376524344086647
81123,0.009858285076916218
