Index,Activation Value
24298,0.09310551732778549
38924,0.07322604209184647
54222,0.055478353053331375
8019,0.049102284014225006
45313,0.0482308529317379
22371,0.04793766140937805
58249,0.04701852425932884
12023,0.046831320971250534
54138,0.044555723667144775
53579,0.04348006099462509
