Index,Activation Value
40678,0.020301837474107742
29465,0.019809814170002937
56889,0.016809076070785522
32757,0.014949386939406395
47257,0.014293559826910496
1202,0.01204709056764841
51203,0.011449374258518219
51614,0.010804222896695137
55971,0.010063723661005497
46682,0.009999137371778488
