Index,Activation Value
7351,0.0005800597136840224
104537,0.00032403256045654416
28910,0.00028162566013634205
