Index,Activation Value
29340,0.013763779774308205
41844,0.009808703325688839
57551,0.0055747609585523605
29465,0.0038187657482922077
4902,0.0025183595716953278
52440,0.0022552520968019962
13743,0.002233721548691392
56855,0.002132079564034939
30430,0.0017412398010492325
33607,0.0013417430454865098
