Index,Activation Value
38924,0.0026863254606723785
53579,0.002495419466868043
8080,0.002431714441627264
26778,0.002080241683870554
24298,0.0018197884783148766
8019,0.0015355164650827646
36212,0.0014373474987223744
54138,0.0014159786514937878
44569,0.0011043376289308071
56855,0.0009490432566963136
