Index,Activation Value
46740,0.07722679525613785
27191,0.07263729721307755
24604,0.06597434729337692
18680,0.06172044202685356
55841,0.06140926480293274
6786,0.06083265319466591
2915,0.058212291449308395
13278,0.056747425347566605
46468,0.05476145073771477
56519,0.05441008880734444
