Index,Activation Value
13090,0.07086368650197983
56725,0.04945998266339302
28425,0.039910029619932175
70349,0.0352662093937397
36173,0.035122789442539215
88571,0.027617882937192917
28910,0.022586636245250702
49456,0.02079922705888748
27438,0.01941969059407711
83828,0.017774030566215515
