Index,Activation Value
852,0.025072555989027023
73855,0.024565044790506363
35254,0.02212703414261341
13090,0.020975491032004356
88571,0.019640076905488968
14326,0.01960071176290512
12,0.017925597727298737
95769,0.017337627708911896
70776,0.016907792538404465
12344,0.01569255068898201
