Index,Activation Value
26778,0.00606983806937933
33011,0.004466654732823372
38924,0.003227443667128682
21467,0.0001755018747644499
