Index,Activation Value
99057,0.06797893345355988
16738,0.024315347895026207
