Index,Activation Value
50532,1.450891137123108
29432,1.2413991689682007
38374,0.9815046191215515
13384,0.7964128851890564
57235,0.5498557090759277
40939,0.4906887114048004
4961,0.3965488374233246
14993,0.39408111572265625
54500,0.28001922369003296
29748,0.20066148042678833
