Index,Activation Value
28425,0.18393515050411224
13090,0.17337371408939362
28910,0.149607315659523
52183,0.14507338404655457
36173,0.1410331130027771
56725,0.13151217997074127
99629,0.130367711186409
104537,0.1267412304878235
49456,0.11556794494390488
84018,0.11491203308105469
