Index,Activation Value
56855,0.0037444843910634518
29340,0.0009848081972450018
8396,0.0009619301417842507
36212,0.0002526931348256767
