Index,Activation Value
24298,0.30060216784477234
21467,0.2616537809371948
8080,0.25138911604881287
53579,0.24677808582782745
8019,0.24489744007587433
18000,0.22788627445697784
54138,0.19884105026721954
36473,0.18739907443523407
44569,0.17813453078269958
42887,0.1730516254901886
