Index,Activation Value
60631,3.4619321823120117
33336,2.6664280891418457
82064,2.6480917930603027
13090,2.616215229034424
40315,2.4594886302948
52183,2.4144949913024902
40888,2.241783857345581
86538,2.199855089187622
94111,2.1660096645355225
57225,2.1520681381225586
