Index,Activation Value
38924,0.2971898317337036
36473,0.2755350172519684
1909,0.25670382380485535
8080,0.24796618521213531
53579,0.2252284288406372
58249,0.1994342803955078
28312,0.19446219503879547
21467,0.19404970109462738
18000,0.17266862094402313
49406,0.16595759987831116
