Index,Activation Value
70349,0.11991454660892487
96758,0.07666230201721191
17902,0.07006940245628357
88571,0.06896882504224777
25849,0.060653138905763626
109813,0.04750673472881317
9293,0.04654363915324211
100195,0.03945063427090645
89243,0.03531382232904434
43807,0.031788263469934464
