Index,Activation Value
29340,0.03657563030719757
53582,0.020463258028030396
9816,0.01801794394850731
9480,0.01701371744275093
11314,0.014185086823999882
56007,0.014081777073442936
52855,0.013038468547165394
579,0.011813136748969555
54222,0.011493055149912834
12657,0.011356919072568417
