Index,Activation Value
38924,0.004404762759804726
36212,0.0012309515150263906
56855,0.000681923411320895
29340,0.0004398711316753179
8396,0.00034082401543855667
