Index,Activation Value
27234,1.7153635025024414
53424,0.06319394707679749
