Index,Activation Value
54222,0.006072172429412603
42887,0.00449228985235095
22371,0.0044755456037819386
21565,0.003484532469883561
45313,0.003284720703959465
56481,0.0018496521515771747
56007,0.0014867662684991956
