Index,Activation Value
52683,0.07327842712402344
36173,0.07253310829401016
89243,0.06076571345329285
13090,0.05586855858564377
8897,0.052906718105077744
7106,0.05166689306497574
8790,0.050490111112594604
80813,0.04977920278906822
52847,0.04780752211809158
52426,0.04755142331123352
