Index,Activation Value
13090,0.0053451694548130035
28910,0.0002876166545320302
