Index,Activation Value
54138,0.29450350999832153
38127,0.1845126450061798
56032,0.16072849929332733
21565,0.15318073332309723
56007,0.15163962543010712
9480,0.14717021584510803
56545,0.14604242146015167
52855,0.13642026484012604
24298,0.13511542975902557
2800,0.13156378269195557
