Index,Activation Value
54138,0.06302047520875931
36212,0.06238725781440735
29340,0.05599403381347656
56855,0.05166775733232498
38432,0.04395812749862671
21467,0.042684778571128845
8396,0.03920406475663185
58249,0.03905527666211128
38340,0.03378785774111748
32727,0.029665254056453705
