Index,Activation Value
84018,0.07464360445737839
52426,0.06974437832832336
27912,0.06256633996963501
66371,0.061673495918512344
101572,0.05976429209113121
20663,0.05764145776629448
104537,0.0535714291036129
52847,0.048742663115262985
27789,0.04078192636370659
4491,0.040563881397247314
