Index,Activation Value
13090,5.536261081695557
43807,3.6741223335266113
70349,3.657011032104492
95312,3.408193826675415
54896,3.3735218048095703
52008,3.3582024574279785
83828,3.331526279449463
11374,3.22192120552063
52683,3.2185909748077393
88571,3.1923842430114746
