Index,Activation Value
21467,0.03505827486515045
53579,0.03280601650476456
26778,0.03236803784966469
38432,0.029952658340334892
38924,0.02749907225370407
36212,0.026073817163705826
56855,0.023557299748063087
41844,0.02346382662653923
45313,0.02315189689397812
57551,0.021235952153801918
