Index,Activation Value
88937,0.08037872612476349
20663,0.08013702183961868
48820,0.07911000400781631
35831,0.07746585458517075
12589,0.0769684687256813
107925,0.07023383677005768
29450,0.060786738991737366
91342,0.06031438335776329
92881,0.05764288827776909
82475,0.05760391801595688
