Index,Activation Value
69508,0.494272917509079
52072,0.337895929813385
24995,0.08223196119070053
