Index,Activation Value
38127,0.04341236129403114
36625,0.03465428575873375
48137,0.03045901283621788
15397,0.028154900297522545
39450,0.027730979025363922
31723,0.027347229421138763
54621,0.02580665796995163
31056,0.025649843737483025
9049,0.02453535981476307
40818,0.02322276122868061
