Index,Activation Value
104002,0.025274531915783882
50983,0.0160530973225832
7351,0.013055709190666676
52683,0.012116249650716782
93137,0.01112224068492651
1021,0.01098964735865593
6550,0.009809560142457485
87491,0.00919389445334673
90710,0.008508311584591866
21175,0.00838536024093628
