Index,Activation Value
23505,1.1858782768249512
104646,1.076707124710083
68549,0.8432355523109436
17924,0.8428729772567749
83993,0.7450695037841797
57273,0.5319098234176636
41662,0.44691967964172363
97366,0.4303921163082123
20564,0.41046902537345886
57374,0.37778782844543457
