Index,Activation Value
8396,0.04677655175328255
36212,0.04538653790950775
56855,0.0453159473836422
21467,0.038367677479982376
29340,0.03788652643561363
25657,0.02615540474653244
33011,0.021977927535772324
38924,0.02189531922340393
52440,0.021587766706943512
4530,0.02102283388376236
