Index,Activation Value
93551,1.2008345127105713
83831,0.6003394722938538
36341,0.35638943314552307
40153,0.3552802503108978
94627,0.26403626799583435
7296,0.2555578351020813
94282,0.23891699314117432
10267,0.2333054095506668
54491,0.19247785210609436
104963,0.19052402675151825
