Index,Activation Value
37903,1.2727692127227783
17366,1.1122325658798218
21244,1.0478800535202026
34150,0.6900623440742493
53404,0.6613805890083313
26957,0.6229375004768372
28312,0.580605685710907
3325,0.5508792996406555
17052,0.5218821167945862
27569,0.5172842741012573
