Index,Activation Value
102656,1.4777412414550781
8585,0.9312899708747864
175,0.7727416157722473
88793,0.7025339603424072
110146,0.5965612530708313
27250,0.5036078095436096
66891,0.5021561980247498
89698,0.36290013790130615
85776,0.3281310796737671
111932,0.30105453729629517
