Index,Activation Value
25887,0.09788118302822113
90842,0.07209467887878418
14326,0.07148076593875885
12344,0.0703214630484581
72094,0.06945288926362991
92876,0.06521746516227722
93137,0.06240718439221382
88407,0.06074529141187668
87758,0.06048960238695145
52491,0.05875688046216965
