Index,Activation Value
36473,0.5261301398277283
1909,0.4117106795310974
44569,0.39489683508872986
