Index,Activation Value
52683,0.011111418716609478
97828,0.011089792475104332
6156,0.011088313534855843
38228,0.010900641791522503
71812,0.010592726990580559
1267,0.010560798458755016
107925,0.009922198951244354
67433,0.009280748665332794
107396,0.008627645671367645
59026,0.008121619001030922
