Index,Activation Value
27547,0.28967562317848206
38127,0.26387277245521545
38432,0.24278075993061066
53579,0.2343391627073288
32727,0.2323104441165924
26778,0.22553059458732605
33011,0.22529207170009613
38924,0.1945730596780777
21467,0.18897192180156708
47321,0.18566195666790009
