Index,Activation Value
43054,0.025442421436309814
53582,0.019653595983982086
4191,0.010938888415694237
22813,0.008104165084660053
16061,0.00803606677800417
24565,0.0062189772725105286
2354,0.00577293848618865
45858,0.004495502449572086
30999,0.004428219981491566
36212,0.0037994354497641325
