Index,Activation Value
38924,0.005874722730368376
53579,0.005035698413848877
44569,0.0015681609511375427
1909,0.0012285900302231312
26778,0.00012959538435097784
