Index,Activation Value
52426,0.10280144959688187
38228,0.09063047915697098
60631,0.08670633286237717
107551,0.0754462406039238
87077,0.07238613814115524
7106,0.07048717886209488
111011,0.06589265912771225
12589,0.06514802575111389
103991,0.06386222690343857
14022,0.06317896395921707
