Index,Activation Value
60631,0.09943655133247375
54956,0.0774368867278099
35254,0.07418078929185867
48473,0.07288781553506851
52183,0.07138405740261078
49456,0.06072121113538742
73782,0.059893641620874405
97407,0.05945539474487305
75310,0.059032462537288666
592,0.05882783979177475
