Index,Activation Value
19868,0.05295002460479736
32727,0.029325352981686592
53589,0.028801320120692253
27683,0.028662219643592834
45313,0.022968491539359093
28561,0.021765101701021194
42887,0.01995149627327919
2800,0.01775258406996727
17939,0.01728089153766632
8396,0.015857592225074768
