Index,Activation Value
80690,1.293573260307312
82043,0.8096722364425659
97458,0.6913602948188782
104901,0.6769894361495972
99527,0.21894942224025726
71544,0.18544155359268188
23651,0.15091542899608612
97364,0.03841959685087204
48385,0.029267877340316772
87800,0.02155836671590805
