Index,Activation Value
38247,0.047772642225027084
38127,0.03757137805223465
44743,0.034151967614889145
31056,0.02360343001782894
11257,0.020269915461540222
7145,0.01968958228826523
11306,0.016909180209040642
3904,0.016872480511665344
20435,0.016159428283572197
14196,0.015300110913813114
