Index,Activation Value
27438,0.08498087525367737
20663,0.08069959282875061
52847,0.08054015785455704
42482,0.07157775014638901
101572,0.069172702729702
84018,0.0688069760799408
73855,0.06557174772024155
22227,0.06481819599866867
12589,0.06470631062984467
111154,0.06424709409475327
