Index,Activation Value
111011,0.12131835520267487
83828,0.0948023572564125
38228,0.09465335309505463
16807,0.09346309304237366
88571,0.09188979119062424
32638,0.08917108178138733
70349,0.08735164999961853
716,0.08669333159923553
27438,0.08471105247735977
852,0.07717743515968323
