Index,Activation Value
38432,0.0156211843714118
44569,0.010212474502623081
54138,0.008834142237901688
16549,0.004774967208504677
24298,0.0037865357007831335
26937,0.0036415155045688152
8080,0.003633457701653242
21467,0.003630315652117133
47257,0.0025692256167531013
56155,0.001925830845721066
