Index,Activation Value
92967,0.9455618858337402
69496,0.6862944960594177
78441,0.13762536644935608
