Index,Activation Value
27438,0.0782618448138237
1021,0.06397592276334763
49456,0.058118078857660294
87077,0.04855434224009514
76696,0.04764572158455849
42192,0.045959506183862686
104537,0.045760832726955414
852,0.041318461298942566
35520,0.04126555100083351
28910,0.040096160024404526
