Index,Activation Value
38924,0.059311818331480026
53579,0.05769091099500656
21467,0.05564122274518013
8080,0.051013704389333725
58249,0.05022908374667168
27547,0.04742215946316719
33011,0.047228097915649414
32727,0.04434126615524292
38432,0.04340163245797157
26778,0.04212629795074463
