Index,Activation Value
107995,0.0067391544580459595
12344,0.006278980523347855
14983,0.0037006500642746687
14022,0.0032581393606960773
88571,0.0031770647037774324
38228,0.0029755793511867523
82475,0.0028115208260715008
85185,0.0024127070792019367
88546,0.0023910810705274343
15629,0.002254318445920944
