Index,Activation Value
51769,0.024203790351748466
7444,0.015637671574950218
3300,0.015606771223247051
33607,0.014702992513775826
38340,0.014665463007986546
14826,0.014567526057362556
43178,0.014226222410798073
41844,0.01317538134753704
28855,0.012128524482250214
52440,0.012072348035871983
