Index,Activation Value
35684,0.049131400883197784
4055,0.041114553809165955
56007,0.0410478338599205
45538,0.03664400428533554
44036,0.03324087709188461
11478,0.03285859525203705
17169,0.03281283751130104
39787,0.03085935488343239
13411,0.030815541744232178
41410,0.030108390375971794
