Index,Activation Value
104537,0.09307078272104263
105975,0.07883670926094055
98149,0.07723358273506165
80813,0.07683677226305008
86208,0.06433193385601044
12942,0.059786658734083176
107558,0.058106400072574615
7362,0.05559592321515083
84018,0.055198024958372116
31227,0.05461273714900017
