Index,Activation Value
22362,0.15250426530838013
31904,0.13772796094417572
32604,0.1349652260541916
14147,0.1284087896347046
48477,0.11456352472305298
15670,0.11220934242010117
41843,0.10872750729322433
30487,0.10406828671693802
55625,0.10079482942819595
4135,0.09917812794446945
