Index,Activation Value
38127,0.015570180490612984
2800,0.014245850965380669
34212,0.008546118624508381
16486,0.007716675754636526
15111,0.007674602326005697
59302,0.0071573639288544655
38046,0.006701617501676083
29907,0.005398348439484835
52855,0.004729164764285088
11373,0.004693861119449139
