Index,Activation Value
22080,0.0030201475601643324
16061,0.0028661806136369705
20982,0.0026607331819832325
8269,0.0020987880416214466
27801,0.0020927204750478268
4501,0.0019294325029477477
47976,0.0017172836232930422
40172,0.0017006515990942717
9390,0.0016425936482846737
5319,0.0015934094553813338
