Index,Activation Value
6970,1.2822108268737793
104013,0.5967752933502197
1688,0.41377657651901245
46968,0.33165594935417175
52517,0.24494941532611847
41922,0.08088986575603485
