Index,Activation Value
28910,0.016825634986162186
42812,0.012165541760623455
90698,0.009443203918635845
42192,0.0073820073157548904
4738,0.006573603022843599
54156,0.006417005322873592
97529,0.006365362089127302
49456,0.005644780583679676
41162,0.004785495810210705
59022,0.004777051508426666
