Index,Activation Value
24298,0.037580110132694244
8080,0.036867763847112656
8019,0.03518882393836975
32727,0.03335527330636978
44569,0.032915662974119186
21467,0.032235655933618546
27547,0.028990957885980606
9816,0.02833685465157032
1859,0.02524287812411785
45313,0.02252768911421299
