Index,Activation Value
36212,0.018553130328655243
8396,0.016354989260435104
56855,0.015241117216646671
8080,0.012637934647500515
32727,0.012012938968837261
29340,0.01136458944529295
44569,0.011189551092684269
38432,0.010520370677113533
25657,0.006079197861254215
55023,0.0028244282584637403
