Index,Activation Value
27547,0.13673317432403564
5556,0.11033076047897339
24298,0.09962402284145355
42773,0.095516636967659
579,0.08955419808626175
44569,0.08126413077116013
11450,0.07191258668899536
23770,0.06717254221439362
39247,0.0663754865527153
46682,0.0656750351190567
