Index,Activation Value
36212,0.20489537715911865
8396,0.17818838357925415
29340,0.17766326665878296
56855,0.149747833609581
21467,0.1344229131937027
33011,0.11553438007831573
25657,0.11489567905664444
4530,0.10445613414049149
24298,0.08780036866664886
38432,0.0847378522157669
