Index,Activation Value
107925,0.1187424510717392
90842,0.09297853708267212
92077,0.07496822625398636
49456,0.06582996994256973
19627,0.06489671766757965
52183,0.06345045566558838
97407,0.05807807669043541
7334,0.05521063506603241
51766,0.05456060916185379
18680,0.05329502373933792
