Index,Activation Value
71879,0.016152234748005867
54105,0.01345851644873619
12589,0.01294552069157362
716,0.012061476707458496
10580,0.01200753916054964
107995,0.0109354043379426
107558,0.010768014006316662
16298,0.010424925945699215
47061,0.009200490079820156
51008,0.008660322986543179
