Index,Activation Value
27912,0.02602243982255459
88571,0.02285626158118248
103824,0.020079830661416054
110712,0.018113289028406143
40355,0.017228566110134125
92077,0.014684773050248623
83828,0.013863559812307358
28425,0.013644155114889145
88937,0.013506892137229443
94021,0.013058445416390896
