Index,Activation Value
20663,0.09718754142522812
86538,0.0919332429766655
52183,0.08754518628120422
111154,0.0809430256485939
56725,0.0806022435426712
82590,0.07495058327913284
104537,0.07329213619232178
97407,0.07277187705039978
3878,0.0672173947095871
22227,0.06485544890165329
