Index,Activation Value
48631,0.5402265787124634
95653,0.4405464828014374
50594,0.19492140412330627
