Index,Activation Value
70349,0.04363345727324486
33336,0.035080671310424805
83828,0.021600548177957535
13090,0.01994282566010952
28910,0.01697809435427189
56725,0.015593323856592178
66000,0.013274368830025196
70776,0.011236434802412987
50439,0.011044071055948734
52008,0.010849973186850548
