Index,Activation Value
60631,0.1322104036808014
33336,0.08786015957593918
96758,0.08303259313106537
8251,0.07780490815639496
20663,0.07224023342132568
104537,0.07121841609477997
64204,0.06822500377893448
29372,0.06061786785721779
56725,0.05618424341082573
35254,0.052082743495702744
