Index,Activation Value
27547,0.319324791431427
8019,0.28802385926246643
9816,0.2710861265659332
29465,0.2597261071205139
8080,0.25466594099998474
43197,0.23992379009723663
42887,0.23605771362781525
32727,0.23272116482257843
45313,0.22828547656536102
1909,0.1954614669084549
