Index,Activation Value
2800,0.16489286720752716
14196,0.15616343915462494
54927,0.14897647500038147
56096,0.14831441640853882
37379,0.14520390331745148
49037,0.14244316518306732
45682,0.1417631357908249
17728,0.1405176967382431
17950,0.13514836132526398
28312,0.1346685290336609
