Index,Activation Value
70349,0.017477350309491158
71879,0.01474304124712944
108688,0.0140672717243433
37498,0.013226782903075218
59080,0.012071548029780388
65367,0.011286535300314426
26058,0.009775752201676369
82590,0.009306608699262142
13278,0.008051559329032898
25887,0.007885578088462353
