Index,Activation Value
13090,0.22832262516021729
56725,0.178169846534729
28910,0.16120687127113342
60631,0.14504237473011017
107995,0.12341360747814178
97407,0.11137689650058746
37498,0.11049257218837738
103694,0.11039642989635468
70349,0.10888362675905228
86538,0.09872220456600189
