Index,Activation Value
13090,0.0018128901720046997
104537,0.0006327441660687327
