Index,Activation Value
38127,0.05169332027435303
218,0.05085607245564461
53589,0.04951857030391693
38247,0.04644524306058884
56554,0.04184458777308464
1838,0.04038415476679802
773,0.03939471021294594
33011,0.03932996839284897
39547,0.03748823702335358
36875,0.03596869483590126
