Index,Activation Value
56096,0.005021899472922087
28312,0.004310344345867634
47247,0.003381776623427868
4817,0.0027918361593037844
20435,0.002310669282451272
7783,0.002153857843950391
37379,0.002019400941208005
52585,0.0012493882095441222
12929,0.0010643101995810866
48137,0.0008762501529417932
