Index,Activation Value
53579,0.6097109913825989
38924,0.5291864275932312
24298,0.4936169683933258
8080,0.4866541028022766
54138,0.4730534553527832
21467,0.46078628301620483
58249,0.45480453968048096
26778,0.4221629202365875
8019,0.4044807255268097
18000,0.40256553888320923
