Index,Activation Value
77959,0.4793267548084259
43690,0.18753992021083832
38523,0.148030087351799
78729,0.13109146058559418
8746,0.09775876998901367
99902,0.03403043746948242
