Index,Activation Value
39450,0.15043602883815765
48137,0.14785662293434143
34397,0.1302253156900406
21019,0.11546768993139267
3689,0.10734058171510696
6190,0.10449495911598206
7152,0.09982595592737198
42296,0.09782218188047409
36598,0.0977887287735939
14196,0.09605197608470917
