Index,Activation Value
27912,0.08299163728952408
66371,0.06596459448337555
65877,0.05342768132686615
104537,0.05145940184593201
72088,0.045685429126024246
25887,0.040491748601198196
44818,0.03830073028802872
38274,0.03803105279803276
36438,0.028251029551029205
71180,0.026719102635979652
