Index,Activation Value
74354,0.008739007636904716
37498,0.008694606833159924
60806,0.00861185509711504
868,0.008424429222941399
70776,0.007496284786611795
7682,0.007001431658864021
7351,0.006243554875254631
42493,0.005908237304538488
92547,0.005747486371546984
54956,0.005708526819944382
