Index,Activation Value
1267,0.02242068201303482
36173,0.02078268863260746
92547,0.018373874947428703
12344,0.016390809789299965
92876,0.016041044145822525
22202,0.016016969457268715
90842,0.015619337558746338
11313,0.015198957175016403
24604,0.014786395244300365
28425,0.014749046415090561
