Index,Activation Value
26973,0.02119147591292858
36473,0.018709193915128708
14433,0.018665436655282974
34367,0.01862713135778904
37711,0.01748228631913662
34734,0.01707071252167225
27408,0.016468988731503487
36103,0.015120435506105423
24898,0.014548281207680702
17265,0.014519354328513145
