Index,Activation Value
36212,0.012790440581738949
8396,0.011654303409159184
56855,0.004865678492933512
29340,0.0026960461400449276
