Index,Activation Value
91875,2.072758913040161
34454,2.0179779529571533
5347,1.5079232454299927
86208,1.2951219081878662
102147,1.108742594718933
74466,1.0226110219955444
71872,0.8517319560050964
42493,0.8133894801139832
34655,0.7633366584777832
46468,0.6554207801818848
