Index,Activation Value
33011,0.021980512887239456
26778,0.0160700511187315
38924,0.013743464834988117
15397,0.00463175168260932
27683,0.004180185031145811
36212,0.003415335901081562
29340,0.003183477558195591
8396,0.002528970129787922
30430,0.002516633365303278
19701,0.0016769146313890815
