Index,Activation Value
56855,0.022655809298157692
54227,0.02217727340757847
37903,0.016242727637290955
49406,0.013305616565048695
14682,0.010006430558860302
10080,0.009797428734600544
20635,0.00949954241514206
12929,0.009246633388102055
53404,0.009097746573388577
7783,0.008312368765473366
