Index,Activation Value
29340,0.2944079041481018
56855,0.27753645181655884
8396,0.26908040046691895
43197,0.2606688439846039
24298,0.2595812976360321
8019,0.24259717762470245
29465,0.23102813959121704
36212,0.2102934867143631
54138,0.20766189694404602
566,0.19068342447280884
