Index,Activation Value
35254,0.007654391694813967
22092,0.007091910112649202
108542,0.005464255344122648
48529,0.004510733298957348
93685,0.004193578381091356
42493,0.004089506343007088
31017,0.0034841960296034813
88937,0.0019921285565942526
