Index,Activation Value
88571,0.027342600747942924
27438,0.020295079797506332
80233,0.01743893325328827
20663,0.015470476821064949
1267,0.015408581122756004
83828,0.014153500087559223
52683,0.013211732730269432
104537,0.011759678833186626
25849,0.011340434662997723
6156,0.009685520082712173
