Index,Activation Value
7644,0.4366666376590729
10836,0.4255945384502411
53603,0.417279988527298
51130,0.23152503371238708
41047,0.16418306529521942
55198,0.14003407955169678
49869,0.12254223227500916
7643,0.10432978719472885
51277,0.09671308845281601
49646,0.08413716405630112
