Index,Activation Value
100195,1.530200719833374
77172,1.3387969732284546
110573,1.2861411571502686
52959,1.2717877626419067
45591,1.2641578912734985
91717,1.2423462867736816
61836,1.142257809638977
107270,1.0164554119110107
57823,1.0033817291259766
44112,0.9740907549858093
