Index,Activation Value
38924,0.25680431723594666
24298,0.2431698590517044
54138,0.2428836226463318
8080,0.2388528734445572
53579,0.2315126210451126
21467,0.22066864371299744
8019,0.21722780168056488
1909,0.20238816738128662
26778,0.18357780575752258
44569,0.18350960314273834
