Index,Activation Value
24298,0.13493561744689941
8019,0.1336815059185028
8080,0.1197056919336319
54138,0.09601311385631561
44569,0.0950513705611229
18000,0.07128944993019104
27547,0.06770291924476624
1909,0.06702761352062225
42887,0.05128972604870796
22371,0.04600789025425911
