Index,Activation Value
13090,0.009365257807075977
88571,0.0006940140156075358
