Index,Activation Value
54956,0.09267333894968033
3878,0.08664944022893906
35254,0.08325230330228806
40355,0.07876006513834
84018,0.07716195285320282
73306,0.06872305274009705
31199,0.06829266250133514
70776,0.0652318075299263
22092,0.06129349768161774
38717,0.06005718186497688
