Index,Activation Value
58249,0.00955235492438078
53579,0.00847147312015295
43054,0.0013959764037281275
38924,8.060951950028539e-05
