Index,Activation Value
24298,0.17117302119731903
8080,0.14352764189243317
36473,0.1434338539838791
8019,0.13311153650283813
54138,0.12059858441352844
22371,0.11328408867120743
18000,0.09465757757425308
21467,0.09440875053405762
29340,0.0938630923628807
54222,0.09380315244197845
