Index,Activation Value
56855,0.6449639201164246
36212,0.6059316992759705
29340,0.5882179737091064
8396,0.5707657933235168
21467,0.4520378112792969
25657,0.403925359249115
53582,0.3576383590698242
45313,0.34761539101600647
55023,0.33737146854400635
24298,0.3312661051750183
