Index,Activation Value
13090,0.049591511487960815
37498,0.036438342183828354
97407,0.027241017669439316
56725,0.026576925069093704
104537,0.01854921691119671
17608,0.018438223749399185
52183,0.017476046457886696
70349,0.016706863418221474
83828,0.016486603766679764
22230,0.01576942577958107
