Index,Activation Value
36173,0.11709203571081161
99629,0.08622556924819946
28425,0.08487702161073685
70349,0.07691442221403122
37498,0.06967303901910782
56725,0.06934545934200287
111478,0.06637712568044662
54896,0.06539490818977356
95312,0.06372586637735367
60631,0.05892372876405716
