Index,Activation Value
13090,0.17311449348926544
70349,0.14442245662212372
52426,0.14208662509918213
83828,0.12318874150514603
88571,0.11731689423322678
95312,0.09582629799842834
52683,0.09506022185087204
17902,0.09478575736284256
33336,0.09284917265176773
56725,0.07839524000883102
