Index,Activation Value
21467,0.20226623117923737
38432,0.14440439641475677
27547,0.13907916843891144
9816,0.13267983496189117
8019,0.1322169303894043
24298,0.1300930678844452
53579,0.1270887851715088
19868,0.1268225908279419
42887,0.1240512803196907
32727,0.12384530901908875
