Index,Activation Value
579,0.008101976476609707
38432,0.006800041068345308
19868,0.004819258116185665
38247,0.0042209201492369175
35033,0.0033759637735784054
5476,0.0032931347377598286
54222,0.0032057117205113173
38924,0.002901043277233839
36473,0.0026717258151620626
9816,0.002484274795278907
