Index,Activation Value
21467,0.31644201278686523
38432,0.15949879586696625
43178,0.15011784434318542
25657,0.1243705302476883
41844,0.11739601939916611
9107,0.11533166468143463
29340,0.10999104380607605
47257,0.10929589718580246
55023,0.10845736414194107
29465,0.1044277623295784
