Index,Activation Value
64204,0.03087947703897953
88295,0.029568899422883987
107558,0.027651092037558556
50022,0.019866418093442917
28425,0.019745204597711563
35913,0.01882786862552166
67013,0.018448056653141975
54956,0.018397502601146698
60631,0.018268106505274773
56725,0.018176265060901642
