Index,Activation Value
45682,1.2421433925628662
22737,0.63974529504776
56273,0.4602397084236145
44650,0.3683389723300934
20428,0.3640877306461334
54927,0.29620832204818726
35183,0.20585738122463226
44208,0.022236457094550133
