Index,Activation Value
16807,0.08018343895673752
17608,0.07202701270580292
716,0.05847172066569328
8914,0.05447940528392792
107310,0.05183381959795952
84869,0.05117686837911606
102181,0.04941744729876518
26376,0.04665517807006836
57106,0.04515087231993675
35831,0.044602036476135254
