Index,Activation Value
33336,0.10512019693851471
35254,0.0919630378484726
17608,0.09112606197595596
64204,0.0647912472486496
108688,0.06330183148384094
108207,0.05881816893815994
6156,0.057364702224731445
27191,0.05684825778007507
36421,0.05661593750119209
8826,0.056600093841552734
