Index,Activation Value
53579,0.0315956249833107
27547,0.026540029793977737
36212,0.024688851088285446
8080,0.023623600602149963
38924,0.022153550758957863
56855,0.02057551220059395
8396,0.020559659227728844
32727,0.01916903629899025
24298,0.017789989709854126
29340,0.017744584009051323
