Index,Activation Value
38924,0.31846025586128235
53579,0.31670942902565
24298,0.28276804089546204
21467,0.2700897753238678
8080,0.2670385241508484
8019,0.2630181610584259
27547,0.25928106904029846
10570,0.2346125692129135
38432,0.23112528026103973
36473,0.2239239513874054
