Index,Activation Value
669,0.3687574863433838
43896,0.26172780990600586
39115,0.24071261286735535
37428,0.20148947834968567
85102,0.18516108393669128
53414,0.0976777970790863
97283,0.09753087908029556
51652,0.07206496596336365
79177,0.0714634358882904
75504,0.02364368550479412
