Index,Activation Value
55343,1.0528150796890259
77688,0.294673889875412
38917,0.013773556798696518
