Index,Activation Value
38924,0.025039028376340866
21467,0.023063899949193
53579,0.02271673083305359
9816,0.014859787188470364
58249,0.014404691755771637
19868,0.00992079172283411
36212,0.00940842553973198
42887,0.008980626240372658
33011,0.00691758468747139
43054,0.005582729820162058
