Index,Activation Value
41843,1.0822780132293701
50680,0.6403006911277771
13853,0.5555436015129089
44208,0.5001800656318665
1305,0.3262198865413666
50792,0.2761285603046417
56273,0.2434808611869812
42403,0.22062039375305176
46148,0.21318461000919342
58295,0.15666434168815613
