Index,Activation Value
18000,0.02303309366106987
24298,0.017898591235280037
53579,0.016302410513162613
59288,0.0161464624106884
38924,0.014598419889807701
36473,0.013651725836098194
58249,0.011422314681112766
56554,0.011413398198783398
26778,0.010405478067696095
36212,0.010014969855546951
