Index,Activation Value
7145,0.016007259488105774
31723,0.014008942991495132
59924,0.006058289669454098
15397,0.004150724969804287
57892,0.003531034104526043
24702,0.0033826876897364855
43197,0.0027332352474331856
20635,0.0022972701117396355
43164,0.0022732545621693134
17999,0.0015015918761491776
