Index,Activation Value
104537,0.08891406655311584
82590,0.08707432448863983
97407,0.07187029719352722
16107,0.0713372454047203
70349,0.060351401567459106
39127,0.05965060368180275
83828,0.057917170226573944
3878,0.055135197937488556
16959,0.053815871477127075
78653,0.05319714546203613
