Index,Activation Value
32757,0.18037623167037964
51614,0.17099513113498688
29465,0.1585228145122528
14721,0.13948504626750946
9187,0.13790161907672882
28855,0.13209840655326843
35215,0.12149357050657272
35684,0.1194312646985054
35033,0.11939025670289993
41410,0.11936499178409576
