Index,Activation Value
43054,0.005333307199180126
19868,0.005025595426559448
29465,0.004243064671754837
20435,0.0036260238848626614
56096,0.003271456342190504
39547,0.003016149625182152
28561,0.0029508231673389673
28312,0.0028989864513278008
9816,0.0028566971886903048
58458,0.0028542494401335716
