Index,Activation Value
8396,0.09834554046392441
56855,0.0976172685623169
38432,0.08594794571399689
25657,0.08559537678956985
21467,0.08018649369478226
4530,0.06468834728002548
33607,0.061876896768808365
29465,0.06046004220843315
52440,0.05339939147233963
53589,0.052755169570446014
