Index,Activation Value
100136,0.8719463348388672
29499,0.8580634593963623
101889,0.4898185729980469
70082,0.44711834192276
2871,0.4210827350616455
75504,0.3731216788291931
102538,0.3633739948272705
97434,0.35474205017089844
44448,0.3171001672744751
53574,0.28470584750175476
