Index,Activation Value
88571,0.00683833472430706
12344,0.005578677635639906
14022,0.004167742561548948
96758,0.0031859399750828743
95769,0.0030994336120784283
12589,0.00309156347066164
36173,0.002678945194929838
7866,0.0022630193270742893
15629,0.001888277125544846
102181,0.001720345113426447
