Index,Activation Value
21467,0.09881547093391418
36212,0.07319597154855728
38924,0.070958711206913
29340,0.07041483372449875
56855,0.06873855739831924
8396,0.06861220300197601
26778,0.06631895899772644
53579,0.06306952983140945
33011,0.0619518980383873
8080,0.06076798588037491
