Index,Activation Value
14196,0.04065616428852081
3086,0.03977559134364128
23998,0.03818567097187042
19491,0.035847555845975876
25738,0.03397972881793976
43838,0.03321599215269089
6190,0.033011242747306824
37410,0.03281741589307785
53015,0.032560087740421295
43337,0.03253784775733948
