Index,Activation Value
21467,0.0035625107120722532
27547,0.002090746769681573
8080,4.959161378792487e-05
