Index,Activation Value
38127,0.008843889459967613
31141,0.0015318705700337887
48383,0.0008221826865337789
