Index,Activation Value
773,0.03461063280701637
59868,0.021741151809692383
2390,0.009549355134367943
38764,0.00833075400441885
23367,0.005511591676622629
26174,0.0045655760914087296
52106,0.0029693569522351027
31021,0.002959431614726782
13604,0.002013841411098838
19907,0.0019741791766136885
