Index,Activation Value
13833,0.5342196822166443
96758,0.2992970049381256
22625,0.22788339853286743
1337,0.2231258749961853
53505,0.05427644029259682
