Index,Activation Value
36473,0.02526463009417057
54138,0.02019050158560276
24298,0.014816321432590485
8019,0.013356012292206287
22371,0.00911644659936428
8080,0.006067981012165546
17428,0.005784587934613228
19868,0.005495460703969002
21467,0.00478762574493885
44569,0.004274597857147455
