Index,Activation Value
71879,0.011729571968317032
16107,0.008309089578688145
49456,0.008095262572169304
27858,0.0070929937064647675
55779,0.005748171359300613
15037,0.005276271142065525
24919,0.004592214711010456
105073,0.00448561878874898
47061,0.004039453342556953
57937,0.0035586163867264986
