Index,Activation Value
20663,0.01517945621162653
96758,0.012863150797784328
80233,0.01237818319350481
22227,0.0033597773872315884
80813,0.0021397098898887634
57937,0.001012167427688837
99763,0.0008091985364444554
101572,0.0007409851532429457
60806,0.0001647754543228075
3082,6.423237209673971e-05
