Index,Activation Value
58249,0.10657500475645065
53579,0.07700449973344803
56855,0.06970256567001343
29340,0.061662983149290085
8396,0.053937677294015884
38924,0.05085929483175278
56554,0.04445508122444153
38247,0.04208342358469963
38127,0.03909239172935486
43054,0.039089933037757874
