Index,Activation Value
25657,0.0056653800420463085
13743,0.004622185602784157
53579,0.004492489621043205
38924,0.004209703300148249
30430,0.0027234372682869434
57551,0.0013031812850385904
43054,0.0011261746985837817
38340,0.0010788316139951348
47257,0.0010485361563041806
58249,0.0003846307808998972
