Index,Activation Value
33011,0.009111428633332253
29340,0.0074518839828670025
9816,0.006413324736058712
36212,0.0058301715180277824
53579,0.004751225467771292
8019,0.004723426420241594
54138,0.0042021311819553375
21467,0.004092960152775049
8396,0.003924321848899126
56855,0.0036272513680160046
