Index,Activation Value
88571,0.024528346955776215
56725,0.02295767515897751
36173,0.022077355533838272
37498,0.02148660272359848
28910,0.021225282922387123
52683,0.018095655366778374
6156,0.016456609591841698
97407,0.0164185781031847
2279,0.014865298755466938
80813,0.014138191007077694
