Index,Activation Value
36473,0.017388522624969482
1909,0.015882348641753197
24298,0.014074521139264107
33011,0.012734610587358475
26778,0.009688446298241615
13179,0.009605110622942448
21467,0.008901539258658886
44569,0.00867109838873148
51614,0.006528535392135382
54138,0.0036223595961928368
