Index,Activation Value
36473,0.016993995755910873
58458,0.009130831807851791
32704,0.0056179361417889595
44208,0.004813090432435274
22403,0.003301953198388219
34397,0.0029823125805705786
23770,0.0024130598176270723
51163,0.0021645361557602882
48137,0.0011649992084130645
