Index,Activation Value
14022,0.09448990970849991
95051,0.0749480128288269
39257,0.07090438157320023
14983,0.06774953752756119
53715,0.06663703918457031
12589,0.06038012355566025
12942,0.05735328793525696
89026,0.05665529519319534
79383,0.05537578836083412
88295,0.05481242388486862
