Index,Activation Value
60301,1.076772689819336
100954,1.0056400299072266
52076,0.6329445242881775
92077,0.6021842956542969
47448,0.5797296166419983
22092,0.5773739814758301
103438,0.5255304574966431
108661,0.448589026927948
79131,0.35491618514060974
87758,0.34132832288742065
