Index,Activation Value
8396,0.09219992160797119
56855,0.08504023402929306
36212,0.07233046740293503
7145,0.06995895504951477
35684,0.06990072876214981
4987,0.06663644313812256
29340,0.06464376300573349
59924,0.06306059658527374
53582,0.05745861306786537
13158,0.05624040216207504
