Index,Activation Value
16107,0.10041061788797379
50116,0.060384467244148254
39127,0.06024075672030449
24235,0.05816373601555824
62757,0.049990326166152954
108688,0.04848041757941246
39883,0.04752048850059509
24604,0.04437302425503731
96758,0.043535735458135605
35254,0.04161323234438896
