Index,Activation Value
55625,0.13904449343681335
55023,0.12211881577968597
11450,0.1134893074631691
45682,0.09899202734231949
57753,0.09470480680465698
15397,0.08551464229822159
40580,0.08280109614133835
3932,0.08236590772867203
23400,0.07614317536354065
24565,0.07611735165119171
