Index,Activation Value
41019,0.5300914645195007
31882,0.1351565718650818
20794,0.11989529430866241
9382,0.10555735975503922
49291,0.002021234715357423
