Index,Activation Value
21549,0.002211309038102627
90842,0.0017817117040976882
27789,0.001593453111127019
93364,0.001475613098591566
87758,0.0013741053408011794
72094,0.0012741703540086746
18272,0.0011798534542322159
17690,0.0011612894013524055
66289,0.0011445051059126854
91875,0.0011258726008236408
