Index,Activation Value
83828,0.0916876345872879
104537,0.08695514500141144
30064,0.08498244732618332
17902,0.08373209834098816
17608,0.07828784734010696
12589,0.07485023885965347
103824,0.07281877845525742
37498,0.0696926862001419
55040,0.06865423172712326
6550,0.06856651604175568
