Index,Activation Value
72094,0.08843886852264404
92077,0.08268299698829651
63669,0.07776287943124771
55426,0.07582362741231918
36398,0.06700572371482849
4825,0.06652529537677765
80813,0.06576596200466156
71543,0.06032354384660721
43247,0.05920674279332161
103824,0.0569726899266243
