Index,Activation Value
27438,0.10314970463514328
60631,0.09698913991451263
64204,0.09446043521165848
52426,0.09393572807312012
92077,0.08369200676679611
111011,0.08249233663082123
9293,0.08155766874551773
31017,0.07518405467271805
96758,0.06813879311084747
7106,0.06764207035303116
