Index,Activation Value
2059,0.6357863545417786
10429,0.4271417260169983
17294,0.42419618368148804
50139,0.4123536944389343
40128,0.344303697347641
32086,0.34427115321159363
5984,0.32594168186187744
41266,0.27891018986701965
13816,0.2225308120250702
18676,0.2089879959821701
