Index,Activation Value
36212,0.6219890713691711
56855,0.5894068479537964
8396,0.5831758379936218
29340,0.5324217081069946
21467,0.5017400979995728
38432,0.44238075613975525
25657,0.4411952495574951
53579,0.38325318694114685
4530,0.3560487627983093
38340,0.35011011362075806
