Index,Activation Value
59924,0.19800309836864471
39207,0.1204066127538681
3932,0.12002051621675491
31684,0.11391144245862961
55625,0.11200904101133347
4417,0.11040575057268143
43164,0.0992879867553711
29475,0.09773015975952148
48477,0.09710750728845596
15670,0.09416428208351135
