Index,Activation Value
24409,0.13711778819561005
43054,0.1167173683643341
31904,0.11113549023866653
33011,0.11002888530492783
25087,0.09708160161972046
52735,0.08876297622919083
17455,0.08761058747768402
43514,0.08515087515115738
14147,0.08164089173078537
38945,0.08124905079603195
