Index,Activation Value
44569,3.222480297088623
21467,3.170742988586426
53579,2.6057422161102295
1859,2.3019940853118896
41844,2.1947219371795654
1909,2.1882121562957764
38924,2.0605876445770264
38340,1.9020135402679443
8080,1.713771104812622
43178,1.6064597368240356
