Index,Activation Value
64204,0.019953439012169838
28910,0.01993376575410366
101572,0.019481588155031204
110712,0.018928751349449158
27438,0.01879783719778061
50439,0.01430716272443533
111011,0.014281944371759892
42482,0.013922407291829586
87200,0.013129282742738724
16107,0.012504437938332558
