Index,Activation Value
83828,0.12756012380123138
55426,0.11380727589130402
72094,0.08095484226942062
12344,0.07874482125043869
6156,0.07680392265319824
50439,0.07157877832651138
44818,0.07120444625616074
66289,0.07104194909334183
92077,0.07081820070743561
25887,0.06827257573604584
