Index,Activation Value
33011,0.030458346009254456
36212,0.02950209751725197
56855,0.02937335893511772
21467,0.025659969076514244
45313,0.02410873770713806
8396,0.022823471575975418
29340,0.022259842604398727
19868,0.02036341279745102
27547,0.018893472850322723
32727,0.018108127638697624
