Index,Activation Value
104537,2.87184739112854
20663,1.613853931427002
84018,1.24080491065979
36398,1.1403381824493408
53847,1.0701782703399658
37530,1.0525920391082764
62430,0.9917033910751343
48398,0.9243553280830383
17790,0.9093430638313293
98285,0.895353376865387
