Index,Activation Value
21467,0.007485301233828068
8080,0.004012972116470337
38432,0.003548821434378624
44569,0.002197484252974391
53579,0.00198734481818974
38924,0.001311726518906653
54138,0.0010308220516890287
8019,0.0009968688245862722
