Index,Activation Value
26058,0.08571052551269531
107551,0.07262992113828659
90842,0.06958537548780441
88571,0.06777279078960419
71812,0.06426221132278442
103991,0.06413162499666214
36949,0.06348443031311035
107925,0.06295325607061386
592,0.06214511767029762
87758,0.060480501502752304
