Index,Activation Value
53531,0.7480655908584595
54882,0.3095022737979889
31263,0.258123517036438
102191,0.0934653952717781
