Index,Activation Value
13090,0.17947737872600555
56725,0.16953618824481964
60631,0.1424175649881363
54896,0.12246083468198776
33336,0.09510166943073273
96758,0.09426745027303696
70349,0.08679229766130447
37498,0.08629816025495529
28425,0.08558573573827744
27438,0.07224207371473312
