Index,Activation Value
8019,0.3491685688495636
24298,0.34486624598503113
44569,0.3406766653060913
27547,0.2849952280521393
9816,0.2623274326324463
8080,0.24081368744373322
1859,0.23131179809570312
18000,0.21739478409290314
42887,0.20717237889766693
53579,0.20235101878643036
