Index,Activation Value
21467,0.3498044013977051
38432,0.34308627247810364
36212,0.3168042302131653
56855,0.3139982521533966
24298,0.3098708391189575
29340,0.3069446384906769
8396,0.30208954215049744
27547,0.23442189395427704
38340,0.19415836036205292
36473,0.18940185010433197
