Index,Activation Value
36473,0.005904821213334799
38127,0.0008453147602267563
1909,0.0002505259762983769
17428,0.00022060959599912167
