Index,Activation Value
8080,0.4365479052066803
24298,0.42866870760917664
44569,0.4089202582836151
38924,0.37136173248291016
26778,0.33850768208503723
53579,0.3182838261127472
33011,0.3122619688510895
36473,0.3085181415081024
8019,0.3017990291118622
1909,0.2963342070579529
