Index,Activation Value
92077,0.04491433873772621
18680,0.03940349072217941
61123,0.03485594689846039
87758,0.032230835407972336
108542,0.03207164630293846
55426,0.03066960535943508
70776,0.027666373178362846
59080,0.02757207304239273
47448,0.02608480304479599
52183,0.026069194078445435
