Index,Activation Value
44929,0.5754502415657043
84667,0.3348231017589569
22329,0.24428167939186096
51087,0.23176820576190948
13797,0.09857793152332306
15485,0.07380694895982742
101757,0.05838162079453468
102707,0.040632233023643494
