Index,Activation Value
36173,0.021554628387093544
92077,0.014314993284642696
60631,0.013918928802013397
37498,0.013599049299955368
33336,0.012800040654838085
88384,0.012480612844228745
66289,0.011316628195345402
22092,0.01047804020345211
14983,0.009441507048904896
83828,0.008877524174749851
