Index,Activation Value
21467,0.009304937906563282
53579,0.0026635448448359966
8080,0.002529533114284277
8019,0.0018125367350876331
38924,0.0016973760211840272
18000,0.0016850113170221448
58249,0.0015657144831493497
1909,0.0010283994488418102
59288,0.00025074309087358415
32727,0.00015532321413047612
