Index,Activation Value
70349,0.02308622933924198
36173,0.019921258091926575
62662,0.016363883391022682
37498,0.01570318080484867
98149,0.014522736892104149
104537,0.013140649534761906
65958,0.011574476957321167
44123,0.011263827793300152
88295,0.010501429438591003
64204,0.009701218456029892
