Index,Activation Value
38127,0.006409821566194296
4055,0.006190474145114422
7145,0.0049624331295490265
31723,0.004869102034717798
11478,0.00433788588270545
55023,0.00427058944478631
33011,0.0038778954185545444
45313,0.003495233366265893
39787,0.0034191699232906103
47009,0.0033620530739426613
