Index,Activation Value
51614,0.13574554026126862
59868,0.12297356128692627
7125,0.12077009677886963
35684,0.11029724031686783
49406,0.10923535376787186
54222,0.10746010392904282
579,0.10601653903722763
14040,0.10553115606307983
16549,0.10511787235736847
14196,0.10429172962903976
