Index,Activation Value
66487,0.4480190873146057
91875,0.3962147831916809
81190,0.26543694734573364
66575,0.1955070048570633
102147,0.1828092634677887
98914,0.08165629953145981
71872,0.064996637403965
