Index,Activation Value
104537,0.020118214190006256
16107,0.019878080114722252
28425,0.01850925013422966
84018,0.014529924839735031
92077,0.013684457167983055
852,0.012267500162124634
59998,0.011532261036336422
94608,0.009790447540581226
39127,0.008221318945288658
95769,0.0070553310215473175
