Index,Activation Value
38924,0.03966803848743439
53579,0.039139825850725174
8080,0.037622999399900436
54138,0.03450030833482742
33011,0.03388398140668869
21467,0.03238559886813164
29340,0.03203531727194786
43197,0.029196172952651978
26778,0.02821289375424385
38432,0.027896441519260406
