Index,Activation Value
51614,0.20516644418239594
56855,0.20305006206035614
7145,0.18703332543373108
8396,0.17552097141742706
29340,0.17021574079990387
16549,0.13167138397693634
16403,0.11758527904748917
25657,0.11719588190317154
14756,0.11636527627706528
43178,0.11626597493886948
