Index,Activation Value
14022,0.018519261851906776
11313,0.0157831571996212
61123,0.014315931126475334
47448,0.013047185726463795
66289,0.012688830494880676
92077,0.012069887481629848
14983,0.011271958239376545
72094,0.010783357545733452
6156,0.009588810615241528
55426,0.009187388233840466
