Index,Activation Value
7145,0.03464585170149803
773,0.0296977236866951
16549,0.024193326011300087
43054,0.017364049330353737
4930,0.014209534972906113
55867,0.010432410053908825
4417,0.009979055263102055
9049,0.009848196990787983
40862,0.009359881281852722
59924,0.006186859682202339
