Index,Activation Value
21467,0.2907330393791199
27547,0.22719505429267883
8396,0.2206658571958542
36212,0.21226730942726135
38432,0.18408812582492828
29340,0.17416518926620483
55023,0.1686316281557083
773,0.16076435148715973
56855,0.15829400718212128
38340,0.15755559504032135
