Index,Activation Value
60631,0.13131366670131683
104537,0.10604249686002731
37498,0.09680668264627457
49456,0.09281878173351288
105492,0.08554098755121231
28910,0.08327080309391022
87491,0.08116128295660019
96758,0.08002377301454544
14022,0.07351351529359818
48473,0.07173430919647217
