Index,Activation Value
56725,0.026829522103071213
16107,0.024343527853488922
12344,0.023838452994823456
29372,0.02303079515695572
52426,0.022574475035071373
107995,0.022403866052627563
26012,0.019473029300570488
102181,0.01837024837732315
83828,0.015725556761026382
90842,0.013966782949864864
