Index,Activation Value
38127,0.007934738881886005
4530,0.0018563837511464953
26937,0.0016143576940521598
44208,0.0015417899703606963
56554,0.0004673270450439304
