Index,Activation Value
29340,0.01735513284802437
56855,0.015870243310928345
36212,0.014565950259566307
55023,0.012298410758376122
25657,0.0102910827845335
53582,0.008929723873734474
8396,0.008596785366535187
14826,0.008377381600439548
19339,0.007598560303449631
8080,0.006890518590807915
