Index,Activation Value
109825,1.9958614110946655
98135,1.3705474138259888
30619,1.1003384590148926
87098,0.9383504390716553
27177,0.8606794476509094
76843,0.8495088815689087
8252,0.8464007377624512
6245,0.7133046984672546
71932,0.47856077551841736
21359,0.4739118218421936
