Index,Activation Value
12023,0.003508578520268202
8349,0.0034896181896328926
43054,0.0032966400031000376
36473,0.0032752128317952156
54222,0.002861554268747568
24298,0.002645177533850074
15111,0.0014576148241758347
56505,0.000471768609713763
57163,0.0004359149606898427
5476,0.0001752569223754108
