Index,Activation Value
84113,2.019472599029541
104176,1.5102553367614746
89335,1.0972137451171875
101647,0.829010546207428
82074,0.7955883145332336
27775,0.6837576031684875
55347,0.6475640535354614
77347,0.5837365984916687
106348,0.5536127090454102
5948,0.5472402572631836
