Index,Activation Value
90842,0.013953465037047863
19627,0.012950739823281765
44818,0.012182993814349174
111011,0.010727615095674992
96758,0.010663049295544624
95769,0.008914420381188393
12,0.007896589115262032
62757,0.005892228335142136
29450,0.005692365579307079
73855,0.005481906700879335
