Index,Activation Value
36212,0.03833127021789551
8396,0.023084010928869247
56855,0.019996220245957375
29340,0.01955440454185009
4530,0.01866692677140236
25657,0.018446987494826317
33011,0.013059751130640507
29465,0.009228557348251343
773,0.007517717778682709
43115,0.007394240703433752
