Index,Activation Value
88571,0.17506012320518494
13090,0.14841228723526
28425,0.0981573611497879
9293,0.09624489396810532
37498,0.07873445749282837
52426,0.06618353724479675
17608,0.060198813676834106
22202,0.05817416310310364
30064,0.057213157415390015
49456,0.054636918008327484
