Index,Activation Value
38247,0.04906045272946358
56554,0.03910544142127037
11478,0.03407905250787735
17939,0.031551286578178406
7145,0.030787477269768715
31056,0.030567089095711708
20435,0.027508923783898354
44743,0.02735031023621559
27399,0.024107905104756355
49406,0.02191874012351036
