Index,Activation Value
24298,0.010250257328152657
21467,0.010011497884988785
53579,0.008194409310817719
1909,0.007566994987428188
54138,0.006511655170470476
44569,0.00599641865119338
8019,0.005989594850689173
9816,0.005514198914170265
32727,0.004256357438862324
27547,0.004221221897751093
