Index,Activation Value
24298,0.19448596239089966
25800,0.15612050890922546
8019,0.12107652425765991
42887,0.10264749825000763
9816,0.0972747728228569
2390,0.0962841808795929
29465,0.09195613861083984
9769,0.08611276745796204
59069,0.07587429881095886
34150,0.06963641941547394
