Index,Activation Value
54138,0.0036855849903076887
36212,0.0015097602736204863
