Index,Activation Value
21467,0.5852724313735962
56855,0.46099141240119934
53579,0.44857853651046753
36212,0.4378417730331421
38432,0.395719438791275
8396,0.37932389974594116
26778,0.3791808485984802
38924,0.3642822802066803
24298,0.3527770936489105
54138,0.343047559261322
