Index,Activation Value
9816,0.3328753113746643
8019,0.2944846749305725
29465,0.2914082705974579
43197,0.2586272358894348
32727,0.2334725260734558
44569,0.22416511178016663
8396,0.19931936264038086
56855,0.1946774572134018
57551,0.19108162820339203
27547,0.181685671210289
