Index,Activation Value
29340,2.107027292251587
56855,1.1079716682434082
44569,0.924060583114624
8396,0.863500714302063
27547,0.8243874311447144
55023,0.7818095684051514
36212,0.49677422642707825
21467,0.23492328822612762
53582,0.17993201315402985
24565,0.1516939103603363
