Index,Activation Value
17902,0.03383757174015045
35254,0.027055392041802406
17608,0.02570370025932789
71879,0.024857524782419205
88571,0.024817828088998795
16089,0.022985830903053284
90842,0.019028667360544205
14983,0.0185835137963295
55779,0.017770275473594666
41210,0.017527563497424126
