Index,Activation Value
38924,0.009743403643369675
36212,0.004969695117324591
53579,0.004941895138472319
24298,0.003785991808399558
21467,0.0033373890910297632
26778,0.0023979637771844864
29340,0.0019141326192766428
44569,0.0014040075475350022
33011,0.0007385287899523973
8019,0.0002865633287001401
