Index,Activation Value
44931,0.40461406111717224
85304,0.331350713968277
99387,0.08082809299230576
