Index,Activation Value
43054,0.3123027980327606
32881,0.1363532692193985
7145,0.12879720330238342
39547,0.12676358222961426
2354,0.11242086440324783
4930,0.1113356202840805
23665,0.1056995764374733
59924,0.09223850816488266
43164,0.08789923787117004
34091,0.08097996562719345
