Index,Activation Value
38127,0.014834645204246044
29340,0.010158178396522999
30430,0.006357961799949408
8396,0.005498018581420183
39787,0.005220609717071056
19701,0.004862900357693434
54944,0.004742959514260292
40668,0.0037536947056651115
36598,0.003566540777683258
21019,0.0033562674652785063
