Index,Activation Value
17648,0.26105862855911255
37729,0.25950610637664795
35163,0.04777202382683754
