Index,Activation Value
36212,0.002103387610986829
21467,0.002086029155179858
29340,0.001864340272732079
8396,0.001845292397774756
53579,0.0016855652211233974
8080,0.0016796272248029709
56855,0.0016098569612950087
54138,0.001467422116547823
27547,0.0011906672734767199
24298,0.0008306452655233443
