Index,Activation Value
38924,0.8400761485099792
53579,0.7383230924606323
21467,0.7125194668769836
58249,0.6992990970611572
33011,0.6097037196159363
1909,0.6039514541625977
26778,0.5558212995529175
44569,0.5527859330177307
36473,0.5487431883811951
54138,0.5439255237579346
