Index,Activation Value
13090,0.0278970617800951
56725,0.0223822221159935
88571,0.013323481194674969
89903,0.01202395185828209
42812,0.01119679119437933
29623,0.01091502234339714
28425,0.01073120255023241
52426,0.010221952572464943
111154,0.009797226637601852
55426,0.008677146397531033
