Index,Activation Value
8019,3.9893405437469482
18000,3.9743926525115967
8080,3.8303158283233643
43197,3.7425596714019775
54138,3.308688163757324
38046,3.2819013595581055
32727,3.262407064437866
218,3.1801559925079346
27547,3.1604912281036377
56481,3.0861053466796875
