Index,Activation Value
7680,0.03167736902832985
20435,0.031145920976996422
14196,0.03097565844655037
56096,0.030660539865493774
22353,0.028759503737092018
16956,0.028553539887070656
37379,0.028270764276385307
11450,0.027928583323955536
47009,0.027889413759112358
21191,0.027737345546483994
