Index,Activation Value
107558,0.02545998990535736
22227,0.015988944098353386
20663,0.014445248991250992
28425,0.008456449024379253
100884,0.007567248772829771
98149,0.00755407614633441
96065,0.007525152526795864
95769,0.007180177606642246
852,0.006088476628065109
66575,0.005900137592107058
