Index,Activation Value
27547,0.4229719936847687
21467,0.33626049757003784
8080,0.3345125615596771
8019,0.31666162610054016
9816,0.31293967366218567
32727,0.30540770292282104
45313,0.3026319146156311
38432,0.2754274904727936
53579,0.25583308935165405
26778,0.25029945373535156
