Index,Activation Value
32139,1.3993868827819824
65483,1.3608275651931763
92881,1.347460389137268
109584,1.3204517364501953
6902,1.2592236995697021
55581,1.053236484527588
9973,1.0413782596588135
23356,1.03131902217865
16959,1.016317367553711
5827,1.0094249248504639
