Index,Activation Value
44569,0.04562973976135254
35367,0.025035036727786064
3689,0.02474343590438366
13411,0.022438926622271538
14196,0.021969694644212723
44036,0.021617811173200607
13473,0.020977988839149475
47009,0.020833978429436684
17950,0.020661959424614906
4930,0.019060079008340836
