Index,Activation Value
773,0.1757718026638031
9049,0.0864282101392746
59924,0.08202219009399414
59868,0.054791562259197235
31684,0.05459758639335632
50144,0.04597854241728783
13995,0.04522514343261719
14960,0.04419306665658951
39837,0.04408904165029526
13380,0.040514059364795685
