Index,Activation Value
43541,0.0039680819027125835
28688,0.0035299109295010567
57753,0.0019560607615858316
19339,0.0016940610948950052
10382,0.001585654797963798
51351,0.000800133275333792
34067,0.0006839102134108543
32604,0.00044355622958391905
10685,3.790681512327865e-05
