Index,Activation Value
25657,0.02031669393181801
21467,0.01925492100417614
19868,0.016130639240145683
38340,0.016099829226732254
41844,0.015750378370285034
8396,0.01548521313816309
38432,0.014532573521137238
13743,0.01291173230856657
36625,0.012623886577785015
36944,0.012086684815585613
