Index,Activation Value
89457,2.576453447341919
97534,1.8291634321212769
62913,1.566158413887024
30117,1.3881205320358276
94917,1.3043028116226196
46368,1.2481358051300049
71132,1.21145761013031
60087,1.180667757987976
1013,1.1644564867019653
51262,1.0858924388885498
