Index,Activation Value
24298,0.6613785624504089
8019,0.5760427117347717
36473,0.5388475060462952
44569,0.523067057132721
27547,0.5222524404525757
53579,0.519299328327179
8080,0.5022031664848328
38924,0.4327324628829956
21467,0.39231616258621216
26778,0.37935659289360046
