Index,Activation Value
53582,0.03246951848268509
54927,0.02017250657081604
48346,0.019940713420510292
24565,0.0185844749212265
56096,0.018198514357209206
35968,0.015888864174485207
39207,0.014855372719466686
12929,0.014589443802833557
2792,0.014028355479240417
4817,0.013495296239852905
