Index,Activation Value
33011,0.007250883616507053
25657,0.003793284995481372
8396,0.0037248278968036175
21467,0.0010912027209997177
