Index,Activation Value
21467,1.9461685419082642
38924,0.6320549249649048
53579,0.4834970235824585
33011,0.22691267728805542
14008,0.18030135333538055
