Index,Activation Value
32727,0.015152901411056519
8080,0.013899299316108227
8019,0.010742858983576298
21467,0.01040063239634037
27547,0.007258373778313398
26778,0.006737262010574341
9816,0.006392595823854208
53579,0.006150892935693264
24298,0.004836807027459145
44569,0.0038364643696695566
