Index,Activation Value
56554,0.007907469756901264
58249,0.006610329728573561
59288,0.003630128689110279
56481,0.00047441243077628314
1909,0.00046353499055840075
43197,0.00035774384741671383
