Index,Activation Value
90842,0.014964212663471699
86756,0.013091417029500008
36173,0.010687770321965218
72094,0.00897975917905569
83828,0.00658952072262764
76906,0.005972553510218859
19627,0.005837935023009777
47884,0.005501543637365103
42812,0.005466609261929989
107925,0.0030541480518877506
