Index,Activation Value
88571,0.1844845712184906
70349,0.15722255408763885
33336,0.1456601917743683
25849,0.11462271213531494
13090,0.11335701495409012
89243,0.07653041183948517
52183,0.06975246220827103
14165,0.0631270632147789
17902,0.06209739297628403
53715,0.061132024973630905
