Index,Activation Value
35525,1.7350162267684937
68679,1.64376962184906
104537,1.3015581369400024
103290,1.2174856662750244
28274,1.1362732648849487
50872,0.6728522181510925
102366,0.5299240946769714
94573,0.4996143579483032
78653,0.4748460650444031
6487,0.4669058322906494
