Index,Activation Value
96654,0.7483071684837341
71989,0.5776147246360779
80977,0.4836317002773285
36974,0.3463715612888336
3309,0.2646348178386688
91053,0.061331626027822495
65380,0.024795284494757652
