Index,Activation Value
15489,0.8796632289886475
80813,0.7584712505340576
21403,0.614835798740387
96066,0.540391206741333
37211,0.24891871213912964
66422,0.21922720968723297
