Index,Activation Value
25887,0.07102658599615097
95769,0.067909836769104
100136,0.05647643283009529
17335,0.05644090473651886
31017,0.05124282091856003
85369,0.048070620745420456
96654,0.04715047404170036
35913,0.045818790793418884
48529,0.04529370740056038
52826,0.04386354982852936
