Index,Activation Value
24298,0.0056592863984405994
56855,0.0028053270652890205
33011,0.0023406031541526318
8396,0.0018649229314178228
36212,0.0018136727157980204
54138,0.001210025162436068
21467,0.0004911130527034402
