Index,Activation Value
8396,0.008616744540631771
56855,0.008158658631145954
36212,0.004346373025327921
44569,0.0029865701217204332
29340,0.002028900198638439
33011,0.0011023558909073472
