Index,Activation Value
70512,1.3665974140167236
24864,0.7398601770401001
14093,0.6986947059631348
53437,0.6512123346328735
106917,0.26405757665634155
106869,0.22799506783485413
75022,0.22723717987537384
91576,0.159403994679451
71933,0.08836602419614792
15712,0.0021417641546577215
