Index,Activation Value
33336,0.01999172382056713
56725,0.010552258230745792
107925,0.007459799759089947
37498,0.006532405503094196
66000,0.006107220891863108
96758,0.006019671447575092
83828,0.004674144554883242
7351,0.0020904436241835356
112731,0.001956870313733816
52008,0.001751372474245727
