Index,Activation Value
30430,0.017978986725211143
13743,0.011860111728310585
32727,0.011784130707383156
45313,0.010477717965841293
57551,0.009019376710057259
41844,0.007368767634034157
41994,0.004290187265723944
54138,0.0035255386028438807
40678,0.0029682149179279804
56155,0.0029579943511635065
