Index,Activation Value
42192,0.0028569428250193596
43807,0.0015250035794451833
81064,0.0004793511761818081
