Index,Activation Value
70349,0.0252832043915987
16089,0.018428165465593338
42493,0.018321918323636055
92077,0.018121764063835144
72094,0.016300976276397705
852,0.015958622097969055
36173,0.015585126355290413
96758,0.013601857237517834
66289,0.01323308702558279
71932,0.01303031574934721
