Index,Activation Value
2390,0.010409723035991192
10685,0.006089700385928154
10382,0.005268605891615152
42384,0.003946535289287567
1976,0.003097738139331341
34268,0.0024351009633392096
