Index,Activation Value
56725,0.01909482292830944
60631,0.018285512924194336
70349,0.01160601805895567
13090,0.010513397864997387
28425,0.008917178958654404
104537,0.006324151996523142
99629,0.003291125176474452
