Index,Activation Value
31199,0.007940276525914669
41210,0.00761070754379034
96065,0.007506024092435837
97407,0.0061010331846773624
88571,0.004844491370022297
7306,0.004542679991573095
61123,0.004486939869821072
34454,0.004370145965367556
22230,0.0042712013237178326
23836,0.003841486293822527
