Index,Activation Value
104002,0.6747058033943176
53090,0.17266377806663513
