Index,Activation Value
27840,0.025342455133795738
4055,0.021345872431993484
8702,0.018972182646393776
5556,0.018067164346575737
34331,0.01625659503042698
39787,0.01611524261534214
47009,0.01592458225786686
31723,0.015391073189675808
16551,0.01472944300621748
6473,0.013857584446668625
