Index,Activation Value
64204,0.0758582130074501
33336,0.06055673584342003
67013,0.05753732845187187
66000,0.04941001161932945
6375,0.04853178933262825
100195,0.03713340312242508
91104,0.03449765965342522
100136,0.0320112369954586
6786,0.03183060884475708
5317,0.024832118302583694
