Index,Activation Value
33135,0.4653591513633728
100256,0.23185506463050842
103268,0.023672936484217644
