Index,Activation Value
28425,0.001768677611835301
87758,0.0003926273784600198
