Index,Activation Value
13090,0.12213356792926788
88571,0.098969466984272
28425,0.08547379821538925
96758,0.07564300298690796
56725,0.07152535766363144
36173,0.06390716880559921
17902,0.05681554600596428
27789,0.054899170994758606
28910,0.043984271585941315
54896,0.040512021631002426
