Index,Activation Value
96758,0.00789355393499136
81064,0.0007370024686679244
