Index,Activation Value
33011,0.25898125767707825
29340,0.1982995867729187
8396,0.1675703227519989
56855,0.15557223558425903
53582,0.1385732889175415
55023,0.13522683084011078
31736,0.10227474570274353
36212,0.09777046740055084
3932,0.08559931069612503
24565,0.07668960839509964
