Index,Activation Value
67509,0.07952138036489487
13090,0.07913932204246521
90842,0.07527323812246323
24235,0.07494168728590012
89243,0.07032401859760284
12,0.06962775439023972
111011,0.06699171662330627
27438,0.06329802423715591
19627,0.061739545315504074
18680,0.06157151609659195
