Index,Activation Value
13090,0.025321880355477333
73782,0.021836353465914726
852,0.01476198248565197
24235,0.014616023749113083
80233,0.013951996341347694
48473,0.013461371883749962
107995,0.012531911954283714
75921,0.012227876111865044
15003,0.011524781584739685
90842,0.011417458765208721
