Index,Activation Value
106084,0.5225962996482849
21975,0.36138662695884705
