Index,Activation Value
87491,0.10452691465616226
57877,0.0730271190404892
7682,0.06965842843055725
57225,0.06860553473234177
41162,0.06817486882209778
592,0.06539316475391388
96065,0.0644426941871643
49456,0.06427539139986038
82590,0.06405694037675858
53869,0.06204375997185707
