Index,Activation Value
21467,0.00502850953489542
38924,0.002842412795871496
36212,0.002751713152974844
