Index,Activation Value
43054,0.0594971589744091
29340,0.05103461444377899
20435,0.044928036630153656
31736,0.041926298290491104
49406,0.04157385975122452
3086,0.03804604336619377
27840,0.036750324070453644
18517,0.036409225314855576
22353,0.03632946312427521
17366,0.035815320909023285
