Index,Activation Value
33336,0.10264654457569122
36533,0.08746568858623505
88295,0.08020569384098053
7334,0.07602867484092712
14022,0.07567862421274185
23410,0.0713590532541275
83828,0.06300010532140732
92077,0.06278512626886368
72094,0.062210094183683395
73908,0.05977869778871536
