Index,Activation Value
24409,0.005530457478016615
29475,0.0033364505507051945
50077,0.0025975205935537815
43054,0.001339305774308741
16258,0.00042656692676246166
