Index,Activation Value
38924,0.0353831984102726
53579,0.02842037007212639
58249,0.021238595247268677
26778,0.007023724261671305
8396,0.004439331591129303
43054,0.003256687195971608
36212,0.0024874594528228045
