Index,Activation Value
88571,0.0037751176860183477
12,0.002614992670714855
52683,0.002266294090077281
107925,0.002222268143668771
90842,0.00120160065125674
70349,0.0006906752241775393
25887,0.0006207596743479371
6156,0.00046381750144064426
25849,0.0004118169308640063
12344,0.00040272955084219575
