Index,Activation Value
12344,0.07127758115530014
42482,0.057276152074337006
12,0.054784227162599564
25887,0.04787052795290947
111154,0.04370686411857605
74354,0.04338070750236511
37498,0.0425836406648159
90842,0.0403914637863636
868,0.04026651382446289
14326,0.03823596611618996
