Index,Activation Value
88571,0.018759869039058685
16107,0.007500395644456148
36173,0.006817466113716364
32558,0.006406435277312994
102181,0.006201000418514013
90842,0.005969693418592215
48473,0.005236053839325905
59162,0.004844368901103735
27789,0.003105920972302556
104002,0.0019459094619378448
