Index,Activation Value
27282,0.2309006303548813
9807,0.10686071217060089
47217,0.07278108596801758
