Index,Activation Value
21467,0.34642452001571655
53579,0.30178582668304443
38924,0.2203775942325592
26778,0.21118253469467163
36473,0.2111779898405075
24298,0.20755423605442047
8080,0.19060343503952026
44569,0.16818568110466003
27547,0.16451512277126312
38432,0.1306765377521515
