Index,Activation Value
47257,0.04976562038064003
59981,0.04090435802936554
22371,0.03808288276195526
56545,0.03593877702951431
44743,0.03519143909215927
37600,0.03404418006539345
49406,0.03256615996360779
9057,0.031206423416733742
51769,0.030249174684286118
19491,0.030116261914372444
