Index,Activation Value
27748,0.6184614896774292
3236,0.169311061501503
16064,0.078326016664505
46061,0.002160782925784588
