Index,Activation Value
21467,0.06116582825779915
38924,0.040635835379362106
53579,0.03615744411945343
32727,0.03318960592150688
44569,0.0302963275462389
45313,0.02857678197324276
56855,0.02817368134856224
57551,0.02694789692759514
13743,0.026128385215997696
8396,0.0256823543459177
