Index,Activation Value
42482,0.08350104093551636
105975,0.07338135689496994
59998,0.0638461709022522
110712,0.06365029513835907
48529,0.06071821600198746
48820,0.055611107498407364
101572,0.05361233279109001
45447,0.052261337637901306
110091,0.048435669392347336
89243,0.044326238334178925
