Index,Activation Value
9293,0.025913605466485023
59998,0.021761154755949974
27438,0.02002580463886261
44123,0.014550893567502499
82590,0.012831338681280613
31581,0.011523952707648277
66575,0.011412822641432285
44259,0.010806117206811905
111056,0.010663259774446487
98149,0.010456155985593796
