Index,Activation Value
24298,0.0006142297061160207
53579,1.6469510228489526e-05
