Index,Activation Value
1909,0.004917940124869347
35684,0.0005685145733878016
