Index,Activation Value
21467,0.25155356526374817
44569,0.18560291826725006
27547,0.16890746355056763
40678,0.13447871804237366
36212,0.12973399460315704
4530,0.1222238838672638
31022,0.1177746057510376
8080,0.11447907984256744
27771,0.10486119240522385
1859,0.10033177584409714
