Index,Activation Value
30814,0.5876008868217468
54424,0.10515344887971878
