Index,Activation Value
5476,0.007520193699747324
2265,0.0012952957767993212
50459,0.0010216815862804651
