Index,Activation Value
29465,0.1648150384426117
13179,0.15023942291736603
43054,0.13820919394493103
36473,0.12000009417533875
43178,0.11075568199157715
33011,0.10606230050325394
32757,0.09148643910884857
26073,0.08692169934511185
36875,0.08530188351869583
2390,0.07827726006507874
