Index,Activation Value
21467,0.5373891592025757
38924,0.46469876170158386
53579,0.4218953549861908
26778,0.2641404867172241
44569,0.2557699978351593
43054,0.2544948160648346
58249,0.24744196236133575
36212,0.22560228407382965
19868,0.19912168383598328
29340,0.1923900544643402
