Index,Activation Value
13090,0.15145447850227356
87758,0.13574205338954926
12344,0.11406019330024719
29372,0.09799999743700027
72094,0.08425133675336838
12589,0.08360423892736435
79383,0.08228509873151779
74354,0.081306092441082
26012,0.07876700162887573
63669,0.0767984539270401
