Index,Activation Value
64204,0.0024190829135477543
88295,0.002199015347287059
107558,0.0019718233961611986
97407,0.0018307804130017757
28425,0.0017558065010234714
3549,0.0007540214573964477
6017,0.0005532590439543128
82475,0.0004148196894675493
