Index,Activation Value
15751,0.12262919545173645
52683,0.1027236208319664
12344,0.09431423991918564
28910,0.09095728397369385
1267,0.08273018896579742
28425,0.08020272105932236
31199,0.07909871637821198
88571,0.07476945221424103
74354,0.06894142925739288
87758,0.06836599111557007
