Index,Activation Value
41844,0.05540904775261879
19868,0.04626908898353577
43115,0.04357428848743439
14826,0.04333453252911568
19701,0.03671642765402794
52440,0.036519479006528854
34961,0.03496452793478966
36625,0.0340547077357769
7683,0.032978981733322144
19339,0.03202557936310768
