Index,Activation Value
104537,0.11303096264600754
28425,0.08926498144865036
56725,0.07758990675210953
64204,0.07625273615121841
67509,0.07027279585599899
37498,0.07018106430768967
16107,0.06873264908790588
111011,0.06142806634306908
33336,0.05788823962211609
52426,0.052610818296670914
