Index,Activation Value
13090,0.07877016812562943
48529,0.07353126257658005
45447,0.06998235732316971
40355,0.0661347359418869
36536,0.06228748708963394
73782,0.06051633879542351
60631,0.05778471753001213
15003,0.05586747080087662
34454,0.05439765378832817
104537,0.053633835166692734
