Index,Activation Value
53579,0.013681192882359028
27547,0.0062820082530379295
38924,0.006014483515173197
58249,0.004922644235193729
26778,0.004609800409525633
36212,0.004244083538651466
1909,0.003982661757618189
8080,0.003493234980851412
21467,0.001965475035831332
