Index,Activation Value
48159,0.24774038791656494
79838,0.11607926338911057
56831,0.0881626158952713
26817,0.03762486204504967
