Index,Activation Value
101572,0.09200038760900497
52008,0.08760042488574982
107558,0.08692524582147598
11374,0.07754933089017868
42482,0.07217919081449509
110712,0.06916195154190063
25887,0.06798164546489716
55126,0.06591614335775375
13090,0.06498362123966217
47884,0.06248060241341591
