Index,Activation Value
18864,1.0268454551696777
50482,0.9074740409851074
24325,0.7476921677589417
45373,0.7248353362083435
17198,0.6880819201469421
51037,0.6686326861381531
51071,0.5563942193984985
12891,0.5190154314041138
52436,0.4957657754421234
13829,0.480708509683609
