Index,Activation Value
54138,0.3104966878890991
38924,0.26093679666519165
55023,0.24262765049934387
56855,0.2376651018857956
24298,0.2299327254295349
29340,0.22596779465675354
58249,0.2103625386953354
19868,0.19644711911678314
53407,0.19601905345916748
8080,0.18489301204681396
