Index,Activation Value
7145,0.1349075585603714
10570,0.09867066144943237
32604,0.09852004051208496
35684,0.09678717702627182
48477,0.089182049036026
88,0.08692307025194168
15670,0.08234168589115143
56554,0.07724966108798981
7125,0.0756920650601387
4530,0.07418490201234818
