Index,Activation Value
73213,0.8967365622520447
84764,0.5536289811134338
78176,0.2296033352613449
36596,0.09501121938228607
38632,0.08175099641084671
57534,0.017850661650300026
