Index,Activation Value
773,0.02974991500377655
16549,0.027193604037165642
39837,0.015036181546747684
44964,0.006868613418191671
43315,0.0025280024856328964
43178,0.0023717766162008047
32757,0.002324978820979595
4191,0.0011274880962446332
33547,0.000368575711036101
22603,0.00032102124532684684
