Index,Activation Value
36212,0.03478335216641426
25657,0.02536385878920555
8396,0.02510126307606697
29340,0.0219596978276968
24298,0.02006908319890499
19868,0.018390510231256485
32727,0.018362965434789658
38340,0.017879407852888107
45313,0.017608333379030228
56855,0.017484541982412338
