Index,Activation Value
60631,0.08924276381731033
88571,0.07378941029310226
96758,0.06403665244579315
25849,0.06288619339466095
88937,0.06052360683679581
75310,0.059879545122385025
32638,0.05697566270828247
95312,0.05325118824839592
592,0.05042901262640953
64790,0.04807035252451897
