Index,Activation Value
8080,0.0030173242557793856
21467,0.0011922522680833936
