Index,Activation Value
21467,0.04595750570297241
38924,0.04403063282370567
53579,0.04041668400168419
26778,0.03432956710457802
54138,0.03363202139735222
58249,0.032508350908756256
24298,0.030999338254332542
8080,0.03060624934732914
33011,0.02967291697859764
44569,0.027606621384620667
