Index,Activation Value
17608,0.030236415565013885
108688,0.02492314763367176
88407,0.022845029830932617
50439,0.02248273976147175
59080,0.022131193429231644
83828,0.020916443318128586
96065,0.020642604678869247
71879,0.020032348111271858
97156,0.01753605157136917
48820,0.017086448147892952
