Index,Activation Value
9057,0.13280709087848663
26174,0.08802655339241028
13380,0.08556245267391205
26568,0.0853319838643074
42384,0.0780334621667862
9893,0.07152047008275986
10685,0.06989983469247818
23529,0.06907718628644943
23400,0.06742724031209946
22693,0.06638951599597931
