Index,Activation Value
87900,0.9900029897689819
8433,0.8711616396903992
54636,0.7917959690093994
39565,0.787652313709259
14395,0.7818523049354553
79737,0.7708063125610352
41552,0.5726184248924255
21358,0.49410372972488403
49804,0.48427560925483704
36748,0.45279660820961
