Index,Activation Value
109861,1.6088553667068481
18653,1.3311890363693237
99204,1.2026541233062744
23410,1.1831176280975342
109700,1.1375164985656738
89295,1.0721023082733154
93958,0.9502820372581482
94318,0.9355866312980652
66801,0.8712709546089172
27789,0.8533270359039307
