Index,Activation Value
14465,0.0246619563549757
5476,0.024475546553730965
42637,0.015804830938577652
773,0.010793681256473064
21298,0.007374209817498922
56545,0.006073517259210348
59868,0.004931773990392685
46600,0.004052611067891121
41263,0.0037169838324189186
36704,0.003228625049814582
