Index,Activation Value
44569,0.12592415511608124
8019,0.1099475622177124
24298,0.10557790845632553
54138,0.10193704813718796
1859,0.09742525964975357
8080,0.09370093047618866
43197,0.09214909374713898
27547,0.08967988193035126
21467,0.08513560146093369
32727,0.08467764407396317
