Index,Activation Value
38924,0.8239188194274902
26778,0.7628288865089417
21467,0.7121924757957458
33011,0.6850967407226562
53579,0.670475959777832
58249,0.49803125858306885
8080,0.49306243658065796
1909,0.4372720718383789
18000,0.41657039523124695
38432,0.35542726516723633
