Index,Activation Value
107925,0.0031646634452044964
90842,0.0010501011274755
