Index,Activation Value
51406,0.33017224073410034
45947,0.17527730762958527
17134,0.12104159593582153
19868,0.09133756160736084
55397,0.008984114974737167
