Index,Activation Value
21467,0.772759735584259
38924,0.5501685738563538
53579,0.4983331263065338
33011,0.466985821723938
38432,0.4113518297672272
26778,0.3572027385234833
38340,0.28586554527282715
1909,0.2752116322517395
36212,0.2580472230911255
8080,0.22586536407470703
