Index,Activation Value
13174,1.3043580055236816
18231,1.2550806999206543
7076,1.0778111219406128
11759,1.0057977437973022
36013,0.917651891708374
58198,0.8768551349639893
21195,0.8704479932785034
20270,0.8088908791542053
11239,0.7724674344062805
22171,0.7206009030342102
