Index,Activation Value
72094,0.15423549711704254
66289,0.08931756764650345
17608,0.08850835263729095
7334,0.08514592051506042
852,0.08448410779237747
103694,0.0840073674917221
54956,0.08398361504077911
14983,0.08379211276769638
3082,0.0813397467136383
42476,0.07999499887228012
