Index,Activation Value
107995,0.019837286323308945
104002,0.018636267632246017
16107,0.00542821828275919
42812,0.005253462120890617
31017,0.004619482439011335
84018,0.004273749887943268
35831,0.0037718035746365786
52847,0.001274792943149805
88273,0.0004310378571972251
