Index,Activation Value
21467,0.2398332804441452
53579,0.19847722351551056
38924,0.17962981760501862
8080,0.17734861373901367
44569,0.172389954328537
38432,0.1336674839258194
27547,0.13315686583518982
1909,0.13090232014656067
58249,0.12682965397834778
8396,0.1195446327328682
