Index,Activation Value
36173,0.0027490961365401745
12,0.0025493535213172436
52183,0.0024466337636113167
4738,0.0019136143382638693
88571,0.0018261210061609745
107925,0.0014888969017192721
52847,0.0013070576824247837
19627,0.001284283585846424
14326,0.0011698214802891016
90842,0.0008739859331399202
