Index,Activation Value
58213,1.3464654684066772
108345,1.142643928527832
37265,0.823508083820343
44717,0.5034952163696289
25731,0.281286358833313
70567,0.1523193120956421
67200,0.13168394565582275
97191,0.09419892728328705
5484,0.0712737962603569
89749,0.03603799268603325
