Index,Activation Value
19868,0.03242586553096771
21467,0.026828298345208168
39547,0.016019076108932495
36212,0.01581272855401039
41844,0.009792628698050976
43054,0.00894109159708023
42887,0.008707189932465553
32727,0.007683672476559877
38924,0.0075833555310964584
27683,0.0070753698237240314
