Index,Activation Value
24298,0.3837513327598572
36473,0.2791334390640259
36212,0.27037155628204346
44569,0.2634229362010956
8019,0.2587672173976898
54138,0.2584453225135803
8080,0.2434980720281601
29340,0.2341996729373932
38127,0.2313394397497177
43054,0.2264084815979004
