Index,Activation Value
107310,1.791293740272522
27726,1.7644498348236084
94638,1.697624683380127
91025,1.6328250169754028
74409,1.6010864973068237
36213,1.199257254600525
62274,1.1175541877746582
50116,1.0285630226135254
53251,0.9812548756599426
42815,0.9070318341255188
