Index,Activation Value
28910,0.10470490902662277
28425,0.10361940413713455
56725,0.09573252499103546
96758,0.09215838462114334
13090,0.06237424165010452
40355,0.06027669087052345
36173,0.06018334627151489
60631,0.057621441781520844
27438,0.057423997670412064
80233,0.0571613647043705
