Index,Activation Value
8080,0.06641591340303421
38924,0.06524622440338135
56855,0.06312558054924011
36212,0.059202227741479874
53579,0.05854800343513489
8396,0.05819835886359215
27547,0.055774468928575516
26778,0.05436434969305992
32727,0.05270976945757866
45313,0.05205351859331131
