Index,Activation Value
12589,0.08603698015213013
16959,0.07949886471033096
72094,0.0767504870891571
23410,0.0748632401227951
107995,0.07314572483301163
35913,0.05294187366962433
852,0.052478764206171036
97156,0.05203480273485184
88384,0.051744282245635986
36533,0.05164078623056412
