Index,Activation Value
35831,0.9938035011291504
80813,0.7444074749946594
18163,0.2508804500102997
27405,0.23538395762443542
70571,0.2159290313720703
90128,0.20154158771038055
84164,0.19977936148643494
69491,0.18671844899654388
111230,0.17156293988227844
67666,0.12065592408180237
