Index,Activation Value
32234,0.377926230430603
48562,0.2905692160129547
21444,0.10278699547052383
50782,0.06852725893259048
22844,0.02459283359348774
