Index,Activation Value
107925,0.09582910686731339
7351,0.08928827941417694
18680,0.08444348722696304
4825,0.08433153480291367
104537,0.08348402380943298
47448,0.08234439045190811
107558,0.07969502359628677
108542,0.06544185429811478
62662,0.06493966281414032
92077,0.06315585225820541
