Index,Activation Value
13090,0.005366230383515358
60631,0.0016644687857478857
