Index,Activation Value
36212,0.05977620556950569
29340,0.049413051456213
8396,0.04882112890481949
55023,0.04527627304196358
19868,0.04269794747233391
45313,0.03337128460407257
56855,0.02612876147031784
41844,0.024068592116236687
25657,0.023356391116976738
14826,0.014430191367864609
