Index,Activation Value
35254,0.13569144904613495
29450,0.07941249012947083
73855,0.07515496015548706
70776,0.07419411838054657
93685,0.0733392983675003
54956,0.07056664675474167
107558,0.06948988139629364
82590,0.06597154587507248
74354,0.05955520644783974
85185,0.058469776064157486
