Index,Activation Value
29340,0.04920792952179909
36212,0.046699803322553635
56855,0.041359685361385345
8396,0.04014333710074425
32727,0.021713946014642715
27547,0.019235853105783463
25657,0.017311792820692062
24565,0.01586422510445118
55023,0.01464561466127634
24298,0.01312748622149229
