Index,Activation Value
96758,0.10898219048976898
111011,0.06895068287849426
27438,0.06075216829776764
59998,0.057751480489969254
37498,0.05132167413830757
107925,0.03846629709005356
16107,0.03814888000488281
81123,0.0355817973613739
64204,0.030379684641957283
31778,0.029420431703329086
