Index,Activation Value
104537,0.11446905881166458
16107,0.09395618736743927
87758,0.07637768983840942
99629,0.07322321087121964
98149,0.07199212908744812
52847,0.0643823891878128
87491,0.0625171959400177
84018,0.061343610286712646
28425,0.05988938733935356
20663,0.05940889194607735
