Index,Activation Value
56725,0.14960473775863647
13090,0.14216096699237823
28425,0.13866303861141205
88295,0.10133808851242065
55426,0.09886277467012405
99629,0.09804413467645645
36173,0.09777551144361496
102181,0.09140490740537643
28910,0.083736352622509
60631,0.08163478970527649
