Index,Activation Value
51769,0.006744065321981907
773,0.005574818234890699
39837,0.0046611991710960865
35367,0.003801200306043029
45858,0.0028908411040902138
13411,0.002428934210911393
44036,0.002209270605817437
14826,0.0021188014652580023
43115,0.0020404199603945017
1693,0.0019065933302044868
