Index,Activation Value
15111,0.04275425523519516
38127,0.03747042641043663
54138,0.03578422591090202
54222,0.03368658199906349
43054,0.03244104981422424
22371,0.02903532050549984
40818,0.028025221079587936
8349,0.026324912905693054
49043,0.02410532720386982
10570,0.022650757804512978
