Index,Activation Value
104562,0.9389523267745972
37876,0.5068813562393188
72316,0.4013504385948181
70813,0.3095071315765381
93896,0.27170634269714355
59170,0.255916953086853
32605,0.21361297369003296
100563,0.1953514814376831
70054,0.09234267473220825
