Index,Activation Value
21467,0.09899144619703293
8080,0.07046887278556824
27547,0.05988718569278717
38924,0.058635976165533066
8019,0.05691254138946533
53579,0.053773049265146255
33011,0.05092145502567291
44569,0.04931529238820076
54138,0.04620346054434776
26778,0.04517538473010063
