Index,Activation Value
18680,0.0854215994477272
4809,0.08325541019439697
33336,0.07370971143245697
21549,0.07037591934204102
11313,0.06907488405704498
96758,0.0661347433924675
6200,0.06604885309934616
4738,0.06594818085432053
61123,0.06585217267274857
90710,0.06514803320169449
