Index,Activation Value
21467,0.007285234984010458
33011,0.007163225207477808
38924,0.007080637849867344
53579,0.006122493650764227
56855,0.005457337945699692
8396,0.003820114303380251
36212,0.003757945029065013
8019,0.0028889430686831474
26778,0.0025814813561737537
8080,0.0016204870771616697
