Index,Activation Value
27547,0.004680866375565529
8396,0.0009691385785117745
56855,0.0007334667607210577
8080,0.0005021237884648144
36212,6.594341539312154e-05
