Index,Activation Value
16549,0.04173621907830238
773,0.039013419300317764
38432,0.027388639748096466
31022,0.020255189388990402
4394,0.010341227054595947
26778,0.009853659197688103
30053,0.009413756430149078
39837,0.009183543734252453
2656,0.00754359969869256
54097,0.007434030994772911
