Index,Activation Value
21291,1.2293074131011963
92586,0.6110154390335083
78437,0.33878159523010254
105263,0.10214816778898239
