Index,Activation Value
90606,1.2565433979034424
20374,1.1973932981491089
21076,1.172147274017334
61968,0.8886600136756897
75944,0.8211838006973267
51623,0.7995456457138062
85579,0.7930650115013123
106786,0.771496057510376
72792,0.7702850103378296
22874,0.7336916327476501
