Index,Activation Value
28425,0.10558416694402695
36173,0.08391031622886658
41210,0.06255879998207092
82475,0.06234699860215187
31017,0.06005476415157318
93659,0.05924083665013313
97156,0.058750271797180176
55779,0.05846681818366051
91342,0.058287832885980606
65958,0.05552059784531593
