Index,Activation Value
38924,0.02559039369225502
53579,0.02177642099559307
21467,0.020038766786456108
33011,0.018616952002048492
26778,0.012922887690365314
24298,0.010417772457003593
58249,0.008890251629054546
8019,0.00841373298317194
8080,0.0073435865342617035
54138,0.0068058958277106285
