Index,Activation Value
21467,0.10127625614404678
53579,0.08929351717233658
38432,0.07182781398296356
1909,0.06526469439268112
26778,0.058838408440351486
38924,0.057115375995635986
38340,0.05581943690776825
36212,0.0526980459690094
33011,0.048984963446855545
8080,0.04167609289288521
