Index,Activation Value
52585,0.014914979226887226
20435,0.014093156903982162
32704,0.013937411829829216
58458,0.012953980825841427
48137,0.012085908092558384
22353,0.011393156833946705
21191,0.01111241988837719
27399,0.010898826643824577
57413,0.010558968409895897
34397,0.010266141034662724
