Index,Activation Value
53579,0.1868041753768921
58249,0.15954357385635376
38924,0.15473705530166626
26778,0.1310831904411316
18000,0.12127402424812317
24298,0.11397337913513184
33011,0.10914207994937897
36473,0.09894145280122757
1909,0.09058159589767456
56554,0.08099794387817383
