Index,Activation Value
33336,0.09969703108072281
47884,0.08864068239927292
64204,0.06604892760515213
55426,0.06463943421840668
30064,0.061309780925512314
37498,0.06005037575960159
111011,0.05779694765806198
111056,0.056711696088314056
71932,0.05656273663043976
71543,0.05576012283563614
