Index,Activation Value
31723,0.2864626944065094
7145,0.2864466905593872
9049,0.21465075016021729
27683,0.21056711673736572
34961,0.20354525744915009
59924,0.20152132213115692
36944,0.19861429929733276
9816,0.190312460064888
43197,0.1759416162967682
38127,0.1732308715581894
