Index,Activation Value
38924,0.017839672043919563
53579,0.016812343150377274
21467,0.010748450644314289
58249,0.00899458583444357
8080,0.00893088337033987
26778,0.00843039434403181
24298,0.0066748252138495445
30430,0.004848214332014322
42887,0.00462966738268733
9816,0.00391565915197134
