Index,Activation Value
21467,0.03574630245566368
53579,0.03573409095406532
1909,0.034422021359205246
24298,0.03406163305044174
44569,0.03342125564813614
38924,0.03309585899114609
36473,0.030672725290060043
8080,0.02642263099551201
58249,0.019369538873434067
1859,0.017250550910830498
