Index,Activation Value
36625,0.15087191760540009
11478,0.12249766290187836
47264,0.11272148787975311
4987,0.1100035011768341
26518,0.09711619466543198
47009,0.0928439199924469
18297,0.09110680222511292
36944,0.09104656428098679
3086,0.09061102569103241
22362,0.08773201704025269
