Index,Activation Value
94406,0.7800474166870117
36697,0.7161171436309814
36533,0.6609314680099487
67507,0.6049443483352661
110108,0.49619725346565247
66575,0.470760703086853
42756,0.4473284184932709
101908,0.4316607713699341
20535,0.33558258414268494
73241,0.33322232961654663
