Index,Activation Value
51628,0.8318998217582703
36438,0.03815297782421112
54231,0.002883761655539274
