Index,Activation Value
61123,0.11828513443470001
18680,0.10806316137313843
70776,0.10345220565795898
11313,0.1017494946718216
47448,0.09749052673578262
108542,0.09667869657278061
92077,0.09511357545852661
87758,0.0916157141327858
6200,0.08285221457481384
59080,0.08100496232509613
