Index,Activation Value
21467,0.43056926131248474
38924,0.31223106384277344
53579,0.2948472201824188
36212,0.23825953900814056
44569,0.23438353836536407
1909,0.22311393916606903
19868,0.19924242794513702
56032,0.19691935181617737
38247,0.19516560435295105
579,0.1893763691186905
