Index,Activation Value
15111,0.03360132873058319
33607,0.03036271408200264
41844,0.030091937631368637
51614,0.02970920130610466
14971,0.026022259145975113
35473,0.025191452354192734
36944,0.020748458802700043
43178,0.02062375284731388
57892,0.019822917878627777
44269,0.019732244312763214
