Index,Activation Value
29340,0.032693639397621155
38924,0.027719542384147644
53579,0.023899797350168228
56855,0.02308638207614422
8396,0.016200438141822815
58249,0.014684041030704975
26778,0.012667469680309296
24565,0.011516989208757877
36212,0.011311400681734085
53582,0.010025247000157833
