Index,Activation Value
56725,0.03711293265223503
13090,0.027724040672183037
104537,0.023598285391926765
37498,0.02048659138381481
33336,0.015376556664705276
52183,0.013795018196105957
72094,0.013499249704182148
60631,0.012335275299847126
2279,0.012167260982096195
107995,0.007754652760922909
