Index,Activation Value
58249,0.04309798404574394
7145,0.03610048443078995
32757,0.03154934570193291
56554,0.027752531692385674
25800,0.021936750039458275
51614,0.020455224439501762
16549,0.01862870715558529
36473,0.016672449186444283
56007,0.01665101945400238
7125,0.01615734025835991
