Index,Activation Value
18152,0.8254984021186829
5642,0.7671789526939392
57394,0.7471649646759033
35823,0.713782787322998
22241,0.678339958190918
13046,0.643575131893158
31530,0.6254111528396606
54097,0.6048622727394104
39757,0.5728600025177002
38379,0.5720154047012329
