Index,Activation Value
36212,0.1448897272348404
56855,0.14401090145111084
8396,0.1434677243232727
29340,0.14296209812164307
55023,0.0994165763258934
25657,0.09651259332895279
21467,0.0924195796251297
38432,0.08349205553531647
26778,0.08031892031431198
13743,0.07567325234413147
