Index,Activation Value
58897,0.17985135316848755
58885,0.10086719691753387
