Index,Activation Value
21467,0.021252987906336784
53579,0.010684224776923656
29340,0.009682385250926018
56855,0.00831742212176323
38924,0.007632710039615631
8396,0.006391953211277723
36212,0.002979604061692953
27547,0.001535099814645946
26778,0.0009222995140589774
33011,0.0008681276813149452
