Index,Activation Value
85478,0.6103463172912598
87491,0.5380892157554626
33685,0.4919748902320862
