Index,Activation Value
13090,0.033265456557273865
7334,0.01934421993792057
14022,0.017777742817997932
12344,0.016355764120817184
35254,0.01617206446826458
868,0.015172770246863365
90842,0.014028056524693966
75310,0.013058403506875038
592,0.01278376393020153
25887,0.010646393522620201
