Index,Activation Value
12344,0.09261322766542435
22092,0.06754159182310104
96234,0.06048078462481499
72094,0.04870319366455078
73855,0.04648842290043831
70776,0.045687124133110046
102181,0.043846894055604935
17335,0.04296596348285675
6173,0.04284936934709549
66289,0.04172800853848457
