Index,Activation Value
53579,0.3255472779273987
38924,0.29158535599708557
21467,0.27949634194374084
26778,0.2794939875602722
33011,0.232268825173378
8080,0.2286614179611206
1909,0.2069338709115982
58249,0.19429181516170502
24298,0.18516981601715088
27547,0.17266276478767395
