Index,Activation Value
21565,0.11405088007450104
14147,0.10068587213754654
18297,0.09569759666919708
25802,0.09412006288766861
43514,0.08802975714206696
8302,0.08692574501037598
53338,0.08551628142595291
54694,0.08491772413253784
25373,0.08465636521577835
43541,0.08387462794780731
