Index,Activation Value
33011,0.027264922857284546
56554,0.017117157578468323
13179,0.016813352704048157
53579,0.016064750030636787
25800,0.014878619462251663
26778,0.014721299521625042
58249,0.013963434845209122
16549,0.013918695040047169
30430,0.012978587299585342
36473,0.010763129219412804
