Index,Activation Value
27438,0.018234387040138245
11374,0.00845376867800951
12589,0.0037511344999074936
41552,0.0015607797540724277
15751,0.00046812425716780126
93904,0.00046622808440588415
