Index,Activation Value
70349,0.0041990154422819614
13090,0.0025087539106607437
