Index,Activation Value
30430,0.21064481139183044
24702,0.18146124482154846
11450,0.1631627380847931
47900,0.1538230925798416
21565,0.14921115338802338
33607,0.1481061577796936
24588,0.14649121463298798
23805,0.13928508758544922
7683,0.13516488671302795
47264,0.13500124216079712
