Index,Activation Value
7145,0.1648738533258438
36625,0.14877039194107056
21565,0.12540693581104279
16549,0.12314018607139587
9049,0.1164540946483612
27840,0.11206583678722382
36944,0.10844101011753082
59924,0.10238050669431686
2891,0.09888216108083725
11478,0.0977209061384201
