Index,Activation Value
107925,0.10865134000778198
95769,0.08397984504699707
35254,0.07012250274419785
12,0.0671825036406517
42482,0.06669111549854279
111011,0.06575684249401093
54156,0.06341886520385742
102181,0.061983175575733185
104002,0.05491138622164726
111056,0.05410583317279816
