Index,Activation Value
106652,0.7874932885169983
74672,0.27524104714393616
60309,0.14714159071445465
88663,0.11829467862844467
106707,0.10237201303243637
53503,0.08791153132915497
79518,0.032773129642009735
