Index,Activation Value
35254,0.1030239388346672
50022,0.07358232140541077
59998,0.06310205161571503
92307,0.05971594527363777
87126,0.05962267145514488
39257,0.05648157745599747
98149,0.053764909505844116
27789,0.052408404648303986
24235,0.05081251263618469
84018,0.04641437903046608
