Index,Activation Value
70349,0.08132627606391907
16107,0.07818073779344559
88295,0.06638045608997345
48529,0.06480652838945389
71879,0.0642998218536377
17902,0.0626617893576622
4141,0.058551277965307236
52847,0.056959521025419235
91875,0.056927282363176346
110528,0.05336952954530716
