Index,Activation Value
38924,3.376737117767334
58249,2.734985589981079
33011,2.6785380840301514
25800,2.6092350482940674
56554,2.5984573364257812
53579,2.574908971786499
38247,1.831085205078125
34211,1.7344720363616943
26778,1.6761583089828491
18000,1.2134147882461548
