Index,Activation Value
38127,0.013319372199475765
27547,0.012892501428723335
33011,0.01158449612557888
25800,0.007416651118546724
1909,0.0054864706471562386
56554,0.004440786316990852
26778,0.002190620405599475
11450,0.0016118952771648765
