Index,Activation Value
53579,0.035833004862070084
33011,0.03463003784418106
21467,0.025504320859909058
38924,0.024496588855981827
1909,0.024276399984955788
44569,0.022921819239854813
8080,0.02173358015716076
58249,0.020221713930368423
26778,0.018679218366742134
18000,0.0180980134755373
