Index,Activation Value
58249,0.00574796786531806
53579,0.005306281615048647
38924,0.004102156963199377
