Index,Activation Value
13090,0.028958020731806755
7334,0.025749022141098976
14022,0.025404227897524834
73908,0.022614484652876854
56725,0.022580090910196304
36173,0.02136882208287716
28425,0.018560322001576424
107558,0.01766888052225113
15003,0.01757519692182541
7866,0.017280740663409233
