Index,Activation Value
39646,0.4330427944660187
85413,0.24021907150745392
108508,0.10846482217311859
17903,0.05170983076095581
