Index,Activation Value
38432,2.351907253265381
21467,1.5953502655029297
30430,0.6345595717430115
27771,0.33132871985435486
35684,0.24483515322208405
54138,0.23158112168312073
