Index,Activation Value
15111,0.06643654406070709
59302,0.06623302400112152
30053,0.06231410428881645
1976,0.05967065319418907
16486,0.05790065973997116
13324,0.05537550523877144
579,0.05373389646410942
15629,0.04904654622077942
19701,0.045754339545965195
57308,0.04567389190196991
