Index,Activation Value
53589,0.16760563850402832
7145,0.16540686786174774
45682,0.14780433475971222
59924,0.13584740459918976
43164,0.1214321032166481
22737,0.11506997048854828
38340,0.11141648143529892
56273,0.10780978947877884
39207,0.10665444284677505
13743,0.1054253801703453
