Index,Activation Value
81318,0.9279196858406067
32638,0.8178776502609253
22202,0.6864421367645264
88571,0.5174581408500671
25025,0.3460069000720978
52898,0.30320805311203003
14114,0.29151907563209534
82787,0.21626876294612885
6988,0.19812647998332977
16375,0.13461528718471527
