Index,Activation Value
65397,2.5896718502044678
63555,1.893154501914978
105492,1.7556244134902954
45447,1.6525403261184692
23831,1.6490072011947632
48529,1.6317336559295654
32891,1.5385565757751465
53364,1.4146820306777954
107117,1.3011094331741333
36992,1.2861684560775757
