Index,Activation Value
14326,0.09078015387058258
14022,0.09002996236085892
7866,0.07424435019493103
95769,0.07158350944519043
52183,0.06436041742563248
80233,0.06401830166578293
59998,0.06350354105234146
63170,0.06175489351153374
73908,0.05784529820084572
103694,0.05747278034687042
