Index,Activation Value
7145,0.177858367562294
17939,0.14990036189556122
7921,0.14498457312583923
36473,0.14250048995018005
8349,0.13386724889278412
32086,0.12730789184570312
19364,0.1265145242214203
56096,0.12554188072681427
48137,0.125026136636734
32704,0.12466944009065628
