Index,Activation Value
21467,0.735098123550415
38924,0.6896830201148987
53579,0.49513882398605347
26778,0.39813855290412903
58249,0.3929166793823242
44569,0.30803412199020386
36212,0.3007547855377197
38340,0.29952114820480347
19868,0.2873460054397583
33011,0.27547240257263184
