Index,Activation Value
16549,0.1500331461429596
27840,0.11304574459791183
52735,0.10306908190250397
39837,0.09959237277507782
15111,0.09936834871768951
40862,0.09641559422016144
25544,0.09555058181285858
14960,0.09469471871852875
34162,0.09347335994243622
14682,0.0912233367562294
