Index,Activation Value
92077,0.00634384248405695
88571,0.004769017454236746
72094,0.004437888972461224
52426,0.004213747568428516
90842,0.0038738565053790808
52183,0.0038663544692099094
99629,0.0035281365271657705
42812,0.002880701795220375
49456,0.002628563903272152
28910,0.0025816941633820534
