Index,Activation Value
60631,0.013665634207427502
89243,0.005686611868441105
54896,0.0019956573378294706
