Index,Activation Value
7145,0.00777687132358551
36944,0.0062137688510119915
4055,0.00457217451184988
36625,0.0037493486888706684
39787,0.0034023255575448275
15598,0.0030551054514944553
25605,0.00284182489849627
268,0.0019334458047524095
45538,0.0012267958372831345
27203,0.0010585056152194738
