Index,Activation Value
38924,0.4003995656967163
21467,0.35411882400512695
26778,0.21830683946609497
33011,0.18726739287376404
53579,0.18353432416915894
24565,0.16582328081130981
53582,0.15545164048671722
773,0.15420940518379211
55023,0.15387865900993347
36625,0.1525600254535675
