Index,Activation Value
45410,0.4820740818977356
94473,0.250299334526062
96150,0.23762325942516327
35483,0.13778580725193024
85150,0.04202183708548546
46494,0.033861663192510605
40826,0.01197727583348751
