Index,Activation Value
21467,0.05642629414796829
44569,0.03865102306008339
38340,0.030659465119242668
38432,0.023224657401442528
29340,0.02269821986556053
8080,0.02210097946226597
36212,0.019138500094413757
27547,0.019037073478102684
38924,0.01890009641647339
53579,0.01711956597864628
