Index,Activation Value
21467,0.09292943775653839
38340,0.04002257436513901
44569,0.02341511845588684
54621,0.013951457105576992
7145,0.012214122340083122
16549,0.01108550000935793
25657,0.010601562447845936
43115,0.009322728961706161
17134,0.007673022337257862
9049,0.006590869277715683
