Index,Activation Value
35684,0.012896984815597534
43838,0.0068395258858799934
38764,0.005963886622339487
14882,0.0054254415445029736
52186,0.004255367908626795
19907,0.004189615603536367
5476,0.002855128375813365
45512,0.002727842889726162
29493,0.002623913111165166
38399,0.0021161313634365797
