Index,Activation Value
107983,0.5601986050605774
11374,0.5327648520469666
59858,0.45513972640037537
73174,0.43735581636428833
23312,0.3768583834171295
3079,0.35584738850593567
36458,0.3512977361679077
109961,0.3403167426586151
3182,0.1826634407043457
29416,0.16790148615837097
