Index,Activation Value
33440,0.388298898935318
32788,0.3669936954975128
538,0.2671748697757721
