Index,Activation Value
13090,0.0077699716202914715
56725,0.004778838250786066
28425,0.0020785059314221144
