Index,Activation Value
54138,0.01745401695370674
218,0.011941843666136265
27088,0.008046027272939682
30511,0.0032955585047602654
24298,0.0031126155517995358
25483,0.0026510534808039665
2390,0.002258352003991604
58963,0.0021264739334583282
31684,0.002004623878747225
24588,0.0016034060390666127
