Index,Activation Value
45313,0.03589487075805664
24298,0.03557518124580383
9816,0.03410257026553154
8019,0.033789947628974915
27547,0.033325791358947754
32727,0.03312306106090546
42887,0.030589306727051735
21467,0.030376669019460678
8080,0.027447637170553207
43197,0.027026604861021042
