Index,Activation Value
40818,0.16118083894252777
31056,0.15497659146785736
15397,0.15458565950393677
57892,0.1526985466480255
15111,0.14264699816703796
36944,0.13935352861881256
17999,0.1367635577917099
49043,0.13599616289138794
36625,0.13291290402412415
13005,0.12848559021949768
