Index,Activation Value
36625,0.005631456151604652
36944,0.003389260033145547
20435,0.0020566692110151052
14971,0.0016997359925881028
11478,0.001335335080511868
3086,0.000980369746685028
4055,0.0008891336619853973
14196,0.0008519020630046725
54705,0.0006415867246687412
47264,0.0002003562549361959
