Index,Activation Value
12,0.13924667239189148
55426,0.10621025413274765
18680,0.08830821514129639
14326,0.08749626576900482
7334,0.0847216472029686
107558,0.07954531908035278
101572,0.07817652821540833
12589,0.07806579768657684
59998,0.07721357047557831
73908,0.074080690741539
