Index,Activation Value
6156,0.046420931816101074
13090,0.04066751152276993
14983,0.03989136219024658
73908,0.038833439350128174
14022,0.03792799636721611
12,0.03353589400649071
87758,0.03351316973567009
12344,0.03263942152261734
103694,0.03250550851225853
107995,0.03063981793820858
