Index,Activation Value
22230,0.07010246813297272
8774,0.0631423145532608
55426,0.06236163154244423
71879,0.05641234666109085
70349,0.05281149968504906
41210,0.051890816539525986
107551,0.05179958418011665
98149,0.051082391291856766
12344,0.05081183835864067
65958,0.0474296510219574
