Index,Activation Value
55841,2.2660136222839355
49374,2.1255905628204346
42534,1.5396772623062134
67890,1.414440393447876
42482,1.3284779787063599
27328,1.2296603918075562
81134,1.0837352275848389
67097,0.9118300080299377
69423,0.8128952980041504
16807,0.6493018865585327
