Index,Activation Value
12,0.12897589802742004
852,0.0952247679233551
111011,0.08255044370889664
14326,0.08162328600883484
29450,0.08002560585737228
9293,0.07544144243001938
58367,0.0718250572681427
27438,0.06678489595651627
28425,0.06658806651830673
74413,0.0642826110124588
