Index,Activation Value
107551,0.08269331604242325
7942,0.07194335013628006
41210,0.07170204818248749
103991,0.07122796773910522
8774,0.06946665048599243
65958,0.06437423825263977
3878,0.06130862608551979
2871,0.06120463088154793
38717,0.06016017869114876
79234,0.060000449419021606
