Index,Activation Value
58249,0.007199892774224281
47257,0.004521040245890617
21467,0.004371204879134893
56554,0.0035569171886891127
29340,0.003206112654879689
36212,0.0014327901881188154
53579,0.0002369921567151323
