Index,Activation Value
44123,0.0037978501059114933
83828,0.0012043094029650092
