Index,Activation Value
8396,0.011184549890458584
36212,0.009681124240159988
32727,0.009658259339630604
22371,0.008955034427344799
54222,0.0071134623140096664
12023,0.006774499546736479
56855,0.006629626266658306
579,0.004554724786430597
43197,0.004426693078130484
25657,0.0034026431385427713
