Index,Activation Value
54956,0.07620459049940109
49479,0.06429633498191833
109700,0.059178806841373444
43247,0.05908183753490448
35520,0.058894481509923935
87950,0.0582251138985157
59998,0.05725698173046112
36411,0.05567769706249237
100136,0.053941816091537476
14983,0.053506333380937576
