Index,Activation Value
107558,0.004413113463670015
36173,0.0033585468772798777
104537,0.0013765726471319795
52183,0.0013467022217810154
