Index,Activation Value
28312,1.490024447441101
14196,1.2387775182724
17950,0.6130923628807068
2800,0.5775496959686279
5118,0.5471915602684021
49785,0.4456852078437805
36743,0.3400912582874298
15811,0.336043119430542
18455,0.3273954391479492
47699,0.3205038011074066
