Index,Activation Value
33336,0.18710912764072418
83828,0.13687941431999207
111011,0.13120189309120178
37498,0.11793085187673569
27438,0.11478112637996674
36173,0.09185656160116196
13090,0.09105253219604492
56725,0.08048100024461746
60631,0.07797637581825256
16959,0.07701840251684189
