Index,Activation Value
56725,0.023731309920549393
27438,0.017814818769693375
83828,0.017594488337635994
20663,0.013998758047819138
111011,0.012485545128583908
33336,0.011689012870192528
22227,0.011550677940249443
35254,0.010800458490848541
96758,0.010777219198644161
60631,0.009594646282494068
