Index,Activation Value
88571,0.1252911388874054
107558,0.08516271412372589
17902,0.06987210363149643
6156,0.06153707578778267
96125,0.060206443071365356
92077,0.05436020344495773
70349,0.05361853539943695
15751,0.0512612946331501
1267,0.04490707069635391
25887,0.044214412569999695
