Index,Activation Value
36212,0.13091695308685303
21467,0.12206399440765381
45313,0.10693378001451492
8396,0.10439576208591461
31723,0.09896174818277359
56855,0.09882408380508423
25657,0.09838660806417465
41844,0.08571742475032806
54138,0.08266802877187729
4530,0.07905817031860352
