Index,Activation Value
24298,0.1555269956588745
36473,0.13199836015701294
8080,0.13030359148979187
8019,0.12085417658090591
44569,0.11222924292087555
27547,0.11166369169950485
29340,0.11155113577842712
36212,0.1038406491279602
8396,0.09980098903179169
56855,0.09086994081735611
