Index,Activation Value
29450,0.020465495064854622
73306,0.013568059541285038
91875,0.013537950813770294
7351,0.012475186958909035
35254,0.012245958670973778
52491,0.011017445474863052
44123,0.010835171677172184
82590,0.009022530168294907
110975,0.008770340122282505
95769,0.008378345519304276
