Index,Activation Value
47257,1.586421251296997
44569,0.7098004817962646
56155,0.015105119906365871
43178,0.0061051384545862675
