Index,Activation Value
44569,0.3392162621021271
24298,0.325751930475235
8080,0.28705114126205444
53579,0.26866650581359863
38924,0.25718048214912415
29465,0.2412574142217636
36473,0.2337830662727356
8019,0.22683727741241455
1859,0.2244902104139328
56855,0.22207874059677124
