Index,Activation Value
56855,0.057950131595134735
36212,0.05750301107764244
8080,0.057258520275354385
53579,0.05714845657348633
38924,0.05595840886235237
8396,0.053136762231588364
21467,0.050976429134607315
58249,0.04808570072054863
38432,0.04525790363550186
29340,0.04486154019832611
