Index,Activation Value
38924,0.00023103512648958713
53579,0.00020858329662587494
21467,0.00010695907985791564
33011,0.00010090909199789166
58249,6.64660256006755e-05
26778,4.7886544052744284e-05
56855,4.489070852287114e-05
24298,4.3230589653830975e-05
8019,4.0600083593744785e-05
1909,3.053454929613508e-05
