Index,Activation Value
56554,0.0041878256015479565
18000,0.0033167325891554356
59288,0.0027350035961717367
56545,0.0014934912323951721
