Index,Activation Value
54138,0.05144704878330231
56855,0.04740774631500244
8080,0.046599555760622025
8396,0.04559669643640518
36212,0.04478996992111206
29340,0.04307729750871658
21467,0.04117982089519501
38432,0.03635764867067337
24298,0.035319145768880844
43197,0.03275131806731224
