Index,Activation Value
101572,0.1362677961587906
59998,0.12931212782859802
110712,0.06532805413007736
70512,0.057585302740335464
6970,0.05553286150097847
54896,0.053603388369083405
95695,0.049156978726387024
102181,0.0476488322019577
50954,0.04580026865005493
93275,0.04464816302061081
