Index,Activation Value
25887,0.0917019471526146
72094,0.08624444156885147
73306,0.07380818575620651
23836,0.06861229985952377
73855,0.06524395197629929
12832,0.06197470799088478
29450,0.05892064422369003
12344,0.05882596597075462
67013,0.05869487673044205
95576,0.05846304073929787
