Index,Activation Value
96330,1.1122878789901733
5481,0.863601803779602
91393,0.7445638179779053
75846,0.6363455057144165
107664,0.5092242956161499
30064,0.35679900646209717
26817,0.3374902307987213
19492,0.23422522842884064
110212,0.16665591299533844
16105,0.13359031081199646
