Index,Activation Value
38924,0.007200818974524736
24298,0.004630505573004484
26778,0.003690242301672697
8080,0.002808040240779519
43054,0.001996980281546712
36212,0.0018690730212256312
54138,0.0015148874372243881
53579,0.0014553634682670236
43197,0.001421733177267015
33011,0.0008946142042987049
