Index,Activation Value
26778,0.012390161864459515
36473,0.010908173397183418
36212,0.003994302824139595
24298,0.003700526664033532
32727,0.0010870565893128514
45313,0.0009004817111417651
51769,0.0008146779728122056
