Index,Activation Value
44569,0.08344271034002304
1909,0.06385161727666855
53579,0.043252889066934586
26778,0.03938682749867439
44743,0.036873966455459595
20435,0.03665095195174217
38924,0.03640579432249069
49406,0.03488187491893768
36473,0.032535895705223083
15397,0.029552731662988663
