Index,Activation Value
7334,0.009757624007761478
24235,0.007537870667874813
90842,0.00398258026689291
45583,0.003640023060142994
18680,0.002927845809608698
27818,0.002856978215277195
23410,0.0018175151199102402
66353,0.0007630682084709406
103694,0.00043694948544725776
19627,0.00020498430239968002
