Index,Activation Value
28312,0.021022316068410873
48137,0.01678568124771118
58458,0.01672215946018696
34397,0.016030004248023033
39450,0.01464782003313303
58198,0.01363370195031166
17950,0.012897217646241188
51614,0.01234101690351963
32086,0.010159379802644253
41994,0.009904559701681137
