Index,Activation Value
8396,0.005133430473506451
56855,0.004471610765904188
29340,0.004442758392542601
36212,0.003894138615578413
