Index,Activation Value
33011,0.11833764612674713
26778,0.10338089615106583
38924,0.10166990011930466
29340,0.06898163259029388
8080,0.068306565284729
36473,0.0670628696680069
44569,0.05610125511884689
24298,0.05274354666471481
1909,0.050797007977962494
53579,0.049703240394592285
