Index,Activation Value
21467,0.6232026219367981
30430,0.3912336230278015
55774,0.1917000114917755
