Index,Activation Value
46264,1.1948634386062622
34925,0.9937152862548828
31723,0.8811748623847961
14094,0.8032312989234924
19311,0.7830418944358826
54532,0.7710623741149902
34156,0.7468549609184265
6064,0.6361088156700134
27100,0.6152679920196533
17329,0.5995246767997742
