Index,Activation Value
7145,0.03880651295185089
39547,0.012400898151099682
59924,0.012255515903234482
4902,0.01189297717064619
3932,0.009440131485462189
4581,0.006921746768057346
24567,0.006613513454794884
43164,0.005919476039707661
3326,0.005769537761807442
30511,0.0055944789201021194
