Index,Activation Value
8080,0.039485543966293335
24298,0.037613123655319214
8019,0.03559817373752594
1909,0.03475118800997734
18000,0.033561479300260544
32727,0.03244907408952713
36473,0.031047988682985306
27547,0.030918652191758156
9816,0.02562728151679039
53579,0.024951554834842682
