Index,Activation Value
28425,0.10556910932064056
100884,0.0739818811416626
80233,0.06711796671152115
52826,0.06481893360614777
17608,0.06327769160270691
42493,0.061333611607551575
108688,0.06119818612933159
109825,0.0562577061355114
29372,0.05589831620454788
36159,0.053264737129211426
