Index,Activation Value
22371,0.013887103646993637
11257,0.013775217346847057
38127,0.013298097997903824
29340,0.010944429785013199
7145,0.009924318641424179
49406,0.009919808246195316
20435,0.009635076858103275
52382,0.009044739417731762
54222,0.008574871346354485
4817,0.008406056091189384
