Index,Activation Value
12285,0.8602883815765381
53966,0.8412690162658691
84016,0.8079978823661804
58201,0.7985451221466064
92199,0.7907963991165161
4584,0.7502410411834717
104351,0.7283669114112854
4449,0.7276120185852051
1394,0.6613941192626953
74853,0.6613484025001526
