Index,Activation Value
7125,0.02358955331146717
9049,0.013825478963553905
31723,0.012935428880155087
14186,0.009884735569357872
43164,0.009215245023369789
20328,0.00863291323184967
50700,0.007247540634125471
42649,0.006543328985571861
27838,0.005396049004048109
7145,0.005083284806460142
