Index,Activation Value
33011,0.44765669107437134
53579,0.43934667110443115
26778,0.423771470785141
56855,0.4072525203227997
21467,0.3603384494781494
27547,0.3559274673461914
38924,0.35570424795150757
29340,0.3518597483634949
36212,0.34940022230148315
8396,0.3379090130329132
