Index,Activation Value
56032,0.21003881096839905
56545,0.2064448595046997
15397,0.1741350144147873
35684,0.15804891288280487
44743,0.14934638142585754
7145,0.14596007764339447
4055,0.13041706383228302
17428,0.12907998263835907
5319,0.12749843299388885
31684,0.12529854476451874
