Index,Activation Value
13090,0.002168100094422698
28910,0.0014395068865269423
