Index,Activation Value
12344,0.040519829839468
72094,0.03360915929079056
95769,0.02216142974793911
87758,0.022097470238804817
59998,0.020893273875117302
92077,0.01925317756831646
74354,0.018819887191057205
78437,0.017622025683522224
868,0.016930563375353813
29450,0.016882071271538734
