Index,Activation Value
8080,0.008292934857308865
36212,0.006233976688235998
56855,0.005351719446480274
8019,0.005276110488921404
53579,0.0036293300800025463
33011,0.0034796965774148703
27547,0.0030452031642198563
8396,0.0030387891456484795
29340,0.0029277175199240446
44569,0.0027650801930576563
