Index,Activation Value
28368,1.043140172958374
45789,0.4907686114311218
46477,0.4699857532978058
22957,0.4475063979625702
27040,0.15645720064640045
21740,0.11956639587879181
20007,0.06453607231378555
26699,0.06189606711268425
52071,0.015666479244828224
47008,0.0047566951252520084
