Index,Activation Value
101572,0.0925193727016449
27912,0.05311592295765877
75996,0.05303818732500076
110712,0.05116075649857521
89903,0.050204381346702576
4825,0.047142863273620605
77289,0.04421481862664223
104537,0.03951452299952507
12942,0.03883002698421478
35254,0.038826920092105865
