Index,Activation Value
13743,0.0057788328267633915
45313,0.004199813585728407
32727,0.004173301625996828
41844,0.0041244495660066605
33011,0.0035670017823576927
56155,0.003476381069049239
57551,0.0025293794460594654
51614,0.0010173112386837602
11450,0.0008456299547106028
28855,0.00012666227121371776
