Index,Activation Value
31778,0.49245837330818176
35118,0.1234973669052124
