Index,Activation Value
25849,0.07261256873607635
56725,0.060354772955179214
32638,0.05730358511209488
71879,0.0571192242205143
25887,0.05559118837118149
92547,0.054784465581178665
54896,0.05169166624546051
86538,0.041200146079063416
88273,0.03903622552752495
13090,0.038928497582674026
