Index,Activation Value
16107,0.011034361086785793
101647,0.0001064516109181568
