Index,Activation Value
38924,0.23673845827579498
53579,0.17612744867801666
31736,0.17170920968055725
33607,0.17109310626983643
58249,0.16008955240249634
53589,0.1536441445350647
44269,0.13109782338142395
19339,0.12987874448299408
56554,0.12717819213867188
15670,0.1266193687915802
