Index,Activation Value
53579,0.5971382260322571
38924,0.5763949155807495
33011,0.4592434763908386
21467,0.4457845091819763
58249,0.4042758643627167
26778,0.36812737584114075
1909,0.3369625508785248
13179,0.25851285457611084
36473,0.2563885450363159
8080,0.2277720421552658
