Index,Activation Value
54927,0.02736322395503521
25087,0.020727723836898804
4930,0.02062537707388401
45682,0.020594889298081398
7145,0.019411467015743256
44937,0.019095415249466896
31684,0.019077546894550323
34734,0.018080642446875572
36813,0.017112910747528076
13005,0.016262995079159737
