Index,Activation Value
29340,0.2377726137638092
28312,0.12662525475025177
14196,0.12204229831695557
43054,0.1159144714474678
25657,0.10363373160362244
43178,0.09578493982553482
32696,0.09407053887844086
8396,0.09000998735427856
42419,0.08936772495508194
41843,0.08292932063341141
