Index,Activation Value
38924,0.6861987113952637
58249,0.5124841928482056
53579,0.49159157276153564
21467,0.425344854593277
43054,0.37068405747413635
1909,0.3631379008293152
26778,0.35132941603660583
18000,0.30064815282821655
8080,0.28275665640830994
56554,0.26868051290512085
