Index,Activation Value
38247,0.03449525311589241
53582,0.03409389778971672
24565,0.03257462754845619
14721,0.0256589837372303
40169,0.020940952003002167
50700,0.020724201574921608
55023,0.01793788932263851
57009,0.013215065002441406
29340,0.012960151769220829
38127,0.010703523643314838
