Index,Activation Value
43164,0.1366574764251709
36625,0.13657352328300476
59924,0.13640902936458588
47264,0.12114960700273514
7145,0.11617692559957504
39207,0.11501896381378174
25227,0.10871487855911255
21565,0.10597982257604599
52735,0.10386107861995697
32661,0.10199175029993057
