Index,Activation Value
24298,0.11869671195745468
56855,0.09775153547525406
8019,0.08774060010910034
21467,0.08063764125108719
8396,0.0786193311214447
18000,0.07752251625061035
8080,0.07503952831029892
26778,0.07171725481748581
54138,0.07011771202087402
29340,0.06842929124832153
