Index,Activation Value
21467,0.1444951444864273
38432,0.13821929693222046
56855,0.12425407767295837
8396,0.11778175085783005
29340,0.10404253005981445
33011,0.0981483981013298
36212,0.09350644052028656
30430,0.07884284108877182
45313,0.07881008088588715
13743,0.07221589237451553
