Index,Activation Value
41694,0.06385548412799835
18736,0.055024683475494385
39999,0.0494576022028923
7145,0.04670851677656174
14960,0.04506457597017288
9084,0.04322667047381401
47711,0.03784938529133797
34961,0.03746413439512253
25802,0.03742169216275215
24588,0.03716961666941643
