Index,Activation Value
16107,0.11564027518033981
52426,0.09554590284824371
27438,0.08421196788549423
96758,0.08142257481813431
64204,0.0752139687538147
107995,0.07372523844242096
60631,0.06633620709180832
34454,0.06385575979948044
2279,0.0631675273180008
76908,0.05880174785852432
