Index,Activation Value
33336,0.08066365122795105
64204,0.07127287983894348
52426,0.06885486096143723
87126,0.06534034013748169
52183,0.0604713149368763
67013,0.058455079793930054
37498,0.05364546179771423
28910,0.0527600459754467
109825,0.05172811821103096
59998,0.05142694711685181
