Index,Activation Value
18000,0.009145860560238361
19701,0.0011298572644591331
59288,0.00013868727546650916
