Index,Activation Value
60631,0.12393675744533539
21549,0.0921202078461647
22092,0.08914201706647873
98149,0.08200225979089737
62662,0.07954913377761841
6156,0.07918399572372437
47448,0.07055263966321945
11313,0.06886143982410431
61123,0.06881871074438095
82590,0.0683027058839798
