Index,Activation Value
28312,0.014569421298801899
45858,0.014432811178267002
54222,0.013594623655080795
14196,0.013170599937438965
54621,0.013163023628294468
22371,0.012104579247534275
47639,0.011541150510311127
29465,0.011297458782792091
20635,0.011001253500580788
58963,0.010663436725735664
