Index,Activation Value
12344,0.12450989335775375
6156,0.11880568414926529
21549,0.11650905013084412
22092,0.10787861049175262
71879,0.09750396758317947
61123,0.09578761458396912
48473,0.09324247390031815
87758,0.092762790620327
103438,0.09213101118803024
70776,0.0847637727856636
