Index,Activation Value
16196,2.6542935371398926
21598,0.8416664004325867
5122,0.662854790687561
55505,0.5652105808258057
33342,0.5298739671707153
13596,0.4372168481349945
18629,0.24836479127407074
44927,0.23627102375030518
12497,0.14587251842021942
9057,0.08975653350353241
