Index,Activation Value
26778,0.0815633162856102
38924,0.08148447424173355
53579,0.06296375393867493
58249,0.05315880477428436
38127,0.051727425307035446
32727,0.04579116031527519
36473,0.04460707679390907
43054,0.04312200844287872
24298,0.04276719689369202
54138,0.04267241805791855
