Index,Activation Value
21467,0.03440770134329796
33011,0.03230651840567589
38432,0.024482138454914093
36212,0.017613397911190987
18000,0.014099238440394402
29340,0.012490888126194477
38127,0.009853621013462543
1909,0.008636432699859142
43054,0.008195883594453335
8396,0.0074607860296964645
