Index,Activation Value
21798,0.48973602056503296
5110,0.3440311849117279
38527,0.013347072526812553
