Index,Activation Value
7145,0.19414979219436646
31723,0.12811169028282166
16549,0.11029386520385742
29465,0.10512106865644455
31022,0.09364693611860275
31684,0.08663471788167953
43164,0.08525527268648148
31736,0.08325999230146408
14706,0.08180267363786697
59924,0.07957691699266434
