Index,Activation Value
3082,0.008438740856945515
7351,0.004085705149918795
70349,0.003422996262088418
14022,0.0028698735404759645
33336,0.002623750362545252
55426,0.0013766544871032238
89026,0.00106829684227705
52491,0.0007148500881157815
47448,0.00034769816556945443
48473,0.00018986899522133172
