Index,Activation Value
70349,0.013244508765637875
87758,0.010594949126243591
12344,0.009637624025344849
96654,0.008146950043737888
71879,0.006044358015060425
53715,0.005725319497287273
52426,0.005364624317735434
12589,0.005206627771258354
95769,0.00514326011762023
14022,0.0050292289815843105
