Index,Activation Value
14826,0.134809210896492
57551,0.13430964946746826
19339,0.10801663249731064
7683,0.10343942791223526
53589,0.0968933030962944
52440,0.09672632068395615
33607,0.09648576378822327
44269,0.095428965985775
34961,0.08619433641433716
23805,0.08568651229143143
