Index,Activation Value
36473,0.026144463568925858
44569,0.015132523141801357
773,0.012716173194348812
24298,0.012425667606294155
1859,0.01242124754935503
8019,0.00867402832955122
1909,0.007617998402565718
16549,0.007242001127451658
17939,0.005033312365412712
54222,0.004623842425644398
