Index,Activation Value
8396,0.06788777559995651
56855,0.0665653869509697
29340,0.05982884392142296
36212,0.05838596075773239
38340,0.04127153754234314
38432,0.0403328500688076
33011,0.03923032432794571
25657,0.037838276475667953
21467,0.03730727732181549
32727,0.031569600105285645
