Index,Activation Value
53579,0.044286224991083145
21467,0.03321672976016998
26778,0.025810232385993004
38924,0.02209230698645115
8080,0.017516184598207474
38432,0.016204286366701126
27547,0.014589644968509674
33011,0.012786508537828922
8019,0.012018339708447456
24298,0.009124630130827427
