Index,Activation Value
56855,0.25312960147857666
8396,0.2175711989402771
36212,0.20432893931865692
14826,0.1817622184753418
29340,0.17075449228286743
19339,0.1640489548444748
41844,0.1594134271144867
7683,0.1561390608549118
51614,0.15592628717422485
44269,0.1489008516073227
