Index,Activation Value
13090,0.009512162767350674
70349,0.0012644464150071144
28910,0.0011034883791580796
20663,0.0004268910561222583
