Index,Activation Value
33011,0.4831964373588562
19837,0.07211104780435562
