Index,Activation Value
29340,0.28962287306785583
55023,0.18482640385627747
8396,0.1844044178724289
56855,0.18176497519016266
36212,0.1662749946117401
24565,0.16532929241657257
47257,0.14899706840515137
25657,0.14840106666088104
53582,0.1466095894575119
21467,0.1396714299917221
