Index,Activation Value
33011,2.66267991065979
13179,2.179208755493164
36473,1.6198183298110962
59288,1.5344388484954834
1909,1.4819743633270264
773,1.3718585968017578
57163,1.233046293258667
29445,1.1089115142822266
45556,1.1050856113433838
42506,1.0531082153320312
