Index,Activation Value
33011,0.04506641998887062
36473,0.026801900938153267
44569,0.024271409958600998
24298,0.023034516721963882
1909,0.021846070885658264
56855,0.019901109859347343
8396,0.017943665385246277
53579,0.01709655299782753
36212,0.016587840393185616
38924,0.016221780329942703
