Index,Activation Value
773,0.0034254405181854963
45858,0.0019071631832048297
13604,0.0006782286800444126
14040,0.0004789592057932168
34136,0.0003907130449078977
43178,0.0002174689288949594
4501,9.779761057870928e-06
