Index,Activation Value
12344,0.027899106964468956
88546,0.01875416748225689
88571,0.01627158746123314
6156,0.014801238663494587
868,0.01314360648393631
74354,0.013130269944667816
17690,0.011881917715072632
19410,0.009492466226220131
87758,0.009245652705430984
15629,0.009060525335371494
