Index,Activation Value
21467,2.593217372894287
43054,2.2816574573516846
38924,1.4444615840911865
32881,0.6034814119338989
53579,0.5496964454650879
58249,0.5429664254188538
23665,0.5153795480728149
24409,0.431915283203125
2354,0.4303303062915802
39547,0.3164500594139099
