Index,Activation Value
8396,0.08813969790935516
38340,0.08095622062683105
13743,0.07307902723550797
25657,0.07268265634775162
56855,0.06596381217241287
36212,0.05497743561863899
4530,0.046679310500621796
9351,0.04549646005034447
9107,0.0408635288476944
47257,0.04006554186344147
