Index,Activation Value
33336,0.02738562785089016
36173,0.02686403878033161
49865,0.005571206100285053
83828,0.00480903685092926
73501,0.004332580137997866
28425,0.004097623750567436
7106,0.003411412239074707
71932,0.0030748331919312477
96125,0.0028428775258362293
105975,0.0025408053770661354
