Index,Activation Value
70349,0.08067117631435394
95769,0.06491246074438095
107925,0.05379190295934677
29450,0.0533846840262413
90582,0.050973717123270035
92307,0.049414485692977905
95312,0.048499394208192825
111478,0.04834781959652901
71879,0.04694659635424614
14379,0.04495624452829361
