Index,Activation Value
29340,0.2657569646835327
26778,0.21609164774417877
33011,0.19430702924728394
38924,0.17994515597820282
58249,0.1772780418395996
53582,0.1334807574748993
4191,0.1273948848247528
26559,0.11536842584609985
53579,0.09369371831417084
2792,0.08339592069387436
