Index,Activation Value
107551,0.08645451813936234
60880,0.0806942954659462
8774,0.08053166419267654
64204,0.07828110456466675
96125,0.07592138648033142
103991,0.07336670160293579
53869,0.06766290962696075
75310,0.06687220931053162
52683,0.06686879694461823
110712,0.06230981647968292
