Index,Activation Value
53579,0.020396066829562187
38924,0.019146423786878586
36212,0.017862429842352867
26778,0.016157150268554688
8396,0.013435178436338902
31736,0.010280151851475239
36473,0.009430219419300556
30430,0.007904653437435627
45313,0.0066928802989423275
53582,0.006548536475747824
