Index,Activation Value
43054,0.10928353667259216
45682,0.10372708737850189
59868,0.09105011820793152
26196,0.08842726796865463
8302,0.08821726590394974
11450,0.08807187527418137
22737,0.08709345012903214
10685,0.08201836049556732
26518,0.08173923939466476
10382,0.08045445382595062
