Index,Activation Value
9816,0.030593156814575195
8019,0.02761146053671837
43197,0.025306720286607742
27547,0.024827154353260994
32727,0.02317579835653305
24298,0.023077478632330894
56155,0.016345322132110596
54138,0.01607768051326275
44569,0.0160733200609684
579,0.01565064862370491
