Index,Activation Value
13090,0.23990799486637115
60631,0.16407784819602966
37498,0.13047122955322266
52183,0.10406526178121567
33336,0.09994348138570786
64204,0.09325361996889114
56725,0.08445420116186142
70349,0.08247210085391998
28425,0.0807173103094101
17608,0.07577062398195267
