Index,Activation Value
88571,0.11815375834703445
56725,0.08310339599847794
25849,0.08068402111530304
13090,0.0690760463476181
70349,0.06680212169885635
35254,0.06304913014173508
53715,0.05852703005075455
111154,0.05757240951061249
1021,0.052188243716955185
52683,0.04085465148091316
