Index,Activation Value
17366,0.007340983487665653
7783,0.0071092997677624226
27569,0.006991060916334391
59069,0.00593547010794282
53404,0.005193932447582483
50256,0.005184464156627655
14186,0.005123675335198641
34150,0.00509845744818449
37903,0.004894529934972525
32140,0.004841051530092955
