Index,Activation Value
36173,0.05388609692454338
28425,0.04694710671901703
70776,0.03922108933329582
27438,0.03312446549534798
111011,0.03304179385304451
42493,0.03134585916996002
99629,0.027475129812955856
21549,0.02681262604892254
7682,0.02619723603129387
852,0.026148036122322083
