Index,Activation Value
43115,0.09175702184438705
47257,0.08732195198535919
3932,0.07810325175523758
17076,0.07243402302265167
34547,0.06533489376306534
32757,0.061044760048389435
1437,0.061001941561698914
58963,0.06017199531197548
3204,0.05460601672530174
46490,0.05459853634238243
