Index,Activation Value
108542,0.008032610639929771
88295,0.0074417428113520145
11313,0.007138216868042946
52491,0.006353373173624277
61123,0.006310177501291037
59080,0.0051521738059818745
2915,0.005051407031714916
96125,0.0050310902297496796
95051,0.0036324667744338512
3082,0.003598454175516963
