Index,Activation Value
52426,0.12445539236068726
84018,0.06469464302062988
3309,0.06331081688404083
27789,0.06158304587006569
18471,0.0532793290913105
111056,0.052998241037130356
1447,0.05211346223950386
16807,0.051694631576538086
4765,0.047337330877780914
107987,0.0472162663936615
