Index,Activation Value
12344,0.02804422192275524
107558,0.024156741797924042
79383,0.018871109932661057
104537,0.018846143037080765
34454,0.01802467554807663
7351,0.01800679601728916
74354,0.01770169846713543
7334,0.017196213826537132
72094,0.016872495412826538
17690,0.016504406929016113
