Index,Activation Value
56855,0.020974092185497284
8396,0.019643327221274376
36212,0.017222607508301735
25657,0.009474345482885838
38247,0.004638258833438158
4530,0.004626790061593056
29465,0.0045853895135223866
31736,0.0038225543685257435
16549,0.0030877143144607544
19868,0.0011855221819132566
