Index,Activation Value
7334,0.01714915782213211
72094,0.009552051313221455
70776,0.0038440076168626547
34454,0.003059740411117673
47167,0.00045981723815202713
42168,0.0002801650553010404
