Index,Activation Value
53579,0.18437659740447998
38924,0.1716972291469574
24298,0.1592554897069931
58249,0.14038744568824768
8080,0.12715069949626923
33011,0.12663713097572327
1909,0.12405738234519958
36473,0.12209698557853699
26778,0.12061304599046707
18000,0.11110637336969376
