Index,Activation Value
47009,0.10329984128475189
48346,0.08244563639163971
3300,0.07675953954458237
39999,0.07067949324846268
39787,0.07028059661388397
2390,0.06973971426486969
31693,0.06928354501724243
4055,0.06802330911159515
38371,0.0679655522108078
8702,0.06691159307956696
