Index,Activation Value
29450,0.020710282027721405
95769,0.018874652683734894
35254,0.016377780586481094
110975,0.013514377176761627
12344,0.00963237602263689
22092,0.009183418937027454
31199,0.007544278167188168
73855,0.007121065631508827
52491,0.007096440531313419
98149,0.005954538006335497
