Index,Activation Value
37498,1.7170932292938232
67013,1.4593061208724976
33336,1.1468092203140259
13518,1.0799193382263184
109813,1.064442753791809
36536,1.0418673753738403
6375,0.7551742196083069
59162,0.6685065031051636
30064,0.6244097352027893
6786,0.5512844324111938
