Index,Activation Value
25657,0.022482609376311302
36212,0.01856304332613945
14196,0.01514517143368721
56096,0.014280881732702255
28312,0.0136486841365695
13743,0.01297606062144041
20435,0.012717054225504398
53589,0.012035802938044071
49406,0.011747624725103378
38340,0.010408315807580948
