Index,Activation Value
54138,0.049354683607816696
38924,0.04648885130882263
44208,0.04358100891113281
8080,0.042833101004362106
26778,0.03970547020435333
38127,0.0391305573284626
45682,0.03873324766755104
24298,0.03306210786104202
13179,0.0326816700398922
43054,0.029826201498508453
