Index,Activation Value
21467,0.011991647072136402
38924,0.00850273109972477
53579,0.008501403033733368
58249,0.004320835694670677
33011,0.0012778176460415125
1909,0.0012520900927484035
36473,0.0010246643796563148
8080,9.976824367186055e-05
