Index,Activation Value
95115,0.004077724646776915
12942,0.003391771810129285
31227,0.0013857943704351783
4738,0.0010762941092252731
73855,0.0008874677587300539
