Index,Activation Value
38924,0.1053633913397789
26778,0.10227026045322418
53579,0.08789651095867157
21467,0.08727017790079117
19868,0.0857730507850647
33011,0.0769306942820549
25657,0.06794008612632751
58249,0.0652022585272789
41844,0.06012972071766853
47257,0.05288737639784813
