Index,Activation Value
27438,0.10157725214958191
111011,0.08597993850708008
32638,0.07878568768501282
48473,0.0740416944026947
36173,0.07254133373498917
2279,0.07060309499502182
33336,0.07030357420444489
108542,0.06964259594678879
11313,0.06929170340299606
8790,0.06879354268312454
