Index,Activation Value
52258,0.9893720746040344
7859,0.8059960603713989
52431,0.7823123931884766
105034,0.7691282629966736
45634,0.7446970343589783
62757,0.555693507194519
64050,0.5326029062271118
40806,0.5185428261756897
106186,0.4876413345336914
46135,0.474447637796402
