Index,Activation Value
13090,2.0029168128967285
56725,1.8690992593765259
12589,1.6758953332901
28425,1.2417082786560059
46526,1.2240214347839355
22202,1.1256052255630493
43172,1.0311781167984009
88571,0.9774030447006226
55040,0.9718847274780273
100099,0.9425668716430664
