Index,Activation Value
31429,0.6421176195144653
3014,0.23616290092468262
21469,0.23501962423324585
9838,0.2289295196533203
16456,0.13810791075229645
35925,0.11609162390232086
2042,0.04260832816362381
