Index,Activation Value
41336,0.5309221148490906
107114,0.5150530338287354
79688,0.33846697211265564
106453,0.030676066875457764
15364,0.006431912537664175
14425,0.004829361103475094
