Index,Activation Value
53579,0.578962504863739
8080,0.5074730515480042
33011,0.4554799497127533
56855,0.4476599395275116
18000,0.4473574459552765
36212,0.44332802295684814
26778,0.4414607882499695
8396,0.43611207604408264
38924,0.43217095732688904
29340,0.43033039569854736
