Index,Activation Value
8080,0.40854302048683167
8019,0.3904592990875244
44569,0.3551052510738373
9816,0.349748432636261
38924,0.33434486389160156
26778,0.3229598104953766
42887,0.3225126564502716
24298,0.3189089298248291
53579,0.31235653162002563
18000,0.31138306856155396
