Index,Activation Value
33336,0.1105320155620575
97407,0.09672653675079346
52183,0.08820220082998276
60631,0.08447969704866409
13090,0.08372077345848083
51766,0.07767798751592636
52683,0.07425845414400101
71879,0.07269014418125153
27818,0.06972292810678482
52847,0.06846415251493454
