Index,Activation Value
50116,1.0300304889678955
49261,0.5072827935218811
33041,0.4269784986972809
37599,0.41200098395347595
39353,0.4010811448097229
2778,0.37596628069877625
3541,0.3729402720928192
88676,0.30708402395248413
40,0.28711163997650146
29629,0.26589149236679077
