Index,Activation Value
28910,0.01426363829523325
80813,0.013997859321534634
76908,0.011915604583919048
31199,0.011726269498467445
100195,0.008104833774268627
59998,0.007507725153118372
99629,0.006783238612115383
12589,0.006149694323539734
73306,0.005909617990255356
52854,0.004997132811695337
