Index,Activation Value
12344,0.0325004942715168
14022,0.026403440162539482
7334,0.023384060710668564
72094,0.019450362771749496
95769,0.019110167399048805
17690,0.017218997702002525
60631,0.016735821962356567
868,0.015622740611433983
52683,0.015375947579741478
73908,0.01529816072434187
