Index,Activation Value
56725,0.004102283623069525
13090,0.0034669991582632065
33336,0.0029725509230047464
107558,0.001995486905798316
19627,0.0018814426148310304
16959,0.0014656690182164311
107995,0.0014500528341159225
80813,0.001184993889182806
63669,0.000934477080591023
20663,0.0007591416942887008
