Index,Activation Value
11257,0.20726196467876434
1909,0.1750229299068451
8349,0.1668943464756012
31723,0.16663789749145508
20435,0.15544462203979492
15111,0.14947400987148285
17939,0.14403879642486572
579,0.141197070479393
8080,0.1319623738527298
52585,0.1306380182504654
