Index,Activation Value
40355,0.06543971598148346
22092,0.05191739648580551
21549,0.05132781341671944
7682,0.049519024789333344
12942,0.03372788429260254
65877,0.02924075536429882
17902,0.02784114144742489
31227,0.02635781280696392
108688,0.02482823096215725
63054,0.022055761888623238
