Index,Activation Value
29247,0.9515431523323059
18966,0.8755027651786804
71009,0.7513288259506226
12579,0.7446954846382141
89624,0.6134216785430908
101448,0.6030732989311218
9043,0.5588471293449402
87534,0.4729485511779785
103801,0.4545997083187103
54888,0.32936057448387146
