Index,Activation Value
44208,0.13204802572727203
13179,0.1302529275417328
41843,0.11658617109060287
15670,0.09330113232135773
38127,0.09279365837574005
59288,0.09245500713586807
43054,0.0915154218673706
57163,0.08478239178657532
29475,0.0815940871834755
5478,0.08051089197397232
