Index,Activation Value
28910,0.14894604682922363
88571,0.12298562377691269
12589,0.0875205472111702
91875,0.08674529939889908
13090,0.06529247760772705
104537,0.06498029828071594
49456,0.06310071796178818
96758,0.06186751648783684
34454,0.0615142323076725
27191,0.05919380858540535
