Index,Activation Value
59998,0.07718754559755325
107995,0.07191537320613861
66000,0.06908388435840607
48473,0.054271429777145386
16807,0.05121053010225296
52847,0.04701494053006172
85185,0.044502418488264084
52426,0.04229985177516937
75915,0.04125852882862091
35913,0.040011387318372726
