Index,Activation Value
13090,0.04667067527770996
52183,0.022848689928650856
70349,0.021784553304314613
56725,0.017401160672307014
28425,0.017336541786789894
36173,0.014969781041145325
60631,0.01278496440500021
9293,0.005750610493123531
28910,0.005482885986566544
25849,0.004926829598844051
