Index,Activation Value
37498,0.060755662620067596
70349,0.04243040829896927
88571,0.039099887013435364
60631,0.03891396522521973
64204,0.032006870955228806
52426,0.027690811082720757
13090,0.027462763711810112
107925,0.02661694400012493
17902,0.026401152834296227
67013,0.02605740912258625
