Index,Activation Value
53579,0.07149118930101395
21467,0.05237390100955963
38924,0.045240193605422974
8080,0.03849494457244873
58249,0.03417424485087395
26778,0.032702282071113586
44569,0.02476651594042778
8019,0.024422796443104744
18000,0.024091189727187157
27547,0.022394150495529175
