Index,Activation Value
852,0.030152879655361176
70349,0.029055854305624962
13090,0.019895734265446663
56725,0.017072683200240135
108688,0.016890019178390503
52426,0.01619124226272106
33336,0.012310865335166454
17902,0.01116744615137577
111154,0.010972785763442516
52854,0.010159280151128769
