Index,Activation Value
21467,0.47754937410354614
8080,0.4444507658481598
29340,0.4095984101295471
53579,0.4085127115249634
27547,0.4028283953666687
26778,0.3901805877685547
54138,0.3677460551261902
36212,0.36363059282302856
24298,0.35378676652908325
56855,0.3511800467967987
