Index,Activation Value
36173,0.0027927509509027004
852,0.00016320087888743728
