Index,Activation Value
18680,0.02331993170082569
49456,0.021260853856801987
55426,0.0206313356757164
62662,0.018967000767588615
22092,0.015651529654860497
17690,0.01497082132846117
91430,0.014368581585586071
7334,0.013475077226758003
21549,0.013082502409815788
63669,0.012669001705944538
