Index,Activation Value
13090,0.013277633115649223
28425,0.010486086830496788
56725,0.003983914852142334
52183,0.0012214555172249675
70349,0.0009209077688865364
28910,0.0005012277979403734
852,0.00015533478290308267
107558,5.810882066725753e-05
