Index,Activation Value
7351,0.11310157924890518
72094,0.09467741847038269
12344,0.09379763156175613
14326,0.09285932034254074
868,0.09144105017185211
25887,0.08274540305137634
52491,0.07851024717092514
12,0.07458153367042542
79383,0.07365299016237259
14983,0.07342860102653503
