Index,Activation Value
62757,0.055129192769527435
111665,0.04877703636884689
90842,0.04835508391261101
66575,0.04702862352132797
16107,0.04401432350277901
39127,0.038600847125053406
62662,0.03732489049434662
107558,0.036026421934366226
1021,0.035839442163705826
75022,0.03510760888457298
