Index,Activation Value
28910,0.07828690111637115
56725,0.060954947024583817
59998,0.054926853626966476
1267,0.050509605556726456
16107,0.04899148270487785
48529,0.048777177929878235
96758,0.042558200657367706
49456,0.04169420525431633
107558,0.037650417536497116
37498,0.035733047872781754
