Index,Activation Value
773,0.1702050417661667
27683,0.1347685158252716
39837,0.11631891876459122
59924,0.1129404604434967
39207,0.11064363270998001
15758,0.08843368291854858
7444,0.08727813512086868
25802,0.0861017107963562
14960,0.08516919612884521
6830,0.077472023665905
