Index,Activation Value
53579,0.01259471382945776
38924,0.008769405074417591
21467,0.007903090678155422
26778,0.003778253449127078
1909,0.0036535162944346666
8019,0.0010282181901857257
27547,0.0006555536529049277
8080,0.0002839239896275103
