Index,Activation Value
43054,1.7476956844329834
14721,0.8705071210861206
33483,0.7277157306671143
27467,0.6220937371253967
27845,0.2987036108970642
20383,0.2211327701807022
57375,0.2154928594827652
21287,0.12227245420217514
12138,0.11975839734077454
24409,0.000488968682475388
