Index,Activation Value
28425,0.08853816986083984
73782,0.06967075914144516
88295,0.06601603329181671
48473,0.06385540962219238
28910,0.044374190270900726
31199,0.03992611542344093
24235,0.03707685321569443
96758,0.03557150065898895
3311,0.033333633095026016
92547,0.032701894640922546
