Index,Activation Value
38924,0.01861010305583477
33011,0.005083546042442322
4055,0.005062250420451164
39787,0.004073010291904211
36625,0.0031240645330399275
21565,0.002796082990244031
20435,0.0027519147843122482
1909,0.002682857448235154
15397,0.002369960770010948
11478,0.0010307264747098088
