Index,Activation Value
14196,0.004905695095658302
5556,0.004841864574700594
39450,0.004020925145596266
3400,0.0035794752184301615
26973,0.0022216581273823977
18455,0.00048820351366885006
