Index,Activation Value
65711,1.737383484840393
86380,1.5880907773971558
1374,1.1910332441329956
46158,0.9715237617492676
667,0.8993867039680481
111874,0.8421245217323303
62413,0.8327226638793945
71735,0.7864299416542053
110719,0.7381162047386169
12969,0.7380338907241821
