Index,Activation Value
19868,0.012510061264038086
36212,0.0021621156483888626
