Index,Activation Value
83828,0.013407370075583458
72094,0.012963551096618176
70349,0.012083022855222225
27438,0.011461419984698296
37498,0.011013290844857693
25849,0.008265751414000988
36533,0.007763847708702087
103824,0.007157617714256048
17902,0.005642896983772516
66000,0.005493073724210262
