Index,Activation Value
56855,0.019379019737243652
8396,0.019096093252301216
36212,0.015780944377183914
29340,0.015465722419321537
9049,0.01166621595621109
15397,0.010953015647828579
55625,0.010333331301808357
47247,0.009309940040111542
57892,0.00922832079231739
7145,0.009067922830581665
