Index,Activation Value
38924,0.11219214648008347
53579,0.10864942520856857
26778,0.08841870725154877
41844,0.05373799055814743
29465,0.05270664021372795
58249,0.047201164066791534
44569,0.04681787267327309
33011,0.042892180383205414
19868,0.04165145382285118
1909,0.04050752520561218
