Index,Activation Value
27438,0.1080908551812172
52683,0.07220852375030518
62662,0.06220998987555504
64204,0.061655156314373016
88571,0.060596808791160583
36411,0.0593331903219223
15706,0.052699875086545944
40030,0.05181271210312843
111011,0.03899092972278595
17608,0.0389196015894413
