Index,Activation Value
29740,0.15633241832256317
17873,0.03716886788606644
