Index,Activation Value
15670,0.07688503712415695
27801,0.07337924838066101
47009,0.06839438527822495
10685,0.06214289739727974
44948,0.05991007015109062
3400,0.05808718129992485
54927,0.05726940929889679
34156,0.055938467383384705
54532,0.05554484575986862
56902,0.053392086178064346
