Index,Activation Value
36173,0.09771551936864853
28425,0.09296778589487076
93685,0.06604577600955963
29372,0.05711917579174042
93137,0.0421910434961319
100136,0.040488213300704956
26012,0.03968289494514465
29450,0.039678193628787994
52426,0.03793596103787422
63669,0.03202544152736664
