Index,Activation Value
53579,0.17444759607315063
8080,0.1715194135904312
33011,0.16969913244247437
38924,0.167047381401062
8019,0.15337494015693665
27547,0.13992106914520264
26778,0.1381792426109314
44569,0.13700371980667114
21467,0.12433912605047226
32727,0.12303174287080765
