Index,Activation Value
110712,0.09266301244497299
42482,0.07996441423892975
37498,0.06928186863660812
16807,0.06650254875421524
56725,0.06339143216609955
16107,0.06216342747211456
25887,0.06114910542964935
27328,0.05594326928257942
52491,0.05178191140294075
55779,0.05086520314216614
