Index,Activation Value
56545,0.191278874874115
49406,0.188428595662117
48137,0.18818938732147217
20435,0.18392686545848846
39450,0.180655375123024
58458,0.17926354706287384
36473,0.17333920300006866
44743,0.1718532294034958
47009,0.17094753682613373
56032,0.16107910871505737
