Index,Activation Value
40355,0.09977452456951141
71879,0.08674357086420059
18680,0.08364063501358032
87491,0.0744529590010643
21549,0.07182811945676804
61123,0.07119711488485336
108542,0.06978140026330948
55779,0.06843098998069763
59080,0.06044456362724304
22227,0.05791247636079788
