Index,Activation Value
28312,0.009933410212397575
38127,0.002417750423774123
56096,0.0018668677657842636
42296,0.001612118212506175
59069,0.0012071218807250261
17728,0.0007783658802509308
27399,0.0005454884958453476
48137,0.0004945672699250281
