Index,Activation Value
852,0.004738741088658571
94111,0.003090411191806197
82475,0.0011409132275730371
17608,0.0004329326911829412
59162,3.4372762456769124e-05
