Index,Activation Value
16298,2.122544050216675
92881,2.0535993576049805
36119,1.403910517692566
98129,1.345038652420044
26249,1.3415530920028687
109146,1.2685656547546387
84424,1.1465049982070923
38251,1.1289540529251099
48144,1.0018895864486694
56266,0.9738348126411438
