Index,Activation Value
52683,0.008048219606280327
111478,0.005953202024102211
67509,0.005718817934393883
16158,0.0056067099794745445
22227,0.004682040307670832
70349,0.003993258811533451
73501,0.003679602174088359
97336,0.0035055524203926325
107558,0.003344218246638775
102219,0.0032914839684963226
