Index,Activation Value
48346,0.14828643202781677
29340,0.1354578286409378
55023,0.1320476531982422
4191,0.11374977231025696
21019,0.10738971084356308
44036,0.1067282035946846
31141,0.10644902288913727
43541,0.10611407458782196
18541,0.09879669547080994
8396,0.09852690249681473
