Index,Activation Value
53579,0.005085911136120558
36212,0.00391854252666235
8396,0.0034497918095439672
56855,0.00284956325776875
38432,0.0020690779201686382
38924,6.0372523876139894e-05
