Index,Activation Value
852,0.0009509598021395504
17608,0.0003619943745434284
52426,0.00018243228259962052
90842,5.188171417103149e-05
12589,1.7593654774827883e-05
