Index,Activation Value
88571,0.16122636198997498
52683,0.1290566474199295
13090,0.10301316529512405
70349,0.10158723592758179
36173,0.09903199970722198
89243,0.088582344353199
56725,0.07521937787532806
95312,0.0690685510635376
8897,0.068928062915802
67013,0.06324193626642227
