Index,Activation Value
28425,0.12064719945192337
56725,0.09929348528385162
111011,0.08425546437501907
13090,0.07096222043037415
852,0.06683510541915894
59998,0.06532131135463715
100136,0.05640866979956627
76908,0.05338756740093231
27438,0.050804827362298965
42493,0.04961954429745674
