Index,Activation Value
21467,0.12579825520515442
38924,0.060888804495334625
53579,0.054125361144542694
36212,0.051975514739751816
29340,0.048945631831884384
8080,0.04722443222999573
26778,0.039239924401044846
38127,0.03249169513583183
33011,0.03244266286492348
773,0.03129090741276741
