Index,Activation Value
4765,0.0039210570976138115
8790,0.0028307950124144554
95312,0.0017654219409450889
49865,0.0013730089413002133
112731,0.0008104112930595875
109813,0.0006650130380876362
