Index,Activation Value
14147,0.0022643625270575285
28223,0.001762525294907391
4511,0.0012987919617444277
44983,0.0012547773076221347
43150,0.001116258092224598
2861,0.0008609966607764363
24044,0.0008262621122412384
28012,0.0008217932772822678
9898,0.0008074315846897662
17038,0.0007453222060576081
