Index,Activation Value
7444,0.12511861324310303
24702,0.1208995133638382
39207,0.10433453321456909
59924,0.10415217280387878
14040,0.0907779335975647
58198,0.09018129110336304
43164,0.08897213637828827
35684,0.08550119400024414
55625,0.08212237805128098
26196,0.07860176265239716
