Index,Activation Value
104537,0.15288399159908295
97407,0.07340887188911438
52426,0.06666769832372665
9293,0.06042243540287018
13090,0.058477982878685
852,0.05673608556389809
108688,0.03739475831389427
105073,0.03464553877711296
32638,0.03242626413702965
87491,0.03011128306388855
