Index,Activation Value
10651,0.3967530131340027
54405,0.1612408608198166
56561,0.030262360349297523
