Index,Activation Value
33011,0.28096482157707214
38924,0.2730600833892822
26778,0.20644886791706085
13179,0.14787374436855316
43054,0.14334368705749512
31022,0.1333865225315094
56554,0.12172141671180725
22718,0.10330431908369064
58249,0.09233920276165009
2354,0.08933757990598679
