Index,Activation Value
27547,0.42802831530570984
21467,0.34639760851860046
44569,0.3455709218978882
24298,0.3254450261592865
38432,0.32487812638282776
29340,0.3080500364303589
36212,0.2873724102973938
8080,0.2842857539653778
8396,0.28203970193862915
8019,0.2804557681083679
