Index,Activation Value
38127,0.21320314705371857
38924,0.12871676683425903
51769,0.11347310245037079
25800,0.11310938000679016
58249,0.09430292993783951
40678,0.09354738146066666
43115,0.07981618493795395
59924,0.07563535869121552
53579,0.0735146626830101
28561,0.07280981540679932
