Index,Activation Value
14147,0.03425506874918938
32604,0.02898290939629078
15670,0.027269285172224045
3400,0.02704544924199581
31723,0.02472221478819847
7145,0.0237344391644001
55023,0.023109927773475647
48477,0.022648850455880165
31904,0.020151931792497635
5319,0.020077139139175415
