Index,Activation Value
56855,0.07282818853855133
36212,0.07056789845228195
8396,0.06476672738790512
21467,0.04975089430809021
29340,0.049311187118291855
38924,0.040103111416101456
58249,0.03221254423260689
26778,0.030817242339253426
53579,0.029443534091114998
38432,0.02425364777445793
