Index,Activation Value
32727,0.2698096036911011
43197,0.246675044298172
9816,0.24032336473464966
27547,0.18367217481136322
27683,0.16911743581295013
42887,0.15965130925178528
30430,0.15831167995929718
34961,0.1529695689678192
566,0.14738868176937103
23444,0.142262265086174
