Index,Activation Value
27438,0.01624123938381672
95769,0.015528859570622444
93685,0.010704779997467995
12344,0.008974623866379261
92179,0.007830055430531502
25887,0.00759904645383358
73782,0.0074109588749706745
87126,0.006488613318651915
71879,0.006336945109069347
96065,0.006256019230931997
