Index,Activation Value
25657,0.048499032855033875
8396,0.04718230664730072
36212,0.038555681705474854
4530,0.03834839537739754
17939,0.024432552978396416
15111,0.021808721125125885
56855,0.018886517733335495
28561,0.018636053428053856
21467,0.017849033698439598
38432,0.015567285940051079
