Index,Activation Value
27858,0.08750814199447632
56725,0.08361510932445526
108688,0.0741209089756012
14022,0.07293335348367691
38228,0.07262375205755234
80233,0.05751299113035202
12942,0.049270711839199066
7114,0.049251675605773926
7866,0.0485658198595047
42493,0.048334382474422455
