Index,Activation Value
64204,0.006394258234649897
104537,0.0034057791344821453
66000,0.0022862700279802084
