Index,Activation Value
30430,0.007759932894259691
21467,0.007473386358469725
12023,0.0042807795107364655
44569,0.0042234305292367935
15397,0.0022680172696709633
1859,0.0014573805965483189
38432,0.0014522838173434138
45313,0.0013784192269667983
32727,0.001274319482035935
38340,0.0010751754743978381
