Index,Activation Value
92077,0.09067542105913162
103694,0.07231511920690536
103825,0.06955376267433167
71879,0.06937629729509354
73908,0.06678012013435364
7334,0.06662915647029877
4264,0.06592214852571487
50983,0.06467988342046738
66289,0.06362491101026535
12344,0.062111638486385345
