Index,Activation Value
21467,7.468863487243652
36212,6.930784225463867
56855,6.520814895629883
38432,6.423117160797119
8396,6.418318748474121
27547,5.881994724273682
32727,5.576223850250244
53579,5.438632965087891
29340,5.18105936050415
38340,5.120275020599365
