Index,Activation Value
15003,2.849015712738037
112731,2.4788103103637695
70349,1.90199613571167
111778,1.7325903177261353
36026,1.6387196779251099
13090,1.59457528591156
93162,1.4413703680038452
56725,1.413201928138733
14165,1.3316835165023804
52426,1.2941844463348389
