Index,Activation Value
53582,0.05266081914305687
36212,0.051406413316726685
56855,0.043581631034612656
8396,0.04331962764263153
24565,0.03920579329133034
29340,0.03894738852977753
55023,0.035866428166627884
36021,0.02168368175625801
7145,0.020167112350463867
40169,0.019145730882883072
