Index,Activation Value
38924,4.707556247711182
53579,4.688881874084473
1909,3.839683771133423
58249,3.661564350128174
8080,3.493218421936035
33011,3.3842086791992188
36473,3.111334800720215
24298,3.0896127223968506
26778,3.029503107070923
21467,2.623889446258545
