Index,Activation Value
92077,0.0036890616174787283
12344,0.002409061649814248
87758,0.0004401958722155541
14022,0.00024515733821317554
3082,0.00021685920364689082
