Index,Activation Value
20435,0.009427369572222233
56096,0.007440023589879274
36625,0.007349724415689707
7145,0.006958151701837778
49406,0.005482943262904882
37379,0.00514368899166584
7783,0.004648798611015081
19491,0.00441731559112668
52585,0.004215872380882502
44743,0.004033276345580816
