Index,Activation Value
72896,1.1956627368927002
61295,1.0951390266418457
54491,0.9404608607292175
66995,0.6207315325737
29499,0.5356762409210205
92639,0.386091947555542
103612,0.22311724722385406
93490,0.22030837833881378
52216,0.2175760567188263
71563,0.1681658774614334
