Index,Activation Value
50700,0.09578835964202881
35215,0.08325335383415222
43115,0.07330818474292755
32696,0.06773515790700912
21019,0.06283506751060486
57009,0.062442053109407425
3689,0.0602307952940464
14721,0.05218024179339409
54621,0.049937810748815536
49380,0.04388349875807762
