Index,Activation Value
3300,0.03411971032619476
26568,0.031385406851768494
7444,0.031108975410461426
7014,0.030157344415783882
14529,0.029854074120521545
18541,0.028301406651735306
22718,0.02698001079261303
34211,0.02690247632563114
14040,0.025408830493688583
57009,0.024862654507160187
