Index,Activation Value
14960,0.021423116326332092
44964,0.013959044590592384
45858,0.013377953320741653
25544,0.013256560079753399
2656,0.009288805536925793
39837,0.008354438468813896
22603,0.004311074502766132
21692,0.0041054836474359035
773,0.0027282058726996183
43315,0.0019920365884900093
