Index,Activation Value
7334,0.0012839080300182104
72094,0.00024600146571174264
