Index,Activation Value
13090,0.11905771493911743
110712,0.10447055101394653
15706,0.08343593031167984
111478,0.0833941400051117
52683,0.08208852261304855
95312,0.08050774782896042
88571,0.08040853589773178
52854,0.0764092281460762
59998,0.07510429620742798
8251,0.07215958833694458
