Index,Activation Value
53579,0.009447264485061169
38924,0.006532344035804272
8080,0.0057245404459536076
33011,0.003710815217345953
21467,0.0027432816568762064
27547,0.0003216475888621062
26778,9.195467282552272e-05
