Index,Activation Value
25871,1.4091439247131348
58065,1.2028098106384277
9648,1.1721912622451782
16490,1.1173031330108643
44839,1.0801832675933838
58160,0.5135191679000854
27400,0.4859652817249298
2902,0.43908318877220154
34927,0.1960938274860382
20590,0.1476835012435913
