Index,Activation Value
21467,0.009516476653516293
38432,0.00474550249055028
38340,0.0001585230347700417
