Index,Activation Value
52426,0.025832373648881912
52183,0.02251535654067993
97407,0.017053157091140747
28910,0.012702077627182007
56725,0.010388663038611412
852,0.00938431452959776
12942,0.00843054335564375
17902,0.006948263384401798
88384,0.006939769722521305
16107,0.0067389593459665775
