Index,Activation Value
7145,0.009364508092403412
4055,0.008928225375711918
57551,0.006708130706101656
45538,0.005965011194348335
39787,0.005868222564458847
33607,0.005461674649268389
39450,0.005250975489616394
31056,0.005056679714471102
11478,0.004962638486176729
27203,0.004748509731143713
