Index,Activation Value
29340,0.3002195954322815
21467,0.26950696110725403
33011,0.21854980289936066
36212,0.21726560592651367
56855,0.20600539445877075
8396,0.1891762763261795
19868,0.15466195344924927
13179,0.14149054884910583
59288,0.1346699446439743
25657,0.1285691261291504
