Index,Activation Value
15111,0.0057092029601335526
14971,0.003677648026496172
36944,0.0017868510913103819
3086,0.0005547137116082013
