Index,Activation Value
36173,0.1062832623720169
46665,0.06842086464166641
82590,0.06662225723266602
9293,0.06535182893276215
2871,0.06469375640153885
73306,0.06015440821647644
107995,0.05895838513970375
80813,0.05758701264858246
43835,0.05454998090863228
75996,0.05315329134464264
