Index,Activation Value
36212,0.0600680448114872
21467,0.05988733097910881
29340,0.054985541850328445
8396,0.05417303740978241
56855,0.050820861011743546
38432,0.04204945266246796
27547,0.035158995538949966
32727,0.032685257494449615
38340,0.03237830474972725
44569,0.028288204222917557
