Index,Activation Value
29340,0.0189494788646698
56855,0.011764772236347198
53589,0.00929968897253275
57551,0.008974230848252773
19868,0.008243458345532417
34961,0.007297482341527939
30511,0.005576197989284992
14826,0.004896592814475298
31736,0.004786982666701078
24298,0.004628876689821482
