Index,Activation Value
71879,0.062036968767642975
21437,0.05565207451581955
67013,0.05370144546031952
30064,0.0518229715526104
48473,0.04974236711859703
75310,0.04841059446334839
112731,0.04504930227994919
17608,0.04212029278278351
107995,0.04085033759474754
592,0.04038652032613754
