Index,Activation Value
104043,1.1334627866744995
89060,0.977675199508667
2159,0.7764087319374084
49571,0.6125756502151489
63773,0.2531057596206665
112469,0.1308009773492813
62430,0.07780371606349945
