Index,Activation Value
38924,0.2240527719259262
58249,0.14638318121433258
36473,0.13923558592796326
24298,0.11167185008525848
53579,0.09498035162687302
56554,0.05461167171597481
27840,0.050906047224998474
15111,0.04722842946648598
44208,0.03839428722858429
43541,0.03576790913939476
