Index,Activation Value
8080,0.005682201124727726
42887,0.005531310569494963
44569,0.004745556972920895
8019,0.004702271427959204
38432,0.004008845891803503
1859,0.0018467707559466362
45313,0.0016272044740617275
54138,0.00111558532807976
55023,0.0004661338170990348
1909,0.0003797552490141243
