Index,Activation Value
8080,0.00748836062848568
38924,0.004479135852307081
8019,0.0034180970396846533
1859,0.003225371241569519
44569,0.0029573540668934584
54138,0.002734301844611764
1909,0.002494223415851593
33011,0.001341821625828743
24298,0.0011713698040693998
38127,0.000950044603087008
