Index,Activation Value
35254,0.013343590311706066
95769,0.005460334941744804
60631,0.002408028347417712
72094,0.0014469580492004752
93685,0.001006099977530539
