Index,Activation Value
28425,0.07269219309091568
28910,0.05165776237845421
99629,0.04283198341727257
107558,0.036823999136686325
88571,0.030505122616887093
107551,0.030455980449914932
80813,0.03044314682483673
52183,0.030267521739006042
22092,0.02639082260429859
107925,0.026384340599179268
