Index,Activation Value
44569,0.7323796153068542
53579,0.6814089417457581
21467,0.661538302898407
33011,0.6131054759025574
8080,0.5917688012123108
38924,0.5554375648498535
38432,0.5259454846382141
27547,0.5231450796127319
24298,0.5071318745613098
26778,0.47400426864624023
