Index,Activation Value
54896,0.019386041909456253
11374,0.005924710072577
96758,0.005657732021063566
16089,0.002615580800920725
60631,0.0002098343102261424
