Index,Activation Value
62757,1.2259567975997925
27789,0.8339423537254333
21450,0.790820837020874
25849,0.7005119919776917
27255,0.5566280484199524
1267,0.4959524869918823
88571,0.4959351718425751
81504,0.2835303843021393
86997,0.2643086612224579
61259,0.23354105651378632
