Index,Activation Value
49406,0.22839748859405518
36212,0.18770892918109894
44743,0.1835729032754898
20435,0.17802110314369202
10570,0.17650555074214935
12929,0.1710352748632431
22371,0.16878129541873932
4817,0.16803941130638123
25657,0.1679358035326004
56545,0.16665004193782806
