Index,Activation Value
43054,0.01241602934896946
24298,0.012297184206545353
36212,0.012284803204238415
9816,0.011991928331553936
42887,0.010757640935480595
51614,0.00898297131061554
44569,0.008171139284968376
43197,0.0063223582692444324
39547,0.005880201701074839
30430,0.005689012818038464
