Index,Activation Value
45851,0.10015498101711273
55201,0.05505077540874481
