Index,Activation Value
104002,0.09128895401954651
105073,0.058460477739572525
88937,0.05775139853358269
76696,0.05246987193822861
44123,0.05080898851156235
12942,0.04940620809793472
65993,0.04820333048701286
63669,0.046394918113946915
31227,0.04621804878115654
53502,0.042504068464040756
