Index,Activation Value
53579,0.08366042375564575
58249,0.06924904137849808
38924,0.06908873468637466
38127,0.05871178209781647
44569,0.0464714877307415
43054,0.04610525816679001
28561,0.031496819108724594
27547,0.02849583514034748
56554,0.02831508032977581
30430,0.02746599167585373
