Index,Activation Value
38924,0.7829989194869995
53579,0.6320656538009644
26778,0.5766494274139404
21467,0.530051052570343
58249,0.4890977442264557
8080,0.48119646310806274
44569,0.422035276889801
33011,0.41281214356422424
24298,0.3128771483898163
54138,0.29246529936790466
