Index,Activation Value
13090,0.018052125349640846
60631,0.013401663862168789
36173,0.012551937252283096
35254,0.011263979598879814
55426,0.010003967210650444
83828,0.009688783437013626
54956,0.009336489252746105
50439,0.008928081020712852
80233,0.007933449931442738
63669,0.007093372289091349
