Index,Activation Value
43320,1.4815577268600464
51146,0.4829215407371521
5084,0.3118593096733093
