Index,Activation Value
29340,0.15831255912780762
31736,0.14658518135547638
8396,0.14192739129066467
25657,0.14094312489032745
19339,0.13065609335899353
56855,0.1253853291273117
43178,0.12013565748929977
9107,0.1022801324725151
52440,0.10210993885993958
28561,0.09903433173894882
