Index,Activation Value
29340,0.05691337585449219
56855,0.052174150943756104
36212,0.051551155745983124
8396,0.04942085221409798
25657,0.026353489607572556
36473,0.025953717529773712
24298,0.025130022317171097
21467,0.01887757144868374
4530,0.017646344378590584
38432,0.016279542818665504
