Index,Activation Value
17569,0.004798612557351589
10685,0.004521732684224844
57180,0.004080886021256447
36021,0.001708412542939186
42106,0.001641860930249095
22312,0.00152566225733608
51163,0.00041984007111750543
8455,0.00027985870838165283
10382,2.7041231078328565e-05
