Index,Activation Value
36212,0.03888779506087303
8396,0.029386982321739197
56855,0.024510979652404785
26778,0.01956145279109478
38340,0.019152769818902016
53579,0.01687673106789589
8080,0.015613025985658169
4530,0.014406281523406506
45313,0.013981048949062824
42887,0.01327576581388712
