Index,Activation Value
14326,0.007649495266377926
22230,0.007277829106897116
15751,0.006696777418255806
104537,0.004719793330878019
592,0.0037981420755386353
75310,0.003753898898139596
89339,0.0026787847746163607
107551,0.002591714495792985
72094,0.0022507805842906237
8774,0.002193751046434045
