Index,Activation Value
31723,0.1587403416633606
9049,0.1285923421382904
48346,0.12682268023490906
21019,0.11667419224977493
42296,0.09158724546432495
4909,0.09023940563201904
36598,0.08962082117795944
18517,0.08451148122549057
7145,0.08431044220924377
59069,0.08402664959430695
