Index,Activation Value
106052,0.4990180730819702
70054,0.4405653774738312
29322,0.4034842550754547
87282,0.38240575790405273
77701,0.24606066942214966
47260,0.2274644523859024
111154,0.2261924147605896
5831,0.2189403623342514
3898,0.21873721480369568
75748,0.17260877788066864
