Index,Activation Value
52426,0.01205055695027113
67509,0.009600291959941387
107995,0.009045764803886414
83828,0.007004274986684322
92077,0.002678243676200509
19627,0.0024097287096083164
55040,0.0005419934750534594
27789,0.00025785344769246876
33336,0.00017156015383079648
