Index,Activation Value
88295,0.00981479324400425
27818,0.0014823946403339505
36533,0.0007587698637507856
39127,0.0005853589391335845
8914,0.00041558744851499796
9293,0.00038915558252483606
