Index,Activation Value
72094,0.033968184143304825
19627,0.021362310275435448
73908,0.019287332892417908
7334,0.019284294918179512
103694,0.013742570765316486
14983,0.013678224757313728
55426,0.012707604095339775
44978,0.011959673836827278
47586,0.011248045600950718
73855,0.01069706678390503
