Index,Activation Value
31723,0.02569848857820034
44208,0.024268342182040215
13411,0.02143358252942562
41843,0.020642830058932304
44036,0.019052304327487946
15397,0.017155539244413376
49037,0.01615815982222557
57937,0.016027649864554405
2800,0.01543511264026165
56273,0.01431476790457964
