Index,Activation Value
7334,0.027028994634747505
88295,0.02671453356742859
99629,0.021814214065670967
90842,0.020375706255435944
27438,0.020163625478744507
64204,0.019735150039196014
107558,0.019592294469475746
111011,0.018010344356298447
19627,0.016866205260157585
14022,0.016351863741874695
