Index,Activation Value
24298,0.027430681511759758
8080,0.024469023570418358
8019,0.02312779612839222
32727,0.021783720701932907
27547,0.015032830648124218
36473,0.013762740418314934
54138,0.013697450049221516
15111,0.012900780886411667
1859,0.012558899819850922
9816,0.011429610662162304
