Index,Activation Value
56725,0.12826058268547058
28425,0.1179388239979744
52426,0.1135847270488739
96758,0.10433593392372131
13090,0.09460871666669846
52683,0.09001967310905457
22202,0.08144374936819077
42482,0.07658714056015015
111154,0.0737694576382637
28910,0.07240354269742966
