Index,Activation Value
24298,0.005939512979239225
36473,0.0034256353974342346
38127,0.002447614911943674
