Index,Activation Value
85173,0.29934418201446533
7972,0.16300314664840698
1985,0.004409119486808777
