Index,Activation Value
7145,0.05903509259223938
24702,0.04217107966542244
59924,0.04126783832907677
9049,0.03776894137263298
7125,0.0356118306517601
43164,0.024342015385627747
39207,0.02154168300330639
17569,0.018556823953986168
31684,0.016121994704008102
34397,0.014679264277219772
