Index,Activation Value
70776,0.10852207988500595
14022,0.1005566194653511
11313,0.09645884484052658
55426,0.086604543030262
12344,0.0843171700835228
93364,0.07771903276443481
103825,0.07507019490003586
54156,0.06941519677639008
27858,0.06892126053571701
7866,0.06749922782182693
