Index,Activation Value
53579,0.015647796913981438
21467,0.015140336938202381
56855,0.01367607619613409
38924,0.012616829946637154
8396,0.012289026752114296
29340,0.010756305418908596
32727,0.008990548551082611
27547,0.008765806443989277
25657,0.008376686833798885
33011,0.007574690040200949
