Index,Activation Value
24298,0.0005936831585131586
21467,0.0005005307612009346
8080,0.0003540312172845006
8019,8.503495337208733e-05
