Index,Activation Value
13090,0.16884386539459229
52683,0.08547621220350266
32638,0.08073140680789948
97407,0.0759301632642746
89243,0.0699753388762474
70349,0.06966806948184967
108759,0.055360663682222366
25849,0.052400220185518265
52183,0.05197763070464134
51766,0.0506717823445797
