Index,Activation Value
13090,0.0038089381996542215
37498,0.0008925203001126647
83828,0.00012723557301796973
