Index,Activation Value
35254,0.01639552228152752
54956,0.010885881260037422
61123,0.007186081260442734
110108,0.0059695797972381115
2915,0.0054078008979558945
92307,0.005211459007114172
26058,0.005043667741119862
110712,0.004030013456940651
92077,0.003663921495899558
88384,0.0021624905057251453
