Index,Activation Value
48137,0.04687381535768509
42296,0.04669134318828583
43054,0.04521515965461731
34397,0.03684113547205925
13740,0.036829426884651184
4987,0.035876356065273285
32704,0.03494143858551979
31786,0.03492461144924164
55454,0.03464250639081001
39450,0.03421672061085701
