Index,Activation Value
54138,0.018504071980714798
18000,0.012509888969361782
38127,0.003756038611754775
42887,0.0026568761095404625
14186,0.0023089812602847815
