Index,Activation Value
53579,0.04788396134972572
38924,0.04585869610309601
58249,0.034302882850170135
36212,0.03208746761083603
33011,0.029205169528722763
21467,0.02618052437901497
26778,0.024128789082169533
1909,0.02372542768716812
8396,0.019186364486813545
8080,0.018855050206184387
