Index,Activation Value
773,0.007912956178188324
39837,0.00504517974331975
16549,0.0035034513566643
44208,0.0013993398752063513
44964,0.0008914374629966915
14960,0.0002520132402423769
56032,0.00022550630092155188
