Index,Activation Value
60806,1.745527744293213
90284,1.4011956453323364
29567,1.28072190284729
12832,1.130501389503479
39918,1.0680084228515625
16216,0.9313855171203613
20086,0.900192379951477
80425,0.8809634447097778
84283,0.8668420910835266
82983,0.8024419546127319
