Index,Activation Value
32706,0.29884281754493713
5078,0.1429334431886673
50746,0.028352560475468636
