Index,Activation Value
13090,0.0061875926330685616
28425,0.004807743709534407
56725,0.00150301621761173
35254,0.0011643733596429229
96758,0.0005366020486690104
92077,0.0004692701331805438
