Index,Activation Value
24298,0.5207521319389343
44569,0.4485453963279724
21467,0.3703184127807617
36473,0.3633735775947571
8080,0.32060667872428894
8019,0.2904655933380127
53579,0.27409443259239197
38432,0.2734358310699463
11257,0.2680336833000183
579,0.25726574659347534
