Index,Activation Value
56855,0.14892081916332245
29340,0.1469929963350296
8396,0.14494936168193817
26778,0.09605077654123306
53582,0.09480411559343338
38924,0.09343506395816803
36212,0.08873029798269272
33011,0.07726680487394333
31736,0.07682467252016068
58249,0.06845822930335999
