Index,Activation Value
53579,0.00465360376983881
8080,0.0016920380294322968
