Index,Activation Value
26523,0.42707428336143494
24953,0.20735272765159607
