Index,Activation Value
15397,0.09652914106845856
47264,0.07097378373146057
27840,0.07014800608158112
15111,0.06840736418962479
11478,0.06568235903978348
4055,0.06555178761482239
36625,0.06493966281414032
36944,0.061473581939935684
35684,0.060221608728170395
47247,0.05705004557967186
