Index,Activation Value
52426,0.15243510901927948
101572,0.09088878333568573
104002,0.09054699540138245
2279,0.05285842344164848
110712,0.049248576164245605
22227,0.048588939011096954
9293,0.04836808145046234
22839,0.04786236211657524
36159,0.045807547867298126
66575,0.04296470806002617
