Index,Activation Value
64204,0.04342791810631752
67013,0.037921831011772156
49456,0.037680864334106445
28910,0.035497236996889114
60631,0.0345441959798336
107558,0.030990207567811012
13090,0.02825266495347023
33336,0.027926338836550713
27438,0.02703085169196129
20663,0.025829114019870758
