Index,Activation Value
218,0.03570370748639107
28312,0.027731817215681076
56096,0.025840600952506065
20435,0.02382030338048935
21191,0.023540616035461426
52585,0.02194664441049099
22353,0.02108115702867508
4817,0.018508896231651306
32704,0.018505940213799477
16956,0.017252959311008453
