Index,Activation Value
58249,0.02075706236064434
38924,0.020631413906812668
26778,0.018123310059309006
56554,0.016022389754652977
33011,0.013630786910653114
1909,0.012551180087029934
18000,0.010251732543110847
53579,0.008172832429409027
26559,0.00559565844014287
13179,0.004617027007043362
