Index,Activation Value
72094,1.5688514709472656
27818,1.355593204498291
13933,1.0719311237335205
42476,0.8990085124969482
85806,0.7493868470191956
93613,0.5944565534591675
36533,0.507347822189331
69487,0.4645840525627136
56703,0.3547656238079071
71153,0.3484900891780853
