Index,Activation Value
54138,0.016018375754356384
43197,0.012527139857411385
44569,0.011210018768906593
36625,0.007424276787787676
4055,0.007058589719235897
42887,0.0069531043991446495
47264,0.006127416156232357
36944,0.005334807094186544
24298,0.0052516404539346695
8019,0.0043177371844649315
