Index,Activation Value
56855,0.05309104919433594
31736,0.034304820001125336
52440,0.02709263749420643
8396,0.027046330273151398
9107,0.024681977927684784
53589,0.019536981359124184
25657,0.01828784868121147
13604,0.017734507098793983
33607,0.016894875094294548
28561,0.015650054439902306
