Index,Activation Value
27438,0.025937939062714577
33336,0.022770943120121956
14049,0.009625526145100594
108759,0.009603424929082394
8790,0.00949990563094616
105073,0.009196247905492783
64204,0.008131924085319042
80813,0.007486606482416391
16158,0.0073432596400380135
97407,0.007205156143754721
