Index,Activation Value
773,0.008153035305440426
13179,0.0002508569450583309
53582,0.00010282803123118356
