Index,Activation Value
21467,0.0014973385259509087
53579,0.0005581298610195518
8080,0.0002497481764294207
