Index,Activation Value
56855,0.016102805733680725
29340,0.01360430009663105
8396,0.012224091216921806
36212,0.010121631436049938
8080,0.008823209442198277
21467,0.008638556115329266
38432,0.005190386902540922
27547,0.004091030452400446
44569,0.003500493708997965
32727,0.003250540466979146
