Index,Activation Value
38432,0.1480332463979721
8080,0.11187870055437088
27547,0.10268353670835495
38340,0.10206808149814606
21467,0.09233488887548447
32727,0.0913538932800293
26778,0.09095309674739838
13743,0.08783842623233795
44569,0.08710727095603943
8019,0.07939799129962921
