Index,Activation Value
13090,0.03415840491652489
70349,0.022456655278801918
87758,0.022322770208120346
12344,0.020069872960448265
83828,0.018688153475522995
88571,0.017393065616488457
56725,0.01572963036596775
52683,0.015592537820339203
25887,0.01438083965331316
111011,0.011625085957348347
