Index,Activation Value
28910,0.1599181741476059
52183,0.11852088570594788
96758,0.10583887249231339
49456,0.0981096625328064
28425,0.0978306233882904
14022,0.08881761133670807
99629,0.0828670933842659
24235,0.07912120968103409
6156,0.07684217393398285
33336,0.06584981828927994
