Index,Activation Value
90842,0.0033088773488998413
28910,0.0020862582605332136
102181,0.0009053722606040537
