Index,Activation Value
56505,0.13969221711158752
566,0.1390792727470398
29465,0.12080002576112747
3366,0.09773999452590942
55731,0.08468491584062576
56032,0.07947862148284912
17428,0.07557787746191025
13655,0.0741436704993248
19484,0.06773930788040161
24298,0.0637936219573021
