Index,Activation Value
27547,0.02678798884153366
21467,0.026358306407928467
56855,0.024780962616205215
32727,0.024700742214918137
44569,0.0217481330037117
29340,0.02111539989709854
8019,0.019639959558844566
54138,0.018583551049232483
38432,0.018066463991999626
24298,0.018028754740953445
