Index,Activation Value
107995,0.08939415216445923
92077,0.06270062923431396
51008,0.06198084354400635
852,0.058154426515102386
12589,0.05091721937060356
16261,0.045460183173418045
6550,0.045165885239839554
1021,0.04401746392250061
11313,0.04382636025547981
50983,0.04336360841989517
