Index,Activation Value
6156,0.0963275358080864
27789,0.09371157735586166
22092,0.0887700691819191
35254,0.07545323669910431
12344,0.07080218940973282
12,0.06806296110153198
592,0.0661589726805687
52426,0.06588196009397507
95769,0.06507310271263123
2871,0.06148224696516991
