Index,Activation Value
18371,1.8398128747940063
42235,1.6412672996520996
70038,1.4696098566055298
108447,1.3605352640151978
51046,1.2756909132003784
43955,1.2276259660720825
14326,1.2163411378860474
99690,1.1504652500152588
46991,1.069137692451477
95496,1.067448377609253
