Index,Activation Value
8080,0.11439656466245651
8019,0.1138247698545456
24298,0.11320952326059341
27547,0.09826827794313431
9816,0.08819896727800369
44569,0.08453226834535599
33011,0.08243479579687119
43197,0.08067039400339127
1909,0.07565648853778839
53579,0.06931141763925552
