Index,Activation Value
52683,0.1266113668680191
95312,0.12147718667984009
111478,0.11140777170658112
36173,0.10942962020635605
9293,0.0858607143163681
70349,0.08095228672027588
96758,0.07675137370824814
15706,0.07359173148870468
111011,0.07290388643741608
108688,0.06527701020240784
