Index,Activation Value
33011,0.03562631458044052
39547,0.03423680365085602
44569,0.03369342163205147
36473,0.03047284297645092
56554,0.028638338670134544
29340,0.027760019525885582
7145,0.026692397892475128
9049,0.02665138989686966
38924,0.023385124281048775
1909,0.021299583837389946
