Index,Activation Value
21467,0.010382427833974361
38924,0.007241157814860344
33011,0.0037970608100295067
36212,0.0036539535503834486
53579,0.002967231906950474
8396,0.0024875167291611433
56855,0.002302514621987939
58249,0.0019781540613621473
26778,0.0013166225980967283
38432,0.0008909230236895382
