Index,Activation Value
32454,1.0724785327911377
5285,0.19471335411071777
3932,0.06659818440675735
