Index,Activation Value
24298,2.1265814304351807
21777,1.9439239501953125
21467,1.9007947444915771
35118,1.7057467699050903
47517,1.6885515451431274
36473,1.6680268049240112
17776,1.6521681547164917
44569,1.5538218021392822
35050,1.4667565822601318
579,1.4575350284576416
