Index,Activation Value
32661,0.0022995355539023876
57892,0.0015876757679507136
17999,0.0011106996098533273
33738,0.00042519086855463684
815,0.00041494108154438436
13005,0.0002608062932267785
15111,0.0001290875079575926
