Index,Activation Value
36944,0.040742821991443634
36625,0.03936378285288811
15598,0.03899025544524193
38127,0.03719281405210495
29465,0.0360998660326004
56481,0.031457506120204926
52735,0.030485745519399643
35473,0.02984262816607952
47264,0.028760749846696854
3086,0.02871161513030529
