Index,Activation Value
27438,0.11596342921257019
96758,0.11206512153148651
111011,0.09934895485639572
22092,0.09682248532772064
88571,0.08354943990707397
55426,0.07315416634082794
59162,0.06968217343091965
76908,0.06617458164691925
95769,0.06374894827604294
34454,0.061658747494220734
