Index,Activation Value
87077,0.027953971177339554
48473,0.019424771890044212
28425,0.016677051782608032
87126,0.016169395297765732
28910,0.015715671703219414
31199,0.015514499507844448
13090,0.014366678893566132
73782,0.013217011466622353
48529,0.012391723692417145
40355,0.012241934426128864
