Index,Activation Value
24298,0.2890665829181671
36473,0.2666708827018738
44569,0.24972130358219147
1909,0.24062500894069672
1859,0.21363554894924164
8019,0.20882782340049744
17428,0.18526333570480347
10570,0.13130320608615875
12023,0.12388495355844498
8349,0.1215810552239418
