Index,Activation Value
53579,0.0006414300878532231
21467,0.0006171689601615071
