Index,Activation Value
43197,0.010430331341922283
30430,0.007948986254632473
22371,0.006056329235434532
45313,0.004880642052739859
57551,0.00462811766192317
13743,0.0038841567002236843
8019,0.0017011540476232767
59981,0.001537369447760284
56155,0.0015198469627648592
23805,0.0013907039538025856
