Index,Activation Value
73855,0.09915352612733841
107558,0.0932503268122673
70349,0.07087348401546478
27818,0.06929870694875717
93685,0.06558932363986969
27858,0.06470105797052383
110063,0.063679039478302
16838,0.06312423199415207
52491,0.06173643469810486
14022,0.06151517108082771
