Index,Activation Value
52183,0.016186142340302467
84018,0.013069648295640945
37498,0.012224704958498478
107558,0.009417405351996422
104537,0.009313363581895828
12942,0.008955475874245167
35254,0.008533280342817307
102181,0.006587730720639229
27191,0.00621568039059639
16807,0.005117855500429869
