Index,Activation Value
28312,0.20822487771511078
44743,0.16346322000026703
48137,0.16039326786994934
56545,0.15901409089565277
56096,0.15249395370483398
39450,0.15031492710113525
14196,0.14842359721660614
49406,0.13738110661506653
34397,0.13533620536327362
23998,0.12906400859355927
