Index,Activation Value
48473,0.021527055650949478
28910,0.020526818931102753
4825,0.016987845301628113
97336,0.01481866929680109
56725,0.014000496827065945
868,0.013393807224929333
89026,0.012710658833384514
18680,0.01174053642898798
7866,0.011462414637207985
88384,0.011119995266199112
