Index,Activation Value
36212,0.03830031305551529
21467,0.026201967149972916
38340,0.02257942035794258
13743,0.019417107105255127
56855,0.01875806227326393
8396,0.01754036359488964
33011,0.015673110261559486
38924,0.014868060126900673
7145,0.01396533939987421
45313,0.012619736604392529
