Index,Activation Value
285,0.46206822991371155
47086,0.34595146775245667
48982,0.32260406017303467
