Index,Activation Value
21467,0.5916005373001099
27547,0.44775915145874023
8019,0.4155133068561554
9816,0.3949849307537079
38432,0.3746947646141052
54138,0.3689645230770111
53579,0.36149388551712036
36212,0.3380780518054962
24298,0.33482590317726135
38127,0.31955578923225403
