Index,Activation Value
18508,0.6397035121917725
32473,0.5065276622772217
98367,0.07964842021465302
13787,0.05872347205877304
74579,0.012556352652609348
