Index,Activation Value
66000,0.017785334959626198
27438,0.010808892548084259
93685,0.009437636472284794
96758,0.009240317158401012
16107,0.006192854605615139
52008,0.004835484083741903
38274,0.0024251220747828484
84018,0.0012939453590661287
55426,0.0001034223023452796
107925,5.82293068873696e-05
