Index,Activation Value
21467,0.048282820731401443
38924,0.04197409376502037
56855,0.03001846931874752
29340,0.02878965251147747
53579,0.02755587175488472
8396,0.02525709941983223
58249,0.023115679621696472
33011,0.01919293776154518
36212,0.018865197896957397
53582,0.017853684723377228
