Index,Activation Value
29340,0.20145206153392792
24565,0.13285954296588898
17366,0.12830717861652374
16549,0.12588375806808472
17728,0.11434753239154816
41843,0.11424507200717926
50256,0.11191660165786743
52857,0.11004653573036194
53582,0.10670540481805801
59069,0.10507255047559738
