Index,Activation Value
7783,0.016665764153003693
37903,0.013846401125192642
38249,0.012792589142918587
54131,0.01123060379177332
54227,0.009077247232198715
54927,0.006831519305706024
26957,0.005003232508897781
32864,0.004907247610390186
27859,0.003072531661018729
49406,0.0029154070653021336
