Index,Activation Value
90842,0.027903197333216667
72094,0.027091994881629944
70349,0.02047797478735447
14983,0.019543994218111038
73908,0.019395628944039345
7334,0.019384410232305527
19627,0.018531396985054016
88571,0.01780368946492672
42812,0.017295988276600838
21549,0.017133492976427078
