Index,Activation Value
21467,0.05142190307378769
26778,0.04830480366945267
38924,0.04678860679268837
27547,0.04595644772052765
36212,0.042577944695949554
8080,0.0414719395339489
38432,0.03957667201757431
33011,0.03828625753521919
8019,0.03621209040284157
44569,0.035983748733997345
