Index,Activation Value
4738,0.09183657169342041
96758,0.08853470534086227
28425,0.08362182229757309
49456,0.06719918549060822
2871,0.06663806736469269
60806,0.060654934495687485
20930,0.06020199507474899
111154,0.058214664459228516
50983,0.055937908589839935
94021,0.05591011419892311
