Index,Activation Value
13743,0.049990516155958176
21467,0.04928186163306236
44569,0.04602549597620964
30430,0.0457717627286911
56855,0.04515993967652321
7145,0.04477476701140404
36944,0.04451253265142441
25605,0.04382475093007088
8396,0.04303713142871857
38432,0.04086838662624359
