Index,Activation Value
27438,0.10443910211324692
52183,0.09879694133996964
36173,0.09212879091501236
83828,0.08660854399204254
28910,0.08445577323436737
13090,0.07990521937608719
59162,0.07674923539161682
111011,0.06877695769071579
95769,0.06361153721809387
16807,0.057966407388448715
