Index,Activation Value
38247,0.001254438073374331
773,0.00031932120327837765
