Index,Activation Value
52183,0.0512753389775753
28910,0.05126617103815079
104537,0.033334922045469284
49456,0.029380029067397118
83828,0.02831331267952919
13090,0.025480395182967186
99629,0.02519840933382511
52847,0.02389395795762539
70349,0.02035236544907093
42192,0.01940889284014702
