Index,Activation Value
43178,0.0758729800581932
36212,0.06370218098163605
25657,0.04156018793582916
29340,0.04075399041175842
7369,0.04071475565433502
27776,0.04021356999874115
10570,0.03992123529314995
51163,0.038878340274095535
54271,0.03820705786347389
56086,0.037898462265729904
