Index,Activation Value
55040,0.006606052163988352
16807,0.0018685839604586363
72094,0.0015702788950875401
86538,0.000581238535232842
109813,0.00048515028902329504
