Index,Activation Value
80813,0.07201425731182098
107925,0.06774846464395523
61123,0.06619510054588318
44123,0.06316085904836655
62662,0.061699531972408295
90842,0.057378899306058884
6200,0.05706142261624336
86118,0.054113179445266724
27191,0.05195809155702591
92077,0.04963298887014389
