Index,Activation Value
56855,0.015044737607240677
44743,0.012253050692379475
23998,0.01139934454113245
29340,0.01014516782015562
19491,0.009652510285377502
25738,0.009243889711797237
11306,0.008311217650771141
21298,0.00826932117342949
53015,0.008138134144246578
3086,0.008050693199038506
