Index,Activation Value
28425,0.13783037662506104
36173,0.13337910175323486
56725,0.11985456943511963
111011,0.11838172376155853
28910,0.11390472203493118
49456,0.1136673241853714
99629,0.10142878443002701
52183,0.09107818454504013
71932,0.08870941400527954
83828,0.08635099232196808
