Index,Activation Value
7145,0.14716637134552002
31723,0.12325996160507202
15111,0.11850465089082718
9049,0.10594460368156433
57892,0.10145407170057297
49043,0.09087222814559937
24702,0.08591074496507645
17999,0.08249823749065399
14706,0.07978533953428268
53338,0.07839341461658478
