Index,Activation Value
43054,0.1376221477985382
218,0.132818803191185
2354,0.10931291431188583
26937,0.10419910401105881
23665,0.10029539465904236
32881,0.09860280156135559
44937,0.0864827036857605
48992,0.08370833843946457
1838,0.08284162729978561
38127,0.08272919803857803
