Index,Activation Value
3300,0.030536072328686714
29340,0.02815737947821617
20982,0.02520936168730259
56855,0.022746754810214043
56095,0.015494375489652157
42493,0.01467747613787651
27801,0.01382440235465765
10382,0.013482067734003067
6844,0.013302738778293133
14390,0.012273593805730343
