Index,Activation Value
53579,0.525179386138916
8080,0.50578373670578
26778,0.4799260199069977
38924,0.457182377576828
54138,0.42065608501434326
8019,0.39423561096191406
24298,0.3656419515609741
33011,0.36300116777420044
27547,0.32854971289634705
13743,0.3112793564796448
