Index,Activation Value
49406,0.1318618655204773
19491,0.1230095699429512
59868,0.11927109956741333
44743,0.11717633903026581
23998,0.10328502207994461
11306,0.10162444412708282
41843,0.10007035732269287
20435,0.09898443520069122
4817,0.09578032046556473
49037,0.09326937794685364
