Index,Activation Value
90263,0.685380220413208
37275,0.6111162304878235
28411,0.568784236907959
17994,0.4879033863544464
3005,0.47444069385528564
67582,0.4186960458755493
52232,0.35738229751586914
14005,0.3417479991912842
20232,0.3267929255962372
58902,0.2727378308773041
