Index,Activation Value
21467,0.007299198303371668
54138,0.004809691105037928
43054,0.0022790918592363596
27683,0.002079597907140851
19868,0.0014728246023878455
11257,0.0012447453336790204
18000,0.0008633109391666949
