Index,Activation Value
27438,0.019681967794895172
16107,0.009843193925917149
90842,0.004450424108654261
3082,0.0041665504686534405
105073,0.00276698125526309
4738,0.0026766667142510414
8826,0.0009348484454676509
