Index,Activation Value
21467,0.006441223900765181
59288,0.0053820135071873665
8080,0.0038032017182558775
18000,0.0032976893708109856
54138,0.0025105224922299385
42887,0.0019054486183449626
47257,0.001051711617037654
