Index,Activation Value
84957,0.07187380641698837
3581,0.02982139214873314
