Index,Activation Value
35254,0.0991101935505867
22230,0.08324514329433441
59998,0.08246103674173355
8774,0.08025772124528885
49456,0.07664956897497177
107551,0.07477019727230072
62757,0.07120603322982788
95769,0.06778628379106522
40633,0.06768988817930222
71812,0.06616419553756714
