Index,Activation Value
47320,0.5085707902908325
68789,0.37694865465164185
109426,0.34667080640792847
47838,0.2856951355934143
109302,0.15241588652133942
51087,0.024695586413145065
