Index,Activation Value
80803,0.6761307716369629
80581,0.2801669239997864
39845,0.24313221871852875
86631,0.19846773147583008
98922,0.1534854769706726
15929,0.0224604494869709
