Index,Activation Value
26574,0.6338649392127991
54240,0.5423526763916016
93503,0.4943622648715973
61459,0.39612242579460144
50246,0.3424243628978729
69591,0.20718327164649963
71739,0.09083255380392075
