Index,Activation Value
14326,0.08189582079648972
62662,0.05258747562766075
93685,0.05185890197753906
38228,0.048480816185474396
45447,0.04733293130993843
107558,0.04255365952849388
88937,0.039463579654693604
7682,0.039396025240421295
12,0.038191087543964386
16107,0.03663663566112518
