Index,Activation Value
54690,0.008129824884235859
52854,0.007361395284533501
59998,0.006381541024893522
108688,0.005076137837022543
88407,0.005018529482185841
6017,0.004914950113743544
68937,0.003286088118329644
10580,0.0028887148946523666
20840,0.0028710116166621447
88384,0.0021875491365790367
