Index,Activation Value
53715,0.009958320297300816
14022,0.003016351256519556
14326,0.001441302360035479
103694,1.5172949133557267e-05
