Index,Activation Value
14022,0.00893869437277317
12344,0.008464016020298004
73908,0.008040961809456348
44436,0.004140396136790514
73277,0.0026431349106132984
103694,0.002406121464446187
83057,0.0011331146815791726
15629,0.000954370538238436
44978,0.000693238980602473
80233,0.00030133890686556697
