Index,Activation Value
21467,0.5619946122169495
44569,0.47410911321640015
27547,0.4028526544570923
8080,0.382548987865448
8019,0.3545980155467987
9816,0.3202318549156189
53579,0.30442163348197937
24298,0.30003440380096436
1859,0.29282400012016296
38432,0.27623164653778076
