Index,Activation Value
53579,0.011384528130292892
21467,0.010005186311900616
38924,0.008355122059583664
58249,0.005445523653179407
29340,0.00451237615197897
56855,0.004390512593090534
8396,0.003715895116329193
38432,0.0037139952182769775
8080,0.003699232591316104
24298,0.0028914581052958965
