Index,Activation Value
54227,0.11186664551496506
37903,0.10221008956432343
14186,0.09573623538017273
49406,0.09006574749946594
17366,0.08731002360582352
12929,0.08018777519464493
10570,0.07839997112751007
10080,0.07823991775512695
39547,0.07725904136896133
7783,0.07562285661697388
