Index,Activation Value
52683,0.08662637323141098
33336,0.08323168009519577
102708,0.05802039057016373
50022,0.056657254695892334
71879,0.05445658415555954
55105,0.051943980157375336
93904,0.05179842188954353
12344,0.05104144290089607
96758,0.05046103149652481
6786,0.05001397803425789
