Index,Activation Value
53579,7.764237670926377e-05
24298,6.924648187123239e-05
