Index,Activation Value
38432,0.04519551992416382
8396,0.03131125122308731
37903,0.026988666504621506
28561,0.02599198929965496
26937,0.024019483476877213
45682,0.023877710103988647
59924,0.0229796189814806
13581,0.02209482714533806
41843,0.022020619362592697
39837,0.02058429643511772
