Index,Activation Value
9905,0.8503756523132324
31515,0.6043189167976379
101323,0.5101564526557922
13787,0.5008434653282166
89369,0.33398985862731934
59953,0.31769874691963196
5308,0.2826242446899414
17245,0.1961432546377182
73022,0.11911489814519882
69774,0.0613483227789402
