Index,Activation Value
56007,0.04621495306491852
54222,0.04421750828623772
56032,0.04339839145541191
9480,0.026446539908647537
13179,0.02542235143482685
5476,0.023281516507267952
56545,0.021452005952596664
52855,0.02073589153587818
1976,0.020102733746170998
49406,0.019757408648729324
