Index,Activation Value
15943,0.4142782986164093
74346,0.09147263318300247
35831,0.03102031536400318
72370,0.004932853393256664
