Index,Activation Value
33336,0.04492610692977905
60631,0.03883957862854004
37498,0.03478725627064705
52183,0.03450339660048485
13090,0.0325322188436985
56725,0.0246106144040823
111011,0.021706797182559967
27438,0.020923778414726257
96758,0.019520221278071404
28910,0.019179057329893112
