Index,Activation Value
54138,0.20962899923324585
55023,0.16314582526683807
8080,0.14282433688640594
24298,0.13797251880168915
56855,0.1285279542207718
2800,0.12684769928455353
8396,0.1248689740896225
13743,0.12307862937450409
53579,0.11222885549068451
8019,0.11037784069776535
