Index,Activation Value
38924,0.005127436481416225
56855,0.002575330203399062
36212,0.0021826752927154303
29340,0.0017586412141099572
58249,0.0016090190038084984
8396,0.0011763527290895581
54138,0.0009928266517817974
