Index,Activation Value
107995,0.03783253952860832
17902,0.035305459052324295
12,0.03356904163956642
70349,0.03294510394334793
3082,0.031079668551683426
27438,0.028262557461857796
14326,0.025160109624266624
19627,0.02509036846458912
66000,0.025088336318731308
88571,0.024298297241330147
