Index,Activation Value
29450,0.11090871691703796
16107,0.10543044656515121
70349,0.09751445800065994
95769,0.09551548957824707
64204,0.09358455240726471
12344,0.08434860408306122
85314,0.08353451639413834
88571,0.08284573256969452
50439,0.0784175768494606
17335,0.0770997628569603
