Index,Activation Value
38924,0.04216668754816055
44743,0.03402252495288849
56545,0.02341635338962078
23998,0.023021314293146133
11306,0.021494271233677864
41263,0.019163763150572777
25738,0.015808524563908577
41694,0.015096228569746017
25802,0.014969279058277607
18517,0.014760171994566917
