Index,Activation Value
107995,0.14750675857067108
62757,0.07259707152843475
107558,0.06255540996789932
14326,0.06157582625746727
88295,0.05799155309796333
106084,0.05473935231566429
57877,0.05382270738482475
73855,0.05156521126627922
78437,0.04906715452671051
91025,0.04839527979493141
