Index,Activation Value
64204,0.10656992346048355
40355,0.087818942964077
35254,0.08497115224599838
88384,0.07391294836997986
37498,0.07254819571971893
33336,0.07042260468006134
51766,0.06653905659914017
111011,0.06451082974672318
16158,0.06058993190526962
3309,0.053487058728933334
