Index,Activation Value
70526,1.3168809413909912
31146,0.6097826361656189
