Index,Activation Value
38924,0.02003590576350689
58249,0.01791727915406227
53579,0.014113405719399452
33011,0.0067687262780964375
26778,0.006314151454716921
56554,0.0026360731571912766
