Index,Activation Value
38127,0.20339170098304749
24298,0.19328956305980682
36473,0.18817950785160065
56032,0.18596650660037994
17428,0.1741132289171219
38924,0.15954607725143433
579,0.15777258574962616
58249,0.15760555863380432
56545,0.1550683081150055
28312,0.1529529094696045
