Index,Activation Value
8080,0.010055468417704105
21467,0.009513873606920242
24298,0.008694934658706188
53579,0.007023058366030455
38924,0.006238560192286968
54138,0.0053205303847789764
56855,0.004105042666196823
8019,0.003958303947001696
8396,0.003910752944648266
44569,0.0028034704737365246
