Index,Activation Value
7783,0.019880931824445724
38432,0.01856948249042034
14186,0.015466181561350822
4817,0.012423289008438587
2059,0.010396226309239864
58249,0.009422460570931435
58458,0.009318890050053596
5476,0.008941606618463993
14503,0.008683307096362114
32086,0.00818207859992981
