Index,Activation Value
57551,0.055729951709508896
36212,0.053140923380851746
53589,0.053001511842012405
25657,0.05093016102910042
38340,0.04468449577689171
30430,0.04086398705840111
13743,0.035979267209768295
4530,0.035082824528217316
14826,0.03189823776483536
43115,0.031109990552067757
