Index,Activation Value
28425,0.003063399577513337
56725,0.0019249733304604888
