Index,Activation Value
14022,0.09428180754184723
66575,0.07416178286075592
36533,0.07073851674795151
11918,0.0705462396144867
7866,0.06811125576496124
80813,0.0677877813577652
27912,0.06595685333013535
42828,0.06485992670059204
59998,0.06405528634786606
82590,0.06280947476625443
