Index,Activation Value
15598,0.0038161713164299726
49406,0.0011239026207476854
57892,0.0010186240542680025
6473,0.0007352117681875825
36944,0.0006960585596971214
36625,0.0006128118257038295
