Index,Activation Value
38924,0.06484753638505936
26778,0.06006058678030968
21467,0.04889187589287758
29340,0.04220579192042351
33011,0.03575529158115387
59288,0.0267177727073431
56855,0.024081731215119362
55023,0.022869307547807693
53582,0.021785831078886986
38247,0.02003389783203602
