Index,Activation Value
29372,0.0189675223082304
107925,0.014666745439171791
90842,0.014549672603607178
105975,0.01360584981739521
95769,0.011184800416231155
26012,0.010842553339898586
52426,0.009227003902196884
22202,0.009204567410051823
38779,0.009204143658280373
98149,0.008727116510272026
