Index,Activation Value
33336,0.002997621661052108
64204,0.000783046125434339
37498,0.00014573050430044532
