Index,Activation Value
62757,0.09415710717439651
91875,0.058230169117450714
43247,0.05016745254397392
93685,0.04990759119391441
61123,0.04551180452108383
6200,0.043573834002017975
4825,0.04145852103829384
103438,0.041120585054159164
34454,0.040686074644327164
96758,0.03946048021316528
