Index,Activation Value
28218,0.5908042192459106
25477,0.2901754081249237
31355,0.2600027024745941
