Index,Activation Value
59868,1.3744271993637085
6591,1.0299721956253052
6844,0.9806668758392334
11145,0.603195071220398
12268,0.3363480865955353
58676,0.20067505538463593
40818,0.19114023447036743
50724,0.16079887747764587
15913,0.14441832900047302
10651,0.1393420547246933
