Index,Activation Value
26531,2.6024413108825684
51368,2.325222969055176
9390,2.216171979904175
42035,2.0115833282470703
5304,1.9297349452972412
53017,1.881026268005371
31716,1.8536418676376343
1075,1.797401785850525
3769,1.7944706678390503
727,1.719665765762329
