Index,Activation Value
56725,2.843165159225464
13090,2.8340163230895996
70349,2.6132490634918213
60631,2.4988555908203125
27858,2.461684226989746
88937,2.1660547256469727
8897,2.1016273498535156
27287,2.0827701091766357
38228,2.0747623443603516
108688,1.962805986404419
