Index,Activation Value
65087,0.8589348196983337
98149,0.8332558870315552
95740,0.8103407621383667
22773,0.7806084156036377
52228,0.7093830704689026
8153,0.5782489776611328
49120,0.21066126227378845
42824,0.1826917678117752
100623,0.04552328959107399
90717,0.037154749035835266
