Index,Activation Value
13090,0.01112834271043539
83828,0.006190994288772345
28425,0.006109005771577358
70349,0.005466115660965443
36173,0.004388471599668264
27438,0.003820419544354081
11313,0.002919479040428996
92077,0.0027427426539361477
21549,0.002657856559380889
61123,0.00228723487816751
