Index,Activation Value
76696,0.04221837967634201
107995,0.040101367980241776
35913,0.03678963705897331
12942,0.035143569111824036
50983,0.035043053328990936
21175,0.03416574373841286
94111,0.03302818909287453
31227,0.031424593180418015
6375,0.031080419197678566
4765,0.02799542248249054
