Index,Activation Value
27858,0.02190672792494297
111011,0.019986141473054886
48473,0.018312819302082062
38228,0.01769409328699112
107995,0.015369107015430927
18680,0.015064611099660397
21549,0.014183534309267998
73782,0.01313831377774477
107925,0.010951245203614235
83828,0.010316187515854836
