Index,Activation Value
9187,0.023146724328398705
15111,0.022151801735162735
12023,0.019394373521208763
21565,0.01905316859483719
54222,0.018657203763723373
47264,0.017094220966100693
56007,0.016046039760112762
35473,0.014443925581872463
17745,0.013184416107833385
57892,0.012636316940188408
