Index,Activation Value
33011,0.14003057777881622
21467,0.1396052986383438
53579,0.13197346031665802
1909,0.13176313042640686
38924,0.11820928007364273
36473,0.1005793958902359
58249,0.08629587292671204
54138,0.08492245525121689
44569,0.07779158651828766
24298,0.07463783025741577
