Index,Activation Value
21467,0.656692624092102
44569,0.47256729006767273
27547,0.472456157207489
8080,0.42032545804977417
38432,0.3753409683704376
53579,0.3655525743961334
8019,0.35134533047676086
38924,0.32002416253089905
32727,0.315663605928421
38340,0.3136596977710724
