Index,Activation Value
101572,0.09476397186517715
80813,0.08756154030561447
42482,0.08544468879699707
107995,0.06605752557516098
110712,0.06026870384812355
62757,0.055771879851818085
47884,0.055422089993953705
27328,0.055317092686891556
107558,0.05005241557955742
12942,0.04824988916516304
