Index,Activation Value
32704,0.17721372842788696
7921,0.17114213109016418
47321,0.16580364108085632
58458,0.15991394221782684
48137,0.15777239203453064
32254,0.15505707263946533
27399,0.15079589188098907
16261,0.1470164656639099
34397,0.13963714241981506
39450,0.13830849528312683
