Index,Activation Value
26778,0.11000946909189224
38924,0.09951901435852051
33011,0.08715213090181351
53579,0.0734667256474495
21467,0.07049870491027832
36473,0.06496479362249374
24298,0.06410262733697891
1909,0.059963345527648926
8080,0.05364088714122772
58249,0.05077694356441498
