Index,Activation Value
2390,0.9715229272842407
1147,0.3342062830924988
39133,0.14443354308605194
54500,0.08492742478847504
