Index,Activation Value
38924,0.06038914620876312
26778,0.05543307214975357
8080,0.04297439381480217
53579,0.04243939369916916
21467,0.03886175528168678
33011,0.03695060685276985
58249,0.030255965888500214
38432,0.028909197077155113
54138,0.025677818804979324
18000,0.023819472640752792
