Index,Activation Value
99822,0.19030478596687317
34771,0.024258997291326523
