Index,Activation Value
5319,0.04003920778632164
24565,0.027420002967119217
53582,0.026514962315559387
7145,0.024582572281360626
2792,0.022278841584920883
53589,0.02066267654299736
5556,0.01979130692780018
36944,0.01948920078575611
59924,0.019476745277643204
4930,0.017711065709590912
