Index,Activation Value
24298,0.15032507479190826
8019,0.12167225033044815
8080,0.11749120056629181
54138,0.09083913266658783
53579,0.08066027611494064
9816,0.07879242300987244
56855,0.07838018983602524
29340,0.07768870145082474
36473,0.0766415148973465
42887,0.0745553970336914
