Index,Activation Value
53579,0.05463002994656563
21467,0.04777224734425545
44569,0.040619269013404846
38924,0.034785326570272446
36473,0.03158748149871826
1859,0.03132858872413635
1909,0.029970858246088028
58249,0.029154449701309204
33011,0.025185691192746162
8080,0.023844938725233078
