Index,Activation Value
87126,0.5636001229286194
96304,0.41422775387763977
62329,0.2659286856651306
78437,0.1983768343925476
107313,0.07979567348957062
55562,0.018523767590522766
