Index,Activation Value
39547,0.022755250334739685
14915,0.018066463991999626
21311,0.01642371155321598
48346,0.016012558713555336
50,0.011997848749160767
18541,0.011917030438780785
16198,0.0104374336078763
8768,0.010231881402432919
31903,0.00976773351430893
21019,0.009538686834275723
