Index,Activation Value
43415,1.556236743927002
41081,0.8559211492538452
8912,0.6078794598579407
58115,0.543544352054596
149,0.5157017707824707
16246,0.4851733148097992
5365,0.3388049602508545
34446,0.32359904050827026
8896,0.2785380780696869
55570,0.25641146302223206
