Index,Activation Value
7145,0.15814225375652313
9049,0.1365308314561844
36944,0.12056673318147659
38127,0.11290072649717331
19516,0.11200728267431259
25605,0.11131013929843903
21165,0.10333424806594849
15111,0.10323650389909744
14682,0.10203031450510025
50,0.10196415334939957
