Index,Activation Value
12,0.016212228685617447
55426,0.00887640193104744
54896,0.004966592416167259
71543,0.004662500228732824
14326,0.003618023358285427
73908,0.003298219759017229
96758,0.0032925275154411793
42493,0.002262439578771591
56725,0.0012181408237665892
