Index,Activation Value
56855,0.42522329092025757
36212,0.37922242283821106
38924,0.35437220335006714
8396,0.35374489426612854
19868,0.3519892394542694
53579,0.3500552773475647
32727,0.33652204275131226
45313,0.31966421008110046
41844,0.3011801838874817
29340,0.28941968083381653
