Index,Activation Value
38127,0.12765300273895264
4191,0.09389090538024902
14721,0.08934509754180908
13743,0.08134587109088898
51614,0.07675010710954666
57496,0.06505651026964188
49271,0.0645122081041336
38340,0.06397370994091034
36212,0.06214313954114914
36103,0.05701717361807823
