Index,Activation Value
59924,0.04580388590693474
7145,0.04242979362607002
24702,0.030738748610019684
8302,0.029389267787337303
43164,0.028273409232497215
42784,0.028018392622470856
26518,0.024272315204143524
17294,0.023221580311655998
55625,0.022008225321769714
34331,0.0206448994576931
