Index,Activation Value
21467,0.6364272236824036
38924,0.4614115059375763
56855,0.45870375633239746
8396,0.45324215292930603
36212,0.41852977871894836
33011,0.3712615668773651
53579,0.3458744287490845
26778,0.3377104103565216
38340,0.2573011815547943
4530,0.2549785375595093
