Index,Activation Value
43054,0.05016457661986351
38247,0.02524157054722309
32881,0.01478041522204876
22718,0.014067032374441624
22813,0.012435202486813068
24409,0.007570736575871706
34091,0.0074268365278840065
2354,0.007019687909632921
10226,0.005722184665501118
3366,0.005580455530434847
