Index,Activation Value
21467,0.2453039586544037
29340,0.1927684098482132
33011,0.13562673330307007
773,0.12419859319925308
24565,0.1035195142030716
53582,0.08662066608667374
44569,0.07919669151306152
21565,0.0762532576918602
8080,0.06857406347990036
47264,0.0631164014339447
