Index,Activation Value
56855,0.2411631941795349
29340,0.2355514019727707
8396,0.2259044647216797
36212,0.1683277040719986
55023,0.12648478150367737
25657,0.11434981971979141
53582,0.08704474568367004
24565,0.08105326443910599
4530,0.08049505203962326
31736,0.07791442424058914
