Index,Activation Value
57036,0.9692685604095459
45206,0.6225124597549438
102253,0.5516063570976257
23577,0.48865437507629395
55278,0.480258971452713
6135,0.3627411127090454
77129,0.2840158939361572
48622,0.28096356987953186
87175,0.24179084599018097
11457,0.1765459179878235
