Index,Activation Value
73855,0.011541329324245453
27438,0.011441613547503948
29450,0.010660732164978981
102181,0.00894943717867136
76908,0.007481359411031008
96758,0.006808080244809389
52183,0.0066552371717989445
52426,0.0066093141213059425
59171,0.006069652736186981
91104,0.00550583191215992
