Index,Activation Value
83828,0.01370956189930439
16959,0.005887260660529137
33336,0.005271660163998604
46468,0.002872348530218005
13278,0.0007098981877788901
30064,0.0005002877442166209
