Index,Activation Value
33336,0.01379960123449564
52426,0.007975706830620766
24604,0.007616966497153044
86756,0.005219583865255117
14983,0.001310925930738449
41210,0.00041041444637812674
