Index,Activation Value
21467,0.02478114143013954
38127,0.013997246511280537
36944,0.013427306897938251
36625,0.011736899614334106
20435,0.009507055394351482
11257,0.008559991605579853
27547,0.007334948517382145
32704,0.007116560358554125
53579,0.006999946665018797
9049,0.006853263359516859
