Index,Activation Value
4773,1.835294246673584
28738,1.828419804573059
98904,1.5637824535369873
68330,1.1273177862167358
18344,1.0896720886230469
67218,1.0589176416397095
39492,0.9056571125984192
76592,0.9025193452835083
27334,0.8289283514022827
73081,0.6555402278900146
