Index,Activation Value
64204,0.11154604703187943
33336,0.08903783559799194
95769,0.08780966699123383
111011,0.08725837618112564
77289,0.06840074807405472
27438,0.06543876230716705
8251,0.062070395797491074
30064,0.05441514030098915
28910,0.05196988210082054
30829,0.05001118406653404
