Index,Activation Value
107558,0.10792489349842072
104537,0.08401691913604736
28425,0.05210937187075615
44123,0.04840770736336708
13090,0.04562787711620331
36411,0.04265984892845154
111154,0.03675848990678787
96758,0.0364396870136261
25024,0.03432442247867584
56725,0.03404693305492401
