Index,Activation Value
38247,0.12964129447937012
24702,0.12407941371202469
11450,0.12118951976299286
2800,0.11594156920909882
15397,0.10827407240867615
54927,0.10401203483343124
45538,0.1033937856554985
1072,0.10134716331958771
35684,0.10121876001358032
43054,0.09988202154636383
