Index,Activation Value
29340,0.24109365046024323
56855,0.23794209957122803
8396,0.20781008899211884
36212,0.20777110755443573
21467,0.1871376633644104
27547,0.18351277709007263
38432,0.17956697940826416
8080,0.17164990305900574
19868,0.16270534694194794
53579,0.161249041557312
