Index,Activation Value
38924,0.9767456650733948
26778,0.23609252274036407
9279,0.217729851603508
38247,0.051589563488960266
