Index,Activation Value
53579,0.016726268455386162
29340,0.010192296467721462
36473,0.008238845504820347
1909,0.007687975652515888
27547,0.007311300374567509
58249,0.007027474232017994
21467,0.005996479652822018
43178,0.004492213483899832
56855,0.004440360702574253
43054,0.0043421839363873005
