Index,Activation Value
37498,0.03623951971530914
88571,0.02624654397368431
104537,0.02441132254898548
55426,0.021320750936865807
71879,0.018531640991568565
29372,0.01835578680038452
50022,0.01590297557413578
26012,0.014601970091462135
82475,0.013583875261247158
67509,0.013522028923034668
