Index,Activation Value
36212,0.02009556069970131
38924,0.018497051671147346
56855,0.012841254472732544
29340,0.012023640796542168
30430,0.011376491747796535
8396,0.011140077374875546
38432,0.008979551494121552
26778,0.005410609766840935
25657,0.00472980597987771
38340,0.0038546028081327677
