Index,Activation Value
25887,1.478593111038208
88407,1.4211130142211914
90755,1.3609697818756104
14478,1.2462228536605835
35022,0.9304974675178528
97792,0.9123978018760681
87049,0.9106647372245789
55350,0.7152837514877319
8574,0.6757293939590454
87578,0.6677266359329224
