Index,Activation Value
13090,0.013344567269086838
70349,0.004826792515814304
28425,0.00467399088665843
104537,0.00022384071780834347
36173,7.854795512685087e-06
