Index,Activation Value
27547,0.020645346492528915
9816,0.006731195375323296
31723,0.0048777880147099495
4191,0.002206562552601099
19339,0.001323212287388742
16403,0.000687684747390449
7444,0.000519452674780041
11897,0.00024360607494600117
43115,0.0002273109130328521
51769,0.0001972279860638082
