Index,Activation Value
13090,0.009177475236356258
28425,0.004679782781749964
36173,0.002940269885584712
