Index,Activation Value
72094,0.09951549768447876
7351,0.09013449400663376
12344,0.0826815590262413
74354,0.08032353222370148
52491,0.07225105911493301
59998,0.06625677645206451
87758,0.06497108191251755
47586,0.06364484131336212
44123,0.0633116215467453
868,0.06174517795443535
