Index,Activation Value
53579,0.44070112705230713
38924,0.42195194959640503
21467,0.42136630415916443
26778,0.38292962312698364
19868,0.3340369164943695
58249,0.3242320418357849
27547,0.3210669159889221
8080,0.3019956648349762
54138,0.30085253715515137
33011,0.3005882203578949
