Index,Activation Value
47378,0.28945037722587585
81304,0.03099171258509159
