Index,Activation Value
36173,0.1263916939496994
95769,0.10675133019685745
44123,0.10370559990406036
12064,0.10190847516059875
25887,0.10015226155519485
111011,0.09799429029226303
92077,0.09715244919061661
52854,0.09411755949258804
70349,0.09296304732561111
29450,0.08495486527681351
