Index,Activation Value
70349,0.04941602051258087
52683,0.03755863010883331
13090,0.03490655496716499
60631,0.02829209342598915
71879,0.02573859505355358
83828,0.022409703582525253
16107,0.021906794980168343
56725,0.02114683762192726
25849,0.019054120406508446
12589,0.01772131584584713
