Index,Activation Value
28910,0.12385746836662292
28425,0.086636982858181
22092,0.06489739567041397
63669,0.06272047758102417
99629,0.05602482333779335
97407,0.053951431065797806
36173,0.05093437805771828
56725,0.05023734271526337
29372,0.04833906516432762
19627,0.04612213373184204
