Index,Activation Value
852,0.020592903718352318
88571,0.015840008854866028
29450,0.01582534983754158
14165,0.010565699078142643
95769,0.009621099568903446
44123,0.008425646461546421
25887,0.008216474205255508
28910,0.007292035035789013
66371,0.0069712377153337
73855,0.006689443252980709
