Index,Activation Value
19868,0.01721566915512085
27547,0.013604633510112762
38432,0.013374356552958488
25657,0.012447389774024487
45313,0.0123598612844944
56855,0.011393037624657154
4530,0.010089254938066006
36212,0.009532598778605461
8396,0.008487619459629059
38340,0.007605742663145065
