Index,Activation Value
59122,0.9850662350654602
53631,0.3859819173812866
19476,0.24148428440093994
30178,0.22488687932491302
53827,0.12109740823507309
194,0.03673730790615082
19188,0.001552827307023108
