Index,Activation Value
21175,0.005681067705154419
2871,0.0008428501314483583
45583,0.0006777803646400571
42493,0.00044483572128228843
50983,0.00025696546072140336
