Index,Activation Value
56855,0.056021012365818024
25657,0.05247214809060097
8396,0.05012474209070206
36212,0.043228521943092346
29340,0.04084265977144241
51614,0.0389249213039875
9107,0.03816832974553108
52440,0.03703484311699867
28855,0.03613085299730301
4530,0.03402996063232422
