Index,Activation Value
107558,0.10479175299406052
75921,0.06922634690999985
12064,0.0691988617181778
12832,0.06531840562820435
44123,0.06384939700365067
60806,0.0638035237789154
25024,0.062372155487537384
27912,0.061323076486587524
21437,0.05716933682560921
35913,0.05658681318163872
