Index,Activation Value
42887,0.0010027128737419844
43197,0.0008853127947077155
9816,0.00029962160624563694
