Index,Activation Value
31557,0.46305370330810547
18292,0.03703135997056961
