Index,Activation Value
88571,0.008375887759029865
100884,0.0065083252266049385
55040,0.004056399688124657
74354,0.0036163884215056896
85185,0.0029606837779283524
66000,0.0026483202818781137
70776,0.0020181701984256506
25530,0.002010019961744547
47448,0.0017929802415892482
4825,0.001724390429444611
