Index,Activation Value
29340,0.04319200664758682
24565,0.04213531315326691
53582,0.03805297613143921
43054,0.036248769611120224
55023,0.02861475571990013
40862,0.024783704429864883
56545,0.024138007313013077
39837,0.019546952098608017
56855,0.018880018964409828
46682,0.018776103854179382
