Index,Activation Value
98954,0.5038518309593201
67507,0.2383982539176941
53862,0.01217886433005333
