Index,Activation Value
88571,0.002341366605833173
28910,0.0018337470246478915
