Index,Activation Value
8796,2.4759914875030518
68347,2.3142354488372803
89903,2.2291784286499023
47884,2.054596424102783
102181,1.9813940525054932
8251,1.923941969871521
67831,1.8061251640319824
9178,1.7603983879089355
50786,1.634527325630188
111056,1.557286024093628
