Index,Activation Value
62856,0.2757039964199066
38270,0.20274312794208527
5401,0.16771027445793152
32228,0.1349983513355255
74321,0.12702077627182007
87633,0.08459728211164474
