Index,Activation Value
21467,0.6470277905464172
53579,0.5482924580574036
38924,0.4597216844558716
26778,0.44254618883132935
27547,0.4107968509197235
38432,0.39495137333869934
8080,0.38395294547080994
58249,0.3580804765224457
33011,0.339761883020401
36212,0.31534984707832336
