Index,Activation Value
4136,0.2816275358200073
74298,0.2632808983325958
86898,0.23083136975765228
13632,0.22799605131149292
5790,0.19416753947734833
99388,0.16427533328533173
79018,0.07208144664764404
98637,0.07155586779117584
65960,0.02041422575712204
