Index,Activation Value
9816,0.014617779292166233
53579,0.01012353040277958
27547,0.007066440302878618
8019,0.0039790621958673
57551,0.0038253467064350843
27683,0.0015321547398343682
45313,0.0014757057651877403
33011,0.0013070835266262293
26778,0.00030218501342460513
