Index,Activation Value
24298,0.013679970987141132
44569,0.008035401813685894
16549,0.005588131956756115
773,0.0053054229356348515
39837,0.004443984478712082
8019,0.004170669242739677
13743,0.003971700556576252
54138,0.0036749672144651413
56007,0.0018664810340851545
1859,0.0017096513183787465
