Index,Activation Value
17428,0.18780501186847687
3689,0.17686903476715088
21467,0.1653372049331665
53589,0.15212568640708923
54222,0.14727413654327393
22371,0.14614328742027283
21019,0.1375730186700821
54138,0.12947186827659607
36473,0.12912067770957947
43054,0.12178847938776016
