Index,Activation Value
43054,0.029887843877077103
2800,0.029086800292134285
33011,0.028763433918356895
24565,0.025192055851221085
24409,0.024292947724461555
53582,0.022235995158553123
43541,0.022127578034996986
41843,0.02068088948726654
32696,0.016212444752454758
38374,0.01572643406689167
