Index,Activation Value
13090,0.0028577568009495735
16107,0.0010092726442962885
