Index,Activation Value
26778,0.03296041488647461
32727,0.02446763589978218
19868,0.01712833344936371
45313,0.016424408182501793
27547,0.008507213555276394
29340,0.007614197209477425
38340,0.007457907777279615
38924,0.007094315253198147
33011,0.00693848542869091
36212,0.005802850238978863
