Index,Activation Value
56855,0.02120136469602585
36212,0.015614364296197891
8396,0.014326279982924461
29340,0.013156724162399769
32727,0.012227498926222324
43197,0.010399574413895607
24565,0.009685714729130268
53582,0.009140031412243843
45313,0.008252989500761032
57551,0.00810833740979433
