Index,Activation Value
13090,0.19682680070400238
88571,0.18993666768074036
70349,0.184434175491333
52183,0.1680426001548767
83828,0.16415129601955414
56725,0.15029503405094147
60631,0.14340530335903168
17902,0.13138005137443542
104537,0.12384218722581863
33336,0.10891265422105789
