Index,Activation Value
36212,0.02008606679737568
8396,0.013083657249808311
56855,0.0074691977351903915
29340,0.007120761089026928
38340,0.005398761015385389
32727,0.0048495326191186905
773,0.0027513166423887014
41844,0.0019484612857922912
28561,0.00186145247425884
45313,0.001256184303201735
