Index,Activation Value
100136,0.09278356283903122
84018,0.08531953394412994
29372,0.08287174254655838
88295,0.08265628665685654
104537,0.07929612696170807
26012,0.07462934404611588
111011,0.07401229441165924
44818,0.07223421335220337
107558,0.07086361944675446
73213,0.07076968252658844
