Index,Activation Value
38127,0.05690143257379532
4055,0.04405319318175316
7145,0.04379269480705261
11478,0.04347456246614456
41844,0.042397938668727875
20435,0.04215759411454201
17428,0.041951656341552734
39787,0.04150468483567238
49406,0.03977144509553909
36625,0.03944993019104004
