Index,Activation Value
93685,1.7212700843811035
3309,1.2192481756210327
103558,1.1175936460494995
51016,1.0646759271621704
40815,0.9011388421058655
42658,0.8467483520507812
60916,0.6852006912231445
51504,0.5817497372627258
52072,0.3641694486141205
22328,0.3323206901550293
