Index,Activation Value
58249,0.0067508043721318245
25800,0.006440720520913601
29465,0.006009403150528669
4417,0.005741721950471401
26073,0.00504710478708148
56505,0.0046684956178069115
7145,0.003317063907161355
34961,0.003179648658260703
48992,0.0031122814398258924
55867,0.0030855771619826555
