Index,Activation Value
53579,0.20953787863254547
44569,0.18399277329444885
38924,0.17185530066490173
58249,0.16202086210250854
1859,0.1422269493341446
36473,0.12262114882469177
33011,0.11774826794862747
56554,0.11666298657655716
38247,0.10275068134069443
579,0.09894787520170212
