Index,Activation Value
111463,1.3540252447128296
83549,0.5955923199653625
76902,0.5023388862609863
30521,0.3325916528701782
88150,0.2840438783168793
70892,0.253791868686676
3586,0.19688928127288818
20779,0.18556424975395203
103736,0.16989640891551971
88374,0.15811742842197418
