Index,Activation Value
36473,0.012983991764485836
49406,0.011863610707223415
44569,0.009825711138546467
36212,0.009286350570619106
4817,0.007873511873185635
20435,0.007762232795357704
7783,0.006905786227434874
21191,0.006653638556599617
44743,0.0065382723696529865
56096,0.005934961140155792
