Index,Activation Value
39257,0.010917787440121174
14049,0.010805130936205387
48473,0.00886597391217947
96065,0.00760460551828146
12344,0.007172868587076664
74354,0.00692166481167078
4264,0.006414554547518492
105073,0.006018371786922216
6788,0.00595812639221549
35831,0.005694229155778885
