Index,Activation Value
111011,0.12783607840538025
27438,0.09995672851800919
83828,0.06610127538442612
71932,0.05493087321519852
63669,0.053573884069919586
33336,0.04589901119470596
20663,0.04541227966547012
55426,0.04314440116286278
52008,0.04290911182761192
8897,0.03755291923880577
