Index,Activation Value
6786,1.0280009508132935
93904,0.5355016589164734
59162,0.2910095751285553
19530,0.01169859990477562
