Index,Activation Value
44569,0.37631964683532715
21467,0.3721690773963928
27547,0.28819984197616577
38432,0.2746823728084564
53579,0.25755366683006287
1909,0.2567408084869385
33011,0.25202441215515137
32727,0.21738308668136597
1859,0.2137259840965271
38340,0.17515143752098083
