Index,Activation Value
5319,0.11037067323923111
22362,0.10744928568601608
32604,0.0944615826010704
45682,0.08979936689138412
48477,0.08389992266893387
39787,0.07968734204769135
3932,0.07795712351799011
11478,0.07474343478679657
46700,0.07327260822057724
23822,0.07101429998874664
