Index,Activation Value
55625,0.022791827097535133
2390,0.01521728653460741
25216,0.012378894723951817
11450,0.009109866805374622
59868,0.007814389653503895
40668,0.006916215177625418
9049,0.0067609515972435474
31306,0.0047895354218780994
13098,0.004588219337165356
33420,0.004342496860772371
