Index,Activation Value
88295,0.10301091521978378
27789,0.08098097145557404
852,0.07694780081510544
47884,0.07427508383989334
51766,0.07270511239767075
111056,0.06544148921966553
56725,0.06383349001407623
48529,0.06337054818868637
13090,0.05766329541802406
39998,0.05630394443869591
