Index,Activation Value
8396,0.01674704998731613
56855,0.015736103057861328
29340,0.009776417165994644
24565,0.0068085333332419395
25657,0.004831548780202866
38432,0.00398871349170804
53582,0.00265496876090765
31736,0.0011997746769338846
