Index,Activation Value
9049,0.8150634169578552
18950,0.07728259265422821
