Index,Activation Value
29450,0.09458058327436447
20663,0.08815647661685944
29372,0.08520599454641342
13090,0.08075513690710068
111154,0.08036801964044571
28425,0.07513242959976196
73855,0.07439737021923065
100136,0.06892310827970505
26012,0.062236059457063675
80813,0.05938510596752167
