Index,Activation Value
27912,0.007554857991635799
59998,0.0038260421715676785
4491,0.0025805525947362185
