Index,Activation Value
42887,0.05159736052155495
56505,0.04280582815408707
18000,0.03982871398329735
19701,0.036729130893945694
9816,0.02819751761853695
8019,0.024712402373552322
43197,0.020760510116815567
566,0.016638334840536118
39837,0.012727053835988045
9516,0.010731121525168419
