Index,Activation Value
44569,0.06478340178728104
21467,0.05199042335152626
53579,0.0457080602645874
33011,0.04557954892516136
8019,0.04236222431063652
13179,0.03704997897148132
1859,0.03647917881608009
9816,0.03626316040754318
773,0.03533787280321121
24298,0.03283888101577759
