Index,Activation Value
33011,0.6238306164741516
38924,0.5169925093650818
53579,0.5088292360305786
26778,0.4913197457790375
38432,0.4746398329734802
58249,0.4131636619567871
8080,0.37520650029182434
1909,0.3618554174900055
29340,0.3593835234642029
56855,0.34826675057411194
