Index,Activation Value
14983,0.07982493937015533
73908,0.07851158082485199
103694,0.073980413377285
72094,0.07117560505867004
107558,0.06577614694833755
63170,0.06028779223561287
79383,0.05957932770252228
44978,0.05690303444862366
88155,0.05574417486786842
15629,0.054360777139663696
