Index,Activation Value
13090,0.0028581677470356226
83828,0.001753208227455616
33336,6.167573883431032e-05
