Index,Activation Value
54138,0.32648661732673645
38432,0.3126071095466614
21467,0.2790558338165283
8080,0.23288708925247192
43197,0.2223471999168396
53579,0.21105460822582245
32727,0.20965074002742767
9816,0.2033032476902008
29465,0.19912049174308777
42887,0.19557863473892212
