Index,Activation Value
56725,0.0035865451209247112
70349,0.0016411810647696257
88571,0.0014029460726305842
13090,0.00020305004727561027
33336,0.00014974716759752482
