Index,Activation Value
37775,0.5596159100532532
93199,0.2866653501987457
87778,0.1968485563993454
100,0.17721611261367798
32322,0.1359761655330658
8645,0.0926879495382309
105764,0.0913073942065239
64672,0.09010196477174759
106039,0.07832573354244232
93147,0.04882996529340744
