Index,Activation Value
27438,0.015383005142211914
111011,0.006236441899091005
96125,0.004683404229581356
59080,9.25660424400121e-05
