Index,Activation Value
44060,0.827614963054657
84386,0.5603389739990234
27544,0.12479860335588455
