Index,Activation Value
7145,0.19350109994411469
2792,0.18811427056789398
19339,0.17910481989383698
14826,0.16819334030151367
24565,0.16266301274299622
31736,0.16111013293266296
53582,0.1609889268875122
51769,0.1547374725341797
27683,0.14422273635864258
3004,0.1267344206571579
