Index,Activation Value
8080,0.05036313459277153
54138,0.034566134214401245
31723,0.034481342881917953
54927,0.027985891327261925
41843,0.024612272158265114
29340,0.024315498769283295
26937,0.021795693784952164
24565,0.020930025726556778
24934,0.019322244450449944
22214,0.018559817224740982
