Index,Activation Value
36173,0.00967940129339695
107558,0.004038467537611723
17608,0.0039353216998279095
62402,0.00249307113699615
54896,0.000995769165456295
99492,0.0009667022968642414
