Index,Activation Value
59616,0.5399233102798462
50324,0.22867362201213837
