Index,Activation Value
9816,0.013307297602295876
27547,0.004333063960075378
4191,0.0010249398183077574
