Index,Activation Value
28425,0.0019694489892572165
13090,8.431819878751412e-05
