Index,Activation Value
9816,0.02004922181367874
18000,0.016794275492429733
27547,0.016753744333982468
32727,0.012921931222081184
41844,0.012601749040186405
38247,0.012483787722885609
38432,0.011644835583865643
42887,0.01160653866827488
44569,0.011085990816354752
1859,0.009795800782740116
