Index,Activation Value
22171,0.10671108216047287
52586,0.016150109469890594
