Index,Activation Value
44569,0.10856753587722778
39450,0.09343693405389786
38924,0.07291076332330704
2800,0.0666302815079689
48137,0.06655524671077728
26778,0.06527877599000931
34397,0.05601651594042778
12474,0.047539133578538895
42784,0.0467684231698513
32254,0.044252969324588776
