Index,Activation Value
72094,0.0966619998216629
7334,0.08303490281105042
12344,0.07629368454217911
90842,0.06596429646015167
19627,0.06587141007184982
45583,0.05684025213122368
95496,0.056805629283189774
52426,0.0539117231965065
36173,0.05356225371360779
73908,0.05209078639745712
