Index,Activation Value
59924,0.015408110804855824
34091,0.012274452485144138
218,0.011930117383599281
57551,0.011913136579096317
25605,0.011306525208055973
58916,0.011295226402580738
39547,0.009001484140753746
59060,0.008471856825053692
54621,0.007508676499128342
26937,0.007351233158260584
