Index,Activation Value
218,0.0002117813564836979
47264,6.896432751091197e-05
25605,5.267917367746122e-05
17366,4.949314461555332e-05
15598,1.8027485566562973e-05
