Index,Activation Value
93969,0.009262057021260262
29450,0.006742439698427916
95769,0.006452615838497877
73855,0.006198229268193245
52426,0.005580612923949957
111011,0.004286580719053745
44123,0.0039615030400455
107995,0.0033581177704036236
71932,0.002686766441911459
4738,0.0025692242197692394
