Index,Activation Value
36625,0.2531009614467621
31056,0.2007998377084732
15111,0.18507395684719086
47264,0.1835029423236847
21565,0.17693987488746643
14971,0.16291949152946472
33391,0.16070549190044403
25227,0.1598225086927414
48131,0.15763504803180695
566,0.1552901268005371
