Index,Activation Value
56554,0.1292882263660431
58249,0.11869324743747711
25087,0.11197568476200104
15397,0.0986732542514801
31684,0.09619235247373581
54944,0.09241506457328796
31723,0.09201152622699738
53338,0.08300938457250595
14682,0.08076883852481842
44937,0.07598860561847687
