Index,Activation Value
19701,0.017671918496489525
48346,0.006053574848920107
47009,0.00047779284068383276
