Index,Activation Value
21467,0.8720091581344604
8080,0.8219210505485535
53579,0.7866671085357666
38924,0.6979777216911316
27547,0.6801745295524597
38432,0.6324585676193237
32727,0.6215177178382874
26778,0.6071778535842896
8019,0.5662292838096619
54138,0.5423992276191711
