Index,Activation Value
45485,0.1274304836988449
40635,0.11203435063362122
45673,0.05435679480433464
40600,0.023431895300745964
49298,0.006882381159812212
