Index,Activation Value
3326,1.8562440872192383
27840,1.2162281274795532
33025,0.9108896851539612
46600,0.6613489389419556
16568,0.5052747130393982
15451,0.31256386637687683
14737,0.3003297448158264
14971,0.1816103309392929
47778,0.17178422212600708
38558,0.06501248478889465
