Index,Activation Value
41246,0.36674222350120544
29475,0.33304834365844727
53647,0.28355109691619873
21196,0.27271154522895813
26747,0.20152997970581055
51460,0.0718277245759964
15278,0.04906674101948738
11337,0.04893603175878525
20743,0.04285508021712303
