Index,Activation Value
18000,0.006043954286724329
1859,0.0046946704387664795
24298,0.002870989264920354
44569,0.001306037767790258
