Index,Activation Value
93685,0.0650998204946518
96758,0.060002923011779785
96065,0.057183410972356796
84018,0.04929563030600548
81123,0.04685882106423378
48529,0.044326938688755035
75188,0.040350817143917084
87077,0.039360590279102325
36159,0.039057955145835876
6786,0.03842554986476898
