Index,Activation Value
7145,0.15683405101299286
15598,0.1254841536283493
36944,0.12295689433813095
15397,0.1097683310508728
25605,0.10813438892364502
10570,0.10664176940917969
14706,0.10592539608478546
43927,0.09378399699926376
56545,0.09348668158054352
56032,0.09342042356729507
