Index,Activation Value
56725,0.00717794569209218
28425,0.003932469990104437
34393,0.002212344203144312
66371,0.0009892528178170323
89243,4.148635525780264e-06
