Index,Activation Value
92077,0.009419485926628113
52426,0.007564433850347996
55040,0.007281718775629997
56725,0.006042373366653919
109813,0.006020704284310341
60631,0.004834435880184174
54956,0.004543849732726812
13090,0.0040438356809318066
104002,0.0019508299883455038
33336,0.0006451759254559875
