Index,Activation Value
13090,0.1226096823811531
62757,0.09124802052974701
52426,0.08829604089260101
60631,0.08109916746616364
52683,0.07151731103658676
52183,0.06992141902446747
88571,0.06695201992988586
2279,0.0615997314453125
59162,0.055675163865089417
80813,0.0553983636200428
