Index,Activation Value
38432,0.03698457404971123
27547,0.029266508296132088
9816,0.02382972650229931
36212,0.02349904365837574
54138,0.022984936833381653
29340,0.02202649787068367
43197,0.020845646038651466
38924,0.020369961857795715
56855,0.01950518786907196
39547,0.01923367753624916
