Index,Activation Value
70349,0.011581901460886002
96065,0.010994934476912022
16807,0.00704839127138257
52854,0.006652914918959141
6786,0.0035038311034440994
13090,0.003470750991255045
48529,0.0030449782498180866
27191,0.003041355637833476
88295,0.0028945207595825195
36536,0.002599115949124098
