Index,Activation Value
17428,0.02648722194135189
21161,0.017707711085677147
29465,0.016904909163713455
23367,0.013724233023822308
47360,0.01359349861741066
54222,0.01231029536575079
10570,0.010301298461854458
44569,0.009174996986985207
16198,0.008642597123980522
28223,0.008594876155257225
