Index,Activation Value
25698,0.900242805480957
100301,0.5538142919540405
56194,0.5324423909187317
53411,0.3931640684604645
99607,0.3906893730163574
86598,0.3811241686344147
101448,0.2733036279678345
93306,0.24500297009944916
52872,0.24471302330493927
96356,0.12875579297542572
