Index,Activation Value
32727,0.046401698142290115
19868,0.042639534920454025
27547,0.03598139435052872
45313,0.034776005893945694
9816,0.0342186838388443
42887,0.03271608427166939
39547,0.030021907761693
43197,0.029819054529070854
25657,0.021498003974556923
26937,0.020301561802625656
