Index,Activation Value
49406,0.04463709145784378
20435,0.031818561255931854
19491,0.02886752225458622
4817,0.028166016563773155
21191,0.02568657696247101
10570,0.025466125458478928
12929,0.024789318442344666
44743,0.02036101371049881
34091,0.019034400582313538
54227,0.018973080441355705
