Index,Activation Value
90208,0.8361278176307678
111072,0.4812009036540985
245,0.28150248527526855
