Index,Activation Value
20663,0.07703939080238342
109700,0.07621798664331436
102181,0.06507714092731476
22230,0.06268932670354843
81123,0.06203889101743698
8774,0.06186845526099205
7942,0.061127886176109314
29450,0.05856678634881973
107551,0.05535266548395157
25887,0.05411707982420921
