Index,Activation Value
28425,0.01946067251265049
11313,0.006218007765710354
28910,0.0022683884017169476
27438,0.0018395150545984507
107558,0.0015019535785540938
66371,0.0010704209562391043
22092,1.1446884855104145e-05
