Index,Activation Value
17428,0.16404230892658234
54222,0.15485644340515137
56007,0.1390591412782669
13158,0.13682614266872406
4987,0.1316254585981369
25800,0.1275462955236435
55625,0.1210712119936943
10570,0.10812892764806747
11450,0.09826988726854324
27252,0.09529095888137817
