Index,Activation Value
44569,0.5265396237373352
53579,0.5258911848068237
27547,0.4889122545719147
38432,0.4700556993484497
8080,0.44321832060813904
8019,0.43625950813293457
21467,0.43380430340766907
24298,0.4183221161365509
38924,0.41622957587242126
29340,0.40037140250205994
