Index,Activation Value
12589,0.0053461831994354725
60806,0.0016190307214856148
82590,0.00153738958761096
93388,0.0012239865027368069
82475,0.0011009213048964739
