Index,Activation Value
108815,0.7125205397605896
101244,0.2672043740749359
35908,0.1660255491733551
72103,0.08494595438241959
38927,0.06925223022699356
14809,0.042710695415735245
108358,0.02368883229792118
