Index,Activation Value
6156,0.002208160236477852
12,0.0021621144842356443
13090,0.001814799732528627
12344,0.0014988024486228824
104537,0.000722215510904789
