Index,Activation Value
13090,0.008334718644618988
33336,0.0028633272740989923
60631,0.0010804447811096907
