Index,Activation Value
33336,0.028273172676563263
52426,0.020285334438085556
37498,0.014870177023112774
64204,0.011663973331451416
60631,0.011422260664403439
24235,0.008131070993840694
88407,0.006584111601114273
93388,0.0031617481727153063
22230,0.002016225131228566
2915,0.0019522419897839427
