Index,Activation Value
62757,0.08300015330314636
66000,0.05062822997570038
96758,0.049276553094387054
107558,0.047510504722595215
111291,0.045007284730672836
12942,0.04371321201324463
1021,0.04354982078075409
56266,0.04088198021054268
52426,0.03958109766244888
88937,0.039393115788698196
