Index,Activation Value
24298,0.007850847207009792
8019,0.00521041639149189
54138,0.0023294684942811728
44569,0.0017109785694628954
27547,0.0016662863781675696
8080,0.001579214003868401
36473,0.0010653656208887696
