Index,Activation Value
38924,0.07003455609083176
53579,0.06235859543085098
1909,0.05109963193535805
24298,0.049798574298620224
8080,0.04941413924098015
26778,0.04849539324641228
58249,0.04732011631131172
33011,0.04383109137415886
44569,0.04214710369706154
18000,0.03894803300499916
