Index,Activation Value
54054,1.6252275705337524
53794,0.756744384765625
38772,0.562874436378479
6889,0.422107458114624
21411,0.40851113200187683
55285,0.38629958033561707
51638,0.36125078797340393
39358,0.3446306586265564
56645,0.3393285572528839
40580,0.3378978371620178
