Index,Activation Value
54138,0.006292195525020361
40678,0.0008485253783874214
