Index,Activation Value
38764,0.008455969393253326
27801,0.004652421455830336
44387,0.0034935318399220705
7125,0.003305908991023898
15748,0.0027008100878447294
20982,0.002637880388647318
21311,0.002582811051979661
57332,0.002453193301334977
31141,0.0021791316103190184
54076,0.001176227699033916
