Index,Activation Value
55625,0.5324791669845581
41081,0.4513721168041229
26174,0.3847331702709198
13324,0.30108752846717834
5319,0.29350870847702026
37747,0.0281728133559227
