Index,Activation Value
24298,0.12044145166873932
33011,0.11528424918651581
42887,0.11178480833768845
8019,0.10991799831390381
8080,0.10456270724534988
26778,0.10432329028844833
38924,0.10376041382551193
9816,0.09540831297636032
1909,0.09201075881719589
54138,0.0908035859465599
