Index,Activation Value
62757,0.0167209692299366
66371,0.013784313574433327
92077,0.011382011696696281
90842,0.01081210095435381
21175,0.0088965380564332
103825,0.008717183955013752
20663,0.006871591322124004
95769,0.006452002562582493
67433,0.005590720102190971
85314,0.005453192628920078
