Index,Activation Value
26778,0.002946208231151104
33011,0.0019481538329273462
53579,0.0014341527130454779
38924,0.0012814223300665617
21467,0.00045167040661908686
