Index,Activation Value
12,0.1066928431391716
7351,0.1047077551484108
3082,0.09278638660907745
52491,0.07718265801668167
14326,0.0755952000617981
60631,0.06825658679008484
56725,0.0654565766453743
15037,0.06334423273801804
72094,0.06149331107735634
19627,0.0585402175784111
