Index,Activation Value
36625,0.022252218797802925
36944,0.020505893975496292
21565,0.020269857719540596
15111,0.018654609099030495
47264,0.01686149649322033
14971,0.01666283793747425
15598,0.015494571067392826
38247,0.015483321622014046
4055,0.014256841503083706
27840,0.014153270050883293
