Index,Activation Value
58003,0.2657380700111389
31682,0.13980433344841003
31627,0.015382533892989159
