Index,Activation Value
88571,0.025619281455874443
36173,0.02399270609021187
17608,0.022588159888982773
13090,0.019796766340732574
111011,0.018435968086123466
39257,0.015653591603040695
27438,0.014806406572461128
44123,0.01457216590642929
70349,0.014421205967664719
16959,0.014415142126381397
