Index,Activation Value
22227,0.06744421273469925
67509,0.06695599853992462
82590,0.05852605402469635
22202,0.045734863728284836
94021,0.04519275575876236
72094,0.04330413416028023
8726,0.042534541338682175
36533,0.041742321103811264
71879,0.040439359843730927
76908,0.039086006581783295
