Index,Activation Value
13090,0.013929163105785847
37498,0.005711422301828861
28425,0.005296042189002037
90842,0.0046503860503435135
56725,0.003392048878595233
111011,0.0025167090352624655
107558,0.0018292085733264685
27438,0.0014252314576879144
60631,0.0011905584251508117
14022,0.0007776387501507998
