Index,Activation Value
31925,0.956669807434082
112461,0.7690119743347168
51802,0.7149623036384583
56722,0.6414645314216614
59703,0.6056097149848938
40145,0.5632048845291138
67356,0.5604113340377808
24835,0.5158491730690002
55196,0.5124031901359558
14962,0.44729042053222656
