Index,Activation Value
11450,0.0033056039828807116
7125,0.0024521611630916595
