Index,Activation Value
36173,0.016960596665740013
852,0.01688208617269993
70349,0.014644337818026543
17608,0.014545758254826069
104537,0.014163925312459469
66000,0.012694081291556358
27438,0.012158099561929703
12,0.012048554606735706
13090,0.01126569602638483
19627,0.01058163121342659
