Index,Activation Value
22230,2.4121007919311523
59171,2.197427988052368
8914,1.8096176385879517
68381,1.6071932315826416
22152,1.425365924835205
39848,1.378711223602295
43209,1.3258823156356812
73565,1.266112208366394
40867,1.1296480894088745
112480,0.922917366027832
