Index,Activation Value
62662,0.00610538711771369
7866,0.0048905652947723866
33336,0.004499755334109068
88546,0.002009748946875334
66000,0.0016488181427121162
14022,0.0009052608511410654
22092,0.00039842509431764483
