Index,Activation Value
6335,0.4112459123134613
58541,0.2131144106388092
3083,0.014157643541693687
