Index,Activation Value
8080,0.003866722108796239
21467,0.0008176514529623091
54138,0.0008020836394280195
