Index,Activation Value
52183,0.002766645047813654
28910,0.0021118661388754845
55426,0.0013325572945177555
70349,0.0012035088147968054
29372,0.0004667257016990334
35254,5.206021523918025e-05
