Index,Activation Value
31723,0.049907609820365906
27840,0.03638077899813652
57937,0.02763909101486206
41005,0.024648373946547508
14706,0.02441560849547386
58398,0.023075537756085396
36473,0.021135501563549042
4965,0.019057683646678925
11897,0.018280820921063423
7145,0.017319826409220695
