Index,Activation Value
36212,0.30115461349487305
56855,0.23824676871299744
53579,0.22316212952136993
8396,0.21620896458625793
29340,0.20792576670646667
24298,0.19398850202560425
55023,0.1376856565475464
36473,0.1319427341222763
4530,0.13182038068771362
53582,0.11624808609485626
