Index,Activation Value
35254,0.018761152401566505
70349,0.01289750263094902
88571,0.009916520677506924
100136,0.009206895716488361
25849,0.006024078465998173
86658,0.0026655984111130238
95312,0.0020558282267302275
1021,0.0019687609747052193
15706,0.0019251452758908272
20663,0.0015078779542818666
