Index,Activation Value
53579,0.0028002902399748564
56855,0.0017764137592166662
38924,0.0012554351706057787
