Index,Activation Value
54138,0.004571305587887764
27547,0.003638493362814188
8019,0.0032226548064500093
24298,0.003179461695253849
8080,0.0020610662177205086
53579,0.0012679760111495852
9816,0.00032540905522182584
21467,0.00019288816838525236
56855,1.5215496205200907e-05
