Index,Activation Value
24298,0.029880903661251068
36473,0.023368431255221367
33011,0.01938640885055065
44569,0.015126662328839302
54138,0.011641962453722954
16549,0.010143592953681946
10570,0.009925520047545433
17428,0.009913132525980473
56032,0.009024436585605145
9816,0.008200358599424362
