Index,Activation Value
7145,0.026803413406014442
31723,0.02658005803823471
14706,0.026470670476555824
54944,0.02346258983016014
9049,0.019511057063937187
218,0.018090875819325447
20635,0.018059397116303444
24934,0.017664991319179535
55513,0.016670288518071175
42784,0.015232768841087818
