Index,Activation Value
64204,0.06342996656894684
12344,0.06018015369772911
72094,0.059816449880599976
24235,0.04968440532684326
73908,0.046200212091207504
92077,0.042962104082107544
48473,0.036162275820970535
49456,0.035547997802495956
14983,0.03409012779593468
42812,0.03145117312669754
