Index,Activation Value
44569,0.0017033437034115195
44208,0.0015099215088412166
