Index,Activation Value
66000,3.1094090938568115
27438,2.2577877044677734
93904,1.998661994934082
24419,1.7079763412475586
59162,1.6926904916763306
111011,1.490471363067627
33336,1.3418447971343994
37906,1.2008849382400513
96758,1.1957333087921143
72142,1.097659707069397
