Index,Activation Value
40678,0.001194000244140625
29340,0.0008832010789774358
