Index,Activation Value
70985,0.6247193813323975
67347,0.11051672697067261
