Index,Activation Value
107995,0.13548047840595245
110108,0.0774850994348526
72094,0.07717922329902649
59080,0.07474192976951599
61123,0.07132240384817123
56519,0.07108071446418762
92077,0.07097212225198746
14983,0.0700368657708168
47448,0.06897551566362381
2915,0.06689248234033585
