Index,Activation Value
36212,0.07682497054338455
8396,0.06648065149784088
29340,0.0626557469367981
21467,0.05090410262346268
43115,0.04837692901492119
56855,0.043533869087696075
25657,0.0381755568087101
38340,0.03788455203175545
53589,0.036493562161922455
4530,0.027190014719963074
