Index,Activation Value
28425,0.1166803315281868
81123,0.07123110443353653
25024,0.07075396180152893
99629,0.07055341452360153
40030,0.06630119681358337
43835,0.06498458236455917
1021,0.06379872560501099
2871,0.06277067959308624
17608,0.06198638305068016
96758,0.0611809603869915
