Index,Activation Value
27438,0.15876874327659607
96758,0.0800500139594078
35254,0.07458321005105972
110712,0.06866530328989029
71355,0.06329063326120377
111011,0.05272753909230232
17608,0.05035272613167763
80233,0.050231125205755234
95769,0.04953349381685257
101572,0.04878540709614754
