Index,Activation Value
56855,0.002303344663232565
8396,0.0022619697265326977
