Index,Activation Value
3082,0.11795996874570847
12344,0.10741810500621796
64204,0.0690344050526619
88571,0.06774931401014328
7351,0.05597022920846939
6200,0.05163206905126572
87758,0.05091134458780289
74354,0.046315621584653854
47061,0.0459522008895874
12,0.04261764511466026
