Index,Activation Value
43873,0.42562058568000793
37308,0.3712436556816101
21762,0.34447795152664185
8144,0.2582218050956726
59131,0.2201152890920639
49569,0.13291394710540771
9334,0.12949545681476593
52062,0.03573719784617424
23260,0.007142045069485903
49733,0.0067425980232656
