Index,Activation Value
7125,0.030085911974310875
15111,0.02959437482059002
24702,0.02240646630525589
29475,0.020434202626347542
56273,0.019587446004152298
45682,0.017971325665712357
22737,0.01755584590137005
35367,0.015651501715183258
9049,0.015502706170082092
20635,0.014414669014513493
