Index,Activation Value
90842,0.1091756820678711
19627,0.08217039704322815
88407,0.07082653045654297
16807,0.06762471795082092
38274,0.06350967288017273
50022,0.06332514435052872
95115,0.0632285326719284
38063,0.05801495164632797
110055,0.05771346017718315
98149,0.057256728410720825
