Index,Activation Value
60631,0.03512026369571686
22092,0.011840550228953362
11313,0.009855087846517563
88546,0.009181843139231205
14022,0.00840704794973135
54156,0.0083611523732543
103438,0.007869746536016464
86538,0.007815299555659294
72094,0.007699626497924328
96758,0.007507151458412409
