Index,Activation Value
107051,1.0879217386245728
35611,1.0699052810668945
12823,0.652373194694519
54615,0.6363357901573181
40849,0.5873834490776062
27656,0.48281800746917725
12997,0.43233323097229004
79131,0.40044429898262024
19339,0.36471128463745117
14450,0.36150622367858887
