Index,Activation Value
54405,0.30349966883659363
15670,0.18989107012748718
