Index,Activation Value
87243,1.0636532306671143
22762,0.9319559931755066
53433,0.8253369927406311
64641,0.6838271021842957
106069,0.6772887110710144
99356,0.6256282925605774
21078,0.5948371291160583
104033,0.5911180377006531
10605,0.5097202062606812
52968,0.4762977063655853
