Index,Activation Value
51614,0.014560095965862274
9480,0.00781261082738638
57009,0.007647184655070305
52855,0.00720569584518671
1976,0.006758328527212143
25881,0.005578662268817425
19868,0.005317243281751871
20182,0.0018036585533991456
21532,0.0015931313391774893
55731,0.0008481023251079023
