Index,Activation Value
21467,0.19363293051719666
53579,0.11337637901306152
44569,0.1080588772892952
36212,0.1050858274102211
29340,0.09906990826129913
8080,0.09873810410499573
56855,0.09804213792085648
8396,0.09590442478656769
38924,0.07321178168058395
45313,0.07204912602901459
