Index,Activation Value
96654,0.00824431050568819
71543,0.00649687647819519
91875,0.0055886623449623585
41210,0.00457882322371006
101572,0.004446002189069986
110712,0.0035264554899185896
76906,0.002595397410914302
44123,0.002284899353981018
100136,0.0021912255324423313
62402,0.001948063843883574
