Index,Activation Value
21467,0.05075801536440849
8080,0.02360161766409874
44569,0.023238567635416985
38432,0.018587112426757812
53579,0.016876185312867165
36473,0.014777037315070629
24298,0.014496248215436935
1909,0.01202984619885683
56855,0.010019047185778618
54138,0.010016919113695621
