Index,Activation Value
38924,0.015718422830104828
38247,0.008652259595692158
26778,0.00830999668687582
33011,0.007031509652733803
29340,0.005205899011343718
53579,0.0020267446525394917
29465,0.0018691237783059478
55023,0.0009332611807622015
31022,0.00027925826725549996
58249,0.00017670993111096323
