Index,Activation Value
21467,0.0076341391541063786
19868,0.0020537208765745163
