Index,Activation Value
21467,0.15197844803333282
38432,0.08964087069034576
38340,0.08916940540075302
8396,0.08844789117574692
41844,0.08751093596220016
32727,0.08609117567539215
56855,0.08286885172128677
13743,0.08093708753585815
25657,0.07585886120796204
27547,0.06963872164487839
