Index,Activation Value
30430,0.03870314359664917
30511,0.018446490168571472
34961,0.01677614636719227
31723,0.014404925517737865
59868,0.011361408047378063
31022,0.009997326880693436
18000,0.009822181425988674
41843,0.009144621901214123
24588,0.008695890195667744
47711,0.00831905473023653
