Index,Activation Value
88571,0.10663706064224243
95769,0.07861468940973282
6156,0.06915605068206787
102181,0.06635817140340805
70349,0.06137247756123543
88407,0.06125864386558533
92307,0.05416448041796684
38274,0.05400363355875015
35254,0.053120896220207214
3311,0.04722050949931145
