Index,Activation Value
69866,1.5068297386169434
99410,0.8556147813796997
51882,0.7546353340148926
27789,0.5604656934738159
91427,0.4691453278064728
27477,0.36999547481536865
17903,0.3487512469291687
16910,0.26841142773628235
35517,0.14947295188903809
8290,0.13536089658737183
