Index,Activation Value
38924,0.0996992215514183
58249,0.05720273032784462
21467,0.05485538765788078
29340,0.05317026004195213
26937,0.04707519710063934
39547,0.03786525875329971
19868,0.03773569315671921
26559,0.03225894644856453
32604,0.030423171818256378
56554,0.027945486828684807
