Index,Activation Value
36212,0.004162152763456106
28312,0.0012972886906936765
