Index,Activation Value
88571,0.006796652916818857
33336,0.006335944402962923
70349,0.006138920318335295
96758,0.00563502823933959
14165,0.005119176581501961
52683,0.00484770443290472
852,0.004615365527570248
17902,0.004069536458700895
13090,0.0036176948342472315
52183,0.003282868303358555
