Index,Activation Value
36625,0.012198340147733688
36944,0.010408299043774605
38127,0.010279683396220207
15111,0.009715531021356583
33011,0.009673378430306911
43054,0.007458213251084089
4055,0.0067675490863621235
38924,0.006590011063963175
14971,0.0060470388270914555
39547,0.005448896903544664
