Index,Activation Value
88571,0.006547925993800163
28425,0.005563095677644014
16107,0.004664549138396978
72094,0.004141262266784906
14983,0.003931480459868908
64204,0.0038411254063248634
17690,0.002974494593217969
107558,0.0029577864333987236
28910,0.0029535123612731695
56725,0.002756440080702305
