Index,Activation Value
87491,0.8595874905586243
40355,0.0235698614269495
