Index,Activation Value
37899,2.8778438568115234
39812,2.8705947399139404
31056,2.780432939529419
23469,2.6968910694122314
25483,2.6489768028259277
55264,2.371922254562378
6366,2.2953078746795654
27088,2.2155401706695557
4581,2.1817564964294434
9775,2.166194438934326
