Index,Activation Value
44569,0.014649111777544022
21467,0.008975946344435215
38127,0.008084764704108238
8019,0.005711205303668976
57163,0.0016679922118782997
1859,0.0016050771810114384
36875,0.000259348307736218
