Index,Activation Value
15111,0.030737068504095078
38127,0.02765849232673645
38247,0.026317307725548744
28312,0.02626950666308403
48137,0.023635849356651306
57892,0.022733720019459724
32704,0.02121724933385849
56096,0.015022906474769115
21565,0.01499084196984768
21191,0.01466171070933342
