Index,Activation Value
33336,0.005976914893835783
6156,0.004028975032269955
7351,0.0014810641296207905
13090,0.0007719574496150017
16107,0.0004472809669096023
56725,0.00032267888309434056
62757,0.00011246430221945047
