Index,Activation Value
26986,0.3771914541721344
27801,0.1637078821659088
19165,0.125798761844635
