Index,Activation Value
33336,0.023807328194379807
37498,0.01351398229598999
7682,0.012338005937635899
4738,0.011922972276806831
83828,0.011871559545397758
52683,0.01120313722640276
108688,0.009994421154260635
52183,0.009935003705322742
29372,0.007146951276808977
88295,0.006746854167431593
