Index,Activation Value
29340,0.2531501352787018
36212,0.23461659252643585
27547,0.2138068825006485
8396,0.21324732899665833
56855,0.20637214183807373
8019,0.15842442214488983
9816,0.1564839482307434
37903,0.15570248663425446
38432,0.1447463184595108
32727,0.14390778541564941
