Index,Activation Value
51614,0.14177246391773224
30430,0.1350070983171463
49406,0.12939725816249847
773,0.12024713307619095
7783,0.11981873959302902
56545,0.11497527360916138
4817,0.11416390538215637
14196,0.11212983727455139
38127,0.11081012338399887
27569,0.10309278964996338
