Index,Activation Value
56855,0.0457114614546299
8396,0.03672945499420166
36212,0.03561551868915558
29340,0.027167560532689095
25657,0.02206047624349594
1909,0.013623923063278198
4530,0.012446710839867592
38924,0.011951059103012085
19868,0.010588797740638256
21467,0.006665012799203396
