Index,Activation Value
38127,0.13304558396339417
2354,0.11654181778430939
13473,0.10454542934894562
35367,0.10127687454223633
218,0.10028873383998871
4481,0.09192094951868057
10085,0.08306293189525604
1280,0.08108969032764435
9498,0.08074060082435608
42784,0.08045561611652374
