Index,Activation Value
62757,0.018007982522249222
29372,0.016549980267882347
26012,0.014310848899185658
64204,0.010782627388834953
63669,0.008822095580399036
96758,0.006780903786420822
71180,0.006523831747472286
20779,0.006283517926931381
90842,0.00601663812994957
7334,0.005571094807237387
