Index,Activation Value
111011,0.008651277981698513
52426,0.008176127448678017
28425,0.006344060879200697
27438,0.005003342404961586
107995,0.004764849320054054
852,0.0045120324939489365
16107,0.004159372299909592
48529,0.004130386747419834
110712,0.003606218146160245
8774,0.0030938051640987396
