Index,Activation Value
101067,0.8055926561355591
31728,0.6996273994445801
33605,0.21372771263122559
56325,0.026034880429506302
