Index,Activation Value
24298,0.01422855630517006
33011,0.01013120822608471
44569,0.009560362435877323
36473,0.008888734504580498
8019,0.008746913634240627
18000,0.008298381231725216
1909,0.008142242208123207
25657,0.0073370072059333324
1859,0.006721271201968193
36212,0.006688942667096853
