Index,Activation Value
80233,0.09889130294322968
104537,0.07248292118310928
84018,0.06389153003692627
12589,0.048800304532051086
91269,0.04877212643623352
6173,0.04639527201652527
62319,0.0460091158747673
75536,0.04547813534736633
96234,0.04469982534646988
73855,0.044182389974594116
