Index,Activation Value
56855,0.4666723906993866
29340,0.42833155393600464
8396,0.40071210265159607
36212,0.34470996260643005
53582,0.2822955548763275
24565,0.2592565715312958
55023,0.24558696150779724
31736,0.21441932022571564
2792,0.19199389219284058
19339,0.17998982965946198
