Index,Activation Value
59162,0.09908362478017807
27438,0.09118624031543732
87491,0.09045597165822983
30064,0.08407670259475708
33336,0.08214464783668518
28910,0.07832668721675873
67013,0.07248708605766296
64204,0.06895307451486588
96758,0.0644562840461731
94608,0.06302762031555176
