Index,Activation Value
53579,0.004089708440005779
38924,0.003681136993691325
21467,0.0011566149769350886
26778,0.00021620767074637115
