Index,Activation Value
39547,0.02879195474088192
56554,0.02689044550061226
56273,0.022571858018636703
59868,0.020828410983085632
44208,0.020661886781454086
24702,0.0189780555665493
17134,0.018940163776278496
59924,0.018886025995016098
9816,0.018650949001312256
15598,0.018123742192983627
