Index,Activation Value
8080,0.0047369287349283695
27547,0.004576454870402813
53579,0.0040210033766925335
8019,0.003027339931577444
42887,0.002939558820798993
45313,0.002747476799413562
21467,0.00256479624658823
32727,0.0022123127710074186
9816,0.0021996235009282827
26778,0.0011072007473558187
