Index,Activation Value
58535,0.9543643593788147
31431,0.8265674710273743
9334,0.6138642430305481
8144,0.5919362902641296
37611,0.5360713005065918
21762,0.43073680996894836
51400,0.38567060232162476
45800,0.3716626763343811
10420,0.36549797654151917
55958,0.36316001415252686
