Index,Activation Value
38432,0.02595972828567028
26937,0.02535754255950451
56554,0.0223199725151062
17134,0.022267594933509827
33011,0.017329636961221695
58916,0.014033380895853043
21467,0.010310204699635506
53579,0.009952540509402752
54621,0.009767902083694935
2390,0.009318641386926174
