Index,Activation Value
22896,1.4258403778076172
31456,1.3032301664352417
62749,1.2547813653945923
7054,1.1916574239730835
94106,1.1811459064483643
111152,1.0604889392852783
24488,1.0522716045379639
24108,0.967530369758606
103856,0.9647279381752014
46355,0.8753783106803894
