Index,Activation Value
773,0.19441556930541992
53582,0.1383141279220581
16549,0.13451902568340302
29340,0.1187862902879715
24565,0.11231405287981033
45858,0.10528665035963058
39837,0.10266408324241638
14960,0.10047890245914459
44964,0.0996021181344986
2656,0.09223766624927521
