Index,Activation Value
96758,0.010943880304694176
55426,0.008938218466937542
17608,0.008531620725989342
4738,0.007060185540467501
88571,0.004263343755155802
65993,0.002093483228236437
3082,0.001989256124943495
16959,0.0017247581854462624
47167,0.001094221486710012
60476,0.0009547589579597116
