Index,Activation Value
104537,0.016014128923416138
35254,0.01325372513383627
54956,0.01230455283075571
16807,0.012031330727040768
110712,0.011394542641937733
105975,0.011140144430100918
50983,0.010943552479147911
52426,0.009368343278765678
4738,0.009319759905338287
22230,0.009236154146492481
