Index,Activation Value
36212,0.4921589195728302
56855,0.48556625843048096
21467,0.48132094740867615
8396,0.46058836579322815
38924,0.38926026225090027
29340,0.3856196999549866
53579,0.3646935224533081
26778,0.36380094289779663
38340,0.25611984729766846
58249,0.2518243193626404
