Index,Activation Value
31728,0.010668175294995308
62662,0.010495103895664215
46468,0.010326646268367767
12589,0.009808390401303768
6017,0.009080739691853523
34393,0.008960441686213017
66289,0.008257710374891758
48529,0.008121621794998646
94318,0.007301875855773687
93358,0.006981370970606804
