Index,Activation Value
56725,0.1265440136194229
13090,0.09658997505903244
28425,0.09517648816108704
88937,0.05611911416053772
27789,0.05088658258318901
105073,0.04848291352391243
35254,0.04843418300151825
70349,0.04627562686800957
22092,0.045329779386520386
30755,0.04464687779545784
