Index,Activation Value
13090,0.04776763543486595
49456,0.04132835194468498
28910,0.04006557539105415
104537,0.036248426884412766
64204,0.03500937670469284
33336,0.030343368649482727
17608,0.03033321350812912
95769,0.028302308171987534
29450,0.0271068774163723
60631,0.025633888319134712
