Index,Activation Value
53579,0.0068857804872095585
38924,0.005941108334809542
21467,0.004339526407420635
58249,0.002696121810004115
1909,0.00045672268606722355
