Index,Activation Value
38924,0.01716393418610096
21467,0.016649551689624786
53579,0.016138285398483276
8080,0.012071037665009499
38432,0.009418485686182976
26778,0.00813963171094656
58249,0.007860790938138962
44569,0.00677274726331234
27547,0.005810113158077002
54138,0.0053580570966005325
