Index,Activation Value
21467,0.18645162880420685
27547,0.1767791360616684
53579,0.14963459968566895
38432,0.1409788429737091
32727,0.13913041353225708
38340,0.1258634328842163
36212,0.1164378970861435
9816,0.11153820902109146
8396,0.10418922454118729
56855,0.10333294421434402
