Index,Activation Value
8019,0.005679341498762369
21467,0.0016931109130382538
