Index,Activation Value
13090,0.07598743587732315
12344,0.04993205890059471
28425,0.04957425221800804
56725,0.04502604529261589
28910,0.03633618354797363
14983,0.0355946384370327
14022,0.034845322370529175
107995,0.033477917313575745
88571,0.03324565663933754
7351,0.033129338175058365
