Index,Activation Value
28425,0.1737746149301529
52426,0.14270365238189697
104537,0.13918018341064453
64204,0.10963404923677444
99629,0.10637817531824112
107558,0.09875471889972687
8774,0.09749690443277359
80813,0.09121949970722198
37498,0.09114144742488861
107551,0.08594637364149094
