Index,Activation Value
21467,0.7402877807617188
53579,0.7099519371986389
38924,0.6871474981307983
8080,0.5282007455825806
26778,0.5142932534217834
38432,0.5141724348068237
58249,0.4533662497997284
44569,0.4493137300014496
38340,0.4308818280696869
27547,0.4059966206550598
