Index,Activation Value
8080,0.004540582653135061
44569,0.0006720112287439406
21467,0.0005776339094154537
53579,0.0004180525429546833
