Index,Activation Value
53579,0.174021378159523
21467,0.1684783697128296
58249,0.14095784723758698
38924,0.12462327629327774
56855,0.11682593077421188
33011,0.11588337272405624
36473,0.11275216192007065
44569,0.10888505727052689
8396,0.10009603947401047
24298,0.09538480639457703
