Index,Activation Value
10600,1.4247629642486572
17902,1.1556776762008667
45397,0.9605811834335327
71013,0.8965754508972168
16143,0.760970950126648
102181,0.757753849029541
76024,0.591282308101654
39667,0.5659112930297852
20476,0.5577524304389954
88571,0.4202709496021271
