Index,Activation Value
27840,0.027000291272997856
29340,0.024890000000596046
18000,0.024079572409391403
56505,0.021878153085708618
21467,0.02114580199122429
42887,0.019774235785007477
36875,0.017987340688705444
54138,0.017859194427728653
32697,0.016854433342814445
20,0.01676201820373535
