Index,Activation Value
8080,0.0008298939210362732
21467,0.00019578513456508517
