Index,Activation Value
35747,0.577862560749054
24554,0.4566827118396759
23582,0.12945830821990967
64806,0.06075751781463623
23098,0.053734276443719864
