Index,Activation Value
13090,0.018782271072268486
28425,0.01840110309422016
67509,0.018183691427111626
16089,0.017807958647608757
105975,0.01755141094326973
48529,0.015341767109930515
111011,0.014695650897920132
7106,0.013916976749897003
40355,0.01257628295570612
65397,0.012056960724294186
