Index,Activation Value
88571,0.09670356661081314
28425,0.09436647593975067
104537,0.09315626323223114
111478,0.08874500542879105
20663,0.08413329720497131
52683,0.08200229704380035
56725,0.06965036690235138
22227,0.06662055104970932
54896,0.0663098394870758
13090,0.06486745178699493
