Index,Activation Value
21467,0.006607967894524336
55023,0.004739489872008562
43115,0.002552005695179105
21191,0.0014972242061048746
44569,0.0014026635326445103
20435,0.0012601841008290648
38127,0.0012196514289826155
46682,0.0006972787086851895
31056,0.0004930873983539641
25657,0.0004242967115715146
