Index,Activation Value
24298,0.05430946126580238
8080,0.03947566822171211
8019,0.036816228181123734
32727,0.034825462847948074
42887,0.033820949494838715
18000,0.03302530571818352
54138,0.031283456832170486
27547,0.02998494543135166
9816,0.02873286046087742
36473,0.028144659474492073
