Index,Activation Value
63669,0.017343206331133842
55426,0.017305653542280197
105073,0.01716204360127449
28425,0.016445470973849297
25024,0.015102158300578594
110091,0.014249864965677261
29372,0.01330591831356287
28910,0.010249393060803413
103824,0.010244863107800484
50983,0.009866250678896904
