Index,Activation Value
44569,5.376892566680908
8080,4.8267502784729
21467,4.552831172943115
53579,4.295593738555908
27547,4.243842601776123
1909,4.138413906097412
24298,3.683260917663574
38924,3.6008169651031494
8019,3.300872564315796
32727,3.153613567352295
