Index,Activation Value
26673,0.1981033831834793
41289,0.0815974697470665
