Index,Activation Value
27962,0.7123031616210938
87885,0.3677046597003937
