Index,Activation Value
579,0.19107243418693542
22371,0.1369152069091797
36625,0.13424937427043915
54705,0.12865792214870453
4987,0.12606878578662872
54222,0.12191911041736603
28312,0.11844813823699951
31904,0.11721933633089066
32604,0.11376144737005234
14147,0.11332594603300095
