Index,Activation Value
56545,0.19926689565181732
7145,0.19914692640304565
31723,0.19488459825515747
56032,0.1466832309961319
19516,0.1364707201719284
44743,0.1360895335674286
20635,0.13215842843055725
56007,0.13020700216293335
37600,0.11978590488433838
17728,0.11798389256000519
