Index,Activation Value
33011,0.12899444997310638
26778,0.07303299009799957
