Index,Activation Value
38924,0.020799823105335236
53579,0.014744287356734276
24298,0.01252433005720377
54138,0.012034137733280659
44569,0.0075569432228803635
36473,0.007424092385917902
48137,0.007046227343380451
58249,0.006992056965827942
29340,0.0049797166138887405
8080,0.0035550098400563
