Index,Activation Value
21467,0.44225308299064636
38924,0.43254444003105164
26778,0.4006572961807251
53579,0.32786908745765686
58249,0.2798096537590027
19868,0.2618051767349243
43054,0.2594994008541107
26937,0.24159544706344604
26559,0.2187618613243103
33011,0.16868799924850464
