Index,Activation Value
33607,0.0558730885386467
30430,0.05582959204912186
53589,0.047624729573726654
8396,0.04615718871355057
44269,0.04551561549305916
56855,0.04164019972085953
21467,0.040405333042144775
31736,0.040083933621644974
38924,0.03966604545712471
19868,0.03725651651620865
