Index,Activation Value
28910,0.0008253963314928114
13090,0.0006644816603511572
52183,0.0005993654485791922
88571,0.0005232570110820234
36173,0.00040246688877232373
49456,0.00032839004416018724
56725,0.0003233437309972942
70349,0.00028711199411191046
107925,0.00023601323482580483
87758,0.00021797498629894108
