Index,Activation Value
15233,2.181046485900879
43343,1.712980031967163
3259,1.6244622468948364
35100,1.6049622297286987
5113,1.5250000953674316
9735,1.485602855682373
45769,1.4784963130950928
85617,1.4511929750442505
99012,1.3551193475723267
17607,1.1379168033599854
