Index,Activation Value
48477,0.39551907777786255
15670,0.39084774255752563
52817,0.3712165653705597
6595,0.2984839975833893
3400,0.24348647892475128
23287,0.23130503296852112
3221,0.09477902203798294
51112,0.08065526932477951
