Index,Activation Value
5319,0.14053839445114136
44208,0.0933777466416359
55625,0.09272021800279617
2390,0.0918242409825325
9498,0.08740799129009247
43164,0.0868796780705452
59924,0.08667897433042526
39207,0.0789005234837532
16549,0.07857769727706909
52310,0.07486991584300995
