Index,Activation Value
36473,0.14180907607078552
56032,0.12204210460186005
20435,0.1209554672241211
4817,0.11771835386753082
17428,0.11326666176319122
52585,0.11033977568149567
5476,0.09528228640556335
49406,0.09493271261453629
21191,0.0888732373714447
12929,0.08647849410772324
