Index,Activation Value
18276,2.7051877975463867
45858,2.215697765350342
2656,1.9596625566482544
56389,1.917824387550354
28295,1.8979731798171997
5337,1.6337394714355469
41950,1.6277010440826416
56104,1.5361425876617432
2372,1.4603701829910278
33793,1.3007768392562866
