Index,Activation Value
13090,0.19370901584625244
89243,0.09775905311107635
95312,0.09624254703521729
52683,0.09042693674564362
88407,0.08689411729574203
111478,0.08575940877199173
97407,0.08328865468502045
15706,0.07919850200414658
88571,0.07819201052188873
70349,0.07794401049613953
