Index,Activation Value
15397,0.15392835438251495
31723,0.1365838497877121
57892,0.11850030720233917
40818,0.11413027346134186
14682,0.11276249587535858
43054,0.11221534013748169
52735,0.10766381025314331
11897,0.10720337182283401
20635,0.10469100624322891
15111,0.10432782769203186
