Index,Activation Value
45168,0.29443228244781494
39845,0.08380050212144852
