Index,Activation Value
8396,0.09392863512039185
56855,0.08530209213495255
4530,0.05460473150014877
25657,0.04939413070678711
15397,0.04308387264609337
31723,0.042104363441467285
31736,0.04029358550906181
5319,0.040202200412750244
17428,0.03690643608570099
58458,0.03614407777786255
