Index,Activation Value
773,0.17466607689857483
26778,0.13939595222473145
16549,0.11650051921606064
38247,0.09440883249044418
11257,0.09155537188053131
39837,0.08913637697696686
38924,0.0874277874827385
43054,0.08529175072908401
44964,0.08299294114112854
19868,0.08224062621593475
