Index,Activation Value
19627,0.030043773353099823
13090,0.027129432186484337
88571,0.023939430713653564
36173,0.018446296453475952
107925,0.015798693522810936
35254,0.013457000255584717
104537,0.013336600735783577
28910,0.013129334896802902
90842,0.012486649677157402
56725,0.011411220766603947
