Index,Activation Value
7145,0.03011874482035637
47639,0.02370804361999035
58963,0.023693332448601723
17950,0.021115422248840332
39041,0.018940607085824013
14706,0.017520681023597717
46682,0.015279944986104965
47257,0.014663977548480034
43164,0.013914926908910275
21165,0.013867092318832874
