Index,Activation Value
18918,0.29333430528640747
6582,0.2271801084280014
32679,0.05623289570212364
