Index,Activation Value
12,0.015444445423781872
72094,0.010499064810574055
87758,0.00703533785417676
54156,0.004240137990564108
90842,0.003619636408984661
92077,0.0035219371784478426
98149,0.0026548164896667004
12344,0.002170747611671686
25887,0.0016323336167261004
111478,0.0010392374824732542
