Index,Activation Value
5556,0.013654309324920177
17950,0.013298017904162407
58458,0.013260742649435997
21298,0.011777285486459732
23998,0.011470478028059006
19491,0.011167970485985279
27399,0.010748439468443394
22353,0.010419272817671299
56096,0.010205691680312157
53015,0.009759505279362202
