Index,Activation Value
8396,0.1597956120967865
36212,0.15870818495750427
27547,0.15403710305690765
56855,0.14905884861946106
29340,0.12354378402233124
53579,0.11121699959039688
25657,0.0942324697971344
26778,0.09351129084825516
4530,0.08640545606613159
21467,0.08457177132368088
