Index,Activation Value
48137,0.18146970868110657
39450,0.16976284980773926
34397,0.1571475863456726
773,0.14591361582279205
42296,0.14139094948768616
2354,0.13678127527236938
58458,0.1285303235054016
28312,0.12636376917362213
42784,0.12584835290908813
16261,0.1227114126086235
