Index,Activation Value
27438,0.01709786057472229
20663,0.008710282854735851
25024,0.004537196364253759
104002,0.004425148479640484
22227,0.0033183323685079813
61202,0.0026665518525987864
6156,0.0018400816479697824
71843,0.0011882061371579766
16807,0.000858461600728333
35254,0.0005420161178335547
