Index,Activation Value
21467,0.21162135899066925
54222,0.1484433114528656
27683,0.1288755089044571
51614,0.12161927670240402
41844,0.11654982715845108
39999,0.11054951697587967
11257,0.1025155559182167
22678,0.09927724301815033
5556,0.09894553571939468
7145,0.09485816955566406
