Index,Activation Value
107558,0.07143063843250275
88937,0.07065627723932266
22227,0.05954160913825035
95769,0.058392494916915894
22092,0.046840887516736984
56725,0.0412687249481678
84568,0.04108992964029312
50022,0.04105144739151001
7351,0.039712272584438324
27912,0.036684758961200714
