Index,Activation Value
53579,0.7814027667045593
38924,0.6703673005104065
26778,0.5915974378585815
8080,0.5787486433982849
58249,0.5422935485839844
8019,0.47880685329437256
44569,0.47216418385505676
42887,0.4683733880519867
33011,0.4583040773868561
24298,0.4515388607978821
