Index,Activation Value
49406,0.1680835336446762
4817,0.14065693318843842
44743,0.12914931774139404
12929,0.12278646975755692
20435,0.12274449318647385
11306,0.11100718379020691
53404,0.10507513582706451
28312,0.10230053961277008
17366,0.10064567625522614
7054,0.0986432284116745
