Index,Activation Value
7351,0.13769790530204773
62757,0.09290735423564911
54156,0.09188002347946167
11918,0.08906659483909607
868,0.08301752805709839
7866,0.0823114886879921
33336,0.08160386979579926
12344,0.0762697160243988
14022,0.07610765099525452
87758,0.0755644366145134
