Index,Activation Value
21467,0.07543967664241791
53579,0.07384652644395828
38924,0.07320296764373779
29340,0.06364866346120834
8396,0.06274479627609253
36212,0.06104247644543648
56855,0.06006017327308655
26778,0.059049010276794434
8080,0.055782102048397064
33011,0.05302896350622177
