Index,Activation Value
2800,0.02784029394388199
43178,0.024422941729426384
28561,0.022583166137337685
47257,0.018870925530791283
9351,0.015993382781744003
46682,0.014435303397476673
32757,0.012650394812226295
14721,0.011516105383634567
22080,0.008947058580815792
51614,0.0076878913678228855
