Index,Activation Value
53579,0.1604733020067215
38924,0.1477900594472885
26778,0.12506230175495148
58249,0.11453378945589066
36473,0.10597196966409683
33011,0.10498816519975662
21467,0.08915139734745026
24298,0.07981164753437042
18000,0.06532560288906097
1909,0.05713288486003876
