Index,Activation Value
53579,0.0034641404636204243
24298,0.00011896613432327285
38924,4.379103484097868e-05
