Index,Activation Value
12,0.0015626016538590193
13090,0.0011709689861163497
