Index,Activation Value
86125,0.5443609356880188
82027,0.5263614654541016
28620,0.5016583204269409
40562,0.4570060968399048
62853,0.2610883414745331
80471,0.22925536334514618
60030,0.09715321660041809
4865,0.08235044777393341
18105,0.05054394155740738
31562,0.047409288585186005
