Index,Activation Value
56725,0.005272067151963711
36173,0.0043764193542301655
13090,0.0023075740318745375
33336,0.0012728595174849033
64204,0.0006222714437171817
