Index,Activation Value
37498,0.03782520815730095
107558,0.0366048626601696
13090,0.027129488065838814
60631,0.019323209300637245
33336,0.01860501989722252
56725,0.01672523282468319
52183,0.012312821112573147
64204,0.011905983090400696
88295,0.010032739490270615
107551,0.009794550947844982
