Index,Activation Value
38127,0.028657402843236923
7145,0.027418572455644608
38247,0.02671131305396557
6190,0.023042727261781693
54227,0.020802635699510574
28312,0.020752644166350365
773,0.02048606239259243
48137,0.020005427300930023
43054,0.019415466114878654
41843,0.01941034011542797
