Index,Activation Value
13090,0.11965693533420563
15751,0.10302019119262695
1267,0.1029948964715004
60631,0.09824326634407043
64204,0.09530802071094513
111478,0.09235973656177521
56725,0.08344273269176483
34454,0.07943206280469894
24604,0.07730139791965485
95693,0.07487567514181137
