Index,Activation Value
7145,0.11650558561086655
59924,0.11114199459552765
27399,0.09865158051252365
52585,0.09827104210853577
20435,0.09525258094072342
8449,0.09445283561944962
11257,0.0905800387263298
4817,0.0905628576874733
49406,0.08853454887866974
13324,0.08658567816019058
