Index,Activation Value
39207,2.1104846000671387
59924,1.7937321662902832
7444,1.5697429180145264
24567,1.5615301132202148
31448,1.5292350053787231
42826,1.2444148063659668
36771,0.6567143797874451
39169,0.5900377631187439
36356,0.5840137004852295
42106,0.36119163036346436
