Index,Activation Value
53579,0.0013747172197327018
21467,0.0012685873080044985
