Index,Activation Value
53579,0.07704673707485199
42887,0.07140255719423294
13743,0.0680382177233696
26778,0.06692028790712357
25657,0.06302706152200699
33011,0.06122422590851784
38924,0.05896025523543358
43197,0.058750446885824203
38340,0.055078309029340744
45313,0.05427999421954155
