Index,Activation Value
11759,0.4094600975513458
49320,0.3520321547985077
2675,0.2307368367910385
1758,0.19747033715248108
22733,0.03557387366890907
46547,0.009189008735120296
