Index,Activation Value
27547,0.08621900528669357
32727,0.05930502712726593
24298,0.054563164710998535
51769,0.05066898092627525
11257,0.045989058911800385
8396,0.04443161562085152
36212,0.043973006308078766
28561,0.043702177703380585
36473,0.04236622899770737
45313,0.03896275535225868
