Index,Activation Value
29340,0.3485209345817566
42887,0.32480108737945557
9816,0.28819382190704346
44569,0.27936458587646484
43197,0.2710714340209961
54138,0.26688843965530396
56855,0.2656504809856415
38127,0.24881982803344727
36625,0.24366621673107147
1859,0.23422576487064362
