Index,Activation Value
101572,0.012769443914294243
60631,0.01076920423656702
59998,0.006625017616897821
84018,0.006400518584996462
16107,0.0059022544883191586
13090,0.004267598036676645
97407,0.0029093273915350437
105112,0.00215676287189126
22230,0.0012807082384824753
110712,0.0010525070829316974
