Index,Activation Value
24235,0.06621672958135605
110712,0.06569229066371918
16107,0.058746758848428726
42482,0.055841706693172455
8251,0.0445634163916111
29372,0.04173237085342407
47884,0.04099952057003975
22230,0.039455872029066086
68044,0.03542003408074379
30829,0.034347884356975555
