Index,Activation Value
39547,0.007715742103755474
43054,0.00599828502163291
47711,0.0050382474437355995
27683,0.004912085365504026
59924,0.0047547039575874805
42192,0.004735157359391451
1838,0.004687072243541479
55867,0.004339141771197319
54927,0.0033277967013418674
4930,0.003176154801622033
