Index,Activation Value
36473,0.10361409932374954
32727,0.09924091398715973
17428,0.08692585676908493
30430,0.08451046049594879
9816,0.0737542137503624
21467,0.0723322257399559
42887,0.07213537395000458
8019,0.07154017686843872
43197,0.06782160699367523
15111,0.06641258299350739
