Index,Activation Value
8019,0.08616267144680023
8080,0.060847099870443344
29340,0.057129886001348495
27547,0.05003514140844345
16549,0.04240041598677635
56607,0.035196539014577866
45858,0.034343983978033066
56855,0.03059229627251625
53582,0.029587090015411377
2656,0.026640553027391434
