Index,Activation Value
44569,0.025474820286035538
38127,0.01933632604777813
1859,0.019170530140399933
44036,0.017847679555416107
1693,0.017686789855360985
13411,0.016236625611782074
29340,0.014854793436825275
54138,0.014748485758900642
8302,0.014207008294761181
26518,0.014205577783286572
