Index,Activation Value
112469,1.372734546661377
34687,1.2476930618286133
37080,0.8271406888961792
65033,0.81467205286026
80501,0.81242436170578
106649,0.761138379573822
50984,0.7143861651420593
90284,0.6753633618354797
63580,0.641671359539032
44622,0.6323202848434448
