Index,Activation Value
24298,0.3239418566226959
42887,0.29439982771873474
8019,0.25520142912864685
38924,0.24677075445652008
54138,0.2461950033903122
33011,0.23839108645915985
9816,0.2354842573404312
18000,0.23149330914020538
55023,0.2036769986152649
58249,0.20102398097515106
