Index,Activation Value
21370,0.6988955736160278
51833,0.44070473313331604
25345,0.37311550974845886
7584,0.2874269187450409
15624,0.17826424539089203
12088,0.1175241470336914
26725,0.10230425000190735
10549,0.09274238348007202
