Index,Activation Value
52683,0.02379468083381653
27789,0.02291860803961754
95312,0.02195320464670658
92077,0.019500363618135452
25849,0.01667570136487484
111478,0.014638757333159447
93685,0.013878864236176014
66371,0.013666147366166115
88407,0.013563713990151882
31199,0.01280240062624216
