Index,Activation Value
96758,0.08464834839105606
9293,0.08067172020673752
54956,0.07996095716953278
72094,0.07091248780488968
36173,0.07018736749887466
27438,0.06508758664131165
28425,0.06188439577817917
41552,0.06174175441265106
46383,0.05686883255839348
6017,0.055537860840559006
