Index,Activation Value
38924,0.011745586059987545
21467,0.01123061589896679
53579,0.010167817585170269
33011,0.009472154080867767
26778,0.007509184069931507
8080,0.005874447524547577
58249,0.005088360980153084
38432,0.003856099210679531
8019,0.0008538165129721165
