Index,Activation Value
53579,0.013323701918125153
38924,0.009115162305533886
26778,0.003286415943875909
21467,0.0031829450745135546
58249,0.002593587152659893
44569,0.0013282585423439741
8080,0.00027424030122347176
24298,0.00010490471322555095
