Index,Activation Value
13090,0.15583449602127075
86538,0.051409196108579636
88571,0.05101015791296959
52008,0.048690278083086014
80233,0.04586967080831528
107925,0.04110284522175789
87491,0.04028165712952614
107558,0.03895486891269684
4738,0.037325259298086166
65993,0.03648727759718895
