Index,Activation Value
38924,0.10359276086091995
26778,0.1031266376376152
33011,0.10074757039546967
53579,0.06736131757497787
13179,0.0601118840277195
54138,0.05518880859017372
21467,0.05246484652161598
41844,0.05239846929907799
58249,0.04671408236026764
38432,0.03531172499060631
