Index,Activation Value
13743,0.0022081315983086824
38340,0.002065516309812665
36473,0.001797143486328423
13179,0.001685940776951611
28561,0.0016603408148512244
16549,0.0016157280188053846
54222,0.0015713728498667479
4530,0.0015527271898463368
56481,0.0010003335773944855
31022,0.0009866964537650347
