Index,Activation Value
28910,0.12548314034938812
49456,0.10896128416061401
37498,0.09509915858507156
54896,0.09494327753782272
15751,0.08368971198797226
52183,0.07752326130867004
52426,0.07718580961227417
70776,0.06815864145755768
108759,0.06711845844984055
83828,0.06680534034967422
