Index,Activation Value
100136,0.6381850242614746
35272,0.2100263088941574
71543,0.1841539442539215
