Index,Activation Value
81123,0.622567355632782
103612,0.5457616448402405
53319,0.5369900465011597
24648,0.5013514757156372
60771,0.4756366014480591
88681,0.46685150265693665
43,0.404186487197876
34047,0.16778935492038727
40030,0.04968959465622902
1714,0.04186762496829033
