Index,Activation Value
53579,0.015635930001735687
58249,0.012842866592109203
43054,0.012386289425194263
21467,0.011843058280646801
38924,0.011350042186677456
26778,0.008646387606859207
1909,0.00758977048099041
34961,0.006654422264546156
24588,0.0056247650645673275
56554,0.004764329642057419
