Index,Activation Value
38924,0.41411203145980835
8396,0.32883089780807495
26778,0.32412442564964294
36212,0.3223232924938202
29340,0.31923845410346985
33011,0.3107454478740692
56855,0.3068302571773529
8080,0.27996617555618286
53579,0.24603956937789917
25657,0.24080446362495422
