Index,Activation Value
48529,0.002429437357932329
16107,0.0009853242663666606
94111,0.0007717164698988199
59998,0.00048137331032194197
