Index,Activation Value
21467,0.0024430016055703163
27547,0.00031783789745531976
