Index,Activation Value
73855,0.006594015285372734
59998,0.005017897579818964
86756,0.0044595226645469666
104537,0.003972889389842749
17902,0.0028895800933241844
35650,0.0013059083139523864
35402,0.0008045901777222753
16838,0.0007311129011213779
68860,0.0004718536220025271
39127,0.00011719229951268062
