Index,Activation Value
39839,1.063096284866333
31482,0.4267432987689972
81336,0.39086660742759705
67857,0.35778477787971497
102832,0.30490580201148987
33447,0.2775062620639801
91018,0.2043980360031128
61973,0.19657301902770996
105712,0.09408014267683029
15145,0.07627904415130615
