Index,Activation Value
38432,0.5165501832962036
21467,0.4545256793498993
8080,0.4421253800392151
30430,0.3887116312980652
18000,0.29062044620513916
44569,0.2838316559791565
38340,0.2620031237602234
38127,0.2606084942817688
40678,0.2570875287055969
1909,0.25553175806999207
