Index,Activation Value
38924,0.02403079904615879
27547,0.023062754422426224
41844,0.01976822130382061
32727,0.018472876399755478
38340,0.017596149817109108
26778,0.017484838142991066
53579,0.017347553744912148
9816,0.016087621450424194
21467,0.015266641974449158
58249,0.01461263932287693
