Index,Activation Value
108399,0.3726779520511627
46567,0.052428070455789566
