Index,Activation Value
104537,0.07045802474021912
48529,0.06243141368031502
4825,0.05838184431195259
42168,0.05438483506441116
95115,0.054307371377944946
61202,0.05256928876042366
27191,0.05028228461742401
80813,0.04871775209903717
12589,0.04717712476849556
56266,0.0461176373064518
