Index,Activation Value
52183,0.002974272705614567
13090,0.001870101667009294
96758,0.0014055626234039664
28910,0.00020124713773839176
