Index,Activation Value
40172,2.0118319988250732
30053,1.9113337993621826
54387,1.8353731632232666
54259,1.648585557937622
13046,1.5996434688568115
32553,1.5938644409179688
42163,1.4458328485488892
27069,1.4408494234085083
54097,1.417736291885376
56132,1.4175443649291992
