Index,Activation Value
25887,0.0627083033323288
53502,0.04711903631687164
8252,0.03588389605283737
100195,0.032464299350976944
2279,0.03136983513832092
70512,0.03066287189722061
16107,0.024843508377671242
17335,0.02396577224135399
71932,0.022393889725208282
108174,0.022159047424793243
