Index,Activation Value
52426,0.08802524954080582
39257,0.07109051197767258
80813,0.06397251039743423
24604,0.06203143671154976
87077,0.05891606584191322
3878,0.058836787939071655
92547,0.05792125314474106
26058,0.05303707346320152
97407,0.05220480635762215
107995,0.04868738725781441
