Index,Activation Value
21467,0.08880706876516342
38924,0.04726367071270943
53579,0.046342574059963226
8080,0.042409591376781464
8019,0.032437946647405624
24298,0.02951727993786335
44569,0.028728067874908447
27547,0.028369437903165817
33011,0.026261279359459877
38432,0.025571729987859726
