Index,Activation Value
26073,0.009069443680346012
17428,0.006958061829209328
57009,0.004408467561006546
4930,0.001970843877643347
24778,0.0009004141320474446
