Index,Activation Value
21161,0.13454484939575195
28312,0.12421099841594696
34367,0.12005669623613358
10570,0.11830457299947739
49406,0.11550142616033554
54227,0.11174044758081436
35684,0.10608264058828354
7921,0.10309433937072754
16261,0.10005316138267517
41410,0.09915858507156372
