Index,Activation Value
58249,0.0731121152639389
36212,0.06066770479083061
38924,0.047991760075092316
43054,0.04353518411517143
38247,0.042751096189022064
56554,0.0418238639831543
31723,0.040409963577985764
25657,0.03584321588277817
4530,0.034923005849123
54621,0.03139098361134529
