Index,Activation Value
13090,0.0063509647734463215
70349,0.004461969714611769
88571,0.003963656723499298
96758,0.003333473112434149
