Index,Activation Value
13090,0.15017156302928925
88571,0.13623744249343872
70349,0.1267881989479065
67013,0.12545429170131683
28910,0.12301751226186752
54896,0.12094566226005554
56725,0.1103479191660881
109813,0.10643213242292404
52683,0.10012567043304443
25849,0.09191494435071945
