Index,Activation Value
107925,0.017917810007929802
11313,0.01710943691432476
70776,0.012972340919077396
107995,0.012964692898094654
21549,0.012784631922841072
18680,0.011683442629873753
91875,0.011551921255886555
61123,0.010984093882143497
92077,0.01035195030272007
16107,0.010099138133227825
