Index,Activation Value
36212,0.703165590763092
55023,0.49193841218948364
8396,0.39456573128700256
29340,0.2255433201789856
12045,0.1803818643093109
56855,0.044076696038246155
