Index,Activation Value
33011,0.3669009804725647
38924,0.2443305104970932
44569,0.22433136403560638
26778,0.22024604678153992
13179,0.187821164727211
29340,0.1827390342950821
16549,0.15288130939006805
1909,0.1471099853515625
59288,0.14576657116413116
24702,0.14006547629833221
