Index,Activation Value
3586,1.0223357677459717
103726,1.0205477476119995
36830,0.884987473487854
95142,0.7944872379302979
34595,0.7691666483879089
102001,0.4289298951625824
48059,0.4037068784236908
74957,0.2683553993701935
77767,0.21077509224414825
58023,0.19230273365974426
