Index,Activation Value
26825,0.6934402585029602
35873,0.5634840130805969
8229,0.47623559832572937
111542,0.46216437220573425
8675,0.372098833322525
97139,0.3102594017982483
92304,0.2855893075466156
59434,0.2308841049671173
31224,0.22978109121322632
99698,0.18039295077323914
