Index,Activation Value
21467,4.0846333503723145
38924,3.2819995880126953
44569,3.184257745742798
33011,2.5724964141845703
26778,2.3995330333709717
8080,2.287935495376587
53579,2.2185704708099365
38340,2.20115065574646
24298,2.0832393169403076
19868,1.9447569847106934
