Index,Activation Value
24298,0.0020474561024457216
8019,0.0006093885749578476
