Index,Activation Value
111011,0.11740991473197937
36173,0.11260673403739929
104537,0.10663650929927826
27438,0.09990642964839935
52426,0.09980784356594086
89243,0.09965326637029648
38228,0.08798036724328995
27858,0.07946545630693436
83828,0.07860622555017471
55426,0.06828097254037857
