Index,Activation Value
90842,0.019263429567217827
107925,0.01724611036479473
93137,0.007355956826359034
92876,0.006600480992347002
76908,0.005904233083128929
24235,0.0037403879687190056
14379,0.0034282950218766928
70520,0.0029685506597161293
22092,0.0029607510659843683
1571,0.00267270696349442
