Index,Activation Value
21467,0.01706044003367424
33011,0.015737315639853477
53579,0.015204655937850475
38924,0.014545275829732418
26778,0.012804973870515823
44569,0.010017548687756062
24298,0.009125991724431515
58249,0.004469088278710842
8080,0.0042426506988704205
1909,0.0024637586902827024
