Index,Activation Value
80813,0.08857931196689606
107995,0.08270271122455597
39257,0.07899541407823563
82590,0.07877016812562943
97336,0.07875367254018784
26376,0.07809519022703171
76908,0.07766718417406082
82475,0.07748015224933624
81064,0.06068813055753708
71543,0.06063473969697952
