Index,Activation Value
8396,0.03420153260231018
33011,0.0289594903588295
8019,0.02871498465538025
36212,0.0286723580211401
56855,0.02638365887105465
45313,0.0247892327606678
32727,0.022524021565914154
29340,0.021683260798454285
13743,0.019964968785643578
43197,0.019959706813097
