Index,Activation Value
12344,0.0008769847918301821
28425,0.0003973759594373405
