Index,Activation Value
6156,0.024533845484256744
40355,0.021824391558766365
17690,0.01981539838016033
88546,0.01822320558130741
21549,0.017599234357476234
868,0.01746142841875553
7866,0.017262810841202736
80233,0.01720678061246872
91430,0.016005735844373703
12,0.015779104083776474
