Index,Activation Value
55426,0.025488631799817085
111011,0.02514629065990448
88571,0.02511938102543354
29372,0.022202450782060623
7106,0.01944170705974102
19530,0.019439902156591415
64204,0.019298121333122253
26012,0.01894994080066681
36173,0.016829654574394226
38228,0.015724945813417435
