Index,Activation Value
13179,0.006839582230895758
10226,0.0007860538898967206
7444,0.0005389098078012466
31723,0.00042551755905151367
34350,0.0004253869701642543
56147,0.00033727791742421687
13195,0.0001959108340088278
16403,0.00018629260011948645
34925,0.00014874007320031524
18530,4.44238685304299e-05
