Index,Activation Value
43054,0.2788149118423462
32757,0.14695428311824799
38127,0.13860319554805756
24409,0.1278241127729416
4930,0.10268079489469528
24702,0.08505044877529144
32881,0.07572145015001297
2354,0.07532092183828354
22813,0.06892804801464081
17939,0.06881710886955261
