Index,Activation Value
43054,0.008472251705825329
25800,0.0015247041592374444
19701,0.0002468122693244368
