Index,Activation Value
8396,0.02708526700735092
56855,0.024407848715782166
29340,0.02067054621875286
25657,0.019197994843125343
36212,0.018486883491277695
24565,0.016919732093811035
13179,0.015876404941082
53582,0.015659695491194725
31736,0.014864090830087662
4530,0.013440839014947414
