Index,Activation Value
8080,0.04054936394095421
21467,0.03644381836056709
54138,0.03529864177107811
38924,0.02967974729835987
8019,0.027560006827116013
24298,0.027070745825767517
53579,0.023912746459245682
43197,0.021352091804146767
36212,0.018563106656074524
9816,0.018147768452763557
