Index,Activation Value
32727,0.08026110380887985
9816,0.061359744518995285
27547,0.06006650999188423
43197,0.05725269392132759
38127,0.054869264364242554
42887,0.05415083095431328
8080,0.04772437363862991
54138,0.0401914156973362
45313,0.03631286323070526
8019,0.03477863594889641
