Index,Activation Value
40311,0.7496265172958374
15729,0.4520961046218872
48455,0.44718867540359497
52214,0.40911033749580383
14017,0.36499452590942383
5759,0.3247383236885071
15251,0.18535266816616058
55521,0.18344731628894806
9057,0.16491594910621643
56982,0.14770396053791046
