Index,Activation Value
107558,0.09550042450428009
93137,0.08657045662403107
71879,0.07813963294029236
59080,0.07779399305582047
50983,0.07367796450853348
42192,0.07284301519393921
12589,0.06958943605422974
55040,0.06572051346302032
26058,0.06478715687990189
87077,0.0647205039858818
