Index,Activation Value
245,0.7286965847015381
66467,0.6015300750732422
68692,0.4958118200302124
20918,0.36142757534980774
54818,0.317891001701355
2870,0.21408163011074066
100793,0.09536679089069366
23410,0.04912508279085159
18986,0.04824801906943321
