Index,Activation Value
28910,0.16665397584438324
56725,0.11604779213666916
16107,0.11345327645540237
52183,0.11073678731918335
70349,0.09681673347949982
96758,0.09515274316072464
13090,0.09359006583690643
6156,0.08513840287923813
25849,0.08428763598203659
7866,0.07476340979337692
