Index,Activation Value
107925,0.09752172976732254
4738,0.08992933481931686
19627,0.08949624001979828
90842,0.0869787335395813
111665,0.08171149343252182
102181,0.07689981162548065
44818,0.07642009854316711
71812,0.07170790433883667
97612,0.07077918201684952
85185,0.06871635466814041
