Index,Activation Value
21467,0.037617605179548264
8080,0.028213337063789368
24298,0.026994559913873672
53579,0.026003142818808556
44569,0.024800019338726997
8019,0.024471070617437363
38924,0.023730793967843056
27547,0.022920342162251472
38432,0.022824546322226524
54138,0.02120908536016941
