Index,Activation Value
56855,0.014095035381615162
8396,0.013398956507444382
36212,0.0064590489491820335
38247,0.004195986781269312
33607,0.003308020532131195
57551,0.002739077666774392
28312,0.002350404392927885
47257,0.00046066546929068863
29340,0.0004438465693965554
53589,0.00014705161447636783
