Index,Activation Value
13090,0.0023298216983675957
56725,0.001557547366246581
