Index,Activation Value
44818,0.0074754077941179276
62662,0.007064550183713436
22092,0.004739909432828426
3311,0.00449984660372138
107558,0.0013527795672416687
31914,0.0008286976953968406
38274,0.0008146923501044512
34393,0.0007218917016871274
90842,0.0002411488676443696
