Index,Activation Value
104537,0.028400802984833717
96758,0.024142056703567505
27438,0.022326024249196053
88571,0.020224254578351974
107558,0.01935490593314171
70349,0.018638256937265396
1021,0.014834815636277199
33336,0.009840777143836021
102181,0.009701871313154697
83828,0.00727306492626667
