Index,Activation Value
54138,0.03919147327542305
18000,0.035937242209911346
21467,0.032827988266944885
58916,0.027981936931610107
19491,0.025889838114380836
44743,0.025711482390761375
26559,0.025516951456665993
56096,0.024494193494319916
8080,0.023725051432847977
17557,0.023091522976756096
