Index,Activation Value
21467,0.5447642803192139
38432,0.1251932680606842
