Index,Activation Value
27547,0.05021580681204796
38924,0.04664498195052147
53579,0.04182419180870056
26778,0.04030974581837654
38432,0.036729540675878525
21467,0.03328649699687958
9816,0.03047092631459236
56855,0.029370198026299477
8080,0.029152605682611465
29340,0.02894723042845726
