Index,Activation Value
29340,0.4440557360649109
8396,0.4153868854045868
56855,0.410213440656662
36212,0.40953361988067627
25657,0.26098182797431946
53582,0.23126670718193054
19339,0.21941691637039185
41844,0.2173059582710266
14826,0.2166358381509781
31736,0.2057691365480423
