Index,Activation Value
44569,0.1248929351568222
26778,0.12299234420061111
53579,0.11462625116109848
38924,0.09545072913169861
21467,0.08488424867391586
43054,0.08404503017663956
1859,0.08394642919301987
38432,0.07817377150058746
27547,0.07638208568096161
19868,0.07423854619264603
