Index,Activation Value
92077,0.01463942602276802
33336,0.013345942832529545
16107,0.013129817321896553
60631,0.012667414732277393
22230,0.01042444258928299
83828,0.010413738898932934
3082,0.007836311124265194
96758,0.007160605397075415
67013,0.006515434943139553
98149,0.005817412864416838
