Index,Activation Value
8396,0.0882253646850586
36212,0.07229814678430557
21467,0.07068740576505661
38340,0.06468434631824493
25657,0.06306132674217224
56855,0.06288742274045944
27547,0.05875718593597412
13743,0.050001394003629684
4530,0.04941709712147713
43178,0.0448603555560112
