Index,Activation Value
17428,0.0442037433385849
54222,0.032327864319086075
36473,0.030996818095445633
26073,0.028262240812182426
56007,0.02377769909799099
9187,0.018833233043551445
28312,0.016726840287446976
8349,0.015268046408891678
31904,0.014771436341106892
44249,0.014649387449026108
