Index,Activation Value
21565,0.0855710580945015
27683,0.07080923020839691
8302,0.06154761463403702
36054,0.05991744622588158
4530,0.05557040125131607
5556,0.05469980463385582
47264,0.051407452672719955
22718,0.04863686114549637
26518,0.04833569377660751
1333,0.046577438712120056
