Index,Activation Value
25657,0.003035802859812975
7145,0.0028010313399136066
8396,0.0023436385672539473
43541,0.0013879144098609686
47407,0.0005173019599169493
23736,0.0005124823073856533
36356,0.0003217663324903697
27088,0.00018488705973140895
