Index,Activation Value
30430,0.04435887932777405
773,0.023449601605534554
51614,0.02215077355504036
41994,0.01758592203259468
27771,0.015445178374648094
23805,0.014690042473375797
42296,0.01445135660469532
7076,0.01397615671157837
59060,0.013954993337392807
39837,0.013890773057937622
