Index,Activation Value
44569,0.004864242393523455
8080,0.001982017420232296
24298,0.0007051582215353847
26778,0.00030076998518779874
53579,0.00010668884351616725
