Index,Activation Value
32727,0.0004953780444338918
5476,0.00045472083729691803
19701,0.00033930898644030094
46682,0.00033847373561002314
16549,0.00029744565836153924
22335,0.00028590080910362303
59981,0.0002673597482498735
56007,0.00023395888274535537
7680,0.00021971261594444513
11306,0.00021014756930526346
