Index,Activation Value
7145,0.18168988823890686
24702,0.13880246877670288
47257,0.13321873545646667
43164,0.1282327026128769
55625,0.113357774913311
3932,0.10678529739379883
28855,0.09702762216329575
34925,0.08688369393348694
35721,0.08456428349018097
43178,0.08428622782230377
