Index,Activation Value
75310,0.018779542297124863
592,0.017744986340403557
107551,0.016684388741850853
21437,0.01487622782588005
103991,0.014773278497159481
80226,0.014509284868836403
852,0.014255736954510212
95058,0.0140633350238204
48304,0.013939144089818
102181,0.013488689437508583
