Index,Activation Value
33011,0.3246901035308838
26778,0.27715009450912476
38924,0.27215197682380676
56855,0.22095003724098206
16549,0.19841492176055908
8396,0.17092463374137878
24565,0.1156587228178978
36875,0.11141354590654373
773,0.10656915605068207
53582,0.10160434991121292
