Index,Activation Value
8080,0.014820449985563755
18000,0.004446159116923809
54138,0.003795769065618515
53579,0.0030017439275979996
1859,0.0025424945633858442
24298,0.0015605766093358397
43054,0.0014437406789511442
38924,0.0008459800737909973
8019,9.198090992867947e-05
