Index,Activation Value
40355,0.09502273797988892
70349,0.07329614460468292
61202,0.06935559958219528
89624,0.06580304354429245
12942,0.06239297613501549
110055,0.06160154193639755
16107,0.06119754910469055
107925,0.06069021299481392
31227,0.058263372629880905
110643,0.05630570277571678
