Index,Activation Value
1909,0.08670658618211746
33011,0.08636782318353653
53579,0.06748805940151215
21467,0.06643498688936234
59288,0.05934397503733635
26778,0.05857788026332855
56554,0.054748598486185074
38924,0.05412772297859192
44569,0.05388825759291649
58249,0.04719084873795509
