Index,Activation Value
28910,0.0774695873260498
23410,0.0769428014755249
21175,0.07516524195671082
39127,0.07161616533994675
65958,0.07120087742805481
19627,0.07086658477783203
7682,0.06877360492944717
72094,0.0632014349102974
50983,0.06250423938035965
7362,0.06193110719323158
