Index,Activation Value
67558,0.8733377456665039
64448,0.8671363592147827
92697,0.7209292650222778
3369,0.6973059177398682
60592,0.5363268852233887
83997,0.38935476541519165
112311,0.38570424914360046
92834,0.36513257026672363
40854,0.2983662486076355
90425,0.29273536801338196
