Index,Activation Value
12344,0.0936206504702568
11313,0.06551025807857513
17335,0.06487811356782913
868,0.06465732306241989
14022,0.0639747604727745
36398,0.06300738453865051
75188,0.06290136277675629
6156,0.059833697974681854
90710,0.05957869440317154
74354,0.05857151001691818
