Index,Activation Value
38924,0.007024922873824835
29340,0.003718144726008177
56855,0.003369794227182865
8396,0.002796972170472145
53579,0.001993468264117837
21467,0.0014357868349179626
26778,0.0009599561453796923
36212,0.0006483314209617674
