Index,Activation Value
21467,0.19226983189582825
8019,0.08675535768270493
18000,0.08668365329504013
38432,0.0857618898153305
27547,0.08572637289762497
8080,0.08561598509550095
53579,0.07992346584796906
1909,0.07426264882087708
54138,0.0726897343993187
24298,0.07184255868196487
