Index,Activation Value
88295,0.10513562709093094
13090,0.08047609031200409
107558,0.07394224405288696
102181,0.07154469192028046
100136,0.06800001114606857
107925,0.061263687908649445
12589,0.05370932072401047
27191,0.05266869068145752
28425,0.049671720713377
26012,0.04878617078065872
