Index,Activation Value
21467,0.35415565967559814
59981,0.16240738332271576
8080,0.14815253019332886
1859,0.1362922191619873
56481,0.12651225924491882
44569,0.10987551510334015
45313,0.10605074465274811
56889,0.10330210626125336
29465,0.10316532850265503
32727,0.10204362869262695
