Index,Activation Value
23781,1.3263145685195923
40164,1.019891381263733
63376,0.9256182312965393
19247,0.8947952389717102
12537,0.8317102789878845
41906,0.7462766766548157
44716,0.719737708568573
93806,0.7186669111251831
68665,0.7009995579719543
36114,0.6101658940315247
