Index,Activation Value
33336,0.12443199008703232
22092,0.09724795073270798
15751,0.09662672877311707
83828,0.09523800015449524
50439,0.07863859832286835
52683,0.07509227097034454
70776,0.07199455052614212
2915,0.07183107733726501
90842,0.06994642317295074
111154,0.069180428981781
