Index,Activation Value
4191,0.030468745157122612
3689,0.02944021113216877
45538,0.021372312679886818
43541,0.020808670669794083
47009,0.0207015722990036
56545,0.020041922107338905
2800,0.019083760678768158
24565,0.017822176218032837
5319,0.017736488953232765
13411,0.016870837658643723
