Index,Activation Value
4223,1.5917956829071045
90281,1.4414852857589722
19997,1.3862613439559937
46748,1.3525316715240479
68720,1.3273817300796509
88891,1.3084263801574707
33915,1.2623021602630615
20780,1.2100512981414795
79747,1.1612792015075684
94980,1.1261708736419678
