Index,Activation Value
33011,0.48126429319381714
1909,0.4778563380241394
13179,0.3580634295940399
26778,0.30267930030822754
36473,0.2958415746688843
59288,0.2911338806152344
38924,0.28775954246520996
44569,0.28435763716697693
773,0.2817409038543701
24298,0.2589121162891388
