Index,Activation Value
38924,0.07851196825504303
21467,0.07546786218881607
53579,0.045076094567775726
26778,0.03867499530315399
33011,0.030208829790353775
51614,0.02770826779305935
58458,0.02549915201961994
53589,0.02450215443968773
44569,0.023571962490677834
773,0.022730285301804543
