Index,Activation Value
52189,0.7679879069328308
51203,0.5438617467880249
54524,0.5169457793235779
28223,0.5002562403678894
27505,0.460470050573349
22551,0.4304877817630768
58424,0.42655688524246216
21804,0.41004711389541626
22187,0.38456329703330994
2354,0.3735654354095459
