Index,Activation Value
36173,0.07731043547391891
88571,0.061102427542209625
96758,0.057895489037036896
56725,0.05431797727942467
25849,0.05057833716273308
26058,0.04456721618771553
3311,0.04432731121778488
107925,0.04257674887776375
31914,0.038882527500391006
55040,0.03665955737233162
