Index,Activation Value
21467,0.024761995300650597
38924,0.016800865530967712
53589,0.014351649209856987
16061,0.01432233490049839
218,0.012185230851173401
59288,0.011650689877569675
44814,0.0055679455399513245
17134,0.0051301103085279465
10226,0.0033953727688640356
7369,0.002511258702725172
