Index,Activation Value
42887,0.004169197287410498
32727,0.0041600968688726425
53582,0.00282191950827837
43197,0.002602804685011506
56855,0.0025350344367325306
24565,0.0024139005690813065
27547,0.0024133657570928335
29340,0.002229041187092662
33607,0.0021160736214369535
49406,0.0018643973162397742
