Index,Activation Value
58792,0.613426148891449
15706,0.4986060559749603
52683,0.33844271302223206
95312,0.30852413177490234
76145,0.28810009360313416
63216,0.26231908798217773
87088,0.0653172954916954
70408,0.06357335299253464
39416,0.04975069686770439
82435,0.0017031793249771
