Index,Activation Value
58249,0.0033133206889033318
54138,0.0019314943347126245
53579,0.0009150249534286559
