Index,Activation Value
33336,0.0133646996691823
87758,0.013112181797623634
26012,0.012558769434690475
35254,0.009758522734045982
105073,0.009147967211902142
63669,0.008631916716694832
29372,0.006192489061504602
54156,0.004768421873450279
6156,0.004751055035740137
88571,0.004515519365668297
