Index,Activation Value
32086,0.007045594975352287
30430,0.0063670664094388485
42784,0.005781277548521757
25657,0.0053811524994671345
13158,0.004803324118256569
41266,0.0038462106604129076
46992,0.003788144327700138
4987,0.003450988093391061
6473,0.003371406113728881
9107,0.0032933878246694803
