Index,Activation Value
42887,0.26748520135879517
19868,0.21605850756168365
7145,0.21226617693901062
19701,0.2009151577949524
10570,0.18999402225017548
566,0.1840554177761078
31723,0.16848701238632202
49406,0.1510452926158905
22371,0.14256857335567474
35033,0.14147678017616272
