Index,Activation Value
88571,0.012404856272041798
70776,0.010714609175920486
53715,0.009958526119589806
87491,0.007534070406109095
107995,0.005161236971616745
108542,0.005078700836747885
42192,0.004553238395601511
96125,0.003412536345422268
52683,0.0023050520103424788
83828,0.0017997174290940166
