Index,Activation Value
71879,0.08634258806705475
12,0.08186032623052597
14326,0.06291612982749939
90842,0.060731202363967896
44123,0.060551732778549194
52854,0.05423304811120033
68937,0.049858689308166504
1021,0.0480954684317112
12344,0.04237096384167671
80813,0.042317453771829605
