Index,Activation Value
28425,0.001094092265702784
36173,0.00011915578943444416
13090,5.0486902182456106e-05
52426,3.6445238947635517e-05
56725,1.8441511201672256e-05
