Index,Activation Value
18292,0.30489522218704224
14935,0.14717096090316772
21009,0.12997472286224365
23748,0.1239163801074028
