Index,Activation Value
13090,0.0051765055395662785
36173,0.0011275786673650146
52183,0.000913768308237195
33336,0.000134810630697757
