Index,Activation Value
54962,0.26533254981040955
3769,0.06936316192150116
