Index,Activation Value
95769,0.09266693890094757
88571,0.0783505067229271
14022,0.06843245774507523
54156,0.058388616889715195
52345,0.049664273858070374
29450,0.047352179884910583
77289,0.0461290068924427
11918,0.039381690323352814
95051,0.03874698281288147
66000,0.03784651681780815
