Index,Activation Value
62377,0.3010854125022888
51720,0.2156459540128708
72514,0.13765229284763336
3882,0.0848790854215622
58334,0.053697552531957626
44661,0.013788990676403046
