Index,Activation Value
29340,0.37589120864868164
21467,0.37535619735717773
38432,0.3620823919773102
56855,0.3532860279083252
8396,0.3395043909549713
30430,0.2835785746574402
13743,0.26616522669792175
38340,0.2394712269306183
36212,0.2295583337545395
25657,0.21311220526695251
