Index,Activation Value
70349,0.1258944869041443
66000,0.09443886578083038
107551,0.0829179584980011
92179,0.07774128019809723
53869,0.07320314645767212
103991,0.0722355991601944
60763,0.06799546629190445
111011,0.06784331798553467
98129,0.06622590869665146
592,0.0645141452550888
