Index,Activation Value
43541,0.02317754738032818
4191,0.016443872824311256
38374,0.015006628818809986
23400,0.009727160446345806
9893,0.009060720913112164
54900,0.007526271045207977
16089,0.006728585343807936
22693,0.006663600914180279
22362,0.006425563246011734
2354,0.00408004317432642
