Index,Activation Value
51614,0.24271640181541443
33607,0.17384253442287445
43178,0.16725347936153412
58963,0.16641934216022491
47257,0.16481293737888336
44269,0.16323740780353546
28855,0.15536722540855408
32757,0.1542482078075409
7683,0.1482205092906952
3204,0.13704803586006165
