Index,Activation Value
36625,0.008039641194045544
43054,0.0023341821506619453
36944,0.00215010903775692
57892,0.002044593682512641
15111,0.001992319244891405
38247,0.001911929459311068
4055,0.0018620423506945372
51769,0.0017226773779839277
41843,0.0016611902974545956
39787,0.0015022928128018975
