Index,Activation Value
38247,0.16787855327129364
1909,0.15926380455493927
41843,0.14357252418994904
44208,0.14233559370040894
43054,0.13819195330142975
2800,0.12177581340074539
2354,0.12123465538024902
773,0.11811065673828125
33011,0.11683914810419083
14196,0.11517383903265
