Index,Activation Value
36212,0.36644628643989563
8396,0.26199743151664734
25657,0.24825140833854675
32727,0.2355715036392212
38340,0.21410027146339417
29340,0.21402809023857117
53589,0.2096814215183258
41844,0.2065042108297348
4530,0.18667837977409363
45313,0.17982158064842224
