Index,Activation Value
53579,0.38497769832611084
26778,0.2914941608905792
38924,0.2596863806247711
21467,0.25222787261009216
58249,0.20277845859527588
33011,0.1781124621629715
27547,0.15758179128170013
56554,0.15676264464855194
773,0.14947623014450073
8080,0.1474456936120987
