Index,Activation Value
96154,0.10329172760248184
24562,0.016104822978377342
