Index,Activation Value
48137,0.02099815383553505
32254,0.01833532005548477
7921,0.017565051093697548
50064,0.017464427277445793
32704,0.01724802516400814
47541,0.017074724659323692
31786,0.016665248200297356
42296,0.01659468747675419
47321,0.01651623286306858
27569,0.015721747651696205
