Index,Activation Value
53579,0.055817365646362305
38924,0.050224144011735916
58249,0.04147379472851753
8080,0.03573427349328995
21467,0.03151172772049904
44569,0.027194708585739136
24298,0.02422318235039711
1909,0.02131313644349575
18000,0.015299921855330467
27547,0.015108667314052582
