Index,Activation Value
107925,0.008058620616793633
18680,0.006082701962441206
12,0.005209790542721748
70349,0.005197138991206884
6156,0.00500838365405798
19627,0.004810066893696785
59998,0.004742014221847057
108542,0.004426472820341587
7351,0.004165476653724909
88571,0.004048417787998915
