Index,Activation Value
8080,0.006543395575135946
38924,0.0059918188489973545
27547,0.0057845511473715305
9816,0.0046998243778944016
29340,0.004258318338543177
53579,0.003856573486700654
42887,0.0036635701544582844
43197,0.0034851948730647564
36212,0.0033976559061557055
18000,0.0031267215963453054
