Index,Activation Value
29743,1.1706202030181885
49832,0.9903894066810608
21467,0.9530505537986755
32086,0.8543308973312378
7089,0.8539388179779053
30327,0.829582929611206
31666,0.7909634709358215
14503,0.7866191267967224
27499,0.7510377168655396
35559,0.7313708066940308
