Index,Activation Value
36173,0.0074608055874705315
47884,0.0015981558244675398
