Index,Activation Value
27547,3.2985963821411133
8396,3.2374820709228516
36212,3.138216972351074
32727,2.8074140548706055
29340,2.506488084793091
56855,2.405975580215454
38432,1.7647109031677246
4530,1.6796317100524902
45313,1.4035842418670654
27683,1.3491966724395752
