Index,Activation Value
27438,0.02092928998172283
28425,0.01922188699245453
111011,0.018922949209809303
25849,0.018307672813534737
13090,0.017790280282497406
40355,0.017125461250543594
73306,0.016691504046320915
31199,0.014119918458163738
25887,0.013230668380856514
7106,0.012531066313385963
