Index,Activation Value
53579,0.002029098803177476
38924,0.001434332923963666
21467,0.0011874503688886762
27547,0.0005277569289319217
8080,0.000500097346957773
8019,0.00027620253968052566
24298,0.00014863151591271162
