Index,Activation Value
36473,0.0005103166913613677
44569,1.4220234334061388e-05
