Index,Activation Value
12344,0.0041004628874361515
14022,0.00273077841848135
73908,0.0021837372332811356
48473,0.0004506843106355518
