Index,Activation Value
24298,0.12092677503824234
44569,0.08576423674821854
54138,0.08307251334190369
28312,0.06778714060783386
36212,0.05942154303193092
22371,0.05682063847780228
19868,0.054721347987651825
36473,0.05275188386440277
56096,0.051952559500932693
8019,0.04941202700138092
