Index,Activation Value
29340,0.0828038677573204
21467,0.054361503571271896
7145,0.05061900615692139
56855,0.04730192571878433
42887,0.04272238537669182
54138,0.035706277936697006
24702,0.034714922308921814
53582,0.034047018736600876
9049,0.03229697793722153
59924,0.029999714344739914
