Index,Activation Value
4191,0.14132064580917358
13179,0.13286498188972473
47264,0.1251630038022995
43541,0.11696159839630127
21565,0.11600366979837418
33011,0.10848556458950043
56554,0.1083054319024086
35684,0.10528421401977539
11478,0.10385730862617493
2891,0.10353748500347137
