Index,Activation Value
44249,0.01247888058423996
14465,0.012206165120005608
34150,0.009618265554308891
24567,0.004968604072928429
32757,0.0037230828311294317
52857,0.003615832421928644
59069,0.0035178877878934145
7130,0.00327865406870842
58963,0.0031289260368794203
47856,0.0018033053493127227
