Index,Activation Value
38924,0.642892599105835
21467,0.6182634234428406
53579,0.6001535654067993
8080,0.5379157662391663
33011,0.5282619595527649
58249,0.5268343091011047
24298,0.49408239126205444
44569,0.4416836202144623
26778,0.44072696566581726
27547,0.4315124452114105
