Index,Activation Value
21467,0.03134752810001373
38924,0.022325212135910988
30430,0.021704209968447685
51614,0.011494840495288372
53589,0.011211822740733624
16549,0.009860537946224213
58249,0.006880039814859629
31723,0.006662280764430761
26778,0.006452655885368586
33607,0.006138872355222702
