Index,Activation Value
21467,0.02231147326529026
36212,0.017232153564691544
26778,0.01105467788875103
27547,0.010671866126358509
33011,0.01048664003610611
53579,0.00885680504143238
54138,0.008243986405432224
38432,0.00793224573135376
25657,0.00733686750754714
8080,0.00725099490955472
