Index,Activation Value
26937,0.18157218396663666
44569,0.17862427234649658
38247,0.16583652794361115
58916,0.1444602757692337
38127,0.1413358747959137
25538,0.13837333023548126
38924,0.1283048391342163
56007,0.12741316854953766
59288,0.1183103397488594
9187,0.1105000376701355
