Index,Activation Value
104537,0.09431532025337219
84018,0.07686452567577362
31199,0.0635308101773262
73306,0.06090890243649483
25887,0.058322492986917496
52426,0.044217076152563095
90842,0.04195624217391014
66000,0.040330495685338974
17335,0.03908182308077812
852,0.03876899182796478
