Index,Activation Value
8396,0.007760286796838045
36212,0.007086351979523897
25657,0.006483769975602627
14826,0.006396236829459667
52440,0.004579006228595972
43115,0.0035921812523156404
53589,0.002563451649621129
19339,0.0020840191282331944
51769,0.00179803476203233
57551,0.0013120886869728565
