Index,Activation Value
43054,0.010658632032573223
41844,0.00848457496613264
36473,0.008428403176367283
19868,0.007875545881688595
34961,0.007865668274462223
22371,0.007651470135897398
31723,0.007547242566943169
10570,0.006709590554237366
53589,0.005861259996891022
8396,0.005387128330767155
