Index,Activation Value
53579,0.04736439138650894
8019,0.04125596210360527
38924,0.04061639681458473
8080,0.032514698803424835
44569,0.030855638906359673
58249,0.028800027444958687
26778,0.027794089168310165
24298,0.025809669867157936
1909,0.025773553177714348
33011,0.025765974074602127
