Index,Activation Value
56032,0.15905021131038666
3086,0.14974936842918396
56545,0.14557643234729767
54705,0.14029161632061005
36944,0.13867008686065674
20435,0.1321946233510971
44743,0.13047955930233002
5476,0.12688793241977692
56096,0.12645432353019714
6473,0.12352236360311508
