Index,Activation Value
27255,0.4725832939147949
90787,0.03246725723147392
79604,0.0019342934247106314
