Index,Activation Value
90842,0.03253578767180443
13090,0.03133786469697952
88571,0.02980010211467743
7351,0.02326664887368679
14022,0.02134910225868225
18680,0.020842043682932854
60631,0.020807309076189995
7334,0.02013884298503399
92077,0.01935582607984543
12,0.01931278593838215
