Index,Activation Value
112731,0.007354865316301584
31778,0.007049696519970894
6156,0.006848643533885479
12832,0.004369598347693682
6017,0.004198114853352308
62662,0.0035889409482479095
22092,0.0028106719255447388
34393,0.0018597226589918137
57225,0.0016017166199162602
93388,0.0004804473137483001
