Index,Activation Value
58527,0.7836959958076477
34974,0.4808354377746582
27846,0.21507923305034637
107440,0.14946378767490387
36391,0.031209304928779602
