Index,Activation Value
21467,0.3940517008304596
38924,0.2076408565044403
8080,0.1182083934545517
