Index,Activation Value
1909,0.03286858648061752
1859,0.027389751747250557
34212,0.027133559808135033
14721,0.02643786557018757
24702,0.02602974697947502
13655,0.024137133732438087
54927,0.023125145584344864
42887,0.022983964532613754
4417,0.021413547918200493
55867,0.020978737622499466
