Index,Activation Value
29340,0.05783539637923241
36212,0.04821820184588432
56855,0.0468142032623291
8396,0.04673275351524353
38924,0.03480801358819008
24298,0.03427448123693466
53579,0.023319831117987633
36473,0.022380614653229713
58249,0.022171227261424065
33011,0.021238047629594803
