Index,Activation Value
107558,0.13501086831092834
35254,0.07543385773897171
88295,0.07287048548460007
592,0.06195859611034393
73855,0.06143547594547272
16089,0.05923640355467796
40633,0.0579361654818058
107551,0.05599665641784668
45447,0.05449777469038963
110643,0.05200008302927017
