Index,Activation Value
49865,0.09360706806182861
7106,0.08559515327215195
52426,0.07355458289384842
19530,0.07000783830881119
27818,0.06293753534555435
108688,0.06159293279051781
101572,0.06140294671058655
37498,0.058852314949035645
36533,0.058397077023983
42493,0.0579756461083889
