Index,Activation Value
26778,0.0007812544936314225
38924,0.0006927269860170782
58249,0.000348304194631055
