Index,Activation Value
13743,0.04669877514243126
53579,0.03299484774470329
1859,0.029377184808254242
9351,0.029348181560635567
29465,0.026885736733675003
57009,0.026445502415299416
58249,0.024647220969200134
35215,0.023178614675998688
17428,0.02208259142935276
31022,0.020544208586215973
