Index,Activation Value
28910,0.09093724191188812
107995,0.08369644731283188
35254,0.07951343059539795
42812,0.060550302267074585
49591,0.05693509057164192
50439,0.05499381199479103
54956,0.05391639098525047
17608,0.04887102544307709
111011,0.04886345937848091
49456,0.0472908541560173
