Index,Activation Value
33420,0.5247693061828613
40835,0.2811656892299652
4361,0.17124061286449432
3365,0.09015011042356491
