Index,Activation Value
31199,0.07669834792613983
101572,0.07440643757581711
92077,0.06779786199331284
14022,0.06159600615501404
66289,0.061083562672138214
103694,0.05994876101613045
96758,0.05900679528713226
12344,0.05820870026946068
103825,0.057980798184871674
14983,0.05678664892911911
