Index,Activation Value
8080,0.17693547904491425
8396,0.17567439377307892
29340,0.16184315085411072
33011,0.16035926342010498
56855,0.15392345190048218
4191,0.1360706388950348
35684,0.1349419355392456
38924,0.13198517262935638
36212,0.12946607172489166
21161,0.11419259756803513
