Index,Activation Value
33011,0.03180151432752609
53579,0.03129811957478523
26778,0.02686615101993084
56855,0.02305315062403679
38924,0.01977834478020668
8396,0.01870366372168064
25657,0.016127225011587143
42887,0.015073413029313087
18000,0.013123123906552792
29340,0.012857703492045403
