Index,Activation Value
37876,1.2223420143127441
106895,0.1719980686903
111865,0.09516579657793045
