Index,Activation Value
21467,0.33322417736053467
44569,0.30163007974624634
43054,0.22167249023914337
38432,0.19499213993549347
24298,0.18656061589717865
1859,0.17748957872390747
54138,0.1623593419790268
56155,0.16195984184741974
15111,0.15846280753612518
773,0.15255206823349
