Index,Activation Value
38924,0.07261595129966736
43054,0.06304345279932022
39547,0.053248029202222824
19868,0.05308239161968231
38247,0.04631413519382477
773,0.0380856916308403
58249,0.03466542437672615
26778,0.03416448459029198
16549,0.03336167335510254
31022,0.03072027675807476
