Index,Activation Value
100136,0.014032041653990746
55426,0.013343404047191143
16807,0.012862823903560638
110712,0.01122588012367487
59080,0.010600470006465912
42192,0.008718933910131454
95769,0.008265749551355839
90842,0.007987125776708126
87491,0.007441555615514517
63669,0.006697220727801323
