Index,Activation Value
70349,0.01261522714048624
88571,0.008216814137995243
83828,0.005408638622611761
13090,0.0051940372213721275
17902,0.0030600205063819885
62662,0.0029269710648804903
52683,0.002502125920727849
56725,0.0024600443430244923
20663,0.002161588752642274
60631,0.002137851668521762
