Index,Activation Value
13090,0.08676879853010178
44060,0.07587140798568726
35831,0.07268896698951721
28425,0.06800808757543564
34454,0.0654522255063057
39257,0.061064817011356354
56725,0.06074368581175804
36398,0.05910974740982056
31778,0.05881691351532936
100884,0.05613961070775986
