Index,Activation Value
107995,0.08722606301307678
52683,0.08574726432561874
93685,0.05317554995417595
46013,0.04294903948903084
65993,0.04205170273780823
4825,0.041129376739263535
97407,0.037272680550813675
111478,0.0349913015961647
88571,0.03446505218744278
95312,0.034151140600442886
