Index,Activation Value
9148,0.7131617069244385
2055,0.10856077075004578
