Index,Activation Value
39837,0.11240085959434509
56554,0.10313424468040466
773,0.09566321223974228
13473,0.08587528765201569
43054,0.08584200590848923
24702,0.08390446752309799
48383,0.08112842589616776
55867,0.08068527281284332
34961,0.07965289801359177
36598,0.07829929888248444
