Index,Activation Value
52426,0.003677504602819681
104537,0.002747507533058524
