Index,Activation Value
53579,0.004768014885485172
36212,0.004550419747829437
56855,0.004463614895939827
21467,0.00428486242890358
38924,0.0040010930970311165
8396,0.003975613508373499
29340,0.003350756363943219
27547,0.0031234046909958124
8080,0.002996517578139901
26778,0.002785748802125454
