Index,Activation Value
104537,0.008170614019036293
71812,0.0037040256429463625
1267,0.00333029730245471
30787,0.002720628632232547
35913,0.0023233008105307817
50983,0.002243346069008112
88937,0.0020505439024418592
42192,0.0020431068260222673
103008,0.0019174552289769053
88384,0.0018572660628706217
