Index,Activation Value
70349,0.1141805499792099
36173,0.09749408066272736
27438,0.0930526927113533
15751,0.0874716117978096
52183,0.08000736683607101
60631,0.07932952046394348
76906,0.07313819229602814
51766,0.07187789678573608
111011,0.0704040452837944
14165,0.06941662728786469
