Index,Activation Value
54138,0.09765253216028214
24298,0.0832623839378357
21467,0.07361092418432236
53579,0.05817149579524994
42887,0.05327894166111946
38924,0.049608178436756134
18000,0.04821357503533363
579,0.046909939497709274
8019,0.045440878719091415
54222,0.041903723031282425
