Index,Activation Value
13090,0.10291467607021332
54896,0.07013974338769913
15706,0.049497488886117935
96125,0.04754788428544998
15003,0.04536895081400871
97407,0.04474413022398949
52683,0.04402196779847145
11374,0.03731708228588104
111154,0.032793208956718445
24235,0.032216280698776245
