Index,Activation Value
38127,0.17722323536872864
773,0.14456212520599365
13179,0.1309225708246231
16549,0.12530727684497833
36875,0.12227568030357361
57163,0.11766151338815689
36473,0.11477439105510712
39837,0.11270841956138611
33011,0.10981961339712143
51614,0.10877415537834167
