Index,Activation Value
44208,0.036391373723745346
33011,0.026555096730589867
7444,0.013493801467120647
56273,0.012886513024568558
41843,0.012184517458081245
34268,0.011398709379136562
7125,0.011143731884658337
43514,0.010567368008196354
35215,0.009775479324162006
37903,0.009253661148250103
