Index,Activation Value
95978,0.5495038628578186
38322,0.055209074169397354
