Index,Activation Value
47257,0.012932882644236088
4055,0.009360434487462044
9351,0.009126911871135235
24702,0.008953415788710117
7145,0.008607509545981884
40818,0.00841848086565733
11478,0.008386257104575634
47247,0.008297361433506012
36944,0.0075066848658025265
47009,0.0072946129366755486
