Index,Activation Value
29340,0.003787275170907378
44569,0.0030034396331757307
36212,0.002774968510493636
8396,0.0019257396925240755
53582,0.0018247031839564443
24565,0.0012897648848593235
56855,0.001011688495054841
4530,0.00047694213571958244
25657,0.0003490061790216714
