Index,Activation Value
60631,0.11605487763881683
2279,0.09505018591880798
52683,0.09400322288274765
56725,0.08640804886817932
52183,0.08213299512863159
33336,0.08088114857673645
9293,0.08075939118862152
36533,0.06937422603368759
97407,0.06762226670980453
111011,0.06382713466882706
