Index,Activation Value
80031,0.4323612451553345
21702,0.2606932818889618
112152,0.1822585165500641
30016,0.01592550240457058
