Index,Activation Value
56855,0.0036072086077183485
8396,0.0004012405697721988
