Index,Activation Value
64204,0.01815023459494114
52426,0.01777230016887188
22202,0.006844328250735998
91875,0.0064514316618442535
54156,0.006366841960698366
12589,0.006354611366987228
16261,0.004425595048815012
99629,0.003283645026385784
62757,0.002704754937440157
46468,0.0026586244348436594
