Index,Activation Value
56855,0.3798200786113739
32727,0.3283008337020874
41844,0.3039228916168213
43197,0.30189943313598633
8396,0.2989029884338379
44569,0.28934699296951294
9816,0.2772238254547119
29340,0.27360835671424866
45313,0.2732017934322357
8019,0.25154829025268555
