Index,Activation Value
6156,0.10505154728889465
87758,0.10492733865976334
52491,0.09673886746168137
7351,0.09503455460071564
12344,0.09355218708515167
868,0.08281902223825455
74354,0.07871411740779877
47586,0.07700802385807037
52426,0.0675797164440155
88546,0.06703352183103561
