Index,Activation Value
38432,0.0007162945694290102
26778,0.000655632873531431
45313,0.0006037096027284861
24298,0.0005739457556046546
32727,0.0005430903984233737
44569,0.0005359336500987411
38340,0.0004366112407296896
43197,0.0003558217140380293
27547,0.000298112106975168
19868,0.00029683663160540164
