Index,Activation Value
95769,0.0917607992887497
88571,0.08197670429944992
96065,0.07750263065099716
4738,0.07186093926429749
3082,0.07082988321781158
17902,0.06768696010112762
41210,0.059339381754398346
65958,0.059221893548965454
70349,0.05869336053729057
7362,0.057819664478302
