Index,Activation Value
21467,0.24704894423484802
20435,0.2274407595396042
58458,0.21875497698783875
32704,0.20566822588443756
56096,0.2047729790210724
49406,0.19941207766532898
27399,0.19755959510803223
28312,0.1973891258239746
4817,0.19417521357536316
32254,0.18631905317306519
