Index,Activation Value
8396,0.0018304572440683842
56855,0.0015342810656875372
36212,0.001163130858913064
