Index,Activation Value
89903,0.06538397073745728
103824,0.05658150091767311
47884,0.056516628712415695
110712,0.05249158293008804
102181,0.05000646784901619
67509,0.04976816102862358
27328,0.04955965653061867
23410,0.048309262841939926
88571,0.046580810099840164
8251,0.04631222411990166
