Index,Activation Value
20663,0.08981961011886597
12589,0.08340061455965042
27438,0.07858896255493164
80813,0.07223852723836899
87758,0.0714196264743805
67013,0.06808425486087799
592,0.06532106548547745
105975,0.06390222907066345
46468,0.06289434432983398
13090,0.06201465055346489
