Index,Activation Value
48473,2.50083589553833
18739,1.8118870258331299
42482,1.6312593221664429
73782,1.4460057020187378
101973,1.204916000366211
111765,1.154653549194336
36379,0.9288946390151978
40815,0.9216158390045166
81134,0.7451897859573364
91456,0.6373938322067261
