Index,Activation Value
21467,0.0015929258661344647
38432,0.0013751580845564604
38924,0.001368613913655281
27547,0.0006262038368731737
33011,0.0003521942999213934
53579,0.0003223174426238984
53582,0.00022415840066969395
38340,0.00012798413808923215
24565,0.00012367356976028532
36212,9.62206395342946e-05
