Index,Activation Value
49406,0.21979916095733643
28312,0.19517120718955994
10570,0.19071531295776367
20435,0.18967701494693756
19491,0.18193180859088898
36625,0.17896787822246552
36473,0.17708201706409454
44743,0.17594456672668457
47264,0.17309041321277618
48137,0.17125995457172394
