Index,Activation Value
51614,0.10498201847076416
43054,0.10463471710681915
4930,0.09136954694986343
44269,0.08947298675775528
14040,0.0789782851934433
58198,0.07376521825790405
29960,0.07214442640542984
22678,0.06570577621459961
23665,0.06452734023332596
39999,0.06208707019686699
