Index,Activation Value
56725,0.02488747425377369
83828,0.024287130683660507
37498,0.02406393364071846
16107,0.022168423980474472
33336,0.01043176930397749
32638,0.010150621645152569
111011,0.010040000081062317
104537,0.009752225130796432
55426,0.008378072641789913
84018,0.006349665578454733
