Index,Activation Value
9816,0.27317947149276733
43197,0.25113463401794434
8019,0.18471796810626984
32727,0.17880922555923462
42887,0.1777210831642151
19701,0.15211397409439087
15111,0.13899871706962585
59981,0.12223020941019058
29465,0.11431325972080231
56505,0.10908778756856918
