Index,Activation Value
45997,0.014819050207734108
7145,0.01457061618566513
26731,0.013280236162245274
3057,0.012005262076854706
46700,0.011939856223762035
38763,0.010094850324094296
48383,0.009921311400830746
27203,0.009914844296872616
14756,0.009500314481556416
4055,0.008326376788318157
