Index,Activation Value
76908,0.09544076025485992
9293,0.07068505883216858
91104,0.06883814930915833
3311,0.062097206711769104
35254,0.06055600941181183
84018,0.055629000067710876
111056,0.054595887660980225
86756,0.05315553769469261
62319,0.052888114005327225
67013,0.051952626556158066
