Index,Activation Value
96450,0.9570826888084412
43835,0.32762596011161804
