Index,Activation Value
21467,0.8728338479995728
53579,0.6503643989562988
8080,0.5821983218193054
38432,0.5586209893226624
36212,0.5424122214317322
44569,0.5020825266838074
1859,0.4251941740512848
8396,0.4075138568878174
29340,0.4044272005558014
38340,0.3955649435520172
