Index,Activation Value
13090,0.06343096494674683
60631,0.05018056556582451
56725,0.0471658781170845
70349,0.043766990303993225
37498,0.03413798660039902
28425,0.02679089456796646
36173,0.02395852655172348
52183,0.021547868847846985
27858,0.019794462248682976
97407,0.016925716772675514
