Index,Activation Value
7783,0.02456735447049141
37903,0.020000310614705086
43054,0.013625157997012138
58198,0.013480710797011852
27399,0.011147712357342243
2390,0.010981885716319084
47728,0.010925674811005592
36598,0.010857760906219482
42493,0.010355201549828053
18736,0.010305404663085938
