Index,Activation Value
28312,0.09490355849266052
49406,0.09143762290477753
32704,0.08091874420642853
14196,0.08077286183834076
4817,0.0803287997841835
56096,0.07985875755548477
16956,0.07807386666536331
2800,0.07771315425634384
40678,0.07640191912651062
27569,0.07584258168935776
