Index,Activation Value
36212,0.054774776101112366
4530,0.05036398395895958
7145,0.042197588831186295
36625,0.036873895674943924
59924,0.034234654158353806
8396,0.031086042523384094
24702,0.028416138142347336
43541,0.02724899724125862
48131,0.027035117149353027
47257,0.026882844045758247
