Index,Activation Value
32727,0.0023566121235489845
51769,5.962649447610602e-05
