Index,Activation Value
28425,0.012485042214393616
104537,0.004568243399262428
1021,0.004037291277199984
86538,0.0035618676338344812
52847,0.001579532865434885
