Index,Activation Value
38228,0.08550805598497391
101572,0.08532413095235825
111011,0.08117152005434036
108688,0.06874959170818329
22092,0.055128008127212524
27858,0.048724472522735596
30829,0.048017263412475586
48473,0.046585727483034134
37498,0.045782964676618576
99763,0.041144631803035736
