Index,Activation Value
24049,0.6202418208122253
95576,0.5655601620674133
31778,0.4878423511981964
64265,0.3603918254375458
71516,0.2891795337200165
62430,0.2860642373561859
55225,0.16487689316272736
1553,0.16002610325813293
3094,0.08687584847211838
60362,0.01627403497695923
