Index,Activation Value
38924,0.17519952356815338
21467,0.13780348002910614
26778,0.12797412276268005
53579,0.1267145723104477
8080,0.08821341395378113
58249,0.08705542981624603
33011,0.07976416498422623
8019,0.0685984343290329
54138,0.0683160126209259
24298,0.06677232682704926
