Index,Activation Value
20733,0.46320706605911255
111914,0.45953214168548584
111116,0.4046701192855835
44060,0.284313440322876
102322,0.17396458983421326
96040,0.14162477850914001
81011,0.1269036829471588
48362,0.10739979892969131
58759,0.06085186451673508
50845,0.02242152765393257
