Index,Activation Value
5556,0.07816912978887558
55867,0.05088289827108383
13581,0.045260604470968246
17076,0.0418519452214241
45759,0.041634317487478256
8912,0.037724871188402176
43514,0.034967098385095596
56930,0.03446602821350098
47380,0.03366679325699806
58963,0.032430440187454224
