Index,Activation Value
25849,1.546019434928894
4825,1.3530802726745605
40355,1.0747126340866089
96125,0.8343790173530579
21450,0.8023215532302856
74439,0.5530820488929749
1267,0.550712525844574
37812,0.45779210329055786
47444,0.26201125979423523
15751,0.1981435865163803
