Index,Activation Value
28561,0.12500247359275818
14826,0.11866345256567001
33607,0.11841984838247299
44269,0.1054784432053566
16653,0.09548553079366684
50011,0.09382158517837524
7683,0.09051813930273056
23805,0.08452579379081726
22678,0.08338230103254318
58198,0.08276296406984329
