Index,Activation Value
92547,0.008392168208956718
47884,0.006754231173545122
52826,0.004611483309417963
100195,0.004262922331690788
30064,0.0035130134783685207
58367,0.002977056195959449
93306,0.0022293278016149998
109813,0.0017914315685629845
111725,0.0015483209863305092
52683,0.0012823891593143344
