Index,Activation Value
36212,0.19274112582206726
8396,0.1484031081199646
21467,0.12963531911373138
32727,0.12941256165504456
56855,0.12794730067253113
38432,0.11013633757829666
25657,0.10066092014312744
27547,0.09734820574522018
38340,0.09652899950742722
41844,0.09327622503042221
