Index,Activation Value
43178,0.15127591788768768
54405,0.0914171040058136
9351,0.08634304255247116
25802,0.08207757771015167
38247,0.07574670761823654
42773,0.07334303110837936
32757,0.07328459620475769
47976,0.07103806734085083
28855,0.06865109503269196
9084,0.06650655716657639
