Index,Activation Value
33336,0.013536045327782631
28425,0.013057133182883263
4738,0.012862344272434711
19627,0.012432721443474293
107551,0.012321109883487225
8774,0.011598749086260796
72094,0.008282584138214588
18272,0.007678575813770294
103991,0.007651392370462418
56725,0.006941881496459246
