Index,Activation Value
56855,0.028081078082323074
26778,0.02476334571838379
44569,0.022438781335949898
8396,0.021636435762047768
36212,0.02076612412929535
8080,0.020415276288986206
38432,0.019339071586728096
27547,0.01867014542222023
38340,0.01842672750353813
53579,0.017145896330475807
