Index,Activation Value
17428,0.20151425898075104
24298,0.12966661155223846
36473,0.12080256640911102
10570,0.10905423760414124
54222,0.0972815528512001
579,0.0931960865855217
16486,0.08680765330791473
54138,0.08431842923164368
59302,0.08406981825828552
11450,0.083623006939888
