Index,Activation Value
60631,0.010266588069498539
90842,0.00993557833135128
22092,0.006197442766278982
107925,0.005951779894530773
16107,0.00550317857414484
96758,0.005114596337080002
92077,0.0042348504066467285
19627,0.0035946916323155165
76906,0.003461110405623913
47448,0.0030886949971318245
