Index,Activation Value
70349,0.038565780967473984
14022,0.017615821212530136
66000,0.016979705542325974
27858,0.016399012878537178
61123,0.016177121549844742
21549,0.01587395742535591
22227,0.015307101421058178
4765,0.015036999247968197
2279,0.015028364025056362
2871,0.014952776953577995
