Index,Activation Value
104156,1.1316231489181519
30493,0.5646839737892151
106781,0.5047101974487305
1015,0.2640135586261749
8062,0.12337517738342285
83297,0.0805024802684784
99922,0.024676578119397163
82153,0.01609993912279606
