Index,Activation Value
81473,0.6904517412185669
1284,0.532299816608429
51660,0.37831011414527893
102683,0.37543985247612
12262,0.36708593368530273
60474,0.26120245456695557
37886,0.2037934958934784
94783,0.1276940256357193
22388,0.12382488697767258
79166,0.1065889224410057
