Index,Activation Value
52426,0.1859247386455536
111011,0.1460747867822647
88571,0.11433696746826172
80233,0.10828585177659988
16158,0.10334090888500214
38228,0.09480892866849899
48473,0.09407003968954086
33336,0.09398268163204193
70349,0.08860037475824356
27438,0.08730088174343109
