Index,Activation Value
27801,0.7637211084365845
57279,0.6582701802253723
35830,0.5158954858779907
18636,0.44196340441703796
393,0.27797582745552063
35022,0.2714140713214874
44493,0.1581234633922577
48510,0.1280263215303421
7447,0.12109876424074173
28701,0.05246583744883537
