Index,Activation Value
90842,0.10942350327968597
33336,0.06074877083301544
18680,0.057684846222400665
107558,0.053248196840286255
74354,0.047564953565597534
107925,0.04685629904270172
19627,0.04595446214079857
88571,0.04366460070014
104537,0.03886301815509796
111478,0.03683535009622574
