Index,Activation Value
33011,0.014934059232473373
773,0.012826148420572281
16549,0.008798863738775253
38127,0.0073818485252559185
39837,0.007116842083632946
5556,0.0045547205954790115
26778,0.00441514840349555
35367,0.0041158427484333515
27771,0.0038831692654639482
56147,0.0038461158983409405
