Index,Activation Value
100659,2.2859838008880615
55426,1.8626571893692017
8813,1.603918433189392
71543,1.4583016633987427
41692,1.4192166328430176
80383,1.3895787000656128
60153,1.0991244316101074
111768,0.9311555624008179
61980,0.9109815955162048
66289,0.8477449417114258
