Index,Activation Value
38127,0.04632420092821121
33011,0.039453912526369095
218,0.03655507043004036
37903,0.019355226308107376
19701,0.011389663442969322
21467,0.010393072851002216
13179,0.009725043550133705
31056,0.008920358493924141
27547,0.008676042780280113
17076,0.007598679047077894
