Index,Activation Value
102215,1.5146580934524536
97534,1.4793487787246704
13488,1.2112537622451782
107581,1.0998551845550537
30967,0.7701413035392761
1013,0.7397284507751465
16895,0.7228901386260986
69889,0.6596235632896423
85438,0.6060045957565308
87495,0.5360984206199646
