Index,Activation Value
43054,4.214105606079102
22813,3.3762948513031006
16469,3.334635019302368
10226,3.0146563053131104
50938,2.8745155334472656
39547,2.4146502017974854
24409,2.393113613128662
49547,2.3755030632019043
38247,2.3343827724456787
7145,2.326350450515747
