Index,Activation Value
21467,0.03769848123192787
58249,0.027800435200333595
53579,0.027448518201708794
38924,0.027062566950917244
1909,0.022103119641542435
18000,0.015551417134702206
36473,0.014357540756464005
33011,0.013030052185058594
8019,0.010713656432926655
8080,0.010595249943435192
