Index,Activation Value
17076,2.594615936279297
18255,1.6866174936294556
5285,1.4891581535339355
3932,1.455660343170166
36329,0.7519564032554626
13195,0.7037829160690308
37729,0.6994634866714478
9928,0.35811665654182434
16558,0.2784656584262848
49243,0.25530314445495605
