Index,Activation Value
56725,0.0060309735126793385
33336,0.0036962174344807863
60631,0.002656006021425128
104537,0.00012405996676534414
