Index,Activation Value
29340,0.2562119662761688
55023,0.23605646193027496
56855,0.213918074965477
24565,0.18714192509651184
53582,0.18469418585300446
8396,0.1768360733985901
36212,0.12548303604125977
48477,0.11924838274717331
15670,0.10251054912805557
4530,0.10191419720649719
