Index,Activation Value
13462,0.5197870135307312
5319,0.3381633460521698
5346,0.30556637048721313
13195,0.08705471456050873
53885,0.013710970059037209
31301,0.008674584329128265
18255,2.3541682821814902e-05
