Index,Activation Value
7351,0.09605055302381516
12344,0.09242980182170868
72094,0.0914112776517868
35254,0.08737746626138687
48473,0.08719795197248459
42192,0.07672025263309479
73782,0.07528924196958542
95496,0.07337601482868195
47586,0.06553717702627182
96065,0.06509570777416229
