Index,Activation Value
65858,0.316326379776001
73429,0.14458727836608887
23146,0.07334761321544647
