Index,Activation Value
16158,0.005503204185515642
52854,0.003882489399984479
90284,0.0032057869248092175
54690,0.00027990154922008514
12064,0.00013888745161239058
