Index,Activation Value
72974,0.7601498365402222
57824,0.4566216468811035
41186,0.44667044281959534
73757,0.3599892854690552
6017,0.3312758505344391
46380,0.27641353011131287
17118,0.25247058272361755
3356,0.17650334537029266
91840,0.13003574311733246
75771,0.12621982395648956
