Index,Activation Value
64204,0.08721879124641418
35254,0.080362468957901
62757,0.04386681690812111
28425,0.038364920765161514
16807,0.03833935782313347
92307,0.03321192413568497
6156,0.03253135457634926
31199,0.0322447195649147
59998,0.030177457258105278
16089,0.02800286002457142
