Index,Activation Value
21467,0.008986253291368484
36473,0.00827720481902361
29340,0.007780805695801973
56855,0.0075982483103871346
44569,0.004521897062659264
8396,0.0022772804368287325
29465,0.0022762117441743612
38340,0.0006289563607424498
25657,0.0002438652009004727
