Index,Activation Value
59998,0.0009241204243153334
100136,8.723139035282657e-05
