Index,Activation Value
70776,0.10082261264324188
96654,0.08376766741275787
93969,0.08107329159975052
59080,0.07179731875658035
24235,0.07078037410974503
13090,0.06913039833307266
56725,0.06895468384027481
107995,0.06696051359176636
107925,0.06628962606191635
42493,0.06625988334417343
