Index,Activation Value
3366,0.017948737367987633
48137,0.011800337582826614
31723,0.010439134202897549
13109,0.00957281794399023
25800,0.0090648103505373
34397,0.008863547816872597
55731,0.007381238974630833
34925,0.006739439908415079
13655,0.006682222243398428
28312,0.0061397007666528225
