Index,Activation Value
52426,0.14506740868091583
52183,0.09409747272729874
25849,0.08706116676330566
92077,0.08411156386137009
62662,0.08081164211034775
47448,0.0681099146604538
20663,0.06740504503250122
54105,0.0645672008395195
108542,0.06343355029821396
28910,0.06138412281870842
