Index,Activation Value
91875,0.07585448026657104
88937,0.0716753751039505
4765,0.07122056186199188
50439,0.06320036947727203
97336,0.060750458389520645
67509,0.055448442697525024
32558,0.054939378052949905
34655,0.05178382992744446
71879,0.04825369641184807
61202,0.04780977591872215
