Index,Activation Value
32727,0.187083899974823
45313,0.17441555857658386
19868,0.14763833582401276
21467,0.14298470318317413
53579,0.14138288795948029
36212,0.13940568268299103
27683,0.12426906824111938
38340,0.11015220731496811
31022,0.10844395309686661
14826,0.10331427305936813
