Index,Activation Value
34454,0.005404971539974213
31199,0.0052308556623756886
97407,0.005110100843012333
54896,0.004302350338548422
22092,0.0030240979976952076
56725,0.002779342932626605
27858,0.0011160835856571794
45447,0.0006398197147063911
13090,0.0006250199512578547
