Index,Activation Value
24298,0.026448510587215424
8019,0.023894980549812317
30430,0.021078750491142273
33011,0.020319687202572823
53589,0.019807271659374237
27547,0.01935805194079876
13743,0.019199831411242485
54138,0.01882750354707241
38340,0.017994699999690056
19868,0.017455769702792168
