Index,Activation Value
28312,0.28179940581321716
56096,0.23073236644268036
48137,0.22985221445560455
24298,0.20811764895915985
20435,0.20664773881435394
27399,0.20237287878990173
21191,0.20178599655628204
52585,0.19574974477291107
49406,0.19183726608753204
32704,0.19025950133800507
