Index,Activation Value
32604,1.2256523370742798
14147,1.0584995746612549
22362,1.029573678970337
34520,0.9821305871009827
5774,0.8980129957199097
16931,0.7317362427711487
24934,0.6286998987197876
30004,0.5990567207336426
47764,0.5893018841743469
27667,0.5865373015403748
