Index,Activation Value
55426,0.11309739202260971
104537,0.06193353235721588
63669,0.059993114322423935
93685,0.05609025061130524
101572,0.05419519916176796
35254,0.043872762471437454
11313,0.0422087237238884
88546,0.0386420413851738
92307,0.03627313673496246
71543,0.03477967157959938
