Index,Activation Value
56725,0.14264549314975739
52183,0.13647723197937012
28910,0.1242169439792633
83828,0.11049972474575043
111011,0.07401468604803085
13090,0.0698789730668068
95769,0.06770385801792145
99629,0.06316875666379929
60631,0.05903353914618492
37498,0.05844515562057495
