Index,Activation Value
109730,0.5943342447280884
33249,0.5911813974380493
84272,0.19465427100658417
76902,0.12629719078540802
1506,0.05655234679579735
18693,0.007105638738721609
