Index,Activation Value
80813,0.025792736560106277
84018,0.024253124371170998
35254,0.01887418143451214
104002,0.01809544302523136
107551,0.012627569027245045
8774,0.012033721432089806
27191,0.011067453771829605
71879,0.010480476543307304
110108,0.009966157376766205
104537,0.00935683585703373
