Index,Activation Value
38432,0.004573128651827574
36212,0.002610828960314393
56855,0.000881612824741751
8396,0.0006263992399908602
