Index,Activation Value
21467,0.007300976663827896
36212,0.005294377449899912
8396,0.004299556836485863
56855,0.0038761221803724766
38432,0.0026356098242104053
