Index,Activation Value
8396,0.04045441746711731
21467,0.0403314046561718
36212,0.039672769606113434
56855,0.038730669766664505
29340,0.0364823117852211
38924,0.033722925931215286
38432,0.03304731100797653
54138,0.02942574769258499
58249,0.0239032544195652
53579,0.02325654961168766
