Index,Activation Value
24298,0.7140222191810608
54138,0.5711742639541626
8080,0.534160315990448
38924,0.5125822424888611
53579,0.46848684549331665
21467,0.45758554339408875
36473,0.45026475191116333
44569,0.44227200746536255
8019,0.43853849172592163
26778,0.4073130190372467
