Index,Activation Value
101572,0.012759040109813213
96758,0.012443489395081997
88295,0.010476719588041306
33336,0.009155042469501495
20663,0.008864551782608032
59998,0.007220699917525053
108759,0.007096432149410248
48473,0.006704048719257116
43807,0.006383397616446018
24235,0.006318857427686453
