Index,Activation Value
52683,0.09652849286794662
15751,0.09220999479293823
95693,0.05847185477614403
110063,0.05417308956384659
109813,0.053701553493738174
55426,0.053593095391988754
31199,0.05281263589859009
11374,0.04887326806783676
111011,0.047417834401130676
15706,0.047110844403505325
