Index,Activation Value
21467,0.06860194355249405
36212,0.061090514063835144
56855,0.055581752210855484
8396,0.05203805863857269
29340,0.04890464246273041
32727,0.04268191009759903
38432,0.041003357619047165
45313,0.04040062054991722
27547,0.0389430895447731
8080,0.033914364874362946
