Index,Activation Value
13743,0.09518217295408249
29465,0.08399214595556259
57551,0.07391609996557236
15111,0.07295514643192291
33607,0.06676167249679565
45313,0.0637713149189949
30430,0.06292296200990677
36625,0.05944499000906944
36944,0.05870514735579491
56855,0.05713776871562004
