Index,Activation Value
53582,0.14904330670833588
59924,0.1351492553949356
24565,0.13503237068653107
40818,0.1277451068162918
7145,0.1277376413345337
47247,0.12579025328159332
9049,0.12038268148899078
31056,0.11959026008844376
25087,0.10868377983570099
57892,0.10713861882686615
