Index,Activation Value
37903,0.10914527624845505
14147,0.09486236423254013
3689,0.08332472294569016
7783,0.08057636022567749
36625,0.08045456558465958
21019,0.07853490859270096
40818,0.07714948803186417
32604,0.07504583150148392
27840,0.07479332387447357
15111,0.07268714904785156
