Index,Activation Value
16807,0.002771425759419799
19627,0.0019111899891868234
