Index,Activation Value
70349,0.1164824515581131
14165,0.11164475232362747
88571,0.10044050216674805
101572,0.07736093550920486
17902,0.07460415363311768
52426,0.07235629111528397
107558,0.07222738116979599
80813,0.06790999323129654
47884,0.05720837414264679
8252,0.054844893515110016
