Index,Activation Value
60631,0.1019357442855835
52183,0.09647398442029953
59998,0.09198910742998123
52426,0.07971446961164474
37498,0.07649443298578262
29372,0.06830720603466034
26012,0.06491019576787949
9293,0.06001923605799675
111291,0.05882321670651436
35254,0.058612652122974396
