Index,Activation Value
24298,0.01353788934648037
8019,0.012211707420647144
27547,0.01132998801767826
32727,0.010851889848709106
53579,0.010788253508508205
38432,0.010553231462836266
21467,0.00941570196300745
54138,0.009382393211126328
26778,0.008640382438898087
58249,0.00804149080067873
