Index,Activation Value
38127,0.10747791826725006
56007,0.10456511378288269
10570,0.09824390709400177
52382,0.09378623217344284
32757,0.0919068455696106
19484,0.0852513462305069
22214,0.08333220332860947
9480,0.08110206574201584
38247,0.07916364818811417
42493,0.07851048558950424
