Index,Activation Value
8396,0.025935539975762367
36212,0.025207990780472755
56855,0.02152988873422146
29340,0.015151822939515114
25657,0.014425646513700485
45313,0.005472107324749231
57551,0.0026293564587831497
55023,0.002172257285565138
52440,0.001743313274346292
27547,0.0013180094538256526
