Index,Activation Value
80813,0.1259835660457611
14022,0.08245667070150375
7866,0.07437416166067123
41210,0.07256187498569489
17690,0.07175172120332718
26376,0.07132453471422195
65958,0.06945722550153732
88546,0.06875982880592346
6156,0.06651010364294052
100532,0.062242068350315094
