Index,Activation Value
4440,1.5357439517974854
55397,0.7802988290786743
