Index,Activation Value
25657,0.0043256343342363834
30430,0.004013183061033487
38127,0.002514533931389451
8396,0.0016546003753319383
56855,0.00047626689774915576
44964,0.0002121635916410014
44208,0.0002067506138700992
