Index,Activation Value
53579,0.3285549283027649
21467,0.2846769094467163
38924,0.27147743105888367
24298,0.25345900654792786
36212,0.2525377869606018
29340,0.2519224286079407
56855,0.2507651448249817
33011,0.24684444069862366
8396,0.23355036973953247
26778,0.2248227745294571
