Index,Activation Value
52426,0.00036215828731656075
88571,0.00018857776012737304
90842,0.00015168581739999354
64204,1.775855139385385e-06
