Index,Activation Value
52683,0.0011295884614810348
14022,0.0007528455462306738
7334,0.0005340984789654613
107925,0.00041122682159766555
