Index,Activation Value
22092,0.06095102056860924
54896,0.05408644676208496
1021,0.04439912363886833
42482,0.0434606708586216
110712,0.03956072777509689
52854,0.034399643540382385
27912,0.029484588652849197
46665,0.02720019593834877
31199,0.025471365079283714
68937,0.024798957630991936
