Index,Activation Value
16549,0.18049417436122894
773,0.14549027383327484
36875,0.12412871420383453
45858,0.1228037178516388
56147,0.11424415558576584
2656,0.10295354574918747
39837,0.09963173419237137
44964,0.0975000411272049
33547,0.09124212712049484
14960,0.08407391607761383
