Index,Activation Value
8019,0.026078321039676666
24298,0.025532230734825134
29340,0.016645919531583786
54138,0.01648433320224285
579,0.014305618591606617
36473,0.013650014996528625
8349,0.0103808818385005
38432,0.0099481837823987
48137,0.009780781343579292
12023,0.009664785116910934
