Index,Activation Value
21467,0.34782978892326355
8080,0.2761876881122589
54138,0.2470528483390808
8019,0.22488470375537872
38432,0.22403907775878906
44569,0.20717471837997437
44208,0.20260509848594666
13743,0.1886880248785019
45313,0.18838641047477722
24298,0.18787941336631775
