Index,Activation Value
53579,0.21400265395641327
27683,0.19599075615406036
38924,0.1944141983985901
29340,0.1843828409910202
58249,0.15703080594539642
41844,0.14236940443515778
27547,0.13346052169799805
39864,0.12542103230953217
56855,0.12463249266147614
55023,0.12327064573764801
