Index,Activation Value
56505,0.1249527707695961
566,0.12248726189136505
54138,0.10372762382030487
218,0.08358435332775116
8019,0.08247852325439453
23998,0.06553845852613449
26073,0.061861712485551834
38127,0.06072165444493294
18000,0.059228431433439255
8349,0.05886827036738396
