Index,Activation Value
21019,0.16630452871322632
3689,0.15476392209529877
48346,0.15152204036712646
35367,0.1511087417602539
44036,0.13881142437458038
14756,0.12879888713359833
48383,0.12653404474258423
31141,0.12236043065786362
55034,0.12137540429830551
44208,0.11952195316553116
