Index,Activation Value
43054,0.1292223334312439
2354,0.12043661624193192
10570,0.11426800489425659
4930,0.08126619458198547
3689,0.07867798954248428
23665,0.0704125314950943
57009,0.06856376677751541
1838,0.0673232227563858
32881,0.06664914637804031
54927,0.06630107760429382
