Index,Activation Value
24235,1.9759395122528076
73782,1.867816686630249
52183,1.6033304929733276
48473,1.3837456703186035
106510,1.2371262311935425
58502,1.0415676832199097
34464,1.0049322843551636
18947,0.8448607921600342
28910,0.8441999554634094
46930,0.8385947346687317
