Index,Activation Value
8019,0.022370703518390656
9816,0.02136143110692501
27547,0.020612239837646484
24298,0.018691731616854668
32727,0.018295882269740105
42887,0.0176440067589283
36473,0.013724454678595066
43197,0.012517339549958706
58458,0.012278796173632145
34961,0.009087675251066685
