Index,Activation Value
36473,0.009831962175667286
58249,0.009751847013831139
53579,0.00949670746922493
43054,0.006323370151221752
38924,0.00620792992413044
38247,0.004823267459869385
26937,0.0024396181106567383
15111,0.0016849834937602282
44208,0.001525509636849165
56554,0.0014088553143665195
