Index,Activation Value
56855,0.009666284546256065
8396,0.0062887477688491344
36212,0.0046855732798576355
29340,0.004412755370140076
25657,0.0007727842312306166
38924,0.0006010201177559793
