Index,Activation Value
56725,0.11296378821134567
108542,0.09319803863763809
98149,0.08660715818405151
18680,0.08244465291500092
33336,0.07370111346244812
91875,0.07247928529977798
59080,0.06874977052211761
16807,0.06839483231306076
96758,0.06591051071882248
34655,0.06515641510486603
