Index,Activation Value
21467,0.6629838943481445
27547,0.5537119507789612
24298,0.553585946559906
8080,0.5417678356170654
54138,0.529072642326355
36212,0.5192371010780334
8396,0.5125426054000854
56855,0.5072169303894043
29340,0.47302889823913574
8019,0.4646068513393402
