Index,Activation Value
44208,0.09240289777517319
41843,0.07639475911855698
16549,0.07039123773574829
42801,0.06922221928834915
14960,0.06909475475549698
48992,0.0671873539686203
56273,0.06476378440856934
10317,0.06370417028665543
773,0.06156676262617111
36875,0.059636909514665604
