Index,Activation Value
71879,0.10368409752845764
55779,0.10115698724985123
16107,0.09766688942909241
31778,0.08581288158893585
32558,0.06746485829353333
16089,0.05924312770366669
22202,0.05693274363875389
53121,0.05252626910805702
96228,0.05228912830352783
36533,0.05105080455541611
