Index,Activation Value
43054,0.021841738373041153
44208,0.015135746449232101
9769,0.010969235561788082
30435,0.009228593669831753
34150,0.00910999346524477
34212,0.008779043331742287
59069,0.00773865869268775
24409,0.007043486926704645
42296,0.006660947576165199
50256,0.006228078156709671
