Index,Activation Value
93685,0.28511252999305725
53785,0.13370618224143982
46259,0.09356062114238739
