Index,Activation Value
92077,0.013646172359585762
104537,0.002136638853698969
55426,0.0015447225887328386
