Index,Activation Value
59998,0.11886914074420929
17608,0.05640989914536476
17335,0.04559052363038063
24604,0.03392387554049492
26376,0.03170303255319595
60763,0.022135093808174133
22092,0.021375330165028572
57937,0.019618118181824684
16107,0.01891849935054779
93969,0.018015176057815552
