Index,Activation Value
13090,0.1537676453590393
28910,0.10006323456764221
33336,0.09884805232286453
64204,0.09003523737192154
36173,0.08644946664571762
70349,0.07856926321983337
716,0.07638231664896011
15751,0.07236792147159576
37498,0.07086783647537231
12589,0.0683048889040947
