Index,Activation Value
28910,0.0828794613480568
88571,0.06972680985927582
17608,0.06593606621026993
65993,0.062171489000320435
4738,0.05713716894388199
6786,0.046950459480285645
44818,0.041852761059999466
93685,0.03948260843753815
96758,0.0388009250164032
49456,0.038314346224069595
