Index,Activation Value
47167,2.7265419960021973
67575,2.1639926433563232
1571,2.090156316757202
55415,1.8343888521194458
70520,1.674155592918396
79288,1.6736913919448853
92876,1.6256996393203735
112335,1.3289512395858765
11960,1.2446043491363525
14379,1.244186282157898
