Index,Activation Value
21467,0.030491765588521957
53579,0.018652841448783875
38432,0.01066972129046917
36212,0.008511205203831196
38924,0.008393836207687855
4530,0.005583202000707388
28561,0.003623034805059433
53589,0.00302580907009542
43115,0.0018514532130211592
51769,0.001212760922499001
