Index,Activation Value
21467,0.009641624055802822
38924,0.006507319398224354
53579,0.006383105181157589
36625,0.0031037034932523966
38432,0.0018386086449027061
