Index,Activation Value
30430,0.26651236414909363
13743,0.21429306268692017
38340,0.19264641404151917
57551,0.17342860996723175
43115,0.1578390747308731
32727,0.15377391874790192
38432,0.1494462639093399
27547,0.14820006489753723
51614,0.14747069776058197
41844,0.1339741349220276
