Index,Activation Value
1909,0.11447563022375107
33011,0.07015051692724228
42887,0.07013414055109024
53579,0.06480306386947632
58249,0.0636376366019249
36473,0.06227462738752365
59288,0.0567886084318161
25800,0.05592033639550209
13179,0.05166908726096153
18000,0.05072939768433571
