Index,Activation Value
28425,0.027494916692376137
93685,0.008534249849617481
6156,0.008122889325022697
12344,0.008013477548956871
13090,0.004178248345851898
111011,0.004109877627342939
48529,0.002905890578404069
33336,0.0024303055834025145
99629,0.002174175577238202
56725,0.001994295045733452
