Index,Activation Value
39247,0.018480442464351654
45538,0.018127236515283585
41410,0.016711445525288582
35684,0.015288806520402431
13411,0.015000168234109879
36685,0.013868558220565319
47264,0.013698682188987732
14971,0.013453510589897633
21532,0.013180400244891644
44036,0.012970328330993652
