Index,Activation Value
33607,0.1495097577571869
51614,0.12135191261768341
43178,0.11422122269868851
44269,0.10070837289094925
44569,0.10048667341470718
7683,0.09155812859535217
30430,0.08441699296236038
9351,0.07689223438501358
6535,0.07474992424249649
51769,0.07413088530302048
