Index,Activation Value
99629,0.09567302465438843
7106,0.0801633670926094
30787,0.07876402139663696
49456,0.07819853723049164
28425,0.07737822830677032
38228,0.07469093799591064
16158,0.07457367330789566
19530,0.07353708148002625
111011,0.07249362021684647
21437,0.07085847109556198
