Index,Activation Value
59288,0.05144326761364937
36473,0.03922698646783829
13179,0.03294043987989426
1909,0.02997281402349472
10570,0.02150057628750801
29340,0.02105467952787876
17428,0.02040070667862892
51203,0.01980007439851761
18000,0.019423391669988632
50873,0.018952906131744385
