Index,Activation Value
7351,0.018463848158717155
88571,0.008384790271520615
7334,0.00831708312034607
24235,0.005381610244512558
47586,0.004823397379368544
3082,0.004322444554418325
14983,0.00394567521288991
95496,0.0037321867421269417
95115,0.003560354234650731
36173,0.0033932579681277275
