Index,Activation Value
35831,0.08870907872915268
80813,0.08706445246934891
96654,0.0814116895198822
59998,0.07628550380468369
101572,0.0733213797211647
76906,0.06819581985473633
6017,0.06694511324167252
71879,0.06455380469560623
46665,0.06305138766765594
52683,0.062159549444913864
