Index,Activation Value
52440,0.010622850619256496
9107,0.00875636376440525
28561,0.00802999921143055
40818,0.007603805977851152
56855,0.007347234524786472
31736,0.00687327841296792
15529,0.006374734919518232
2390,0.005875337403267622
15111,0.005662659648805857
33333,0.005423423834145069
