Index,Activation Value
43054,0.15624919533729553
3689,0.12726734578609467
45538,0.1196720078587532
13473,0.11946076154708862
4055,0.11800792068243027
51614,0.11386968940496445
36598,0.11013015359640121
48383,0.10737136006355286
58963,0.10524886846542358
10085,0.10437842458486557
