Index,Activation Value
53579,0.15771512687206268
24298,0.13704825937747955
21467,0.10276379436254501
8080,0.0956055149435997
27547,0.09123236685991287
44569,0.08432384580373764
8019,0.08310984820127487
36473,0.0825478583574295
9816,0.08075088262557983
42887,0.07205747067928314
