Index,Activation Value
21467,0.00287218252196908
33011,0.002298362785950303
38924,0.002063181484118104
53579,0.001880370662547648
8080,0.0017583518056198955
38432,0.0013718868140131235
54138,0.0008246636716648936
26778,0.0006356519879773259
8019,0.0005441457033157349
1909,0.0004507527337409556
