Index,Activation Value
7334,0.023838574066758156
46468,0.02258339710533619
11313,0.014991987496614456
54956,0.014472320675849915
33336,0.012142417021095753
90842,0.010169402696192265
107558,0.010077761486172676
18680,0.00906186830252409
12344,0.00891780573874712
12,0.008839257061481476
