Index,Activation Value
53579,0.04619358479976654
33011,0.03604196384549141
21467,0.03244902566075325
58249,0.02826038748025894
38924,0.0235141608864069
1909,0.018396098166704178
26778,0.01269474532455206
44569,0.010705461725592613
8080,0.009509522467851639
56554,0.008977612480521202
