Index,Activation Value
13090,0.03500552102923393
88571,0.033703599125146866
7351,0.03223133087158203
19627,0.030577678233385086
107925,0.029953608289361
90842,0.028829606249928474
28425,0.026881001889705658
12344,0.026412270963191986
28910,0.026393214240670204
71879,0.024842509999871254
