Index,Activation Value
35254,0.08766371011734009
36533,0.06538230180740356
107995,0.06295519322156906
104537,0.059079043567180634
104002,0.05874523147940636
72094,0.05734900385141373
36398,0.0529496930539608
20663,0.050873950123786926
82475,0.050325218588113785
55105,0.050219353288412094
