Index,Activation Value
83828,0.015564993023872375
107925,0.0061154779978096485
38228,0.0056874412111938
98149,0.005297980736941099
82590,0.005206632893532515
17608,0.004419737029820681
104702,0.003468593815341592
111011,0.003272480331361294
97156,0.0031120667699724436
47167,0.0024437925312668085
