Index,Activation Value
33724,0.8249427080154419
15450,0.6989192366600037
26467,0.6674217581748962
27481,0.5507446527481079
54007,0.34819498658180237
27567,0.3272894024848938
19924,0.31605324149131775
42211,0.313732385635376
12196,0.3089938163757324
21804,0.30511176586151123
