Index,Activation Value
2354,1.3114813566207886
16061,0.6335455179214478
28223,0.36108797788619995
43054,0.32496222853660583
24044,0.31910258531570435
42947,0.15380971133708954
