Index,Activation Value
19627,0.0458931066095829
90842,0.04377170279622078
13090,0.04131178930401802
12,0.03284464776515961
7334,0.03184473514556885
14326,0.021790025755763054
72094,0.020300662145018578
7351,0.019957073032855988
36173,0.017956608906388283
15037,0.017856230959296227
