Index,Activation Value
8080,0.04121445119380951
8019,0.03581130504608154
24298,0.02129167690873146
54138,0.02058332785964012
43197,0.019438236951828003
18000,0.019323963671922684
32727,0.018476244062185287
27547,0.01784796081483364
40678,0.0170290544629097
45313,0.014987549744546413
