Index,Activation Value
21467,0.024863943457603455
38127,0.016652898862957954
36473,0.01279919408261776
53579,0.010439530946314335
33011,0.00940543133765459
44569,0.006609923671931028
24298,0.0062444438226521015
38432,0.005772361531853676
17428,0.004127375781536102
38924,0.0024281751830130816
