Index,Activation Value
33011,0.10368022322654724
29340,0.0952628031373024
26778,0.08812759071588516
36212,0.08036796748638153
58249,0.07531353086233139
56554,0.0751294493675232
21467,0.06994529813528061
56855,0.06646664440631866
38924,0.064228355884552
18000,0.06116972118616104
