Index,Activation Value
7334,0.034214697778224945
22092,0.03327993303537369
18680,0.03092903457581997
11313,0.027279602363705635
95769,0.02420012094080448
90842,0.023733707144856453
9293,0.021808285266160965
21549,0.021368125453591347
61123,0.0194229856133461
103825,0.019145766273140907
