Index,Activation Value
88571,0.1139601320028305
70349,0.09952769428491592
97407,0.09638731926679611
111011,0.08659541606903076
37498,0.08430550992488861
17902,0.07971960306167603
13090,0.0700671449303627
59998,0.06386396288871765
83828,0.0586579367518425
6017,0.05839337408542633
