Index,Activation Value
21467,0.007177564315497875
36212,0.006536057218909264
8396,0.005756056401878595
56855,0.004946413915604353
29340,0.002545104129239917
