Index,Activation Value
101572,0.054144036024808884
66371,0.054105594754219055
110712,0.05186377093195915
27789,0.05082644894719124
14326,0.050047069787979126
4825,0.04408205673098564
16107,0.04263853281736374
67509,0.03689717501401901
19627,0.036432161927223206
90582,0.03626345098018646
