Index,Activation Value
53579,5.06043004989624
54138,4.859245300292969
8080,4.8451247215271
38924,4.805099964141846
26778,4.734533786773682
18000,4.673749923706055
1909,4.554398536682129
58249,4.1546101570129395
38127,4.152335166931152
26937,3.585155487060547
