Index,Activation Value
72094,0.003087366698309779
19627,0.0010715381940826774
