Index,Activation Value
111011,0.019454624503850937
852,0.012100405991077423
27438,0.0025731080677360296
19530,0.0016035521402955055
50439,0.0007332947570830584
3549,0.0006696516647934914
38228,0.00025713248760439456
10600,6.462245801230893e-05
