Index,Activation Value
56855,0.3025997281074524
36212,0.2854405343532562
29340,0.2840503454208374
8396,0.2701753079891205
25657,0.27009230852127075
55023,0.19172829389572144
24565,0.18355868756771088
52440,0.1552855223417282
53582,0.15396356582641602
28561,0.1439058482646942
