Index,Activation Value
58249,0.5310364961624146
38924,0.48780983686447144
53579,0.3970436155796051
24298,0.344131201505661
36473,0.31918981671333313
18000,0.31188929080963135
26778,0.3033418655395508
56554,0.270495742559433
42887,0.2626086473464966
26559,0.22111056745052338
