Index,Activation Value
35913,0.010582231916487217
101572,0.006168405059725046
55779,0.006112439092248678
18731,0.0055037070997059345
65993,0.005122871603816748
92195,0.004008977673947811
3311,0.003910052590072155
25024,0.0036870953626930714
33336,0.003564981510862708
8826,0.0032251360826194286
