Index,Activation Value
43178,0.20480789244174957
29465,0.13596250116825104
1202,0.10283497720956802
56889,0.09412048012018204
28855,0.09254546463489532
41844,0.08964583277702332
47257,0.08627782762050629
35033,0.0848158672451973
47380,0.07101030647754669
24588,0.07024944573640823
