Index,Activation Value
13090,0.039684977382421494
107558,0.026821359992027283
87758,0.02361798845231533
9293,0.020719487220048904
112731,0.02021452970802784
90842,0.019097616896033287
52008,0.018920637667179108
59998,0.01875469833612442
14165,0.018519794568419456
107925,0.017907535657286644
