Index,Activation Value
8396,0.16645583510398865
56855,0.1646142452955246
36212,0.15774621069431305
29340,0.14757780730724335
55023,0.11685647070407867
32727,0.11255039274692535
27547,0.10517663508653641
54138,0.08574441820383072
26778,0.08450943976640701
43197,0.07980068773031235
