Index,Activation Value
48137,0.25701239705085754
14196,0.21545937657356262
34397,0.21502326428890228
20435,0.21402126550674438
39450,0.21174630522727966
28312,0.20505502820014954
16956,0.20431886613368988
19491,0.20056475698947906
56096,0.20006830990314484
6190,0.19824518263339996
