Index,Activation Value
56725,0.16231469810009003
13090,0.12152918428182602
28425,0.11907923966646194
28910,0.10823781788349152
99629,0.10820697993040085
27438,0.10546841472387314
49456,0.10467825084924698
33336,0.09457583725452423
52183,0.09444122016429901
55040,0.0879707783460617
