Index,Activation Value
49406,0.13116051256656647
7444,0.12382914125919342
20435,0.11975711584091187
4817,0.11727818101644516
7783,0.11099201440811157
24567,0.09584027528762817
3086,0.0944264680147171
12929,0.09226550906896591
14186,0.09118111431598663
10080,0.09097035974264145
