Index,Activation Value
107558,0.01171885710209608
88295,0.009025954641401768
108688,0.007253957446664572
60631,0.00634375587105751
96758,0.0038970911409705877
110712,0.0032725136261433363
16158,0.0004380024329293519
