Index,Activation Value
36625,0.22259612381458282
43054,0.2128334939479828
38127,0.1908712536096573
11478,0.17894485592842102
15111,0.16480892896652222
47264,0.15032215416431427
53582,0.14633481204509735
25227,0.14324353635311127
36944,0.14322856068611145
24565,0.14121098816394806
