Index,Activation Value
70349,0.02054569683969021
64204,0.01452723890542984
49456,0.01313977874815464
96065,0.012390720658004284
14165,0.012053725309669971
101572,0.010524540208280087
107558,0.009939401410520077
15751,0.009879632852971554
87077,0.008941837586462498
17902,0.008728129789233208
