Index,Activation Value
6156,0.02094346471130848
96065,0.019316937774419785
92077,0.016290800645947456
7334,0.015582376159727573
7866,0.015195222571492195
27789,0.015175681561231613
7351,0.014126259833574295
2915,0.013580071739852428
47884,0.013037975877523422
8251,0.01297850999981165
