Index,Activation Value
76124,1.6091212034225464
63669,1.544762134552002
59041,1.377879023551941
37428,1.3518810272216797
29372,1.0499327182769775
55426,0.9997724890708923
669,0.8759749531745911
37396,0.8328446745872498
20779,0.7839094400405884
100136,0.7087392807006836
