Index,Activation Value
7145,0.007722900714725256
42887,0.0069184573367238045
57163,0.005877899471670389
47264,0.005869576707482338
44208,0.005003537517040968
38127,0.004969668108969927
27683,0.0037176506593823433
36625,0.002990321023389697
43197,0.0027525965124368668
42192,0.0026566481683403254
