Index,Activation Value
36173,0.11836052685976028
13090,0.10989651829004288
56725,0.0636499673128128
28910,0.0634268969297409
52426,0.05575691536068916
76908,0.05536776781082153
41552,0.053070180118083954
87758,0.04897148907184601
12,0.04711436107754707
58965,0.04431350156664848
