Index,Activation Value
36212,0.0010413803393021226
8396,0.0008806203259155154
38432,0.0007695414824411273
