Index,Activation Value
8080,0.02809521183371544
33011,0.02054331637918949
54138,0.020151011645793915
8019,0.018118998035788536
1859,0.013059116899967194
9816,0.011097383685410023
26778,0.009205174632370472
43197,0.008591962978243828
25657,0.008103488944470882
42887,0.007306754123419523
