Index,Activation Value
6156,0.02193344570696354
96758,0.020833557471632957
67509,0.017653055489063263
19627,0.016192559152841568
88571,0.010464712977409363
55426,0.009810305200517178
92876,0.008505838923156261
70349,0.008259885013103485
53869,0.007746695540845394
100195,0.00758089404553175
