Index,Activation Value
45858,0.02927408553659916
36212,0.027767660096287727
21467,0.02628200873732567
43178,0.024590224027633667
38127,0.023129036650061607
30430,0.021969659253954887
29340,0.02193356491625309
2656,0.02082875557243824
24565,0.01953849382698536
44964,0.01806279458105564
