Index,Activation Value
2891,0.025626976042985916
20544,0.025380123406648636
13910,0.022496826946735382
58249,0.02237846329808235
38764,0.01981222629547119
23367,0.019166521728038788
21161,0.016590775921940804
7145,0.015406803227961063
24934,0.014695512130856514
43220,0.013219509273767471
