Index,Activation Value
111056,0.008995668031275272
47884,0.006587810814380646
43835,0.004012619145214558
103067,0.003565146354958415
91875,0.0031943924259394407
95769,0.0031156884506344795
76908,0.0028692162595689297
6335,0.0023529662285000086
109125,0.002350575290620327
110712,0.0021321247331798077
