Index,Activation Value
70349,0.017344709485769272
76908,0.013825553469359875
56725,0.012598706409335136
96758,0.007618170231580734
67013,0.004610653501003981
66371,0.0017509334720671177
78437,0.0004519794892985374
33336,0.00012482937017921358
