Index,Activation Value
83828,0.036307014524936676
55426,0.03418128564953804
28425,0.03254718333482742
28910,0.021816188469529152
107558,0.02152610570192337
52183,0.019247299060225487
54896,0.017884010449051857
13090,0.01643374375998974
73855,0.01638954132795334
88571,0.015620552003383636
