Index,Activation Value
33011,0.4308706223964691
29340,0.26644402742385864
26778,0.22829972207546234
56855,0.18101264536380768
13179,0.17153425514698029
8396,0.16096609830856323
53579,0.15896794199943542
55023,0.15588058531284332
53582,0.14577965438365936
24565,0.1387096792459488
