Index,Activation Value
48137,0.0052666026167571545
58458,0.003853137604892254
39450,0.0034842265304178
36625,0.0031404972542077303
20435,0.0015328573063015938
32704,0.0013618292286992073
34397,0.001052222098223865
28561,0.0010175128700211644
43054,0.0006634352612309158
25800,0.00021149760868865997
