Index,Activation Value
87491,0.06748858094215393
73501,0.0648934468626976
50983,0.05808766186237335
104537,0.05713801085948944
21175,0.049465764313936234
16107,0.044179268181324005
107551,0.034308940172195435
91875,0.033416155725717545
101572,0.031939756125211716
21437,0.029489755630493164
