Index,Activation Value
8396,0.28562644124031067
25657,0.2762884199619293
29465,0.2631848156452179
56855,0.25502294301986694
41844,0.24338218569755554
43178,0.2415594607591629
47257,0.22785674035549164
57551,0.22691389918327332
52440,0.22052350640296936
54222,0.21432021260261536
