Index,Activation Value
21467,0.6927979588508606
33011,0.4193316400051117
53579,0.4111129939556122
36212,0.3638995885848999
8080,0.3539702892303467
44569,0.35361891984939575
38340,0.34654662013053894
29340,0.3228420913219452
32727,0.29815447330474854
38924,0.2901412844657898
