Index,Activation Value
48473,0.023848524317145348
29450,0.020192261785268784
27191,0.02011040970683098
2915,0.019922219216823578
61123,0.019094357267022133
91875,0.018593680113554
100136,0.017699550837278366
18680,0.01749619096517563
9293,0.017414487898349762
73855,0.016863791272044182
