Index,Activation Value
27665,1.90735924243927
21119,1.647439956665039
84880,1.0881890058517456
15719,1.0206210613250732
91271,0.7458299398422241
25698,0.7260964512825012
63473,0.6348757743835449
65510,0.6195025444030762
36961,0.6050775051116943
87918,0.5950087308883667
