Index,Activation Value
21467,0.1814005821943283
38924,0.10155604779720306
43054,0.09108971059322357
26778,0.06512895971536636
33011,0.056797340512275696
773,0.05648132413625717
59924,0.050006620585918427
53589,0.048740092664957047
51614,0.04754158854484558
44208,0.04308556020259857
