Index,Activation Value
54105,0.02497110888361931
20663,0.02408786490559578
87758,0.02244170755147934
61202,0.01988743618130684
50983,0.017896322533488274
52491,0.017180336639285088
103008,0.016499515622854233
7351,0.01643938571214676
10580,0.01633038930594921
70520,0.016310252249240875
