Index,Activation Value
27789,0.09017584472894669
59998,0.08521255850791931
59080,0.07898864895105362
107925,0.07299529016017914
105975,0.0728730782866478
107995,0.07088565081357956
111056,0.06967318058013916
47884,0.06876542419195175
16107,0.0681535005569458
91104,0.06571538746356964
