Index,Activation Value
55426,0.015495589934289455
14326,0.005848185624927282
92179,0.005129165947437286
88295,0.004931733012199402
56725,0.004436586983501911
36173,0.003648642683401704
107558,0.003112969920039177
101973,0.002863915404304862
58965,0.002764333738014102
98149,0.0027575611602514982
