Index,Activation Value
96758,0.10161123424768448
35254,0.09744171798229218
88295,0.06658843904733658
84018,0.06602813303470612
59998,0.0651412382721901
36398,0.057869769632816315
32558,0.056423936039209366
12942,0.056328076869249344
96065,0.05625487491488457
31017,0.052780233323574066
