Index,Activation Value
13090,0.04687854275107384
60631,0.030184099450707436
33336,0.029607728123664856
37498,0.025237277150154114
36173,0.02430071122944355
29450,0.023949958384037018
56725,0.021904470399022102
27438,0.01986708678305149
73855,0.0186922587454319
111011,0.016362223774194717
