Index,Activation Value
15111,0.10831362754106522
5319,0.10426229238510132
773,0.10128496587276459
44569,0.10063067078590393
16549,0.09718874841928482
14465,0.07668931037187576
43541,0.07523861527442932
49043,0.07279258966445923
25544,0.07081644237041473
48346,0.06917524337768555
