Index,Activation Value
31723,0.21135248243808746
773,0.21134309470653534
49406,0.19214090704917908
56007,0.18737171590328217
54222,0.17632733285427094
20435,0.1742330640554428
7783,0.172120600938797
4817,0.17190805077552795
10570,0.1692805290222168
12929,0.16449178755283356
