Index,Activation Value
11770,0.4459882378578186
93358,0.010194098576903343
