Index,Activation Value
36212,0.05008118227124214
8396,0.04516865685582161
56855,0.04052074998617172
4055,0.03515629097819328
39787,0.03210572153329849
7783,0.029063032940030098
12929,0.028946613892912865
11478,0.027584414929151535
4817,0.02689008228480816
36625,0.026533186435699463
