Index,Activation Value
38924,0.006312057841569185
29340,0.004140823148190975
56855,0.0022467796225100756
