Index,Activation Value
36944,0.0016314582899212837
15397,0.0002338253689231351
