Index,Activation Value
38924,0.06918741762638092
7145,0.06810931861400604
1909,0.04930996522307396
13179,0.044416844844818115
14706,0.04296839237213135
38247,0.04083845391869545
21565,0.04034743830561638
35684,0.03966137766838074
44569,0.0387088768184185
43164,0.03550715371966362
