Index,Activation Value
47321,0.028173837810754776
50478,0.021381963044404984
7444,0.02041248418390751
52382,0.01669851690530777
7921,0.013641965575516224
37410,0.013092166744172573
52186,0.01154319941997528
22080,0.010975818149745464
9967,0.010296638123691082
38221,0.009594547562301159
