Index,Activation Value
88384,0.06967098265886307
22227,0.06830529868602753
76908,0.06811217963695526
4738,0.05743619054555893
96065,0.05562520772218704
52683,0.05460004508495331
107995,0.053183671087026596
39127,0.05141795054078102
105975,0.05076665058732033
52491,0.05013711005449295
