Index,Activation Value
53579,0.013671218417584896
33011,0.007621689233928919
58249,0.0072665284387767315
38924,0.007240781560540199
44569,0.006746059749275446
26778,0.005774354096502066
21467,0.005539396777749062
1909,0.0034056128934025764
54138,0.002839354332536459
1859,0.002098844852298498
