Index,Activation Value
74145,0.15854813158512115
2622,0.06884489953517914
