Index,Activation Value
21467,0.020233001559972763
24298,0.01165753323584795
53579,0.010959671810269356
8080,0.009984361939132214
8019,0.009181124158203602
38924,0.00838608667254448
27547,0.00661970442160964
44569,0.005888954736292362
38432,0.005747094284743071
29340,0.0051474981009960175
