Index,Activation Value
36625,0.01176499668508768
36944,0.008613094687461853
53579,0.007414919789880514
24298,0.006792039144784212
8080,0.006135221570730209
38924,0.006034762132912874
25227,0.005379377398639917
15397,0.003961588256061077
58249,0.0037901117466390133
54705,0.003185539273545146
