Index,Activation Value
27840,0.03130827471613884
7145,0.02812015637755394
11478,0.02802838385105133
773,0.026307445019483566
47009,0.023934125900268555
35684,0.020401133224368095
45538,0.019234616309404373
27399,0.01900087296962738
37410,0.018931623548269272
17557,0.017856735736131668
