Index,Activation Value
38924,0.06975224614143372
44569,0.06223837658762932
21467,0.05886728689074516
13743,0.042869117110967636
1859,0.04243127629160881
40678,0.041889213025569916
38340,0.041528694331645966
53579,0.04055968299508095
56155,0.03770563006401062
30430,0.037122372537851334
