Index,Activation Value
24298,0.003802311373874545
54138,0.003637190442532301
8080,0.0034689223393797874
1859,0.0030442120041698217
13743,0.0029053078033030033
7145,0.0027692513540387154
36473,0.0026534521020948887
579,0.001616062829270959
26937,0.0015576439909636974
47257,0.001214063260704279
