Index,Activation Value
21467,0.04347723349928856
56855,0.03954305872321129
38924,0.03335612267255783
8396,0.032303519546985626
53579,0.028714781627058983
36212,0.02637176588177681
29340,0.025002263486385345
43054,0.02257438190281391
38432,0.022024190053343773
8080,0.020359991118311882
