Index,Activation Value
21467,0.009133937768638134
38924,0.008510120213031769
24298,0.0067766569554805756
9816,0.006064204499125481
26778,0.004819213412702084
8019,0.004669517744332552
32727,0.0035960040986537933
27547,0.0032210347708314657
58249,0.003193780081346631
54138,0.00236951420083642
