Index,Activation Value
57551,0.10305487364530563
56855,0.10222963243722916
53589,0.1002260223031044
14826,0.0912567675113678
7683,0.08987012505531311
30430,0.08279962092638016
52440,0.08210578560829163
29465,0.07588808238506317
33607,0.07466578483581543
44269,0.07416253536939621
