Index,Activation Value
49456,0.032448265701532364
16107,0.029362676665186882
33336,0.02670719474554062
64204,0.026202863082289696
42812,0.025777440518140793
59998,0.024788478389382362
83828,0.022698068991303444
6156,0.020697418600320816
48529,0.01906842365860939
100195,0.01829015463590622
