Index,Activation Value
10226,0.12495023757219315
43054,0.1128496527671814
22718,0.10056598484516144
14960,0.09626371413469315
22813,0.09113269299268723
14147,0.08193431049585342
16549,0.08054538071155548
773,0.0772622749209404
16486,0.07618366181850433
39837,0.07318991422653198
