Index,Activation Value
97892,1.5029879808425903
35041,1.2442138195037842
65722,1.0801174640655518
40293,1.0078449249267578
87630,0.9195882081985474
32720,0.8917830586433411
91781,0.8471735715866089
70459,0.840495765209198
36129,0.7598876357078552
47349,0.6893466711044312
