Index,Activation Value
52183,0.015559228137135506
16107,0.0114363431930542
36173,0.011266347020864487
52426,0.01097849290817976
67509,0.010910796001553535
88384,0.010666253045201302
85185,0.010064605623483658
107558,0.00901529286056757
111056,0.008397466503083706
12,0.008027349598705769
