Index,Activation Value
30029,0.7828523516654968
5164,0.6808685064315796
1187,0.20633693039417267
23546,0.10882335901260376
