Index,Activation Value
7145,0.15071481466293335
3932,0.10005255788564682
43164,0.0985184758901596
24702,0.09203280508518219
14960,0.08894705772399902
31904,0.08608542382717133
27840,0.07949931174516678
59924,0.07911335676908493
1838,0.07534574717283249
28987,0.07509753853082657
