Index,Activation Value
53579,0.2846182882785797
29340,0.2792038917541504
26778,0.26583853363990784
56855,0.2559936046600342
8396,0.2502266466617584
38924,0.23578545451164246
33011,0.2134261578321457
53582,0.20951592922210693
36212,0.2087293565273285
1909,0.201455757021904
