Index,Activation Value
43197,0.03028661385178566
8019,0.027112437412142754
8080,0.022409306839108467
38127,0.021871617063879967
54138,0.020012494176626205
24298,0.018297988921403885
579,0.013407398946583271
9816,0.012259472161531448
38432,0.011964769102633
40678,0.010036037303507328
