Index,Activation Value
107925,0.0888010561466217
93969,0.07943607121706009
104537,0.07246357947587967
2915,0.06980089098215103
70776,0.06930100172758102
34454,0.06765945255756378
27191,0.06408588588237762
75310,0.06361030042171478
22092,0.060201432555913925
111011,0.05951790139079094
