Index,Activation Value
80813,0.002622972009703517
67831,0.0014855891931802034
4141,0.001337068504653871
852,0.00033583870390430093
26058,0.0002538280969019979
