Index,Activation Value
36473,0.0037258334923535585
13179,0.0013026719680055976
