Index,Activation Value
36212,0.14899151027202606
44569,0.13671724498271942
8396,0.13614873588085175
56855,0.1352148950099945
24298,0.13086861371994019
29340,0.10787275433540344
8080,0.09983133524656296
1859,0.09363143891096115
45313,0.08760426193475723
36473,0.08449754863977432
