Index,Activation Value
21467,0.5571205019950867
24298,0.5511764883995056
27547,0.46823641657829285
8019,0.4575819969177246
9816,0.44400864839553833
42887,0.3616844415664673
53589,0.3478034734725952
44569,0.3417154550552368
43197,0.337075799703598
36473,0.3266729712486267
