Index,Activation Value
16549,0.15929913520812988
41843,0.13002629578113556
48137,0.12844182550907135
28312,0.12330333888530731
26778,0.12211484462022781
42296,0.11868227273225784
55023,0.11763814091682434
29340,0.11029324680566788
45682,0.11009681969881058
22737,0.10868461430072784
