Index,Activation Value
17366,0.027955524623394012
56007,0.025834977626800537
31723,0.021777186542749405
38127,0.021594122052192688
14465,0.019963886588811874
27569,0.019513702020049095
36743,0.018377697095274925
14196,0.017054233700037003
10570,0.014884003438055515
54222,0.014129487797617912
