Index,Activation Value
38924,0.07004722207784653
21467,0.06639830768108368
53579,0.06120545044541359
8019,0.05223026126623154
44569,0.04891083762049675
24298,0.04772518202662468
8080,0.047456610947847366
58249,0.04574332758784294
27547,0.04571549594402313
56855,0.041042350232601166
