Index,Activation Value
24235,0.11515525728464127
56725,0.11248083412647247
96654,0.09022382646799088
101572,0.0860404297709465
104537,0.07962808758020401
26058,0.06712651997804642
110712,0.0662401020526886
1021,0.06515699625015259
107558,0.06475329399108887
6156,0.06426496803760529
