Index,Activation Value
24298,0.013451999053359032
42887,0.00279665132984519
9816,0.002165026729926467
21467,0.0005073608481325209
