Index,Activation Value
35254,0.024116646498441696
48529,0.010715626180171967
90842,0.010151391848921776
49456,0.008536485955119133
12,0.005950487218797207
110975,0.005512557458132505
74354,0.005372566636651754
24604,0.002953466260805726
50022,0.0019858593586832285
67509,0.001684275222942233
