Index,Activation Value
38924,0.5119177103042603
21467,0.4950438439846039
33011,0.492462158203125
26778,0.45038041472435
53579,0.4440595209598541
38432,0.37514692544937134
36212,0.3624945878982544
56855,0.34397727251052856
8396,0.32195261120796204
29340,0.318795770406723
