Index,Activation Value
73645,0.4809533357620239
15760,0.390621542930603
55422,0.11456593126058578
107022,0.09602940082550049
26082,0.035450734198093414
