Index,Activation Value
59998,0.022923698648810387
12344,0.017689885571599007
16107,0.014818924479186535
6156,0.01150067150592804
83828,0.011401340365409851
7351,0.01134518999606371
73855,0.00969651062041521
14022,0.008797197602689266
58045,0.008573926985263824
104002,0.006857025437057018
