Index,Activation Value
88273,1.9175699949264526
84018,1.4156415462493896
44137,1.130500316619873
59998,0.9690942168235779
106900,0.9198401570320129
76695,0.9121217727661133
38679,0.4820854365825653
79835,0.4786757528781891
75644,0.2387084811925888
91038,0.21835188567638397
