Index,Activation Value
96758,0.016067001968622208
88571,0.016036096960306168
52183,0.014739961363375187
62757,0.014719515107572079
12589,0.01387652475386858
56725,0.012225312180817127
13090,0.01219111867249012
28425,0.01181928999722004
14022,0.009949631989002228
26012,0.008605636656284332
