Index,Activation Value
27748,0.06805844604969025
50527,0.0654749795794487
15113,0.008525829762220383
