Index,Activation Value
36212,0.3351611793041229
29340,0.2744627892971039
8396,0.22193747758865356
4530,0.17943674325942993
25657,0.1634117066860199
44569,0.15863800048828125
36473,0.1402970552444458
56855,0.1369485706090927
43115,0.13420115411281586
39547,0.11028154194355011
