Index,Activation Value
70349,0.040014415979385376
14983,0.022375179454684258
37498,0.020409950986504555
73908,0.020124373957514763
14022,0.019611960276961327
92077,0.017665257677435875
13090,0.015819115564227104
7334,0.015404154546558857
103694,0.014768426306545734
72094,0.014166279695928097
