Index,Activation Value
12344,0.10314541310071945
96758,0.10029759258031845
67013,0.08668354153633118
13090,0.07515104860067368
60631,0.06984763592481613
6156,0.06196488067507744
14022,0.06036375090479851
21437,0.05817607417702675
30064,0.05396724119782448
66000,0.05379760265350342
