Index,Activation Value
20435,0.09178462624549866
4817,0.09166893362998962
44743,0.08890562504529953
49406,0.08528521656990051
56096,0.08292843401432037
22353,0.07760106772184372
12929,0.07475245743989944
21191,0.07361675798892975
52585,0.0729527622461319
58458,0.0724698081612587
