Index,Activation Value
29862,2.0712833404541016
76248,1.4203709363937378
51005,1.0354151725769043
66000,0.8449686169624329
24653,0.7341620922088623
11356,0.6994602680206299
112176,0.6992457509040833
50823,0.6698647737503052
69852,0.5441707968711853
40432,0.41907453536987305
