Index,Activation Value
21467,0.0939946249127388
33011,0.07573990523815155
24298,0.060470640659332275
44569,0.05181282386183739
44208,0.0427553728222847
36473,0.0405813567340374
38340,0.0393231064081192
36212,0.038727767765522
8396,0.03659111633896828
14196,0.036491818726062775
