Index,Activation Value
36625,0.2113541066646576
40818,0.15935379266738892
33333,0.15841670334339142
39787,0.15587912499904633
20435,0.15307234227657318
15111,0.15001998841762543
39812,0.1492028683423996
4055,0.1488562673330307
27399,0.14756976068019867
37410,0.138150155544281
