Index,Activation Value
21467,0.1915978193283081
38924,0.11158141493797302
56855,0.09261716157197952
53579,0.09201102703809738
44569,0.08955278247594833
38432,0.0729539692401886
8396,0.07082752138376236
24565,0.06760113686323166
33011,0.06438736617565155
53582,0.06019241735339165
