Index,Activation Value
25583,0.4133546054363251
77133,0.15450504422187805
