Index,Activation Value
92225,2.0298125743865967
93454,0.9835763573646545
93196,0.4892390966415405
52993,0.4575430750846863
18750,0.23925799131393433
70476,0.19292590022087097
104778,0.11512461304664612
22956,0.10339047014713287
16631,0.08156105130910873
74967,0.0749252438545227
