Index,Activation Value
30064,0.06821101903915405
7682,0.06292013823986053
91875,0.0609893798828125
67013,0.06014665216207504
41162,0.0583113431930542
3309,0.057888127863407135
93685,0.05736589431762695
82590,0.05533478781580925
21175,0.05459172651171684
61202,0.05200040340423584
