Index,Activation Value
56855,0.32125118374824524
33011,0.302717387676239
8396,0.3020450174808502
29340,0.29451102018356323
58249,0.22241784632205963
38924,0.2056320160627365
55023,0.18561051785945892
36473,0.17859594523906708
36212,0.17644193768501282
21467,0.17118297517299652
