Index,Activation Value
90844,0.5489928722381592
78693,0.5420909523963928
55084,0.369040846824646
28253,0.2516373097896576
98992,0.15030573308467865
108255,0.052265774458646774
93817,0.023117514327168465
