Index,Activation Value
36212,0.28047358989715576
8396,0.23696213960647583
25657,0.2303263247013092
56855,0.2142140120267868
4530,0.20294618606567383
43115,0.19600558280944824
51769,0.17918549478054047
29340,0.17222943902015686
52440,0.16749371588230133
28855,0.1558401882648468
