Index,Activation Value
90842,0.019142432138323784
18680,0.002508783247321844
49479,0.000898936646990478
107925,0.0007176207727752626
