Index,Activation Value
88571,0.12650607526302338
13090,0.1259157508611679
60631,0.1013268306851387
12589,0.08602569252252579
47884,0.061678770929574966
107551,0.055022262036800385
73213,0.05369022861123085
89903,0.053619734942913055
51766,0.0528842955827713
36735,0.051506273448467255
