Index,Activation Value
21467,0.4650474488735199
36212,0.3464008569717407
38340,0.32151949405670166
27547,0.31736794114112854
38432,0.3151143491268158
44569,0.2857913672924042
25657,0.2701279819011688
13743,0.2651015818119049
53579,0.25683751702308655
32727,0.23119524121284485
