Index,Activation Value
38247,0.1385021060705185
43054,0.12068326026201248
3689,0.10626255720853806
36598,0.08590677380561829
59868,0.07969050854444504
39547,0.07932863384485245
35367,0.07246768474578857
21019,0.07119434326887131
7076,0.06852594763040543
2398,0.06702455878257751
