Index,Activation Value
59868,0.035750120878219604
14960,0.02171611227095127
2800,0.021244334056973457
39837,0.018403269350528717
37903,0.01824590377509594
3689,0.017905253916978836
44964,0.017445296049118042
45538,0.016969218850135803
20544,0.01511003915220499
14915,0.015060053206980228
