Index,Activation Value
36173,0.019961228594183922
80813,0.01434788852930069
7334,0.011966404505074024
29372,0.009861785918474197
28425,0.007026066537946463
62757,0.005074669141322374
18680,0.0050407899543643
92077,0.0049573141150176525
107551,0.00484149856492877
63170,0.004476463887840509
