Index,Activation Value
31056,0.03623620793223381
33391,0.020697452127933502
14147,0.014806804247200489
24934,0.014764538034796715
39812,0.01331994216889143
16931,0.012866275385022163
32604,0.01117661315947771
54825,0.010741736739873886
9626,0.01073803286999464
48738,0.010496753267943859
