Index,Activation Value
53579,0.0019070572452619672
21467,0.0008788612321950495
