Index,Activation Value
42887,0.03156178817152977
26778,0.030670924112200737
38924,0.030482769012451172
8019,0.030369708314538002
8080,0.02879897505044937
9816,0.02581348828971386
54138,0.024694573134183884
32727,0.022996867075562477
18000,0.022459790110588074
24298,0.02213919907808304
