Index,Activation Value
28910,0.13237182796001434
60631,0.061393097043037415
104002,0.056422919034957886
59998,0.052250951528549194
52183,0.05054248496890068
52426,0.05017511174082756
75310,0.04627766087651253
49456,0.04599534720182419
47884,0.04239217936992645
105492,0.04157762601971626
