Index,Activation Value
13090,0.13477587699890137
56725,0.12889276444911957
28910,0.09770388156175613
37498,0.09456247836351395
49456,0.0876828208565712
108759,0.08722638338804245
89243,0.08251360803842545
27438,0.0775231346487999
43807,0.0752088651061058
28425,0.07298217713832855
