Index,Activation Value
44208,0.11697515845298767
50256,0.105181023478508
17728,0.10046034306287766
14960,0.09426528215408325
32696,0.09091556817293167
39812,0.08273867517709732
59069,0.08174028247594833
47639,0.08054882287979126
28669,0.07816170156002045
2800,0.0758354589343071
