Index,Activation Value
42482,0.11107879877090454
56725,0.11069529503583908
101572,0.10931384563446045
97407,0.09955200552940369
110712,0.09855172783136368
95769,0.09293749183416367
8897,0.08372466266155243
109813,0.0820898711681366
110063,0.07978330552577972
13090,0.07825193554162979
