Index,Activation Value
15111,0.11677026748657227
31056,0.09319104999303818
25227,0.0900607630610466
11450,0.08399811387062073
36625,0.08073973655700684
42599,0.07856972515583038
43054,0.07161855697631836
21565,0.06652660667896271
15397,0.065981924533844
56554,0.06491395086050034
