Index,Activation Value
31723,0.30022308230400085
7145,0.2555951774120331
44569,0.24220161139965057
1909,0.23701949417591095
8080,0.2163388729095459
9049,0.1882193684577942
15397,0.1872791349887848
27547,0.18408377468585968
1859,0.17498598992824554
36473,0.17066290974617004
