Index,Activation Value
38924,0.046166032552719116
56855,0.03715842217206955
54138,0.03603412210941315
24298,0.034693393856287
53579,0.03163531422615051
8396,0.030572377145290375
58249,0.0282097440212965
18000,0.025098957121372223
9816,0.0250269565731287
29340,0.024709299206733704
