Index,Activation Value
111478,0.12553517520427704
62757,0.12522321939468384
70349,0.11455005407333374
88571,0.08298298716545105
33336,0.07951324433088303
80813,0.0764925628900528
95312,0.07589499652385712
14165,0.07235082983970642
52683,0.06884447485208511
88937,0.06591776013374329
