Index,Activation Value
47886,1.3607804775238037
24953,1.325251817703247
15405,1.2908964157104492
55359,1.1392489671707153
52151,1.0586663484573364
26568,0.9223439693450928
28227,0.8378639817237854
26174,0.7199727892875671
21690,0.6375147700309753
26896,0.6012746095657349
