Index,Activation Value
14196,0.12474039196968079
28312,0.11304140090942383
39450,0.10864051431417465
16956,0.10528963804244995
42784,0.10169033706188202
48137,0.09868954867124557
44743,0.09525404125452042
14960,0.08867283910512924
41843,0.08677252382040024
56096,0.08337345719337463
