Index,Activation Value
27547,0.01774464175105095
8019,0.012519306503236294
36212,0.010043124668300152
8396,0.00811211671680212
29340,0.006340242922306061
9816,0.005137712694704533
56855,0.004967240151017904
39837,0.004768017213791609
24702,0.004370199516415596
773,0.004281193017959595
