Index,Activation Value
70349,0.15237149596214294
107995,0.14123040437698364
88571,0.12236414104700089
42493,0.07343882322311401
13090,0.07055472582578659
91875,0.07018790394067764
17902,0.0665798932313919
111154,0.06613026559352875
14165,0.0635424330830574
73501,0.06213171407580376
