Index,Activation Value
33011,0.20706228911876678
13179,0.1535092294216156
56545,0.1348288506269455
44569,0.12398611009120941
56032,0.12206524610519409
56007,0.117313914000988
1909,0.11052973568439484
579,0.10704905539751053
55625,0.10593412816524506
5476,0.10287923365831375
