Index,Activation Value
105975,0.016388943418860435
26012,0.013045629486441612
3082,0.012788689695298672
25887,0.012699618935585022
7351,0.012307671830058098
55779,0.012106151320040226
48820,0.010881544090807438
45447,0.010715329088270664
67509,0.00988038256764412
29372,0.009415045380592346
