Index,Activation Value
60631,0.030424196273088455
37498,0.02473560720682144
56725,0.012691458687186241
9293,0.01024432759732008
14326,0.009956210851669312
29450,0.009331132285296917
100136,0.007998446002602577
90842,0.007738251239061356
49456,0.007708640303462744
86538,0.006860749796032906
