Index,Activation Value
2526,0.8439058661460876
54025,0.46611130237579346
