Index,Activation Value
56855,0.13940414786338806
8396,0.13937734067440033
29340,0.1362881362438202
36212,0.13374187052249908
25657,0.08469027280807495
4530,0.06994021683931351
53582,0.06774737685918808
55023,0.06428281962871552
51614,0.06241573020815849
31736,0.05424214154481888
