Index,Activation Value
14022,0.11812543869018555
52426,0.10999074578285217
103825,0.10076701641082764
7866,0.0921345055103302
103694,0.08730967342853546
11918,0.08571960777044296
71879,0.08374830335378647
22092,0.08044236153364182
16107,0.07987987995147705
12344,0.07860473543405533
