Index,Activation Value
98533,0.5474620461463928
91420,0.5388199090957642
57777,0.5213216543197632
34558,0.4950236678123474
83298,0.45963048934936523
40887,0.39083901047706604
46090,0.3517115116119385
69324,0.29317334294319153
27212,0.26001256704330444
63647,0.24863466620445251
