Index,Activation Value
32727,0.0011834017932415009
29340,0.0006730317836627364
27547,0.000411256798543036
