Index,Activation Value
14268,1.593078374862671
54762,1.2862087488174438
76061,1.2793052196502686
39037,1.2188411951065063
7971,1.1990907192230225
30943,1.1840649843215942
72908,1.1794236898422241
62674,1.150916337966919
93121,1.1161106824874878
62515,1.103294014930725
