Index,Activation Value
59788,0.6420063376426697
58692,0.5221683979034424
24993,0.48237344622612
20060,0.4041506350040436
15442,0.39556556940078735
6392,0.340118944644928
17584,0.28059694170951843
12514,0.27766701579093933
59847,0.27208587527275085
14245,0.26452940702438354
