Index,Activation Value
9293,0.07380908727645874
73306,0.06838425248861313
72094,0.054951928555965424
22092,0.05296120047569275
35254,0.04890178143978119
42482,0.04631330445408821
112469,0.045010071247816086
111011,0.04308510944247246
84018,0.04221644625067711
31199,0.03860103338956833
