Index,Activation Value
49220,0.2607872486114502
73177,0.027340281754732132
