Index,Activation Value
53589,0.17028634250164032
31736,0.14575354754924774
36212,0.12040160596370697
13604,0.12033405154943466
51614,0.11547117680311203
33607,0.11407703161239624
17134,0.11074443906545639
28561,0.10818907618522644
23805,0.10067801177501678
44269,0.0989798903465271
