Index,Activation Value
104537,0.011902440339326859
28425,0.010661261156201363
84018,0.008631338365375996
36173,0.008551507256925106
89243,0.0070390477776527405
37498,0.005993278231471777
73306,0.00592602277174592
108542,0.005879647098481655
59080,0.0049007348716259
4765,0.00311066466383636
