Index,Activation Value
8019,0.03696247935295105
27547,0.03373056650161743
8080,0.03168483078479767
54138,0.028733225539326668
53579,0.025788113474845886
18000,0.025551531463861465
38432,0.024502169340848923
9816,0.024349389597773552
42887,0.02169010229408741
26778,0.019499100744724274
