Index,Activation Value
9293,0.07890705019235611
12589,0.07056412100791931
109825,0.0701240822672844
85185,0.06969849020242691
16959,0.06731542944908142
592,0.0664798840880394
21437,0.06419748067855835
48304,0.055635225027799606
100740,0.05265901982784271
37498,0.051200028508901596
