Index,Activation Value
58339,0.6460458040237427
51680,0.5362682938575745
