Index,Activation Value
88571,0.014725856482982635
42812,0.002852568868547678
65877,0.0027194474823772907
59162,0.0024449231568723917
110975,0.0012588740792125463
6786,0.00118012516759336
27328,0.0010482757352292538
112669,0.0003501271712593734
17902,9.39103338168934e-05
81134,8.383783278986812e-05
