Index,Activation Value
49406,0.006861831061542034
36212,0.006589113734662533
29340,0.006258850451558828
44743,0.005189419258385897
20435,0.004696570802479982
8396,0.004270296078175306
11257,0.003953197505325079
15397,0.003924407530575991
25657,0.003847445361316204
10570,0.003436820348724723
