Index,Activation Value
69915,0.6531862020492554
110063,0.511654257774353
29128,0.3387261629104614
21023,0.31738707423210144
67666,0.1544363796710968
98645,0.13433271646499634
73054,0.05824550241231918
