Index,Activation Value
28910,0.13741075992584229
52183,0.11088041216135025
99629,0.10938230901956558
49456,0.09282414615154266
52426,0.07916489243507385
36173,0.0742964893579483
60631,0.0737113356590271
28425,0.07222003489732742
37498,0.07092947512865067
51766,0.0683775469660759
