Index,Activation Value
13090,0.004372017923742533
6156,1.2904565664939582e-05
