Index,Activation Value
24298,0.006066409405320883
8019,0.0032381433993577957
44569,0.0027944170869886875
36473,0.00236709788441658
18000,0.002152926055714488
38924,0.0012938333675265312
1859,0.0010659414110705256
1909,0.0006370763294398785
58249,0.0002689784741960466
