Index,Activation Value
56725,0.0034816008992493153
70349,0.003427220042794943
107558,0.0029015676118433475
92077,0.002640819875523448
49456,0.0010356161510571837
111011,0.0009265593835152686
64204,0.00040154100861400366
60631,0.0003219210484530777
14326,0.000255015300353989
28425,8.433189941570163e-05
