Index,Activation Value
21467,0.342380166053772
38924,0.2733002007007599
53579,0.2531786561012268
36212,0.24706923961639404
56855,0.2428390085697174
8396,0.23562288284301758
29340,0.20413440465927124
58249,0.18528923392295837
26778,0.18184757232666016
24298,0.17201553285121918
