Index,Activation Value
21467,0.15634526312351227
38924,0.14379343390464783
53579,0.1262425184249878
26778,0.1226215586066246
44569,0.10018089413642883
33011,0.09457385540008545
56855,0.0892682746052742
58249,0.08740252256393433
27547,0.08174938708543777
38432,0.07979634404182434
