Index,Activation Value
2110,0.9746956825256348
102211,0.8979073166847229
40005,0.7029127478599548
52097,0.6925147771835327
34679,0.6759613156318665
75974,0.6330811381340027
13660,0.6220382452011108
97094,0.6207054853439331
86385,0.5564197897911072
97892,0.5121322870254517
