Index,Activation Value
57163,0.12063248455524445
17428,0.053388338536024094
59288,0.04946953430771828
22214,0.048521820455789566
3400,0.044189173728227615
15670,0.04328666254878044
14692,0.042424414306879044
48477,0.039059367030858994
22362,0.033713992685079575
17890,0.03346756845712662
