Index,Activation Value
43164,0.08916682004928589
59924,0.06234671175479889
43541,0.05795452371239662
9571,0.049582500010728836
57163,0.04770413041114807
31202,0.04723500832915306
5319,0.04628215357661247
27801,0.042960431426763535
13995,0.04269225150346756
3932,0.04214426875114441
