Index,Activation Value
5300,0.029528433457016945
21191,0.029323669150471687
17557,0.02917608805000782
2145,0.028980763629078865
10272,0.02748064324259758
30494,0.026667684316635132
57413,0.02629036270081997
23998,0.02609500102698803
59119,0.025657305493950844
19491,0.025168508291244507
