Index,Activation Value
107551,0.0789036750793457
7942,0.07568565756082535
100195,0.07031326740980148
103991,0.06693058460950851
8774,0.06652718037366867
4141,0.05743464082479477
592,0.05210937559604645
40633,0.05165233090519905
36398,0.05048254877328873
107995,0.048923060297966
