Index,Activation Value
79997,1.27841055393219
61717,1.256484866142273
16491,1.1796151399612427
65998,0.6939426064491272
107684,0.6540021896362305
80959,0.22794166207313538
88425,0.21903593838214874
43633,0.1994980275630951
2962,0.19298748672008514
97686,0.10913722962141037
