Index,Activation Value
70349,0.02312733791768551
52683,0.014347607269883156
56725,0.014073692262172699
59998,0.014068557880818844
13090,0.01261882483959198
80813,0.01133662648499012
7351,0.010910226963460445
17608,0.008505578152835369
88571,0.00668360386043787
92077,0.00627444451674819
