Index,Activation Value
32757,0.00768930371850729
9351,0.0029166522435843945
7683,0.00035301598836667836
