Index,Activation Value
11374,0.001934010535478592
101572,0.0015887358458712697
25849,0.0013160249218344688
13090,0.0013146420242264867
109813,0.0007994052139110863
52683,0.00040410805377177894
6970,0.0002900320978369564
66000,0.0002837505307979882
110091,0.00027889804914593697
98129,0.0002510945778340101
