Index,Activation Value
38924,0.15032094717025757
21467,0.12441468983888626
53579,0.09517556428909302
58249,0.07496030628681183
8080,0.05928632989525795
39547,0.058049220591783524
26778,0.050159987062215805
38127,0.04577704519033432
38247,0.04371911659836769
773,0.03357947617769241
