Index,Activation Value
30430,0.2785542607307434
32727,0.24143153429031372
53579,0.2298600673675537
13743,0.2285187691450119
9816,0.22730927169322968
45313,0.20484559237957
38340,0.19369317591190338
43197,0.18532565236091614
40678,0.1808699667453766
29465,0.173847496509552
