Index,Activation Value
28425,0.018017509952187538
40355,0.015409404411911964
12344,0.009766660630702972
76908,0.0096857575699687
62662,0.009164370596408844
36173,0.008328679017722607
46468,0.007840648293495178
6156,0.007157960906624794
86538,0.006886329967528582
11313,0.0055636693723499775
