Index,Activation Value
8080,0.125362366437912
8019,0.11072248220443726
21467,0.10306934267282486
18000,0.0851086899638176
24298,0.07059957087039948
53579,0.06583711504936218
33011,0.058061979711055756
54138,0.04979020729660988
1859,0.04641216993331909
38924,0.04395613819360733
