Index,Activation Value
33011,0.16566504538059235
38247,0.1578052043914795
28312,0.12730513513088226
38924,0.11467358469963074
44743,0.11288435012102127
59288,0.1119210422039032
49406,0.11096185445785522
56096,0.10632447153329849
19491,0.1013372614979744
37379,0.09965251386165619
