Index,Activation Value
38924,0.0381232351064682
773,0.03445028141140938
7444,0.027839835733175278
56554,0.027409693226218224
58249,0.02593514882028103
59924,0.018402675166726112
39837,0.015562038868665695
57009,0.015438576228916645
31022,0.013831337913870811
56007,0.012746608816087246
