Index,Activation Value
21467,0.0020084192510694265
53579,0.0011486791772767901
