Index,Activation Value
13090,0.2258499562740326
70349,0.1268494874238968
56725,0.11142807453870773
16107,0.1049029678106308
88571,0.10241210460662842
49456,0.0946759432554245
51766,0.0925588607788086
60631,0.08072806149721146
8897,0.0764622762799263
95312,0.06946080178022385
