Index,Activation Value
37498,0.20772752165794373
36173,0.1626254916191101
60631,0.08745307475328445
13090,0.08189340680837631
33336,0.07668925821781158
63669,0.06249697878956795
67013,0.05980014055967331
59080,0.058683715760707855
27858,0.05679018422961235
27438,0.05503857135772705
