Index,Activation Value
36212,0.006129828747361898
8080,0.0027012547943741083
18000,0.0008760550990700722
