Index,Activation Value
36473,0.011311598122119904
33011,0.006082969252020121
54138,0.004896798636764288
17428,0.004553045146167278
1909,0.002730188425630331
