Index,Activation Value
15631,0.5890998244285583
35050,0.24919049441814423
57472,0.2472202330827713
39399,0.20924223959445953
27790,0.12589479982852936
15706,0.1182289570569992
54253,0.05742419511079788
