Index,Activation Value
38127,0.17332647740840912
43054,0.1579517126083374
2354,0.0962834507226944
38247,0.0905456468462944
21019,0.0812230035662651
48346,0.077968068420887
23665,0.0748768001794815
40668,0.07175572961568832
4481,0.07027977705001831
3689,0.06277164816856384
