Index,Activation Value
13090,0.005004934035241604
28425,0.0023539792746305466
64204,0.0009900989243760705
36173,0.0005247755907475948
60631,0.0002753953740466386
