Index,Activation Value
53589,0.01824401319026947
27547,0.01603654772043228
9816,0.014441685751080513
30430,0.012256806716322899
36212,0.010762603022158146
13743,0.010717540048062801
21467,0.01046061608940363
8396,0.010341018438339233
42887,0.010088914074003696
57551,0.009923548437654972
