Index,Activation Value
43054,0.026623256504535675
53589,0.017004000023007393
2354,0.01439893152564764
31684,0.011678826063871384
28561,0.010846085846424103
33607,0.007163939997553825
4930,0.00556525681167841
32881,0.0049158306792378426
28855,0.004744617734104395
36813,0.003944133408367634
