Index,Activation Value
27840,0.12569785118103027
24702,0.10512079298496246
6473,0.08770313858985901
36625,0.08286552131175995
15397,0.0816059559583664
36944,0.08120067417621613
4055,0.07483027130365372
46600,0.07364292442798615
11450,0.07216094434261322
54705,0.07139191031455994
