Index,Activation Value
773,0.01636413484811783
1909,0.011831029318273067
32727,0.010828600265085697
54138,0.010478322394192219
18000,0.009885907173156738
42887,0.009641970507800579
45313,0.008288387209177017
59924,0.007657322566956282
9049,0.007639031857252121
36625,0.006867502350360155
