Index,Activation Value
62757,0.8663904070854187
99631,0.754755437374115
3596,0.7138625979423523
20542,0.6340183019638062
39107,0.4401896297931671
62430,0.42690613865852356
71773,0.4246426522731781
93306,0.37872421741485596
56194,0.374462366104126
102322,0.36851271986961365
