Index,Activation Value
107995,0.018227625638246536
111011,0.006720599252730608
41210,0.004775643814355135
70349,0.002705102553591132
7306,0.001667906646616757
65958,0.0013752271188423038
98149,0.001105595612898469
38228,0.0010994502808898687
13090,0.0008056150400079787
17902,4.5225002395454794e-05
