Index,Activation Value
14147,0.012558767572045326
32604,0.010536426678299904
26973,0.005910172592848539
22362,0.0023427868727594614
17265,0.0014874314656481147
21311,0.0014865550911054015
31904,0.0013537179911509156
34367,7.66866360208951e-05
