Index,Activation Value
27547,0.005294562317430973
38432,0.004487958271056414
30430,0.0035801089834421873
8080,0.0018151660915464163
9816,0.0009922158205881715
8019,0.0009191501885652542
44569,0.0009136836160905659
43197,0.0007602308760397136
40678,0.0005946677993051708
45313,0.0005590098444372416
