Index,Activation Value
4141,0.33217594027519226
36533,0.24442048370838165
47086,0.13397525250911713
67008,0.12007765471935272
