Index,Activation Value
24298,0.002679158002138138
8080,0.002245205221697688
21467,0.002106499159708619
8019,0.0017857085913419724
33011,0.0016128401039168239
26778,0.001465018605813384
53579,0.0014449784066528082
36212,0.0013724014861509204
27547,0.0013575049815699458
56855,0.0010865118820220232
