Index,Activation Value
40355,0.018795087933540344
16158,0.01292284857481718
10580,0.010563284158706665
27818,0.00838193204253912
95769,0.00831180065870285
60631,0.008243239484727383
17902,0.007825488224625587
52008,0.007171169854700565
36533,0.007113670464605093
8790,0.006174227222800255
