Index,Activation Value
90698,2.277313709259033
10068,2.2715604305267334
59022,1.7244385480880737
97529,1.7237792015075684
83737,1.5548406839370728
43116,1.443019986152649
34595,1.2673786878585815
95142,1.0983684062957764
54228,1.0599775314331055
76902,1.0331774950027466
