Index,Activation Value
56007,0.004440505523234606
44569,0.004034216050058603
54222,0.003319334704428911
43054,0.003031671280041337
21633,0.001954282633960247
9480,0.0017012541648000479
10570,0.0015567316440865397
1859,0.0014577929396182299
44208,0.0010692909127101302
8019,0.0006880512810312212
