Index,Activation Value
3342,0.5686576962471008
35194,0.09008346498012543
24468,0.029491929337382317
