Index,Activation Value
107558,0.10544393211603165
96654,0.09214841574430466
47884,0.0918867215514183
88571,0.08297310024499893
33336,0.08204701542854309
91104,0.08107389509677887
89903,0.08056513220071793
102181,0.08018726110458374
28910,0.07901221513748169
111056,0.07489979267120361
