Index,Activation Value
9178,0.1241198256611824
52786,0.05486471578478813
102525,0.03213154524564743
102001,0.001781423226930201
