Index,Activation Value
30653,1.2707430124282837
49243,0.7790701985359192
19715,0.6153820753097534
59475,0.3774120509624481
41691,0.31248676776885986
20430,0.2913707196712494
