Index,Activation Value
21467,0.0070506795309484005
36212,0.00346236489713192
53579,0.003107248805463314
8080,0.003053177846595645
8396,0.002978045493364334
38924,0.0029345271177589893
29340,0.0015190057456493378
27547,0.0013733863597735763
33011,0.0011002193205058575
56855,0.0009294614428654313
