Index,Activation Value
52183,0.002812730148434639
28910,0.0020586377941071987
52426,0.0019232843769714236
96758,0.0008311784476973116
