Index,Activation Value
29340,0.015054368413984776
36473,0.007402054965496063
56855,0.007125813979655504
8080,0.002827517921105027
55023,0.0005643171025440097
14196,0.0003331163024995476
38127,0.00011100737901870161
8396,9.003938612295315e-05
36212,6.612214929191396e-05
43054,3.890568041242659e-05
