Index,Activation Value
21467,0.0843980461359024
8080,0.07391037791967392
38924,0.06847430765628815
53579,0.06754540652036667
27547,0.05580349266529083
26778,0.05158570781350136
36212,0.049117930233478546
32727,0.04523753002285957
54138,0.042864903807640076
44569,0.04249892756342888
