Index,Activation Value
38924,0.04539359733462334
53579,0.035181596875190735
33011,0.02616303227841854
8080,0.02454504184424877
26778,0.022110620513558388
44569,0.020099829882383347
36212,0.01955036260187626
38127,0.01919548213481903
1909,0.01712052710354328
56855,0.015281904488801956
