Index,Activation Value
72094,0.02560110203921795
12344,0.02495577558875084
852,0.021826263517141342
111011,0.020961064845323563
12,0.01971522718667984
6156,0.019233552739024162
87758,0.017260799184441566
7866,0.015803517773747444
73908,0.015580372884869576
35254,0.015287903137505054
