Index,Activation Value
13090,0.1465703248977661
96654,0.09239007532596588
107925,0.08999983221292496
102181,0.08324311673641205
90842,0.07718627899885178
89903,0.07472389191389084
47884,0.06650882959365845
44818,0.06648123264312744
56725,0.06608112156391144
76696,0.06207345798611641
