Index,Activation Value
27547,0.21194544434547424
38127,0.20566575229167938
40678,0.16976623237133026
9816,0.1696120947599411
43197,0.15599732100963593
30430,0.1468457579612732
31056,0.13097520172595978
27771,0.12240996956825256
1859,0.11992968618869781
56481,0.11396928131580353
