Index,Activation Value
36625,0.039912085980176926
20435,0.036816295236349106
36944,0.03657940775156021
55625,0.03211849927902222
31056,0.03161562979221344
38127,0.031399406492710114
8349,0.031001491472125053
15598,0.031001416966319084
19491,0.029796214774250984
3086,0.029486963525414467
