Index,Activation Value
12,0.017513904720544815
95115,0.015902377665042877
107925,0.01376318745315075
7351,0.010181021876633167
38063,0.010041831061244011
101572,0.009521151892840862
73908,0.007838794030249119
6156,0.007821920327842236
44818,0.0073532904498279095
19627,0.007175995036959648
