Index,Activation Value
41010,1.1061311960220337
52826,0.6559336185455322
30829,0.2994436025619507
89414,0.2930676341056824
18244,0.2833254933357239
88681,0.11980362236499786
