Index,Activation Value
53579,1.0672591924667358
38924,0.9999248385429382
21467,0.9076796770095825
26778,0.868994951248169
58249,0.750414252281189
8080,0.7167401909828186
56855,0.6854033470153809
1909,0.6753714680671692
36212,0.6479759216308594
8396,0.6303316354751587
