Index,Activation Value
36212,0.46226876974105835
56855,0.3877932131290436
8396,0.37690362334251404
29340,0.3454016447067261
38432,0.28835150599479675
4530,0.25280317664146423
25657,0.25152313709259033
24298,0.25050076842308044
8019,0.24853038787841797
27547,0.2478996366262436
