Index,Activation Value
21467,0.09577151387929916
13743,0.07769344747066498
30430,0.0759086087346077
32727,0.07574571669101715
45313,0.07138057798147202
38340,0.07027645409107208
41844,0.05666321516036987
57551,0.05578704923391342
27547,0.055405568331480026
9816,0.0530448779463768
