Index,Activation Value
56855,0.09794875979423523
38432,0.09194199740886688
8396,0.07821551710367203
36212,0.0756552517414093
29340,0.0701175257563591
54138,0.06550842523574829
45313,0.06459605693817139
42887,0.061559077352285385
27547,0.05982757732272148
53589,0.05957479774951935
