Index,Activation Value
57551,0.038824260234832764
28312,0.03698351979255676
7683,0.0367506667971611
56855,0.03506992384791374
30430,0.03432795777916908
52440,0.03418191149830818
33607,0.03139406815171242
31056,0.03114151954650879
43054,0.030971167609095573
36625,0.03031087853014469
