Index,Activation Value
64204,0.07671432942152023
104537,0.07113391160964966
58965,0.06504776328802109
105975,0.0648195818066597
87200,0.06357540935277939
107925,0.06348253041505814
111154,0.06075683608651161
24604,0.0606699101626873
83828,0.056118663400411606
35913,0.053230587393045425
