Index,Activation Value
29340,0.3442486524581909
56855,0.2792337238788605
36212,0.24492426216602325
19868,0.23504558205604553
8396,0.22700662910938263
53589,0.2201198786497116
25657,0.20923487842082977
30430,0.20918075740337372
45313,0.19890664517879486
13743,0.1915285438299179
