Index,Activation Value
53579,0.0035909630823880434
8080,0.001493116025812924
