Index,Activation Value
28910,0.025327924638986588
56725,0.022966064512729645
104537,0.02051735110580921
49456,0.0191788412630558
37498,0.018796708434820175
52426,0.01873532496392727
99629,0.013472260907292366
1267,0.012830836698412895
52183,0.010126893408596516
97407,0.009973264299333096
