Index,Activation Value
50983,0.06332087516784668
3082,0.06280144304037094
55779,0.06258908659219742
34454,0.06144247576594353
71879,0.06136813387274742
88571,0.05819004774093628
107995,0.057113584131002426
41162,0.054911985993385315
96654,0.0535828098654747
88407,0.05256548896431923
