Index,Activation Value
29340,0.4138939380645752
32727,0.2905360162258148
56855,0.2820938229560852
8396,0.27082160115242004
27547,0.2700250744819641
36212,0.2434510737657547
55023,0.2183295339345932
53579,0.21418094635009766
38924,0.21031776070594788
26778,0.20323798060417175
