Index,Activation Value
9049,0.0997525230050087
20635,0.08957929909229279
2390,0.08615002781152725
15272,0.08381229639053345
47009,0.08121657371520996
50144,0.07916788756847382
50,0.07915368676185608
48346,0.07909701764583588
3689,0.07878576219081879
28855,0.07781897485256195
