Index,Activation Value
52847,0.007040426135063171
48473,0.006396160926669836
62662,0.005105259362608194
22227,0.0035863511729985476
30064,0.0032325268257409334
67013,0.002345821587368846
67509,0.0007395760039798915
108542,0.00028576361364685
2279,0.00022878218442201614
