Index,Activation Value
8396,0.08015245944261551
33011,0.07061608880758286
56855,0.06701314449310303
36212,0.049604520201683044
38340,0.048643067479133606
30430,0.03943262994289398
25657,0.038378506898880005
4530,0.03772066906094551
26778,0.03573203459382057
53589,0.035717856138944626
