Index,Activation Value
24298,0.7732705473899841
38924,0.744511604309082
53579,0.7285645604133606
8080,0.6529713869094849
54138,0.6288542747497559
58249,0.60589200258255
44569,0.6050713658332825
8019,0.5829297304153442
26778,0.5770667195320129
1909,0.5347269773483276
