Index,Activation Value
47926,1.7461575269699097
65744,0.8096693754196167
96864,0.769754946231842
100874,0.730233371257782
10180,0.7081726789474487
2226,0.695620059967041
2342,0.5677551627159119
6299,0.5414215326309204
111303,0.5012232661247253
7220,0.382241427898407
