Index,Activation Value
111011,0.01937047950923443
19530,0.011102860793471336
7106,0.01053454540669918
38228,0.007930469699203968
109813,0.006700470577925444
16089,0.006414887961000204
76908,0.004267125390470028
42812,0.00358643289655447
107558,0.003331631887704134
100740,0.0023206984624266624
