Index,Activation Value
38924,0.2036202996969223
36473,0.2009369134902954
13179,0.18748149275779724
1909,0.14473934471607208
47380,0.12762533128261566
48477,0.12267423421144485
21161,0.12190120667219162
50478,0.12154993414878845
24298,0.12109971046447754
4191,0.1182929128408432
