Index,Activation Value
13003,0.6905924081802368
32700,0.33013346791267395
28150,0.22728748619556427
52394,0.1588575690984726
49518,0.0645248144865036
