Index,Activation Value
24298,3.645310878753662
8019,3.2876346111297607
54138,3.0106749534606934
42887,2.498338460922241
5556,2.3127546310424805
43197,2.200859785079956
8349,2.14422345161438
8080,1.8208558559417725
38924,1.7215055227279663
9816,1.665918231010437
