Index,Activation Value
48494,2.448885679244995
59308,1.5155389308929443
39207,1.3388029336929321
325,0.8901067972183228
36293,0.8251752853393555
43164,0.7704980373382568
51130,0.7369478344917297
36069,0.6498348712921143
26568,0.588305652141571
18164,0.5791269540786743
