Index,Activation Value
32727,0.003027824917808175
44569,0.002941633341833949
9816,0.0020690730307251215
38127,0.001953180879354477
42887,0.0018704702379181981
8080,0.0014975888188928366
27547,0.0012811877531930804
36625,0.0010487140389159322
1859,0.0010414202697575092
40678,0.0009385186713188887
