Index,Activation Value
52426,0.8603017926216125
51008,0.3197599947452545
51766,0.2876223623752594
52183,0.011165525764226913
