Index,Activation Value
28425,0.1665148138999939
13090,0.15571331977844238
56725,0.123092420399189
42493,0.10444614291191101
36173,0.10437069088220596
99629,0.06673111766576767
73501,0.06586970388889313
4765,0.06575318425893784
22092,0.06523150205612183
48820,0.06049397215247154
