Index,Activation Value
36212,0.5883809328079224
8396,0.5825015306472778
56855,0.5482012033462524
29340,0.5462532043457031
24298,0.4584338068962097
55023,0.44193994998931885
25657,0.4085061252117157
21467,0.370444118976593
38432,0.3658704459667206
45313,0.35061994194984436
