Index,Activation Value
25605,0.026959916576743126
36944,0.024704378098249435
20957,0.018496425822377205
41855,0.017843259498476982
51776,0.017050383612513542
34734,0.01704227738082409
29980,0.01692981831729412
39837,0.016225112602114677
9775,0.015415864065289497
48738,0.015163665637373924
