Index,Activation Value
21467,0.01480600144714117
38924,0.01065270509570837
36473,0.008619716390967369
58249,0.008155894465744495
38127,0.007402561139315367
16549,0.004983206745237112
39547,0.002462375443428755
33011,0.0021378248929977417
53579,0.001552915433421731
26778,0.0014949588803574443
