Index,Activation Value
98149,0.05124383419752121
26058,0.042215779423713684
3878,0.03875889256596565
6156,0.03719805181026459
59080,0.03425794839859009
97336,0.03232988342642784
35402,0.028698453679680824
91875,0.026831122115254402
48598,0.025405919179320335
57937,0.0253138467669487
