Index,Activation Value
34800,0.8014491200447083
95571,0.18630167841911316
83665,0.014610718935728073
