Index,Activation Value
24298,0.11797313392162323
54138,0.09011385589838028
36473,0.08762724697589874
8019,0.0821356549859047
9816,0.0578085258603096
579,0.05254106596112251
8080,0.04985859617590904
27547,0.04952585697174072
14756,0.048162829130887985
56007,0.04677141457796097
