Index,Activation Value
56855,0.2059834897518158
8396,0.19334520399570465
21467,0.19052964448928833
29340,0.14763139188289642
36212,0.14371095597743988
38924,0.13196878135204315
8080,0.13002604246139526
38432,0.1270432323217392
53579,0.1237645223736763
24298,0.12310995161533356
