Index,Activation Value
21467,0.06041015312075615
38924,0.049270305782556534
773,0.03837631642818451
30430,0.03772005811333656
58249,0.032387156039476395
19868,0.028097182512283325
16549,0.02540639229118824
7444,0.025125058367848396
24409,0.024073224514722824
43054,0.023117326200008392
