Index,Activation Value
70349,0.18614238500595093
17902,0.14095541834831238
88571,0.09431246668100357
111011,0.08610820770263672
14165,0.08277472108602524
95115,0.07432307302951813
35254,0.07018783688545227
33336,0.06762170046567917
63037,0.06602249294519424
107551,0.06574393063783646
