Index,Activation Value
14022,0.12414153665304184
17902,0.08672770112752914
7106,0.08578711003065109
7866,0.08045661449432373
104537,0.07983879745006561
35254,0.07974734157323837
59998,0.07543158531188965
107995,0.07178337872028351
42168,0.06641006469726562
44436,0.06546783447265625
