Index,Activation Value
56855,0.05732427537441254
8396,0.05697358772158623
36212,0.04948171228170395
29340,0.04371130093932152
24298,0.04140964522957802
54138,0.03398137539625168
8019,0.03369130566716194
25657,0.026027003303170204
27547,0.02562197484076023
4530,0.023083770647644997
