Index,Activation Value
29340,0.11503635346889496
36212,0.10954902321100235
8396,0.08861316740512848
56855,0.08697200566530228
53582,0.05952288955450058
4530,0.05388205498456955
24565,0.0513322576880455
28561,0.04395193234086037
25657,0.04215770587325096
33011,0.03604168817400932
