Index,Activation Value
53579,0.6435097455978394
21467,0.6298885345458984
58249,0.5091497302055359
38924,0.4627712368965149
56855,0.40158790349960327
36212,0.396840363740921
8080,0.3872440755367279
8396,0.36479708552360535
45313,0.34220075607299805
56554,0.3185000717639923
