Index,Activation Value
7334,0.10818518698215485
19627,0.10178794711828232
90842,0.08375062793493271
14022,0.08290582150220871
11918,0.07565275579690933
2871,0.07419092953205109
72094,0.0706961527466774
54156,0.06956904381513596
26404,0.06868801265954971
103825,0.06587826460599899
