Index,Activation Value
24298,0.008391685783863068
26778,0.007594327442348003
36473,0.0071160634979605675
53579,0.004962617997080088
29340,0.0028270967304706573
26937,0.0017311607953161001
54138,0.0006198308547027409
18000,0.0003807622124440968
