Index,Activation Value
42887,0.18773658573627472
29465,0.16424161195755005
8019,0.12928922474384308
43054,0.1146138608455658
32727,0.10428573191165924
9816,0.09999705106019974
32757,0.09208892285823822
43197,0.09006469696760178
8080,0.08915877342224121
54138,0.07804791629314423
