Index,Activation Value
70349,0.05234410986304283
13090,0.05126821622252464
88571,0.04445971921086311
56725,0.03319332003593445
52426,0.03305284306406975
60631,0.03030087985098362
107558,0.029311563819646835
107995,0.02928869239985943
88295,0.026385854929685593
37498,0.02631019614636898
