Index,Activation Value
104537,0.009669743478298187
20663,0.008678711019456387
88937,0.005969365127384663
52426,0.004193159285932779
96654,0.0029598695691674948
22227,0.001964248949661851
9293,0.0012787611922249198
