Index,Activation Value
36173,0.09974685311317444
35254,0.0835772380232811
15003,0.054460782557725906
80233,0.05232632905244827
70349,0.04989424720406532
110975,0.04773448780179024
92307,0.04705388471484184
96065,0.04470505937933922
12344,0.04128343611955643
52183,0.03908234462141991
