Index,Activation Value
15763,0.871968150138855
94638,0.8611027598381042
10770,0.8161709308624268
39069,0.3915528953075409
112143,0.3428345322608948
112166,0.3268861472606659
27644,0.31827905774116516
34519,0.3002469837665558
4925,0.2761778235435486
91025,0.2620469033718109
