Index,Activation Value
21467,0.2810121476650238
44569,0.2587391436100006
38340,0.24282801151275635
26778,0.22756846249103546
38924,0.198048397898674
8396,0.19694890081882477
33011,0.18357881903648376
36212,0.1801070272922516
45313,0.16742175817489624
13743,0.1558310091495514
