Index,Activation Value
33011,0.005335045978426933
53579,0.0031488705426454544
