Index,Activation Value
27547,0.02023063600063324
9816,0.018818030133843422
53589,0.014573456719517708
19868,0.012713192962110043
8019,0.012277798727154732
54138,0.009779519401490688
38127,0.009121634066104889
31904,0.008620863780379295
43197,0.008241033181548119
39547,0.007917826063930988
