Index,Activation Value
30511,0.026883039623498917
36212,0.018256403505802155
30430,0.01594105362892151
57551,0.01555695477873087
27771,0.01519294735044241
59060,0.01332293264567852
29465,0.013219638727605343
47711,0.011030684225261211
34961,0.010921068489551544
23805,0.007342924363911152
