Index,Activation Value
96758,0.0027704681269824505
56725,0.0021469243802130222
88571,0.00022385729243978858
