Index,Activation Value
80233,0.09726322442293167
31017,0.04779762774705887
54105,0.04775497317314148
82475,0.04678194224834442
107925,0.037904076278209686
109700,0.03685504570603371
87077,0.03358352184295654
60806,0.03243394196033478
12832,0.030848918482661247
4825,0.03075789287686348
