Index,Activation Value
38924,0.04644804447889328
53579,0.03465469926595688
8080,0.028306102380156517
26778,0.021467406302690506
21467,0.020863894373178482
58249,0.017712898552417755
54138,0.012235251255333424
8019,0.01083051785826683
18000,0.010162116959691048
27547,0.00898912362754345
