Index,Activation Value
55426,0.10041579604148865
37498,0.07309667766094208
101572,0.0694882944226265
592,0.062648706138134
97336,0.06264375150203705
71543,0.06174851208925247
36173,0.05976909399032593
43247,0.056054163724184036
6970,0.054228052496910095
88979,0.05368626490235329
