Index,Activation Value
15598,0.03645183891057968
48137,0.033997852355241776
36944,0.03361702337861061
32704,0.03021053783595562
56545,0.029917297884821892
58458,0.02777433581650257
54705,0.02729807235300541
18517,0.026132864877581596
32254,0.025693409144878387
56032,0.025442468002438545
