Index,Activation Value
72094,0.10019434243440628
101572,0.09841770678758621
111154,0.0832686573266983
89903,0.07993745058774948
110712,0.07839389890432358
105112,0.07831279188394547
27789,0.07346225529909134
8252,0.06801635771989822
53502,0.06297740340232849
70512,0.06270445883274078
