Index,Activation Value
7145,0.045783426612615585
21161,0.027110766619443893
13411,0.025837862864136696
7125,0.024160876870155334
43164,0.023366054520010948
59924,0.021461160853505135
35367,0.021352654322981834
17169,0.020471127703785896
41410,0.01998739317059517
43620,0.018696723505854607
