Index,Activation Value
33336,0.03662912920117378
60631,0.028799396008253098
49456,0.027724459767341614
52183,0.023906173184514046
96758,0.017259113490581512
51766,0.017092524096369743
99629,0.016516750678420067
80813,0.013985734432935715
37498,0.013538564555346966
11374,0.012893632054328918
