Index,Activation Value
33011,0.10042138397693634
56855,0.08811009675264359
44569,0.06963235884904861
36473,0.06795896589756012
1909,0.06533858925104141
54138,0.06247863918542862
1859,0.061445411294698715
24298,0.060846854001283646
8396,0.058076322078704834
53579,0.05763177201151848
