Index,Activation Value
5204,0.3578158915042877
99680,0.3369806706905365
81625,0.24564221501350403
82988,0.10073098540306091
30064,0.02703235298395157
