Index,Activation Value
19868,0.254105806350708
42887,0.21612076461315155
52382,0.19133372604846954
26937,0.16897737979888916
38127,0.1648772805929184
19701,0.16165496408939362
55023,0.15121965110301971
27683,0.14446434378623962
3689,0.13709290325641632
29340,0.1275818645954132
