Index,Activation Value
108888,0.8638266921043396
111914,0.5208082795143127
93484,0.3512123227119446
16353,0.31883102655410767
58554,0.2343205362558365
100756,0.21041546761989594
66813,0.13467323780059814
25543,0.02060779556632042
37912,0.01868259720504284
