Index,Activation Value
53579,0.037111829966306686
21467,0.03062821552157402
38924,0.029806820675730705
8080,0.028286028653383255
8396,0.02669459767639637
44569,0.025641029700636864
36212,0.024639654904603958
58249,0.020814351737499237
25657,0.019134247675538063
56855,0.01897033490240574
