Index,Activation Value
21467,0.028850674629211426
36212,0.028811944648623466
4530,0.02245967462658882
29340,0.020475827157497406
39547,0.01887960359454155
8396,0.018580809235572815
38432,0.0179714597761631
56554,0.01787244714796543
38247,0.017337031662464142
38127,0.017178568989038467
