Index,Activation Value
16549,0.11055798828601837
17366,0.09290952235460281
53582,0.08681537955999374
27569,0.0805157870054245
52382,0.07911974936723709
22214,0.07741406559944153
51351,0.07187768816947937
11450,0.0695318728685379
4191,0.06932205706834793
59868,0.0678815245628357
