Index,Activation Value
97230,0.15957503020763397
78346,0.0644175261259079
