Index,Activation Value
52183,0.030085165053606033
19627,0.023063713684678078
28425,0.019125016406178474
90842,0.01881156489253044
28910,0.017666077241301537
99629,0.01274713035672903
107925,0.012496531009674072
852,0.012453333474695683
6550,0.012312586419284344
49456,0.011701922863721848
