Index,Activation Value
48473,0.06053861230611801
6017,0.052368707954883575
59998,0.0429677739739418
91104,0.041581083089113235
59162,0.04143502563238144
52426,0.041025951504707336
27438,0.03956853970885277
8826,0.034465909004211426
36421,0.03443590924143791
50983,0.03246406093239784
