Index,Activation Value
96065,0.07405783981084824
54105,0.07265059649944305
27789,0.06763463467359543
33336,0.06200246885418892
74354,0.060219522565603256
52426,0.05418500676751137
111154,0.05410993471741676
29372,0.05222752317786217
26012,0.05172261595726013
65993,0.051675982773303986
