Index,Activation Value
29340,0.07966632395982742
36212,0.07728234678506851
38432,0.07317934930324554
8396,0.055959656834602356
33011,0.05253592133522034
38924,0.05169268697500229
56855,0.05118163302540779
47257,0.04813774675130844
42773,0.04141286015510559
4530,0.03926203399896622
