Index,Activation Value
92077,0.08926236629486084
107558,0.08418808877468109
61123,0.08238846808671951
72094,0.0823201835155487
52683,0.07929164916276932
7334,0.07860962301492691
55426,0.07846694439649582
15751,0.0768548920750618
52491,0.06799991428852081
105073,0.05800742283463478
