Index,Activation Value
36944,6.007399559020996
36625,5.889853477478027
15397,5.352602481842041
15598,5.252077102661133
21565,5.214142322540283
47264,5.133874416351318
17999,4.645472049713135
52735,4.509271144866943
25227,4.503407001495361
6473,4.485004425048828
