Index,Activation Value
21467,0.005596625152975321
43197,0.004310812335461378
56155,0.0035178321413695812
28561,0.0032571370247751474
32727,0.0027457091491669416
13743,0.002376400865614414
53589,0.0022694747895002365
9351,0.0012900916626676917
36212,0.0010177886579185724
57551,0.0007529283757321537
