Index,Activation Value
56725,0.016788069158792496
107558,0.01309226918965578
27438,0.010607639327645302
33336,0.009559059515595436
22092,0.008724300190806389
60631,0.0071348585188388824
104537,0.006967188790440559
62757,0.006898682098835707
37498,0.006695715244859457
29372,0.006409577094018459
