Index,Activation Value
33420,0.014811879955232143
43054,0.011155839078128338
38247,0.005631662905216217
55625,0.0042421333491802216
40484,0.0029404573142528534
54426,0.002650677226483822
24409,0.0025047746021300554
50086,0.0017600038554519415
