Index,Activation Value
24702,0.1790299266576767
7145,0.17469650506973267
53579,0.15777389705181122
59924,0.14788611233234406
43054,0.12243425846099854
32757,0.12098592519760132
42773,0.11050061881542206
15111,0.10968988388776779
29465,0.10852359980344772
41844,0.10543686151504517
