Index,Activation Value
2800,0.01600436121225357
43164,0.01524333469569683
34268,0.015124938450753689
40862,0.012963175773620605
59924,0.012060119770467281
5319,0.009057469666004181
42296,0.008980202488601208
3400,0.008944004774093628
31684,0.008070209994912148
34397,0.007557312026619911
