Index,Activation Value
8396,0.014508862979710102
56855,0.01351160928606987
54138,0.012786184437572956
36212,0.008529550395905972
32727,0.007141400128602982
25657,0.003944918047636747
29340,0.0031444644555449486
41844,0.00020416686311364174
