Index,Activation Value
36173,0.03834789991378784
52183,0.01762443222105503
33336,0.01695862039923668
8790,0.012891924940049648
67013,0.012869263999164104
60631,0.012567656114697456
111011,0.011535546742379665
27438,0.01110934279859066
109813,0.009284847415983677
96758,0.008811923675239086
