Index,Activation Value
104537,0.011419184505939484
88384,0.008736282587051392
27438,0.007740050554275513
84018,0.007636999245733023
99629,0.006326858885586262
15751,0.005642134230583906
28910,0.0056326743215322495
52847,0.004813969135284424
28425,0.004160101525485516
20663,0.003950383979827166
