Index,Activation Value
56855,0.038612402975559235
54138,0.035346947610378265
8396,0.03505626320838928
38924,0.03270406648516655
29340,0.030086703598499298
53579,0.0287089291960001
21467,0.027472462505102158
8080,0.026942497119307518
24298,0.023775888606905937
33011,0.023593232035636902
