Index,Activation Value
33933,1.1364216804504395
24705,0.5729789733886719
38661,0.5475363731384277
1741,0.4646722376346588
4195,0.3671610653400421
37786,0.3029019832611084
50710,0.1916060894727707
6091,0.14011582732200623
17252,0.03970029950141907
2533,0.011622435413300991
