Index,Activation Value
38924,0.03710418939590454
53579,0.029449880123138428
58249,0.02554432675242424
26778,0.017437787726521492
25800,0.01636458747088909
56554,0.015885015949606895
7145,0.012073732912540436
11450,0.008984687738120556
33011,0.00881384126842022
18000,0.008434487506747246
