Index,Activation Value
38924,0.4212689995765686
36473,0.3921535015106201
24298,0.35686612129211426
53579,0.34935587644577026
26778,0.3055931031703949
21467,0.2676038146018982
8019,0.26549142599105835
58249,0.2313465029001236
17428,0.190015509724617
8349,0.1812891662120819
