Index,Activation Value
70349,0.1437704712152481
6156,0.1029478907585144
49456,0.10075569152832031
88295,0.09201852977275848
107558,0.08049937337636948
7351,0.07951653003692627
87758,0.07856708019971848
98149,0.07791232317686081
17902,0.07683142274618149
12344,0.06875181198120117
