Index,Activation Value
85314,0.07222513854503632
107558,0.06860009580850601
95769,0.06016536056995392
96065,0.05202990025281906
87758,0.05191512405872345
61202,0.05107635632157326
88295,0.050834137946367264
100195,0.05036105960607529
12064,0.04933951422572136
50105,0.048872824758291245
