Index,Activation Value
83828,0.09352535009384155
98149,0.07108321040868759
103824,0.05710068717598915
107604,0.051541220396757126
4825,0.04993734508752823
50439,0.047974538058042526
1267,0.04544949531555176
49456,0.04422838240861893
19627,0.044185686856508255
62757,0.04399695619940758
