Index,Activation Value
21467,0.5554963946342468
53579,0.4846463203430176
36212,0.435819536447525
38924,0.40297579765319824
56855,0.37261107563972473
24298,0.35383009910583496
8396,0.34634825587272644
58249,0.3159988522529602
36473,0.312187135219574
27547,0.30477648973464966
