Index,Activation Value
107925,0.07372784614562988
102181,0.051495131105184555
38274,0.04241764917969704
59080,0.0416809543967247
108542,0.039838697761297226
93969,0.03917818143963814
28910,0.038312800228595734
67509,0.03717971593141556
104537,0.03419630974531174
3311,0.029949216172099113
