Index,Activation Value
80813,0.020522238686680794
103694,0.015298929065465927
66289,0.013785417191684246
21549,0.01311460416764021
70776,0.010719946585595608
12344,0.009588100016117096
76908,0.00948999635875225
107995,0.009273652918636799
14983,0.007950201630592346
73908,0.007935462519526482
