Index,Activation Value
21467,0.18811924755573273
53579,0.1472064107656479
38432,0.13827556371688843
8080,0.12750856578350067
27547,0.12325967103242874
38340,0.08951495587825775
38924,0.08294655382633209
45313,0.08224883675575256
26778,0.08028137683868408
36212,0.07650408148765564
