Index,Activation Value
12,0.02128714509308338
7351,0.017456304281949997
6156,0.016260234639048576
92077,0.011510411277413368
14326,0.009112522006034851
11313,0.007952800020575523
868,0.0075174844823777676
7866,0.007414141669869423
18680,0.006641586311161518
54156,0.006306733936071396
