Index,Activation Value
72094,0.018442679196596146
107558,0.014470169320702553
73908,0.014032509177923203
29372,0.012829775922000408
74331,0.011254983954131603
27438,0.010560429655015469
88295,0.01043944526463747
96065,0.010078299790620804
14022,0.009766805917024612
14983,0.009518382139503956
