Index,Activation Value
44437,0.8940156102180481
36221,0.6390688419342041
41528,0.6162524223327637
4945,0.6139547824859619
39488,0.5237693190574646
27342,0.2336871176958084
97904,0.21850591897964478
11359,0.18349526822566986
74847,0.15103690326213837
12094,0.1003728061914444
