Index,Activation Value
33011,0.008677167817950249
56855,0.008228984661400318
53579,0.0068242475390434265
8396,0.0065521192736923695
36212,0.00416199816390872
21467,0.004096915014088154
38924,0.0040655191987752914
29340,0.003738146275281906
26778,0.002780528971925378
44569,0.002074649790301919
