Index,Activation Value
54813,0.9220010638237
58833,0.7908431887626648
88229,0.6977461576461792
91634,0.48631152510643005
9251,0.40469813346862793
34642,0.33742469549179077
39491,0.3069818317890167
108218,0.2652621269226074
59726,0.18733899295330048
8823,0.17174914479255676
