Index,Activation Value
41843,0.08132882416248322
54621,0.06596818566322327
30053,0.05507199466228485
57496,0.04903625696897507
31684,0.048949338495731354
49271,0.048768721520900726
1838,0.04794411361217499
25624,0.04649597406387329
14264,0.045635271817445755
42801,0.044193021953105927
