Index,Activation Value
90842,0.027424907311797142
70349,0.024986501783132553
107925,0.024450330063700676
13090,0.020146863535046577
83828,0.01944890432059765
88571,0.019072577357292175
852,0.019069848582148552
18680,0.01843431405723095
20663,0.014970222488045692
61123,0.014490130357444286
