Index,Activation Value
33336,0.025496598333120346
27438,0.023802870884537697
60631,0.021107492968440056
83828,0.01921153999865055
111011,0.014827688224613667
49456,0.012621372938156128
52183,0.012333371676504612
27912,0.011987339705228806
27858,0.00843369122594595
50022,0.007898466661572456
