Index,Activation Value
4748,0.8300783634185791
47864,0.5677929520606995
57402,0.40892142057418823
14100,0.1800094097852707
53784,0.15445367991924286
5796,0.13768450915813446
44388,0.12966030836105347
15600,0.07461576163768768
50724,0.011934868060052395
