Index,Activation Value
17950,0.08684676140546799
41843,0.08216256648302078
42887,0.07456739246845245
44208,0.06810565292835236
26073,0.06355717033147812
566,0.06127798929810524
56505,0.05703432857990265
2800,0.05460045114159584
15758,0.054541025310754776
43197,0.05199245363473892
