Index,Activation Value
58249,0.250855952501297
38247,0.23298747837543488
24702,0.20738695561885834
38924,0.17763681709766388
43054,0.17153505980968475
7145,0.16870760917663574
31723,0.16740766167640686
17939,0.13605374097824097
56554,0.13360433280467987
21565,0.1295764148235321
