Index,Activation Value
55397,0.25464096665382385
37556,0.1736685335636139
