Index,Activation Value
53579,0.5416048169136047
38924,0.5142918825149536
21467,0.4973234236240387
58249,0.4622413218021393
38432,0.4369485080242157
54138,0.3368520736694336
36212,0.31399813294410706
26778,0.28927063941955566
25657,0.28003668785095215
38340,0.27873292565345764
