Index,Activation Value
87031,0.43567416071891785
63519,0.3317647874355316
36418,0.19605648517608643
48982,0.12495312094688416
101101,0.005409759469330311
