Index,Activation Value
36473,0.25426700711250305
24298,0.25184521079063416
38924,0.2246236950159073
44569,0.22164317965507507
54138,0.22118353843688965
579,0.187300443649292
8019,0.18534621596336365
22371,0.1822727620601654
8080,0.17614448070526123
32757,0.17593751847743988
