Index,Activation Value
28561,0.018336035311222076
16549,0.015262301079928875
49043,0.014609064906835556
36875,0.01222383975982666
31723,0.010970212519168854
40818,0.00862592551857233
33391,0.008308731950819492
15111,0.008100396953523159
773,0.007393022999167442
41005,0.006940266117453575
