Index,Activation Value
52683,0.015406443737447262
88571,0.014067262411117554
4825,0.01042399276047945
45447,0.0066294618882238865
22227,0.005617680959403515
20663,0.005163919180631638
103694,0.005062978249043226
106196,0.004963803105056286
25887,0.004637781996279955
36533,0.004557663109153509
