Index,Activation Value
12344,0.11776287108659744
35254,0.11258231848478317
70776,0.11110835522413254
110712,0.10959530621767044
14326,0.10918077081441879
868,0.09982781857252121
11313,0.09548792988061905
8251,0.08851547539234161
4264,0.08749260008335114
71879,0.08691859245300293
