Index,Activation Value
25435,1.232669472694397
51813,1.1918476819992065
2858,0.952944278717041
64645,0.7451399564743042
29099,0.7447224259376526
24466,0.7315549850463867
70970,0.6871986389160156
6490,0.548596203327179
1011,0.5403081178665161
48515,0.49940505623817444
