Index,Activation Value
56725,0.06128585338592529
13090,0.0538376122713089
33336,0.039171792566776276
49456,0.03489941731095314
96758,0.0345308743417263
37498,0.027171486988663673
64204,0.025540536269545555
104537,0.024835119023919106
29450,0.021708721294999123
71879,0.021506236866116524
