Index,Activation Value
21467,0.3074166476726532
53579,0.3017178177833557
38924,0.2894393801689148
58249,0.23953628540039062
38432,0.17555288970470428
27547,0.1641564667224884
8080,0.14104370772838593
9816,0.12945927679538727
25800,0.1289503127336502
1859,0.12795375287532806
