Index,Activation Value
90842,0.02866480126976967
19627,0.027394931763410568
107925,0.024774570018053055
12,0.01989733800292015
95769,0.01965639740228653
592,0.017878824844956398
111665,0.01680085062980652
100740,0.015099043026566505
71812,0.014981254003942013
14326,0.014848345890641212
