Index,Activation Value
57057,0.9345099329948425
13432,0.7573538422584534
96234,0.7392285466194153
74553,0.7102072834968567
70521,0.6064274311065674
42994,0.5958778262138367
108141,0.5470922589302063
54609,0.3960811495780945
110434,0.34199047088623047
18197,0.3413237929344177
