Index,Activation Value
59684,0.8637073636054993
54109,0.805347204208374
7879,0.749880850315094
51691,0.709498405456543
3273,0.6305050253868103
33933,0.6047528386116028
46731,0.569170355796814
17584,0.5424526333808899
56968,0.5342950820922852
38498,0.5337203741073608
