Index,Activation Value
12344,0.11174607276916504
87758,0.09115483611822128
12064,0.07297555357217789
7334,0.06581804901361465
52854,0.06573691964149475
90842,0.06455934792757034
95786,0.05825436860322952
62662,0.05690035596489906
73908,0.056663453578948975
103694,0.055345792323350906
