Index,Activation Value
44569,3.031392812728882
21467,2.8340506553649902
32727,2.5860719680786133
38432,2.5016188621520996
8080,2.3633170127868652
27547,2.1231179237365723
1859,2.0285983085632324
59981,1.9413435459136963
38340,1.8002212047576904
40678,1.6244245767593384
