Index,Activation Value
13109,0.6033318638801575
51688,0.5445293188095093
47695,0.3867951035499573
54405,0.13455747067928314
