Index,Activation Value
33011,0.0935981348156929
27399,0.07702672481536865
49406,0.07347951084375381
20435,0.07082510739564896
4817,0.06808137893676758
14186,0.0673401728272438
58458,0.06713079661130905
12929,0.06524967402219772
48137,0.06418080627918243
38924,0.06399236619472504
