Index,Activation Value
38924,0.0007839733152650297
24298,0.0007387336227111518
