Index,Activation Value
36473,0.5183465480804443
38924,0.5065160989761353
53579,0.48607686161994934
58249,0.41967496275901794
33011,0.41903403401374817
1909,0.40151503682136536
44569,0.3097069263458252
24298,0.25811251997947693
21467,0.24677015841007233
26778,0.23915036022663116
