Index,Activation Value
83384,0.8862873315811157
17481,0.5375337600708008
65373,0.45365387201309204
99960,0.05661599710583687
65014,0.04283411428332329
42872,0.015403708443045616
106932,0.004233683459460735
