Index,Activation Value
107925,0.027692006900906563
21549,0.01796688325703144
80233,0.01648336835205555
90842,0.014889145269989967
71879,0.014805118553340435
27438,0.014632641337811947
4738,0.014301120303571224
17608,0.01383503433316946
54156,0.013722432777285576
12942,0.01363286841660738
