Index,Activation Value
62757,0.1242164894938469
70776,0.08569882810115814
61123,0.06925464421510696
11313,0.0655859112739563
48473,0.06508717685937881
47448,0.058817315846681595
44123,0.05822285637259483
93364,0.058070819824934006
92077,0.055436838418245316
12344,0.05287928506731987
