Index,Activation Value
61796,1.030846357345581
16398,0.27909764647483826
15790,0.2678188383579254
38128,0.2513137757778168
16278,0.22923912107944489
42193,0.18722006678581238
51374,0.13974398374557495
111712,0.09815031290054321
5523,0.07103724032640457
70512,0.05968819931149483
