Index,Activation Value
47247,0.020191332325339317
27840,0.01751716621220112
57892,0.01648968644440174
15111,0.0156906396150589
11897,0.014567174017429352
17366,0.010482288897037506
40818,0.01040430273860693
28312,0.010123581625521183
31723,0.00871039554476738
58398,0.008704228326678276
