Index,Activation Value
26963,1.0494892597198486
96526,0.9049500823020935
17420,0.7354493737220764
96234,0.5850741267204285
94223,0.3984718918800354
73354,0.37650468945503235
46450,0.3550512194633484
23505,0.33245179057121277
76487,0.2721651494503021
78438,0.23169615864753723
