Index,Activation Value
7145,0.10673586279153824
24565,0.09291419386863708
53582,0.07714841514825821
51614,0.07398293167352676
31736,0.07097861170768738
17134,0.07087474316358566
58963,0.07075700908899307
44208,0.06493689864873886
4930,0.05830075219273567
2800,0.05657673254609108
