Index,Activation Value
13090,0.004414326045662165
56725,0.002997820498421788
6156,0.002139620715752244
12344,0.0021315233316272497
33336,0.00117666891310364
14022,0.00098798971157521
22092,0.0007420129841193557
92077,0.0005387390847317874
9293,0.0003890378284268081
7866,0.00018736207857728004
