Index,Activation Value
33336,0.19991709291934967
96758,0.1345418393611908
27438,0.12602326273918152
49456,0.12012343108654022
83828,0.10321665555238724
52847,0.0827680453658104
28910,0.0788363516330719
81123,0.0770123228430748
28425,0.0758233517408371
54896,0.07449426501989365
