Index,Activation Value
18680,0.006497367285192013
22227,0.004123689606785774
42192,0.003724838839843869
52683,0.0019455953733995557
90842,0.0018161775078624487
17432,0.0009864380117505789
22092,0.0007160093518905342
