Index,Activation Value
29340,0.24264705181121826
18000,0.23872262239456177
36212,0.23578982055187225
56855,0.2115957885980606
25800,0.19681291282176971
19701,0.19361397624015808
8396,0.19093731045722961
55023,0.19057722389698029
42887,0.18299494683742523
42192,0.16054056584835052
