Index,Activation Value
107558,0.07481006532907486
50983,0.0687178522348404
76906,0.06496258080005646
95312,0.060076888650655746
73501,0.05911460518836975
88295,0.05843868851661682
78974,0.05680158734321594
33659,0.05439107492566109
70349,0.054187946021556854
25849,0.05285165086388588
