Index,Activation Value
107925,0.0873439610004425
72094,0.0713113322854042
107995,0.06842353194952011
105073,0.06622932851314545
27789,0.06264139711856842
52491,0.048050764948129654
12,0.04554082825779915
44818,0.045343901962041855
90842,0.04185212403535843
38274,0.036301761865615845
