Index,Activation Value
38312,0.2784951329231262
21369,0.1708521991968155
8210,0.06931658089160919
