Index,Activation Value
1909,0.016599586233496666
59288,0.009617322124540806
36473,0.008461990393698215
14826,0.007578974589705467
13179,0.006214482244104147
53579,0.0058057731948792934
57551,0.005631184205412865
1859,0.004415774717926979
43115,0.004079564940184355
773,0.0033997748978435993
