Index,Activation Value
24235,0.0023983996361494064
70349,0.00197080266661942
73782,0.0019133200403302908
17902,0.0015674206661060452
6156,0.0009522836771793664
62662,0.0007877138559706509
12,0.0007527718553319573
3082,0.0007427552482113242
55779,0.0006382248247973621
53715,0.0006308574229478836
