Index,Activation Value
53579,0.6564298868179321
38924,0.61849445104599
21467,0.5641809105873108
26778,0.5247658491134644
58249,0.47425270080566406
33011,0.45528534054756165
8080,0.41499343514442444
44569,0.3992103636264801
24298,0.3630160689353943
27547,0.3590981960296631
