Index,Activation Value
38924,0.5876728296279907
54138,0.5768332481384277
26778,0.5673101544380188
53579,0.5507706999778748
24298,0.548716127872467
8080,0.5272544026374817
8019,0.4871012270450592
1909,0.4727669358253479
33011,0.4387699365615845
21467,0.4352869689464569
