Index,Activation Value
35831,0.05749892443418503
88571,0.0447254478931427
12942,0.04459899663925171
31227,0.03850623592734337
29372,0.03628929331898689
26012,0.03378437086939812
99492,0.03347063437104225
66371,0.033243123441934586
65877,0.032009102404117584
98286,0.030682701617479324
