Index,Activation Value
88571,0.021780485287308693
70349,0.020824111998081207
14022,0.01694551110267639
35254,0.015581468120217323
92881,0.013438860885798931
12942,0.01318430621176958
103825,0.012923387810587883
12,0.01262969896197319
71153,0.012505275197327137
28425,0.011943095363676548
