Index,Activation Value
11257,0.04667819291353226
38127,0.04646677151322365
4987,0.042764224112033844
32757,0.038587212562561035
12023,0.037897031754255295
54705,0.03701500967144966
22371,0.03693922236561775
54222,0.03583523631095886
35684,0.03556907922029495
19931,0.035166360437870026
