Index,Activation Value
56855,0.014433133415877819
29340,0.008607031777501106
8396,0.006862192880362272
55023,0.00014081822882872075
