Index,Activation Value
13090,0.03296751528978348
19627,0.028872312977910042
90842,0.02582126297056675
56725,0.02520645596086979
37498,0.02032620832324028
52183,0.017391027882695198
28425,0.016751592978835106
60631,0.015152030624449253
92077,0.014545395039021969
88571,0.01372410636395216
