Index,Activation Value
29340,0.07252983748912811
53582,0.06600026041269302
56855,0.05044179409742355
24565,0.04045695438981056
53589,0.03928912431001663
43178,0.03850673511624336
57551,0.03819039836525917
31736,0.03789179027080536
34961,0.03705892711877823
43197,0.03527012839913368
