Index,Activation Value
27547,0.02994188852608204
56855,0.024030370637774467
38432,0.022356482222676277
21467,0.018910391256213188
8396,0.018831904977560043
29340,0.018402310088276863
30430,0.016606487333774567
8019,0.01595875807106495
40678,0.014745041728019714
36212,0.014538826420903206
