Index,Activation Value
5410,0.2994804382324219
72565,0.12019193917512894
