Index,Activation Value
36473,0.08248915523290634
1909,0.08213429152965546
8080,0.07085217535495758
38127,0.06895643472671509
53579,0.06801937520503998
1859,0.05343945696949959
33011,0.05226642265915871
54138,0.05018496513366699
18000,0.04993905872106552
26778,0.04764043539762497
