Index,Activation Value
24298,0.05080249533057213
38924,0.04691927134990692
8080,0.04544318839907646
8019,0.0413750559091568
53579,0.04086403548717499
21467,0.03638095781207085
1909,0.033292897045612335
42887,0.028563937172293663
43197,0.028527088463306427
54138,0.028498034924268723
