Index,Activation Value
53579,0.05599087476730347
33011,0.05103389173746109
38924,0.04466891288757324
24298,0.04176311194896698
44569,0.0384538508951664
1909,0.03625694289803505
58249,0.03537601977586746
21467,0.03275483101606369
27547,0.027488622814416885
8019,0.02679203636944294
