Index,Activation Value
36473,2.249242067337036
24298,1.7781211137771606
14816,1.082381248474121
26073,0.8846282362937927
57163,0.502988874912262
17428,0.38054895401000977
35215,0.2617785930633545
13179,0.20338067412376404
8019,0.19432590901851654
56505,0.1814354807138443
