Index,Activation Value
83828,0.015269004739820957
56725,0.010893313214182854
63669,0.009372266009449959
52183,0.008948481641709805
97407,0.008480722084641457
2279,0.008400602266192436
110712,0.007704615127295256
70349,0.006926162634044886
29372,0.004701525904238224
96065,0.004291024524718523
