Index,Activation Value
14022,0.1289069503545761
62757,0.10802605003118515
28425,0.10139881819486618
13090,0.10050045698881149
11918,0.091361865401268
7866,0.08827664703130722
7334,0.08797124773263931
50983,0.0869845300912857
73908,0.0866883173584938
27438,0.08636133372783661
