Index,Activation Value
29465,0.03676072880625725
17950,0.03094860166311264
51769,0.02770201303064823
14196,0.027360638603568077
15758,0.026893004775047302
28273,0.025672707706689835
23805,0.0253975298255682
28855,0.024945514276623726
24588,0.024556288495659828
56096,0.023658638820052147
