Index,Activation Value
53579,0.19794659316539764
58249,0.1857028603553772
22335,0.14725318551063538
42887,0.14502736926078796
38924,0.1421842873096466
56545,0.14012514054775238
9816,0.13684554398059845
44743,0.13452216982841492
54222,0.133225217461586
54138,0.13300636410713196
