Index,Activation Value
70349,0.047007005661726
13090,0.04038865491747856
56725,0.029552385210990906
101572,0.026691235601902008
37498,0.02598297782242298
52426,0.02413141168653965
108688,0.023793982341885567
48529,0.01818368211388588
110712,0.017461497336626053
111478,0.0172946248203516
