Index,Activation Value
7145,0.04403309524059296
50011,0.023766951635479927
31684,0.023320836946368217
14826,0.023217756301164627
22678,0.02236262522637844
56007,0.021398106589913368
51614,0.02037958614528179
44269,0.019688617438077927
23805,0.019364692270755768
7683,0.01925036683678627
