Index,Activation Value
53579,0.48010939359664917
38924,0.3744092583656311
58249,0.3726211488246918
8080,0.3611699640750885
21467,0.3569786250591278
27547,0.3482387363910675
44569,0.27396371960639954
26778,0.2718504071235657
18000,0.2666756510734558
45313,0.2450116127729416
