Index,Activation Value
13090,0.08523871004581451
60631,0.07463479042053223
38228,0.06278469413518906
81123,0.05537727475166321
20663,0.052627529948949814
63037,0.04989399388432503
92881,0.04928989335894585
67013,0.04847034066915512
96758,0.048169609159231186
55040,0.0472518652677536
