Index,Activation Value
60631,0.010197137482464314
56725,0.00916527584195137
52183,0.004123848397284746
28425,0.0035884324461221695
13090,0.0023444483522325754
49456,0.0015609904658049345
33336,0.001391153084114194
28910,0.0003978170279879123
37498,0.0003560663899406791
