Index,Activation Value
16107,0.08011288195848465
100195,0.07989417761564255
71879,0.0751197338104248
15751,0.07378830015659332
16807,0.06374449282884598
55779,0.06188715994358063
96808,0.059457894414663315
96654,0.05836630240082741
78362,0.05262349918484688
47884,0.051784612238407135
