Index,Activation Value
104537,0.03849519416689873
6156,0.02753636986017227
111011,0.024186691269278526
33336,0.021856380626559258
90842,0.021627554669976234
87758,0.01717592589557171
54156,0.01652439683675766
31017,0.016502264887094498
88937,0.01644105836749077
52345,0.015246103517711163
