Index,Activation Value
33336,0.00610382342711091
27438,0.005654158536344767
49456,0.005303141660988331
96758,0.004196095746010542
48529,0.00337795726954937
111011,0.0027939826250076294
83828,0.0025915438309311867
59162,0.0025765439495444298
13090,0.002545471303164959
55426,0.0024483671877533197
