Index,Activation Value
44705,0.08790542930364609
41246,0.07498913258314133
39547,0.06831913441419601
7444,0.06625817716121674
1976,0.06437832117080688
16403,0.05852098390460014
7916,0.039579302072525024
351,0.03512173891067505
43541,0.03277439996600151
54621,0.032760802656412125
