Index,Activation Value
36212,0.032932642847299576
8396,0.03038899600505829
56855,0.026722706854343414
38432,0.019017968326807022
25657,0.017889678478240967
4530,0.01556445099413395
21467,0.014857927337288857
29340,0.014309229329228401
38340,0.01336604356765747
43054,0.010928322561085224
