Index,Activation Value
13090,0.027298806235194206
52183,0.023601781576871872
28910,0.018880747258663177
35254,0.017741113901138306
95769,0.017640920355916023
16807,0.017465628683567047
7682,0.015370610170066357
107925,0.015109732747077942
49456,0.013934369198977947
71879,0.012622732669115067
