Index,Activation Value
21467,0.0068118153139948845
54138,0.0011424307012930512
8019,0.0007395437569357455
