Index,Activation Value
36473,0.24938559532165527
1909,0.221098855137825
38924,0.18670551478862762
13179,0.18386024236679077
579,0.14319026470184326
26073,0.11462628096342087
24409,0.11449868232011795
38247,0.11313622444868088
33011,0.10926163196563721
17428,0.10839992761611938
