Index,Activation Value
66923,1.6111270189285278
109343,0.5885044932365417
102709,0.3597652018070221
84853,0.334379643201828
110373,0.3206249475479126
8440,0.20327505469322205
61787,0.1762470006942749
60394,0.1449017971754074
11971,0.11125758290290833
52225,0.05494004115462303
