Index,Activation Value
13090,0.004302643239498138
56725,0.004072932060807943
48473,0.004023800138384104
52183,0.0037267222069203854
16107,0.0036501996219158173
70349,0.002693111775442958
80813,0.0026902013923972845
51766,0.002661443082615733
101572,0.0026172962971031666
9293,0.0024111883249133825
