Index,Activation Value
29340,0.025591811165213585
28312,0.01899247244000435
56096,0.016659153625369072
7783,0.01395038515329361
22371,0.013098414987325668
59069,0.012677290476858616
21467,0.011598599143326283
19491,0.011365052312612534
56855,0.011262213811278343
14186,0.011089957319200039
