Index,Activation Value
88937,0.007627181708812714
59080,0.0014637860003858805
104537,0.0014380858046934009
