Index,Activation Value
27683,0.043316613882780075
51769,0.0270828977227211
5319,0.026512758806347847
32727,0.024675067514181137
14826,0.023096349090337753
25800,0.01757657714188099
24588,0.015786679461598396
57551,0.015765054151415825
42887,0.013867173343896866
24409,0.011683642864227295
