Index,Activation Value
53579,0.009563347324728966
38924,0.008840025402605534
32727,0.001858399948105216
1909,0.0018502408638596535
26778,0.0010973348980769515
8080,0.0005387035198509693
