Index,Activation Value
43011,0.8773583173751831
68535,0.6347392797470093
30132,0.5581653118133545
56266,0.5211674571037292
78289,0.49007922410964966
9518,0.47371119260787964
41796,0.45949500799179077
80208,0.3825165033340454
96740,0.37675154209136963
93596,0.3576037287712097
