Index,Activation Value
38924,0.02701657824218273
53579,0.024242959916591644
21467,0.020841794088482857
8080,0.017962394282221794
27547,0.015642894431948662
58249,0.01458810642361641
26778,0.013319958001375198
38432,0.011829705908894539
56855,0.011140557006001472
54138,0.01043203379958868
