Index,Activation Value
34130,0.501579999923706
56327,0.1440293788909912
37466,0.0636884793639183
12717,0.008628468960523605
