Index,Activation Value
111011,0.10376584529876709
28425,0.08764467388391495
7106,0.08243908733129501
31199,0.0799538642168045
14022,0.07747609168291092
27438,0.07739276438951492
15751,0.07189446687698364
30787,0.07118538022041321
13090,0.06981431692838669
66289,0.06882154941558838
