Index,Activation Value
21467,0.010233785025775433
36212,0.0044504376128315926
27547,0.004348918329924345
38432,0.003905694466084242
32727,0.0018371309852227569
9816,0.001812422415241599
8080,0.0014621370937675238
