Index,Activation Value
82590,0.08733195066452026
95312,0.08096791058778763
58965,0.06220722943544388
54896,0.06052805855870247
111478,0.06015734374523163
31199,0.05896441265940666
99922,0.055808309465646744
106196,0.0536469928920269
98149,0.05354606360197067
46383,0.053427159786224365
