Index,Activation Value
13090,0.012732488103210926
111011,0.0005210193921811879
