Index,Activation Value
38924,0.5763423442840576
53579,0.5558264851570129
21467,0.55455082654953
26778,0.5293218493461609
29340,0.4931698441505432
8080,0.4160453975200653
33011,0.41501739621162415
54138,0.3962858319282532
27547,0.36193934082984924
36212,0.35845640301704407
