Index,Activation Value
43054,0.014127682894468307
773,0.007098791655153036
29465,0.0055566029623150826
49406,0.00473049795255065
39547,0.004476508591324091
38127,0.004419736564159393
20435,0.0036941813305020332
19491,0.003416101448237896
9816,0.0022786378394812346
42887,0.0020723508205264807
