Index,Activation Value
44569,0.17986027896404266
47257,0.17040568590164185
579,0.16414543986320496
13743,0.15862390398979187
29465,0.1537257432937622
24298,0.14501170814037323
30430,0.1347866952419281
54138,0.12362486869096756
9351,0.12180757522583008
32757,0.11535992473363876
