Index,Activation Value
43197,0.08817850798368454
42887,0.06325840204954147
14826,0.05815112963318825
32727,0.05615107715129852
52382,0.05369563400745392
23805,0.05358733609318733
19701,0.052882034331560135
38127,0.050478558987379074
56855,0.04957238584756851
16549,0.04939454421401024
