Index,Activation Value
56725,0.16298411786556244
37498,0.12272593379020691
30064,0.09151807427406311
52183,0.09121838957071304
28425,0.08781792223453522
109813,0.08016956597566605
13090,0.07979775220155716
97407,0.07888419926166534
60631,0.07528600096702576
33336,0.06935454905033112
