Index,Activation Value
18311,2.279520273208618
10183,2.2141544818878174
34942,2.141155958175659
31306,2.0205163955688477
18629,1.8594504594802856
4309,1.6933656930923462
50373,1.6756702661514282
17683,1.4229493141174316
58284,1.3757675886154175
57657,1.3480138778686523
