Index,Activation Value
29340,0.003339688293635845
36212,0.002504223957657814
24565,0.0020460952073335648
53582,0.0016153451288118958
7145,0.0011455758940428495
773,0.0009594294824637473
15598,0.0009068410727195442
2792,0.0007830883259885013
31736,0.00048457286902703345
44208,0.00044396379962563515
