Index,Activation Value
1909,0.06361401826143265
10570,0.0632670670747757
58249,0.060961268842220306
38924,0.05886595696210861
18000,0.05555753782391548
59288,0.055102527141571045
53579,0.05380679666996002
36473,0.05156668275594711
38247,0.049402546137571335
17428,0.04484401270747185
