Index,Activation Value
55521,0.22180667519569397
5065,0.17011187970638275
13324,0.1087392270565033
50582,0.06311246007680893
5084,0.05200161412358284
