Index,Activation Value
70349,0.007295696996152401
33336,0.003941275645047426
28425,0.002750000450760126
36173,0.0018633558647707105
27438,0.0017954225186258554
12,0.0013437627349048853
107558,0.001022657030262053
