Index,Activation Value
96758,0.07287514209747314
95693,0.05619391053915024
24235,0.05045078694820404
52683,0.047581009566783905
11374,0.044022709131240845
83828,0.04165251925587654
96125,0.04122234135866165
48473,0.040954697877168655
17902,0.0406821109354496
61202,0.03819393366575241
