Index,Activation Value
53582,0.036222659051418304
56855,0.0359419621527195
59288,0.03307615593075752
49406,0.03274416923522949
45682,0.029682714492082596
37903,0.02698517218232155
34432,0.02504562772810459
44743,0.024170799180865288
19491,0.024037577211856842
11306,0.023601915687322617
