Index,Activation Value
90842,0.1003173366189003
18680,0.09065066277980804
107925,0.08931125700473785
44818,0.08096006512641907
108542,0.0717523843050003
67433,0.06592658162117004
27789,0.06508979201316833
59080,0.0618550181388855
7334,0.06143464520573616
28910,0.0612030066549778
