Index,Activation Value
30430,0.19758370518684387
42887,0.17425678670406342
53579,0.17134375870227814
9816,0.16625994443893433
56554,0.1453082114458084
43197,0.1395345777273178
29465,0.13946126401424408
55867,0.1349782645702362
41843,0.1307351291179657
25800,0.12444328516721725
