Index,Activation Value
53579,0.009675581939518452
21467,0.009505195543169975
38924,0.007252725772559643
56855,0.0030743468087166548
36212,0.0030260500498116016
29340,0.0027724290266633034
27547,0.0024955791886895895
26778,0.002444785786792636
44569,0.0020894459448754787
8396,0.0010113457683473825
