Index,Activation Value
90842,0.12719416618347168
107925,0.12385440617799759
12,0.12179522961378098
71879,0.10239540785551071
19627,0.09216205775737762
52683,0.07972178608179092
4264,0.0765092745423317
97828,0.07325206696987152
14326,0.06635262072086334
96654,0.0597173236310482
