Index,Activation Value
28425,0.024050937965512276
107558,0.011079189367592335
15003,0.005666045937687159
34454,0.0010808840161189437
71932,0.0008387272828258574
56725,0.00042122293962165713
62757,0.00028860740712843835
