Index,Activation Value
43054,0.16237042844295502
29340,0.16205757856369019
38247,0.14017698168754578
56855,0.12838123738765717
53582,0.11705418676137924
22718,0.10985183715820312
39547,0.09991474449634552
24565,0.09517624229192734
43115,0.09509527683258057
36944,0.09154557436704636
