Index,Activation Value
38127,0.1310640275478363
31904,0.10935977846384048
28855,0.0885782241821289
37747,0.08768695592880249
44208,0.08584804087877274
15397,0.08268707245588303
88,0.08244588971138
16931,0.08015900105237961
36704,0.0800170823931694
13995,0.07944872230291367
