Index,Activation Value
7145,0.020616404712200165
47009,0.014922671020030975
54705,0.014364923350512981
17169,0.012771614827215672
23998,0.01221325434744358
49406,0.01164817251265049
15598,0.011486263945698738
19491,0.01035498920828104
44743,0.01012437790632248
16261,0.009641609154641628
