Index,Activation Value
28312,0.007719438057392836
20435,0.006978772580623627
38924,0.005745857022702694
56096,0.005686737131327391
58458,0.005683567374944687
25800,0.005588904954493046
4817,0.005288236774504185
49406,0.00492091802880168
58249,0.004771138075739145
32704,0.004770852159708738
