Index,Activation Value
21565,0.010812774300575256
58963,0.0081869438290596
44948,0.006682120729237795
3400,0.006552101578563452
6064,0.004799194633960724
56902,0.004078680649399757
54532,0.003993572201579809
44082,0.003944171126931906
34156,0.0032332628034055233
31904,0.0026062941178679466
