Index,Activation Value
101572,0.01533420104533434
102181,0.013133306056261063
89903,0.011699787341058254
12344,0.008188380859792233
55426,0.007830877788364887
52683,0.007450100500136614
70349,0.005312143359333277
62757,0.004242585971951485
31778,0.0031568158883601427
90842,0.002233359729871154
