Index,Activation Value
2390,0.07335808128118515
47900,0.053629472851753235
30430,0.044476766139268875
40678,0.04176289588212967
41994,0.04166072607040405
24588,0.03869180753827095
43054,0.0346461720764637
25624,0.03404800593852997
3004,0.031782180070877075
38127,0.030892426148056984
