Index,Activation Value
8080,0.02884388156235218
31022,0.02868911623954773
38432,0.022614194080233574
59288,0.01574844680726528
40678,0.013261268846690655
13179,0.010523424483835697
18311,0.00896009337157011
51614,0.008843628689646721
53579,0.007195685990154743
10183,0.006453249603509903
