Index,Activation Value
32322,1.061651587486267
9482,0.29159867763519287
98028,0.10210701078176498
103931,0.0317254401743412
70469,0.019618378952145576
