Index,Activation Value
21467,0.36333367228507996
38924,0.3236611485481262
33011,0.28292661905288696
26778,0.27158331871032715
53579,0.27005308866500854
58249,0.2652052342891693
56554,0.21632729470729828
56855,0.20272468030452728
8396,0.1873791515827179
29340,0.18628597259521484
