Index,Activation Value
56701,1.2826318740844727
55408,1.1189892292022705
97844,0.7681766748428345
13431,0.6291845440864563
35244,0.6100529432296753
28527,0.5927508473396301
79872,0.590839147567749
93721,0.5649250745773315
38310,0.38100144267082214
34712,0.3799717128276825
