Index,Activation Value
57235,0.1628066599369049
30837,0.06605864316225052
