Index,Activation Value
20435,0.003997001331299543
43054,0.0022242064587771893
38127,0.001973231788724661
56096,0.0016698961844667792
52585,0.0013254634104669094
28312,0.0012151625705882907
14196,0.0004820848407689482
14186,0.0004767676873598248
39547,0.0003156644816044718
58458,0.0003117315354757011
