Index,Activation Value
852,0.06933993101119995
20663,0.06890446692705154
3082,0.06489262729883194
42482,0.05558900907635689
107551,0.04864655062556267
28425,0.04854962229728699
54492,0.04063550755381584
103991,0.04013281688094139
592,0.03736919164657593
75310,0.0369010753929615
