Index,Activation Value
24298,0.02183748222887516
8080,0.020301805809140205
27547,0.017842015251517296
8019,0.015988660976290703
54138,0.014391775242984295
53579,0.01365136168897152
32727,0.012750998139381409
36212,0.012204107828438282
26778,0.01057379599660635
21467,0.010483333840966225
