Index,Activation Value
21467,0.0023329968098551035
8080,0.0021833281498402357
