Index,Activation Value
24235,1.7741845846176147
77025,0.9201919436454773
57057,0.8861439824104309
89477,0.44663122296333313
18856,0.365678071975708
1883,0.3195098340511322
15684,0.2499828189611435
72800,0.22827088832855225
14281,0.20919169485569
101016,0.13748480379581451
