Index,Activation Value
88571,0.07733957469463348
66000,0.062076278030872345
70349,0.05245590955018997
27858,0.038354597985744476
56725,0.032459963113069534
54491,0.029624920338392258
13090,0.023480979725718498
16107,0.02332327328622341
65958,0.021290728822350502
7306,0.021028675138950348
