Index,Activation Value
29340,0.1495501697063446
1976,0.09170863777399063
2800,0.08526485413312912
53582,0.07537110894918442
48992,0.06115831434726715
7125,0.056283097714185715
3932,0.05495685711503029
32757,0.04959981516003609
10317,0.04824475198984146
58963,0.04753807932138443
