Index,Activation Value
107995,0.13033878803253174
12344,0.11175140738487244
32638,0.0669640451669693
88571,0.06377831846475601
59998,0.052913594990968704
91875,0.05276930704712868
103694,0.05242469534277916
17690,0.05171150341629982
6156,0.048953164368867874
14983,0.04713243991136551
