Index,Activation Value
54826,1.1872304677963257
84728,0.9024447202682495
80614,0.5028141140937805
108963,0.4689508080482483
62124,0.349520742893219
106881,0.21903865039348602
19086,0.1978398710489273
103038,0.14889749884605408
68192,0.13626639544963837
10780,0.09997092932462692
