Index,Activation Value
43054,0.12697213888168335
56855,0.10759105533361435
8396,0.09305363148450851
24565,0.0739847868680954
42887,0.06898850947618484
24298,0.06822080910205841
29340,0.06774578243494034
36212,0.06655313819646835
53582,0.06273437291383743
58249,0.05756052955985069
