Index,Activation Value
28821,1.1807422637939453
2390,0.22559373080730438
36867,0.15318286418914795
44538,0.00830316822975874
16002,0.007405062206089497
