Index,Activation Value
56855,0.019714554771780968
36212,0.01710384525358677
8080,0.015528419055044651
8396,0.015507102012634277
53579,0.01462711114436388
27547,0.013709553517401218
24298,0.013528549112379551
38924,0.01283142901957035
54138,0.012664574198424816
21467,0.012221813201904297
