Index,Activation Value
28425,0.009070639498531818
104537,0.0033988191280514
52183,0.0025534131564199924
12344,0.0024221697822213173
36173,0.0012682556407526135
33336,0.0011082334676757455
87758,0.0001404802460456267
72094,1.7434927940485068e-05
