Index,Activation Value
12344,0.11330506205558777
22092,0.08017489314079285
70776,0.0794713944196701
88546,0.07848822325468063
44818,0.0780659168958664
90710,0.07324907928705215
71879,0.06838303804397583
11313,0.06770659238100052
79383,0.06563884764909744
50022,0.06458791345357895
