Index,Activation Value
38924,0.0735696405172348
24298,0.059135712683200836
33011,0.058223236352205276
21467,0.056157663464546204
58249,0.055457066744565964
53579,0.053599342703819275
8019,0.051729340106248856
26778,0.05041557550430298
8080,0.04963307082653046
54138,0.042723398655653
