Index,Activation Value
9293,0.10098733752965927
64204,0.0820818617939949
42493,0.07885795831680298
7106,0.07183553278446198
29450,0.06477885693311691
97336,0.06444865465164185
27438,0.0619850791990757
80813,0.061189692467451096
41210,0.06038306653499603
59162,0.060324251651763916
