Index,Activation Value
13179,0.11359909921884537
45682,0.09383974224328995
44208,0.09377036243677139
23367,0.07548665255308151
38764,0.07010215520858765
22737,0.0664612278342247
21161,0.06399396061897278
88,0.061737626791000366
43620,0.06077079474925995
56545,0.058907702565193176
