Index,Activation Value
6540,0.6611999273300171
86689,0.08292672783136368
