Index,Activation Value
55040,0.08361253142356873
24235,0.07772936671972275
96125,0.06699211895465851
93685,0.06628483533859253
16107,0.06423190236091614
49865,0.06149020791053772
73782,0.05908558890223503
12942,0.058617375791072845
19627,0.057551465928554535
31227,0.056752368807792664
