Index,Activation Value
38924,0.004509588237851858
24298,0.003557016607373953
54138,0.00037748715840280056
