Index,Activation Value
57551,0.010941763408482075
8080,0.009329195134341717
30430,0.008723102509975433
34961,0.005365744233131409
14826,0.00515501294285059
24588,0.004198839422315359
27683,0.003266463289037347
19339,0.002737525850534439
32727,0.0022363169118762016
52440,0.0005669762613251805
