Index,Activation Value
44569,0.015142912976443768
8019,0.008911460638046265
53579,0.00854874774813652
1859,0.008122200146317482
27547,0.005209018010646105
33011,0.0035978357773274183
26778,0.0026574553921818733
21467,0.0025050172116607428
16549,0.0024763504043221474
1909,0.0016543293604627252
