Index,Activation Value
111859,0.06445161998271942
18851,0.04019670933485031
