Index,Activation Value
95769,0.03335326537489891
29450,0.028237462043762207
35254,0.019802844151854515
73855,0.014622055925428867
107995,0.009785701520740986
43247,0.007715725339949131
14983,0.007343773264437914
14326,0.003833106253296137
71355,0.0026172196958214045
24235,0.0024980581365525723
