Index,Activation Value
39547,0.12236440926790237
26778,0.1213170513510704
4930,0.1180596649646759
23665,0.1101916953921318
2354,0.10985199362039566
32881,0.09854984283447266
43054,0.0943077802658081
34091,0.0886082649230957
59924,0.08743754029273987
33011,0.07325717806816101
