Index,Activation Value
27485,0.23056627810001373
14162,0.15106762945652008
76908,0.10204882174730301
10182,0.07323767244815826
