Index,Activation Value
54138,0.0008784249657765031
38432,0.0008648719522170722
8396,0.000795422529336065
27547,0.0007883061189204454
32727,0.0007543147075921297
1909,0.0006905038026161492
56855,0.0005961752030998468
21467,0.0005318776238709688
29340,0.0005280844634398818
38340,0.0005275245639495552
