Index,Activation Value
38127,0.03006400167942047
35367,0.025989996269345284
13411,0.02485513873398304
20544,0.024395469576120377
43620,0.021667657420039177
30430,0.02021714299917221
36685,0.019997015595436096
2891,0.01942489668726921
23367,0.018884774297475815
57163,0.018807271495461464
