Index,Activation Value
38247,0.0024878622498363256
22371,0.0007833357085473835
