Index,Activation Value
11257,0.1346644163131714
56505,0.12833724915981293
52382,0.09664196521043777
36625,0.09437485784292221
19701,0.09428675472736359
26073,0.09262403845787048
23998,0.08752570301294327
8349,0.08742545545101166
13179,0.08084684610366821
55731,0.07877878844738007
