Index,Activation Value
38432,0.30546948313713074
21467,0.2774064242839813
27547,0.26136040687561035
9816,0.24529656767845154
56481,0.2362799495458603
40678,0.2257554531097412
30430,0.22574400901794434
32727,0.22343680262565613
19868,0.21306714415550232
43197,0.18533653020858765
