Index,Activation Value
24298,0.5482271313667297
8019,0.4488027095794678
8080,0.3682730197906494
54138,0.361540824174881
43197,0.3557312488555908
21467,0.33447447419166565
9816,0.3251851797103882
32727,0.3179125487804413
36473,0.30880290269851685
27547,0.2956116795539856
