Index,Activation Value
42637,0.01230404432862997
58458,0.012277715839445591
7125,0.011714298278093338
52585,0.010630829259753227
3689,0.010173488408327103
32704,0.009854840114712715
18922,0.009782922454178333
51727,0.009450704790651798
57413,0.00895740743726492
20671,0.008820871822535992
