Index,Activation Value
38046,0.10316896438598633
23444,0.09806445240974426
35684,0.09794984757900238
11450,0.09508496522903442
16061,0.0946831926703453
19484,0.08918816596269608
4987,0.08803148567676544
55625,0.08800873160362244
41410,0.086038738489151
19701,0.08155599981546402
