Index,Activation Value
4812,0.5944331884384155
23027,0.35497528314590454
13003,0.0037536597810685635
