Index,Activation Value
56855,0.017238715663552284
33607,0.015265983529388905
57551,0.014770650304853916
21467,0.014452792704105377
8396,0.014144396409392357
51614,0.01270406786352396
8080,0.012537354603409767
44269,0.012443915009498596
38127,0.011523122899234295
13743,0.011115225031971931
