Index,Activation Value
50137,0.8851044178009033
34831,0.6566429138183594
70030,0.2506588101387024
29657,0.07767973095178604
