Index,Activation Value
41395,0.15174898505210876
92832,0.11521279066801071
