Index,Activation Value
9293,0.007523028180003166
103694,0.0037049923557788134
67509,0.0033646428491920233
110712,0.00319854193367064
73908,0.0026864344254136086
100136,0.001978321233764291
14326,0.0017018174985423684
71153,0.0014918475644662976
42482,0.0002906885929405689
