Index,Activation Value
14706,0.11432474106550217
31904,0.11028089374303818
8349,0.1015176922082901
51351,0.10089826583862305
21565,0.10001432150602341
36625,0.09203097969293594
17999,0.09008558094501495
815,0.08236834406852722
48131,0.081889308989048
26518,0.07736112922430038
