Index,Activation Value
28425,0.08276006579399109
16107,0.08261015266180038
56725,0.07225116342306137
24235,0.06354067474603653
36173,0.0632268413901329
52183,0.06275288760662079
86538,0.06047307327389717
34454,0.05097828060388565
104537,0.0463520847260952
60631,0.041001833975315094
