Index,Activation Value
21467,0.16171365976333618
38924,0.1581011861562729
53579,0.13066649436950684
33011,0.09950432926416397
58249,0.09463916718959808
26778,0.08748214691877365
773,0.07584857195615768
8080,0.06937677413225174
38340,0.06700771301984787
16549,0.06362069398164749
