Index,Activation Value
8813,0.6369383335113525
78179,0.03075958788394928
13761,0.006896692328155041
