Index,Activation Value
36212,0.000781440525315702
8396,5.291156776365824e-05
