Index,Activation Value
13090,0.18882928788661957
88571,0.09151802957057953
36173,0.07452080398797989
70349,0.07288310676813126
17902,0.04464675113558769
60631,0.044498879462480545
76908,0.044215139001607895
15003,0.04409223794937134
34454,0.04246150329709053
107925,0.036097604781389236
