Index,Activation Value
33011,0.028237830847501755
53579,0.028100499883294106
21467,0.026439769193530083
1909,0.025060761719942093
36473,0.023091664537787437
59288,0.015272706747055054
38924,0.01180117204785347
24298,0.011577395722270012
1859,0.011210324242711067
13179,0.009483392350375652
