Index,Activation Value
9347,1.3669981956481934
77508,0.5618652105331421
61793,0.3457964062690735
106372,0.1594265103340149
62369,0.047212179750204086
