Index,Activation Value
21467,0.1631709337234497
7145,0.13733120262622833
30430,0.11663372069597244
53579,0.11165966838598251
51614,0.09698918461799622
45858,0.09132304787635803
44208,0.0890740156173706
38924,0.08225757628679276
16549,0.07367390394210815
56273,0.0709696114063263
