Index,Activation Value
52183,0.02514965645968914
99629,0.0192888006567955
28910,0.01864456757903099
31199,0.015791617333889008
15751,0.014757267199456692
56725,0.013729392550885677
101572,0.013070435263216496
28425,0.01147387269884348
97407,0.010020511224865913
110712,0.009952041320502758
