Index,Activation Value
9049,0.022858353331685066
21532,0.022518226876854897
59868,0.022125184535980225
41410,0.019277436658740044
47009,0.019270503893494606
45538,0.01878214068710804
39247,0.018723541870713234
50144,0.017922019585967064
11257,0.017389629036188126
14915,0.016258813440799713
