Index,Activation Value
56019,1.1325281858444214
50920,1.073874592781067
91393,0.718489944934845
76998,0.7027487754821777
38850,0.67484450340271
88594,0.6372788548469543
26817,0.6346352696418762
66921,0.5726877450942993
28541,0.5624949336051941
101526,0.5448998808860779
