Index,Activation Value
36473,0.09543206542730331
24298,0.07109031081199646
579,0.058596011251211166
54222,0.057885315269231796
17428,0.05682850256562233
38340,0.04863020405173302
31723,0.04777134209871292
15111,0.04271157830953598
22371,0.03717038407921791
44569,0.036137908697128296
