Index,Activation Value
38924,0.07361946254968643
33011,0.06808267533779144
53579,0.06598472595214844
21467,0.06577051430940628
26778,0.06451178342103958
36212,0.056917157024145126
38432,0.0566343329846859
58249,0.054426245391368866
8396,0.05028066411614418
1909,0.04841362312436104
