Index,Activation Value
8396,0.3104751706123352
36212,0.3054603338241577
29340,0.27948227524757385
56855,0.2712772488594055
27547,0.26985225081443787
42887,0.2621898949146271
55023,0.25946351885795593
18000,0.19026105105876923
9816,0.18871302902698517
25657,0.1775512993335724
