Index,Activation Value
56113,1.684697151184082
42113,0.929564356803894
50605,0.7697227597236633
70328,0.5234668254852295
13697,0.4466072916984558
37899,0.430835485458374
10915,0.20275619626045227
82734,0.08181525021791458
42506,0.04067927971482277
24604,0.007244096603244543
