Index,Activation Value
64204,0.14414721727371216
11313,0.09465323388576508
62662,0.08721613883972168
4825,0.07294225692749023
33336,0.071077361702919
18680,0.06456531584262848
60763,0.05226626619696617
95051,0.05071185901761055
92077,0.05066605284810066
70776,0.05064917355775833
