Index,Activation Value
21467,0.49306514859199524
54138,0.2023669332265854
44569,0.20195843279361725
38432,0.1886879950761795
8396,0.1796644926071167
36212,0.17666292190551758
32727,0.1763627976179123
38924,0.17526015639305115
38340,0.16979624330997467
8080,0.16952195763587952
