Index,Activation Value
39450,0.12244217097759247
17776,0.11299585551023483
21777,0.11256544291973114
21565,0.10902731120586395
48137,0.10653523355722427
58458,0.10323092341423035
7921,0.10086564719676971
47009,0.1002935916185379
34397,0.09829070419073105
6190,0.09478292614221573
