Index,Activation Value
12360,0.8763280510902405
65151,0.7841855883598328
95852,0.7622256278991699
76396,0.6476282477378845
59019,0.5714647769927979
108287,0.520287811756134
60241,0.5045167803764343
112402,0.47074323892593384
54036,0.4631299078464508
46252,0.4467141926288605
