Index,Activation Value
44569,0.013157040812075138
13743,0.00462937168776989
21467,0.00421835295855999
25657,0.004016708116978407
38432,0.0036383126862347126
43178,0.0034160602372139692
1909,0.0014586703618988395
38340,0.0011467852164059877
9351,0.0008469637832604349
50256,0.0007925452082417905
