Index,Activation Value
36212,0.09399162977933884
8396,0.05715584754943848
13743,0.05499370023608208
57551,0.053449202328920364
43197,0.048714254051446915
54222,0.04855450987815857
56855,0.04322538897395134
28855,0.04298998787999153
29465,0.04208104684948921
27771,0.04175392538309097
