Index,Activation Value
8349,0.18139587342739105
19491,0.152971088886261
11257,0.1379161775112152
44743,0.13317352533340454
23998,0.1318165361881256
49406,0.12755723297595978
56096,0.12681742012500763
37379,0.11980042606592178
25738,0.11772897094488144
16956,0.11502447724342346
