Index,Activation Value
56725,0.03423788398504257
28910,0.03183160349726677
13090,0.026003465056419373
104537,0.020125746726989746
44123,0.009453367441892624
96065,0.007747032679617405
95769,0.007539717014878988
52426,0.006759755779057741
49456,0.006066066678613424
25887,0.006042890250682831
