Index,Activation Value
59998,0.10462691634893417
71879,0.10137707740068436
35254,0.09633511304855347
55779,0.08891561627388
24604,0.0879933089017868
35831,0.08045826107263565
9293,0.07277952134609222
7682,0.07149854302406311
48529,0.07057169079780579
25024,0.06951656192541122
