Index,Activation Value
43178,0.18155232071876526
28855,0.16676031053066254
43115,0.1557265818119049
28561,0.13779014348983765
7145,0.13499295711517334
4530,0.12201516330242157
47257,0.11853933334350586
59924,0.11768973618745804
42773,0.117477647960186
52440,0.1167827844619751
