Index,Activation Value
13090,0.014004713855683804
54105,0.004638525191694498
25024,0.003255099058151245
18680,0.0022297583054751158
74354,0.001402581692673266
62662,0.0013007631059736013
21549,0.0009012043592520058
53502,0.0008949076291173697
