Index,Activation Value
87758,0.00101908715441823
70776,0.0008870874298736453
21549,0.0005405110423453152
61123,0.00018207130779046565
27789,0.00012061483721481636
