Index,Activation Value
59080,0.01995689980685711
52683,0.015751495957374573
62662,0.015028568916022778
30064,0.014812475070357323
83828,0.014807243831455708
67013,0.014073814265429974
95312,0.013899483717978
62271,0.013552611693739891
20663,0.013409821316599846
12589,0.013331601396203041
