Index,Activation Value
13090,0.17555680871009827
52183,0.11755508184432983
56725,0.1071125715970993
28425,0.10711026936769485
97407,0.10171953588724136
17902,0.09952844679355621
70349,0.096761554479599
54956,0.09370215982198715
99629,0.09150907397270203
28910,0.08891656249761581
