Index,Activation Value
27683,0.09256181120872498
39812,0.08563316613435745
7125,0.07618255168199539
43415,0.05762325972318649
2390,0.054972294718027115
31021,0.050200074911117554
9969,0.04958970472216606
54076,0.049150992184877396
53314,0.04765187203884125
39445,0.044689953327178955
