Index,Activation Value
21467,0.025668766349554062
32727,0.022410836070775986
8080,0.021030539646744728
44569,0.018774723634123802
13743,0.018430329859256744
27547,0.01817197911441326
41844,0.013733865693211555
45313,0.012753923423588276
29465,0.012187925167381763
30430,0.011467108502984047
