Index,Activation Value
4825,0.08526841551065445
49865,0.06236809119582176
29372,0.06182054430246353
55426,0.05821576341986656
26012,0.05572953447699547
74354,0.05395705625414848
94111,0.05214964598417282
14326,0.05030349642038345
12344,0.04953627660870552
16158,0.0484774187207222
