Index,Activation Value
36473,0.008395739831030369
21467,0.007079015020281076
24565,0.002891508163884282
24298,0.001901415642350912
8349,0.001165830297395587
54222,0.0007755677797831595
17428,0.00044869192061014473
