Index,Activation Value
16107,0.10461951792240143
73855,0.08793248981237411
107995,0.07880602031946182
84018,0.07644966244697571
29450,0.07404588907957077
110063,0.06083562970161438
59998,0.05701639503240585
61202,0.05454025790095329
16838,0.04958207532763481
88273,0.04608773812651634
