Index,Activation Value
16107,0.0805516168475151
54156,0.06896781176328659
104537,0.06566595286130905
110063,0.06431766599416733
84018,0.05466340482234955
7866,0.04714227467775345
14022,0.04688836261630058
7334,0.046732332557439804
11918,0.04390895739197731
34393,0.04028112068772316
