Index,Activation Value
49406,0.034690599888563156
4817,0.028333785012364388
20435,0.027099672704935074
48137,0.023264871910214424
44743,0.023229485377669334
12929,0.02256823144853115
218,0.02100573480129242
34397,0.018432457000017166
42296,0.01778051070868969
11306,0.017305832356214523
