Index,Activation Value
28910,0.13035696744918823
13090,0.12086323648691177
52183,0.1114320456981659
52426,0.09593109041452408
52683,0.08755747228860855
101572,0.08680488169193268
102181,0.07883951812982559
17608,0.07102824002504349
8790,0.07083974033594131
15751,0.07002609223127365
