Index,Activation Value
41376,0.25073033571243286
36867,0.17597277462482452
