Index,Activation Value
36473,0.016869982704520226
59288,0.009440143592655659
17428,0.006883061490952969
26778,0.005697587970644236
1909,0.005441967397928238
58249,0.005204243119806051
26073,0.004587638191878796
18000,0.0043584383092820644
57163,0.0034829305950552225
10570,0.001509763184003532
