Index,Activation Value
36212,0.09478092938661575
38432,0.07487732917070389
8396,0.06096266955137253
56855,0.058516331017017365
29340,0.045412540435791016
38340,0.03955109417438507
4530,0.0372445210814476
45682,0.022322865203022957
5556,0.02025272138416767
45313,0.019583657383918762
