Index,Activation Value
77432,0.386994868516922
43061,0.2014126479625702
88681,0.2009301632642746
50965,0.16824102401733398
51766,0.14747630059719086
