Index,Activation Value
29340,0.006559339817613363
33011,0.005576364696025848
53579,0.0043063778430223465
56855,0.0019189018057659268
26778,0.0017736201407387853
38924,0.00021900325373280793
8396,0.00011021670798072591
