Index,Activation Value
14721,1.8673914670944214
27801,1.3237018585205078
20982,1.1681510210037231
49164,0.9242173433303833
29340,0.30527955293655396
19165,0.25706982612609863
29098,0.23195479810237885
8396,0.21869389712810516
4530,0.1941050887107849
47797,0.17894521355628967
