Index,Activation Value
70349,0.03135040029883385
104537,0.03084823302924633
33336,0.02863229066133499
27438,0.02343897707760334
37498,0.02132195420563221
108688,0.020273011177778244
67013,0.018696406856179237
35913,0.018681485205888748
6156,0.01763906329870224
25849,0.015522513538599014
