Index,Activation Value
66575,1.6225694417953491
73306,1.2289576530456543
91340,0.6620673537254333
10281,0.2913833260536194
93558,0.18546929955482483
102645,0.1558806598186493
43116,0.14019441604614258
8684,0.12429969012737274
65338,0.09089589864015579
1267,0.04743815213441849
