Index,Activation Value
36625,0.09211207181215286
31904,0.07694010436534882
17999,0.07663947343826294
43164,0.07604173570871353
26518,0.07007397711277008
37899,0.0694919228553772
53809,0.06707724183797836
55264,0.06254658848047256
39041,0.062075600028038025
21565,0.060087647289037704
