Index,Activation Value
50105,1.3568313121795654
106593,0.9021549224853516
63170,0.8518931269645691
76453,0.8099048733711243
85314,0.6984474658966064
14119,0.5800269842147827
33906,0.5777151584625244
79383,0.4584507942199707
96480,0.4206260144710541
7285,0.3832455575466156
