Index,Activation Value
6156,0.09585883468389511
60631,0.08154316246509552
74354,0.07429184019565582
108688,0.06890437752008438
17690,0.06539346277713776
14983,0.06414584815502167
57225,0.06218167394399643
94111,0.05503299459815025
86538,0.054103877395391464
15003,0.05304323881864548
