Index,Activation Value
21467,0.05576212704181671
38924,0.05130592733621597
33011,0.049587100744247437
53579,0.038520246744155884
58249,0.0372624509036541
36212,0.03361267223954201
38432,0.0314895361661911
26778,0.0304658692330122
38340,0.030373722314834595
8080,0.027918411418795586
