Index,Activation Value
53579,0.09184014052152634
38924,0.08763209730386734
8080,0.0633445531129837
21467,0.06142491474747658
58249,0.06088879704475403
26778,0.05712248012423515
24298,0.056651655584573746
1909,0.05542566999793053
33011,0.05337800458073616
44569,0.0521731860935688
