Index,Activation Value
37498,0.07697891443967819
22230,0.07447398453950882
61202,0.07437532395124435
83828,0.0738409161567688
13090,0.05939768627285957
102708,0.057471711188554764
56725,0.057022660970687866
87077,0.05626974254846573
8774,0.055699512362480164
42192,0.05471184477210045
