Index,Activation Value
56991,0.9918531179428101
44860,0.8350672721862793
35780,0.8146512508392334
27297,0.7709229588508606
30875,0.7706562280654907
38223,0.7623813152313232
25359,0.7566478252410889
50772,0.6755720973014832
109,0.6578208208084106
40546,0.6027884483337402
