Index,Activation Value
70349,0.014808634296059608
54156,0.008054915815591812
7334,0.007637291215360165
96758,0.007454057224094868
107925,0.007344244979321957
95312,0.006015646271407604
90842,0.005928634200245142
11918,0.00535185169428587
14022,0.004207442980259657
29623,0.004081512801349163
