Index,Activation Value
21467,0.15556009113788605
38924,0.13945920765399933
53579,0.13451237976551056
58249,0.11679405719041824
26778,0.10718203336000443
8080,0.10033273696899414
38432,0.09519213438034058
27547,0.0893213227391243
59288,0.08866385370492935
18000,0.08777529746294022
