Index,Activation Value
38924,0.11409994214773178
24298,0.09706144779920578
8019,0.0953468605875969
53579,0.08886086195707321
9816,0.08701665699481964
42887,0.08478325605392456
21467,0.08207101374864578
36473,0.07446828484535217
19701,0.06372781842947006
26778,0.05896896868944168
