Index,Activation Value
36625,0.010768793523311615
36944,0.009067432954907417
15397,0.008885234594345093
15598,0.007799479644745588
47264,0.00750385969877243
15111,0.007421817630529404
14971,0.007277749944478273
20435,0.0062317135743796825
35473,0.006065495312213898
21565,0.0060185655020177364
