Index,Activation Value
7997,0.6093446612358093
67081,0.44801485538482666
59269,0.4260237216949463
79329,0.3658696711063385
50199,0.21357689797878265
96165,0.18842312693595886
22519,0.15906216204166412
57964,0.11427102237939835
65957,0.11225807666778564
20716,0.05943257734179497
