Index,Activation Value
20381,1.3984153270721436
6878,0.7683160305023193
38605,0.7567579746246338
42487,0.7400042414665222
20663,0.7061145901679993
89732,0.5851234197616577
27351,0.543485701084137
77511,0.4789791703224182
110055,0.46244850754737854
30168,0.42955440282821655
