Index,Activation Value
21467,0.8062758445739746
8080,0.5451861023902893
27547,0.4522212743759155
53579,0.4325077533721924
36212,0.42696598172187805
29340,0.41561612486839294
8019,0.40750834345817566
24298,0.3937270939350128
8396,0.3870384097099304
44569,0.3838355243206024
