Index,Activation Value
21467,0.23856310546398163
8019,0.23576955497264862
8080,0.22956830263137817
29340,0.21516071259975433
53579,0.2111087441444397
24298,0.20925356447696686
56855,0.20248135924339294
8396,0.2013949155807495
38432,0.19763055443763733
27547,0.18929053843021393
