Index,Activation Value
1909,0.00953761674463749
25800,0.0013590427115559578
53579,0.0013104501413181424
36473,0.0007925330428406596
35684,0.0002909247705247253
