Index,Activation Value
21467,0.04104867950081825
54138,0.030440375208854675
24298,0.02287992089986801
56855,0.022181328386068344
27547,0.022114410996437073
8396,0.01996827870607376
29340,0.019313335418701172
19868,0.019198523834347725
36212,0.0179799422621727
8080,0.01730210892856121
