Index,Activation Value
90842,0.02440156415104866
107925,0.023314354941248894
19627,0.018939070403575897
16959,0.01626354642212391
1021,0.01315615326166153
100195,0.011101151816546917
48529,0.01045360416173935
14326,0.008971468545496464
88273,0.007782523054629564
12,0.006466416176408529
