Index,Activation Value
80209,1.1401290893554688
49591,0.440929651260376
87399,0.08916183561086655
