Index,Activation Value
88571,0.047658395022153854
21549,0.01933441311120987
17902,0.014509131200611591
7682,0.012356159277260303
92077,0.010957994498312473
109700,0.010885734111070633
37498,0.009105400182306767
52426,0.0086236372590065
59998,0.007771650329232216
70349,0.006647177506238222
