Index,Activation Value
103175,1.4232728481292725
89243,1.2779821157455444
96536,0.7926765084266663
52008,0.6358802914619446
13090,0.6047062873840332
74531,0.5580756664276123
4351,0.543193519115448
37498,0.5064537525177002
25050,0.4493989646434784
32638,0.35734695196151733
