Index,Activation Value
21467,0.1823401004076004
38924,0.16184355318546295
56855,0.13690276443958282
8396,0.1241171807050705
8080,0.12406931817531586
36212,0.115750752389431
53579,0.11469460278749466
33011,0.11453328281641006
29340,0.09652973711490631
38340,0.09198329597711563
