Index,Activation Value
32727,0.002810467965900898
27547,0.0024572452530264854
45313,0.0021886364556849003
36212,0.0008337493054568768
