Index,Activation Value
27399,0.18562375009059906
20435,0.17751598358154297
52585,0.17196956276893616
57413,0.1625967025756836
21191,0.16121530532836914
31723,0.16005143523216248
17557,0.15421055257320404
50478,0.15402227640151978
35684,0.15325143933296204
32704,0.15063221752643585
