Index,Activation Value
67509,0.08029501885175705
107925,0.07079657167196274
7106,0.06645596027374268
14379,0.06599311530590057
19530,0.0656004548072815
64204,0.06504464149475098
4825,0.06439707428216934
110026,0.06168455630540848
4765,0.05694148689508438
71879,0.05535328388214111
