Index,Activation Value
107925,0.019928524270653725
67509,0.012909327633678913
90842,0.010882146656513214
4825,0.010879633948206902
19627,0.006386069115251303
16107,0.006152062211185694
31914,0.002630501054227352
73782,0.0022342875599861145
98149,0.0017995911184698343
105654,0.0017925448482856154
