Index,Activation Value
8102,0.7537228465080261
34986,0.6865966320037842
84529,0.5889050960540771
95980,0.4761934280395508
76908,0.4339507222175598
107181,0.32065320014953613
22780,0.2489369511604309
48844,0.24794496595859528
68588,0.20498383045196533
80956,0.08948659896850586
