Index,Activation Value
36173,0.13731123507022858
52683,0.1231323629617691
42482,0.06511520594358444
111478,0.0647290050983429
27438,0.05908198654651642
29450,0.05514153838157654
95312,0.05114104226231575
27789,0.045700233429670334
66371,0.04338780790567398
35831,0.04248076304793358
