Index,Activation Value
104537,0.10822457075119019
12344,0.08418194204568863
2871,0.06739980727434158
80233,0.060560908168554306
14022,0.05734797567129135
28910,0.055995721369981766
103694,0.0532713308930397
17690,0.05196451395750046
36533,0.04658052697777748
7866,0.044578149914741516
