Index,Activation Value
53589,0.002138160401955247
36212,0.002011203672736883
14826,0.0008070969488471746
30430,0.0002810346777550876
38247,0.00019162968965247273
43115,5.07759159518173e-06
