Index,Activation Value
27438,0.09568969905376434
107558,0.08630035072565079
111011,0.07327841967344284
96758,0.07128483802080154
28425,0.06384441256523132
3082,0.062016651034355164
71879,0.059865087270736694
71932,0.046129606664180756
90842,0.04536312445998192
18680,0.043810661882162094
