Index,Activation Value
20982,1.1462926864624023
31530,0.036177899688482285
22277,0.02490232326090336
