Index,Activation Value
96758,0.10338636487722397
27438,0.08832434564828873
66000,0.07795996218919754
109813,0.07617760449647903
42192,0.07015202939510345
59162,0.06926827132701874
56725,0.06848420947790146
111154,0.05905672907829285
89243,0.05858134850859642
97336,0.05452506244182587
