Index,Activation Value
8080,0.07329390943050385
773,0.06941790133714676
26778,0.059652045369148254
47257,0.05827028676867485
9187,0.050903163850307465
44036,0.04954474791884422
5556,0.04773125424981117
28855,0.04744385927915573
54138,0.047294601798057556
18000,0.04692067205905914
