Index,Activation Value
36173,0.12319042533636093
101572,0.09541179984807968
40355,0.07594700902700424
27191,0.06852801144123077
38228,0.06727614253759384
96758,0.0663188248872757
81123,0.06176184490323067
70328,0.05907253175973892
21135,0.05397194251418114
110712,0.05370430648326874
