Index,Activation Value
96758,0.0033172057010233402
56725,0.0019202727125957608
