Index,Activation Value
36212,0.16792435944080353
8396,0.12435667216777802
25657,0.10704706609249115
38432,0.10361308604478836
56855,0.0977984368801117
29340,0.09125525504350662
29465,0.09116748720407486
4530,0.08482512831687927
41844,0.07990650832653046
32727,0.07355190813541412
