Index,Activation Value
8080,0.005994091741740704
21467,0.004218461457639933
56855,0.004192907363176346
1909,0.003921914380043745
54138,0.003682821523398161
25657,0.003169569419696927
30430,0.002927514025941491
13743,0.002779880538582802
52440,0.0027106436900794506
57551,0.0025503276847302914
