Index,Activation Value
52398,1.4677973985671997
42496,1.2673711776733398
21071,0.9924870729446411
59113,0.9868854284286499
27067,0.8745740652084351
88312,0.8684353828430176
108394,0.8258376121520996
21927,0.7771068215370178
31345,0.7690306901931763
66956,0.7535000443458557
