Index,Activation Value
65958,0.012279166840016842
41210,0.010382493026554585
71879,0.007905189879238605
87077,0.006723986938595772
48820,0.006643021013587713
55779,0.00633683567866683
86756,0.006094346288591623
89339,0.00461776927113533
24604,0.00409874739125371
71543,0.00352740497328341
