Index,Activation Value
29340,0.08858602494001389
8396,0.05716424062848091
56855,0.05683626979589462
38127,0.043068405240774155
36212,0.042145561426877975
38924,0.04021385312080383
55023,0.03636208549141884
33011,0.029278695583343506
24565,0.028322337195277214
4530,0.02666839212179184
