Index,Activation Value
88571,0.06422463804483414
93685,0.05159223824739456
70776,0.041970811784267426
2279,0.038929350674152374
98149,0.03807875141501427
6156,0.03751913085579872
84018,0.03555911406874657
107995,0.03441532701253891
83828,0.034244608134031296
90710,0.0328688882291317
