Index,Activation Value
4191,0.48476511240005493
29340,0.2893233001232147
42849,0.06253636628389359
28490,0.01437707245349884
