Index,Activation Value
7145,0.020387941971421242
19868,0.015210731886327267
43178,0.01378610823303461
9049,0.011195464991033077
32757,0.008689658716320992
44036,0.00855010375380516
29465,0.007886920124292374
26778,0.0073790885508060455
47009,0.0072778682224452496
59924,0.007059302646666765
