Index,Activation Value
18000,0.32605764269828796
33011,0.30330175161361694
26778,0.29195454716682434
58249,0.2764091193675995
38924,0.2520395815372467
53579,0.23697367310523987
24298,0.2271619439125061
54138,0.21575559675693512
42887,0.19824646413326263
13179,0.17075255513191223
