Index,Activation Value
14426,0.868861734867096
18433,0.577853798866272
61971,0.4716131389141083
42487,0.4515378475189209
33162,0.31430783867836
63940,0.27104830741882324
97191,0.2558181881904602
108639,0.24058696627616882
77521,0.2368551790714264
82891,0.1880357265472412
