Index,Activation Value
42192,0.019894680008292198
13411,0.01651284657418728
43620,0.014888091944158077
3300,0.014483732171356678
55023,0.013180788606405258
2800,0.013070298358798027
44743,0.012180526740849018
1693,0.012163973413407803
43541,0.011778020299971104
49406,0.011567298322916031
