Index,Activation Value
8019,0.0012939494336023927
53582,0.0009419193957000971
30511,0.0007374483393505216
24588,0.000504631141666323
52440,0.00046841803123243153
26073,0.00044382200576364994
29340,0.00042697956087067723
31736,0.00034017523285001516
15397,0.0002720634511206299
23805,0.00011710978287737817
