Index,Activation Value
38924,0.013270589523017406
53579,0.012029426172375679
58249,0.0064402692951262
21467,0.00578415859490633
33011,0.005053999833762646
26778,0.0033201861660927534
8080,0.0022678629029542208
1909,0.0022193007171154022
44569,0.0009714658372104168
