Index,Activation Value
72094,0.07645054906606674
27818,0.074432373046875
71879,0.06597810238599777
7942,0.06592802703380585
108688,0.0637538880109787
92881,0.06104660406708717
81123,0.0606163889169693
107551,0.060051340609788895
88407,0.059601835906505585
16261,0.059022560715675354
