Index,Activation Value
38924,0.037146031856536865
36473,0.021760540083050728
26778,0.02142387256026268
53579,0.01885516569018364
58249,0.018301837146282196
21467,0.015479489229619503
38432,0.01128422748297453
18000,0.009859984740614891
24298,0.009476866573095322
29340,0.009158345870673656
