Index,Activation Value
32727,0.30473950505256653
24298,0.2885759770870209
27547,0.2873823940753937
45313,0.286979615688324
26778,0.28360113501548767
8019,0.2644030749797821
9816,0.2517082691192627
21467,0.2496441751718521
38432,0.2448309063911438
38924,0.24288974702358246
