Index,Activation Value
107995,0.06768199056386948
12589,0.05799911916255951
20663,0.05417119339108467
37498,0.05049252510070801
55426,0.0435941219329834
63669,0.04217761009931564
56725,0.0411534421145916
852,0.04033004492521286
71543,0.04006975144147873
32638,0.03863707557320595
