Index,Activation Value
85314,0.062175553292036057
86756,0.06199312210083008
102181,0.05420102924108505
16959,0.05059747397899628
111011,0.04978064075112343
17608,0.04824201762676239
110712,0.04774947091937065
75921,0.04604190215468407
79383,0.04329781234264374
44123,0.042875148355960846
