Index,Activation Value
17482,2.1713860034942627
51071,0.9369913935661316
50482,0.7287914752960205
21517,0.4174315929412842
56746,0.41325607895851135
12724,0.17433157563209534
51037,0.15802471339702606
50210,0.13587622344493866
52076,0.028552604839205742
