Index,Activation Value
33011,0.004630823154002428
42773,0.0017527968157082796
43054,0.0003803277504630387
13179,6.71633388265036e-05
9351,7.672253559576347e-06
