Index,Activation Value
64204,0.025040382519364357
49456,0.01796913705766201
60631,0.012094308622181416
33336,0.00935371033847332
27438,0.008283449336886406
80233,0.004877940285950899
97407,0.002923589898273349
59162,0.001353478292003274
83828,0.0012190068373456597
89243,0.0011938752140849829
