Index,Activation Value
17428,0.050077490508556366
54222,0.039923738688230515
579,0.034463293850421906
56007,0.03365630283951759
9480,0.0304917860776186
26073,0.030051447451114655
57009,0.02634551003575325
10570,0.025818627327680588
52855,0.023852262645959854
24567,0.022816473618149757
