Index,Activation Value
38924,0.06629950553178787
53579,0.06436402350664139
58249,0.04951067641377449
26778,0.04340263083577156
21467,0.04190091788768768
33011,0.040747061371803284
27547,0.032050181180238724
8019,0.023702718317508698
56554,0.022881021723151207
38432,0.020656438544392586
