Index,Activation Value
21467,0.003828789573162794
53579,0.003650337690487504
38924,0.0012482705060392618
8080,0.0006904416950419545
33011,0.00031672968179918826
27547,6.574108556378633e-05
