Index,Activation Value
33011,0.018313279375433922
13743,0.017067309468984604
30430,0.014845103956758976
21467,0.014324028044939041
13179,0.013645915314555168
40678,0.012856989167630672
56481,0.012763827107846737
56155,0.012182153761386871
58249,0.012106206268072128
56554,0.011033328250050545
