Index,Activation Value
53579,0.07913009077310562
33011,0.06483347713947296
38924,0.05785493552684784
21467,0.055630989372730255
7145,0.05481013283133507
44569,0.05269258841872215
39547,0.04751159995794296
1909,0.044948529452085495
27547,0.044191595166921616
38340,0.04308426007628441
