Index,Activation Value
38432,0.016351457685232162
21467,0.015777774155139923
38340,0.012703434564173222
56554,0.005290777888149023
13743,0.004735427908599377
41844,0.0040922826156020164
18000,0.0034373817034065723
38247,0.003233702387660742
47247,0.0032189444173127413
54138,0.003194160293787718
