Index,Activation Value
36212,0.631630003452301
8396,0.5946764349937439
56855,0.5747303366661072
29340,0.5051571130752563
32727,0.38768261671066284
38432,0.3676559627056122
25657,0.3657050132751465
45313,0.35048624873161316
27547,0.3473467230796814
55023,0.3412189781665802
