Index,Activation Value
88571,0.0032423182856291533
63669,0.00021614559227600694
