Index,Activation Value
24298,0.07316853851079941
21467,0.0605790875852108
38924,0.05811891704797745
53579,0.056489817798137665
8019,0.055025115609169006
27547,0.052635326981544495
8080,0.05140954256057739
44569,0.04927161708474159
54138,0.04475581273436546
36473,0.041644610464572906
