Index,Activation Value
21467,0.007259587291628122
8080,0.0057481261901557446
53579,0.004884022753685713
8019,0.003830205649137497
54138,0.003142170375213027
24298,0.002351142931729555
58249,0.000786723627243191
43197,0.00025244889548048377
