Index,Activation Value
53579,0.07211707532405853
24298,0.0716509222984314
8080,0.07025907933712006
38924,0.06390228867530823
54138,0.06193268299102783
27547,0.05755101889371872
32727,0.053086262196302414
21467,0.05288676545023918
26778,0.05154018849134445
44569,0.0497811883687973
