Index,Activation Value
83489,0.6468756198883057
72116,0.12278430163860321
36657,0.10503672063350677
10971,0.07539486140012741
