Index,Activation Value
36173,0.027589622884988785
28425,0.027544504031538963
60631,0.02688111737370491
13090,0.017759697511792183
104537,0.013335783034563065
99629,0.009564791806042194
52183,0.006792567204684019
97407,0.005929917562752962
49456,0.005718583706766367
96758,0.004412510897964239
