Index,Activation Value
36212,0.03191997855901718
15111,0.024831296876072884
50934,0.021826589480042458
51614,0.018934626132249832
55023,0.018854228779673576
44208,0.01603439450263977
43178,0.015827562659978867
7444,0.015698211267590523
17134,0.01365385390818119
47257,0.0129256471991539
