Index,Activation Value
6043,0.8687639236450195
24235,0.5588189959526062
80977,0.15996688604354858
86403,0.01100187562406063
