Index,Activation Value
773,0.06840067356824875
16549,0.05265156924724579
36875,0.035515107214450836
14960,0.031081313267350197
45858,0.029874367639422417
39837,0.029327325522899628
2656,0.025478145107626915
35367,0.024437453597784042
44964,0.023924853652715683
3086,0.023638684302568436
