Index,Activation Value
54621,2.8756961822509766
1838,2.2254981994628906
17134,1.7843079566955566
43927,1.7157245874404907
59820,1.702980875968933
27088,1.629899501800537
10926,1.5600721836090088
17968,1.4276480674743652
25087,1.3849743604660034
32109,1.365372896194458
