Index,Activation Value
38924,0.013887071050703526
8396,0.013615921139717102
26778,0.01343023031949997
56855,0.012891081161797047
38432,0.010434446856379509
32727,0.008210829459130764
38340,0.008189674466848373
25657,0.008080070838332176
4530,0.00793694518506527
55023,0.007761871907860041
