Index,Activation Value
2591,0.5018675923347473
44208,0.49846136569976807
20943,0.11255929619073868
53806,0.013322992250323296
