Index,Activation Value
6156,0.09829707443714142
44123,0.08950942754745483
62662,0.07567223161458969
108542,0.06496785581111908
17690,0.06027975678443909
12344,0.058543480932712555
36411,0.05396256968379021
7351,0.05213135480880737
88937,0.05079657584428787
107200,0.048724208027124405
