Index,Activation Value
25887,0.024385875090956688
92077,0.014151413924992085
101572,0.010383461602032185
70349,0.010136568918824196
25849,0.010058661922812462
67509,0.009368697181344032
15751,0.007744898553937674
17335,0.007256672717630863
87126,0.007163258735090494
52683,0.006956633646041155
