Index,Activation Value
25657,0.009591272100806236
8396,0.00853298045694828
4530,0.007132965140044689
31056,0.006706687621772289
11257,0.0038250237703323364
32757,0.0028617247007787228
43514,0.0023851520381867886
58198,0.001005053403787315
16061,0.0009948414517566562
14721,0.0006857537082396448
