Index,Activation Value
88571,0.13285735249519348
70349,0.126939594745636
36173,0.11174400895833969
37498,0.11077497899532318
42493,0.08758538216352463
72094,0.08527836203575134
4738,0.08337154239416122
53715,0.07224784791469574
65993,0.07215509563684464
36533,0.06865628808736801
