Index,Activation Value
36473,0.019214659929275513
24298,0.016966184601187706
38924,0.015189393423497677
58249,0.014780804514884949
18000,0.013215814717113972
53579,0.012067313306033611
8019,0.010751760564744473
8080,0.010352813638746738
9816,0.009223273023962975
26778,0.008825279772281647
