Index,Activation Value
27547,0.024236194789409637
8080,0.01880730502307415
24298,0.018583115190267563
44569,0.017178794369101524
8019,0.01676146872341633
39547,0.010311104357242584
1859,0.01004816498607397
36473,0.009946116246283054
9816,0.009613320231437683
31022,0.00959461834281683
