Index,Activation Value
54138,0.23072615265846252
36473,0.2068735510110855
54222,0.17384515702724457
24298,0.17126432061195374
773,0.165731281042099
579,0.12728390097618103
38924,0.12544289231300354
17428,0.12312760949134827
12023,0.12236281484365463
8349,0.11895547062158585
