Index,Activation Value
36473,0.01985076256096363
24298,0.01452289242297411
773,0.012759357690811157
16549,0.012543966062366962
44569,0.011986705474555492
1909,0.009716976433992386
31723,0.008137710392475128
20435,0.00790677685290575
36944,0.007764141075313091
8019,0.00717932591214776
