Index,Activation Value
19868,0.25765639543533325
58249,0.20449447631835938
38924,0.17505985498428345
43054,0.15824413299560547
45313,0.15388384461402893
33011,0.1536085456609726
53579,0.1438801884651184
9816,0.13850530982017517
26559,0.13399308919906616
38432,0.13177894055843353
