Index,Activation Value
21467,0.014809465035796165
36212,0.011529045179486275
8080,0.008128894492983818
29340,0.006790125742554665
56855,0.006655648350715637
38924,0.005847425200045109
24298,0.005459721200168133
27547,0.005412598606199026
8396,0.005374103784561157
38432,0.005331005435436964
