Index,Activation Value
54138,0.01571086049079895
9816,0.009088067337870598
38127,0.008126694709062576
43197,0.007316436618566513
22371,0.006543892435729504
32727,0.004691158886998892
38247,0.004661127459257841
773,0.003814476076513529
32757,0.0037484285421669483
11257,0.0036156114656478167
