Index,Activation Value
36212,0.020480738952755928
44569,0.01009799912571907
25657,0.009326735511422157
8396,0.009290975518524647
53579,0.006534240208566189
21467,0.005118432454764843
38340,0.0037539431359618902
53589,0.002962803700938821
773,0.0022731232456862926
51769,0.002152127679437399
