Index,Activation Value
13473,0.12302374839782715
44036,0.12200238555669785
2891,0.11742738634347916
13411,0.110664002597332
38764,0.11044639348983765
31867,0.10923468321561813
3829,0.10099967569112778
35367,0.09840235859155655
43220,0.09572078287601471
35684,0.09565442055463791
