Index,Activation Value
13090,0.00404694490134716
70349,0.0019489788683131337
