Index,Activation Value
9262,1.1318469047546387
47382,0.8798291683197021
40141,0.8346189856529236
81658,0.8102429509162903
31778,0.6525527834892273
30777,0.4688119888305664
108298,0.34202083945274353
81514,0.30421823263168335
67138,0.27217525243759155
70476,0.19557352364063263
