Index,Activation Value
33011,0.31882044672966003
29465,0.3074713945388794
53579,0.30588579177856445
38924,0.29899197816848755
9816,0.2748875319957733
8019,0.25308462977409363
26778,0.2500608563423157
24298,0.24424907565116882
43197,0.20548400282859802
44569,0.18896444141864777
