Index,Activation Value
37498,0.011572315357625484
20663,0.007047333754599094
111011,0.004192011896520853
16158,0.00396168977022171
52847,0.0034769270569086075
83828,0.0023832900915294886
33336,0.002291615353897214
103824,0.0022547096014022827
22227,0.0020993563812226057
27858,0.001568593899719417
