Index,Activation Value
55023,0.02381226047873497
59868,0.007961585186421871
34331,0.007152892649173737
52416,0.006360005587339401
28640,0.005107543431222439
47639,0.004723130725324154
2800,0.004448877647519112
19516,0.003970657475292683
39450,0.003706031944602728
37600,0.0035814151633530855
