Index,Activation Value
99629,0.006813253276050091
73501,0.003720942884683609
6970,0.0027923129964619875
7106,0.002215529792010784
31778,0.0017177147092297673
19530,0.00019641908875200897
