Index,Activation Value
36212,0.15121842920780182
53579,0.14484287798404694
38924,0.13706159591674805
32727,0.134733185172081
38340,0.12941353023052216
8080,0.12816017866134644
8396,0.12455971539020538
56855,0.1192602664232254
26778,0.11876443773508072
13743,0.10861316323280334
