Index,Activation Value
31723,0.13351070880889893
7145,0.12145091593265533
36944,0.11137472838163376
21565,0.10876724123954773
53338,0.09125041216611862
5319,0.0908857136964798
17999,0.09020282328128815
15111,0.08857212215662003
34925,0.0874326229095459
36598,0.08721699565649033
