Index,Activation Value
15145,0.97529137134552
43577,0.3504260778427124
2141,0.3310532569885254
94570,0.21684016287326813
102832,0.1716102510690689
