Index,Activation Value
96654,0.09651599079370499
90842,0.06995813548564911
44123,0.06464126706123352
38274,0.05758151784539223
55841,0.05697287619113922
111011,0.056930702179670334
107925,0.055758118629455566
110063,0.05278155207633972
19627,0.05109354481101036
31914,0.04912113398313522
