Index,Activation Value
16549,0.00499330647289753
33607,0.0018114864360541105
51614,0.0015988493105396628
28855,0.0015714068431407213
58458,0.0014619261492043734
43178,0.00086722377454862
6190,0.0007838120800442994
39450,0.00019103828526567668
