Index,Activation Value
18680,0.0073175313882529736
62662,0.005180410109460354
3082,0.004015033133327961
17690,0.0033618828747421503
97156,0.002466800855472684
55426,0.001865015598013997
72094,0.0010723095620051026
14983,0.0006392598152160645
95769,0.0005192705430090427
91342,0.0002653080737218261
