Index,Activation Value
70349,0.1377507448196411
12589,0.0782470852136612
56725,0.07158467918634415
72094,0.07082909345626831
14165,0.0621868260204792
76696,0.05768773332238197
27858,0.056190818548202515
12942,0.05115405470132828
16107,0.047683119773864746
107558,0.04735575616359711
