Index,Activation Value
54889,0.35636651515960693
32376,0.18767982721328735
35949,0.11579709500074387
