Index,Activation Value
53579,0.14628610014915466
33011,0.11020468920469284
18000,0.10888421535491943
8080,0.10620525479316711
44569,0.10147913545370102
26778,0.10007604211568832
21467,0.09574096649885178
24298,0.09365204721689224
8019,0.09090518206357956
1909,0.07885071635246277
