Index,Activation Value
38924,0.019976837560534477
58249,0.01003273669630289
29340,0.006804746575653553
24298,0.0059226686134934425
43178,0.0025452643167227507
54138,0.0022788578644394875
1909,0.0005019984673708677
