Index,Activation Value
96758,0.01696074567735195
6156,0.016869178041815758
111478,0.014859490096569061
95312,0.013140919618308544
12589,0.011835897341370583
35254,0.011406431905925274
21549,0.010194728150963783
92307,0.009074007160961628
15706,0.007337892893701792
61123,0.006914081517606974
