Index,Activation Value
53579,0.09409249573945999
38924,0.08662597835063934
1909,0.08603078871965408
33011,0.0854182243347168
8080,0.0828893706202507
58249,0.07964219897985458
26778,0.07746466994285583
36473,0.07412083446979523
18000,0.06945070624351501
54138,0.057503584772348404
