Index,Activation Value
21467,0.06767483055591583
53579,0.04960193857550621
38924,0.04377403482794762
29340,0.043188001960515976
33011,0.040186814963817596
8080,0.04002365469932556
26778,0.032532699406147
56855,0.03249861299991608
36212,0.031852446496486664
8396,0.028444329276680946
