Index,Activation Value
38127,0.07959003746509552
27547,0.06183546036481857
9816,0.06176242604851723
21467,0.05834769830107689
54138,0.050180818885564804
44569,0.04196283221244812
26937,0.039982251822948456
43197,0.03899816796183586
8080,0.037716496735811234
56855,0.036687321960926056
