Index,Activation Value
24235,0.010740994475781918
81123,0.010032618418335915
62951,0.009546833112835884
87126,0.008093606680631638
36533,0.008001603186130524
95769,0.0073006353341042995
91875,0.0072753289714455605
109700,0.006493450608104467
104251,0.006136577110737562
62402,0.006006923504173756
