Index,Activation Value
44743,0.17578214406967163
20435,0.17029470205307007
49406,0.1668516844511032
23998,0.16006964445114136
52585,0.14252938330173492
10272,0.1418067365884781
21191,0.14150071144104004
27399,0.1404821127653122
4817,0.14009107649326324
19491,0.1376764327287674
