Index,Activation Value
21467,0.01829390600323677
9816,0.010848709382116795
36212,0.010700932703912258
24298,0.010532217100262642
54138,0.008944815956056118
27547,0.008888541720807552
8396,0.008861571550369263
56855,0.008198780938982964
29465,0.00648133410140872
8019,0.006136506795883179
