Index,Activation Value
29191,1.0115522146224976
13253,0.9131165146827698
105870,0.8113604784011841
100532,0.6293989419937134
42756,0.6281086206436157
92418,0.6148377656936646
105677,0.6129449605941772
95740,0.4442121386528015
99393,0.4383571445941925
36411,0.43467268347740173
