Index,Activation Value
22362,0.12818831205368042
21161,0.12667183578014374
13411,0.12493935227394104
35367,0.12080582976341248
20544,0.11964711546897888
47009,0.11528517305850983
48477,0.11381708830595016
31311,0.10993068665266037
32604,0.10935162007808685
13248,0.10799108445644379
