Index,Activation Value
55625,0.163717120885849
32604,0.09606309980154037
26174,0.0807383731007576
14147,0.08045127987861633
13473,0.07404087483882904
43164,0.07268986105918884
36598,0.06016785651445389
59924,0.057117361575365067
38371,0.05710669606924057
22494,0.05668541043996811
