Index,Activation Value
16807,0.08669532090425491
105112,0.06470554322004318
97156,0.0596049427986145
91342,0.05827239900827408
27234,0.057710081338882446
76699,0.05643618479371071
55940,0.055241696536540985
49804,0.0549314059317112
108324,0.05299185961484909
55779,0.048031147569417953
