Index,Activation Value
53579,0.008283769711852074
33011,0.007994347251951694
26778,0.0071305581368505955
38924,0.006466981023550034
21467,0.0054733240976929665
8080,0.0043052746914327145
27547,0.004253316670656204
38432,0.0032866010442376137
36212,0.0026682743337005377
24298,0.0018486237386241555
