Index,Activation Value
27547,0.04434449225664139
24298,0.04338662698864937
8080,0.04282580688595772
21467,0.042083024978637695
32727,0.04152993857860565
53579,0.04122518375515938
26778,0.038167037069797516
45313,0.036771260201931
33011,0.03550347313284874
44569,0.03506769984960556
