Index,Activation Value
15751,0.1037064865231514
111154,0.09688437730073929
24604,0.0879143700003624
1267,0.08502855896949768
28910,0.08287328481674194
80813,0.07994537800550461
62796,0.07866653054952621
54896,0.0734974592924118
92077,0.07213233411312103
45447,0.0695398598909378
