Index,Activation Value
40355,1.1084365844726562
91193,0.8425694704055786
106524,0.8027894496917725
103438,0.6359160542488098
5214,0.5256364345550537
22092,0.5148358941078186
37293,0.46094679832458496
43116,0.37190255522727966
97407,0.32648348808288574
73306,0.22834138572216034
