Index,Activation Value
21467,0.001675933599472046
8080,0.001088156714104116
53579,0.0008848169236443937
36212,0.0008597518317401409
24298,0.0007361501920968294
33011,0.000715505622792989
8019,0.0006176408496685326
38924,0.0005495939985848963
56855,0.0003271451860200614
54138,0.00023383164079859853
