Index,Activation Value
36173,0.1247168630361557
27438,0.0998297855257988
12344,0.08542560786008835
14022,0.08149735629558563
111011,0.07688909769058228
11313,0.07555672526359558
27789,0.07369532436132431
90710,0.06875833123922348
20663,0.06756532192230225
59162,0.06635966897010803
