Index,Activation Value
8019,0.22475241124629974
13179,0.1833360493183136
18000,0.18090654909610748
24298,0.17058545351028442
33011,0.15446147322654724
773,0.14096179604530334
16549,0.1107734888792038
8080,0.09976059198379517
56505,0.09954611957073212
57163,0.09818626195192337
