Index,Activation Value
33011,0.06387664377689362
38924,0.05149942636489868
53579,0.04905145615339279
26778,0.04777997359633446
21467,0.03463448956608772
29340,0.023808278143405914
56855,0.020248057320713997
8396,0.018020208925008774
13179,0.0178510844707489
58249,0.017662085592746735
