Index,Activation Value
4141,1.3266197443008423
69312,0.4467542767524719
88815,0.21072950959205627
