Index,Activation Value
52848,0.030822202563285828
4424,0.019397908821702003
