Index,Activation Value
13090,0.011208132840692997
56725,0.006099514197558165
104537,0.004453557543456554
26012,0.0019237942760810256
29372,0.0018257743213325739
60631,0.0012125495122745633
108688,0.0008640033192932606
55426,0.0008418892393819988
107558,0.0007151395548135042
36173,0.00015581893967464566
