Index,Activation Value
45313,0.008261604234576225
32727,0.0071934727020561695
43054,0.005460784304887056
41844,0.004446558654308319
43197,0.0019338069250807166
43178,0.0013468255056068301
42887,0.0008338997140526772
38432,0.0004896661266684532
9816,0.0003886062477249652
13743,0.00037614378379657865
