Index,Activation Value
30430,0.020257584750652313
43054,0.01974022388458252
54138,0.018596390262246132
21467,0.016274182125926018
18000,0.014630014076828957
38432,0.013165938667953014
13743,0.01286823209375143
26778,0.011995194479823112
27547,0.011794895865023136
8019,0.011001692153513432
