Index,Activation Value
53579,0.03348783031105995
21467,0.023386336863040924
38924,0.02271690033376217
8080,0.019320495426654816
58249,0.018557677045464516
54138,0.017767541110515594
1909,0.013592153787612915
44569,0.012094097211956978
18000,0.01157491933554411
33011,0.010580330155789852
