Index,Activation Value
53579,0.003390340134501457
38924,0.0031308357138186693
26778,6.615838356083259e-05
