Index,Activation Value
19701,0.18499082326889038
5556,0.15897522866725922
42192,0.14930257201194763
54138,0.1382734775543213
59981,0.1371021717786789
27683,0.13580763339996338
22371,0.12896588444709778
11257,0.12426945567131042
41844,0.12366878986358643
56889,0.10972189903259277
