Index,Activation Value
21467,0.09780174493789673
38924,0.0908823311328888
24298,0.0868154838681221
38127,0.08107255399227142
26778,0.07448577135801315
29340,0.07428710162639618
54138,0.07098723948001862
38432,0.069483682513237
7145,0.06873501092195511
8080,0.06712449342012405
