Index,Activation Value
54138,0.3267076313495636
38924,0.3118760585784912
53579,0.3056993782520294
32727,0.2857811748981476
26778,0.25474390387535095
19868,0.24656644463539124
27547,0.24653583765029907
8396,0.228736013174057
45313,0.2284557819366455
41844,0.22543807327747345
