Index,Activation Value
29465,0.009428721852600574
9816,0.00756555562838912
57551,0.006586084142327309
54138,0.005967430770397186
30430,0.005842954386025667
8019,0.005754489917308092
38432,0.005668517202138901
51614,0.00532027892768383
1909,0.005311509128659964
44569,0.004684546962380409
