Index,Activation Value
36173,0.02299688011407852
25887,0.018562810495495796
83828,0.01839285157620907
107551,0.015617252327501774
16807,0.015082089230418205
8774,0.013956884853541851
33336,0.013884440064430237
7942,0.013319997116923332
32638,0.013052918948233128
98149,0.012582873925566673
