Index,Activation Value
16807,0.10070938616991043
91875,0.06819313019514084
26376,0.05919143930077553
34655,0.053198762238025665
111011,0.05200905725359917
592,0.051566410809755325
75310,0.05013499781489372
97892,0.04960381239652634
19795,0.04888419061899185
852,0.046534594148397446
