Index,Activation Value
29465,0.2157994955778122
43197,0.19113431870937347
9816,0.1897781789302826
24298,0.17916180193424225
35033,0.17536064982414246
42887,0.16243980824947357
8019,0.15579263865947723
27547,0.14087340235710144
14960,0.12440784275531769
566,0.1223573386669159
