Index,Activation Value
36473,0.14648152887821198
38924,0.12247121334075928
53579,0.12081635743379593
33011,0.11777141690254211
24298,0.11474037915468216
21467,0.11068826168775558
58249,0.10650268197059631
26778,0.09624598920345306
18000,0.08726382255554199
1909,0.08366319537162781
