Index,Activation Value
107558,0.09912250190973282
107995,0.07806243747472763
88571,0.06612082570791245
22227,0.061275072395801544
92881,0.05338815972208977
20663,0.05335588753223419
104002,0.05260620638728142
64204,0.04616618901491165
12,0.042970381677150726
33659,0.040144745260477066
