Index,Activation Value
92077,0.11016079783439636
48473,0.0948135033249855
82590,0.0889320969581604
95769,0.08006846159696579
29450,0.07858601212501526
47448,0.07696900516748428
8774,0.07318350672721863
111011,0.07109711319208145
66289,0.06952842324972153
107551,0.06842789053916931
