Index,Activation Value
13090,0.0029722542967647314
28425,0.0027495946269482374
52183,0.0019102665828540921
27438,8.45962276798673e-05
