Index,Activation Value
70349,0.09682860225439072
104002,0.09417461603879929
27789,0.08941569179296494
32558,0.08459648489952087
25849,0.08433566242456436
107995,0.07323002815246582
97336,0.06453454494476318
56266,0.06117476522922516
66371,0.060845524072647095
61202,0.05911046639084816
