Index,Activation Value
24430,2.258122682571411
51163,0.8877182006835938
32454,0.39497172832489014
