Index,Activation Value
54156,0.01727391965687275
7351,0.010802948847413063
11918,0.010696453042328358
7866,0.00919802114367485
14022,0.007614969275891781
26404,0.0064344825223088264
105073,0.005369131453335285
7334,0.005190499592572451
47586,0.0022967434488236904
59998,0.002116353949531913
