Index,Activation Value
108794,1.5030810832977295
50022,0.3300812840461731
49793,0.04772881418466568
