Index,Activation Value
44569,2.8664495944976807
1859,2.1392033100128174
1909,1.676889419555664
36473,1.508471131324768
17939,1.3911464214324951
8080,1.1799721717834473
29340,0.6729848980903625
53579,0.5272369384765625
24298,0.46374037861824036
27547,0.19805188477039337
