Index,Activation Value
13090,0.2583269476890564
33336,0.19802208244800568
27438,0.13564349710941315
96758,0.12022606283426285
28910,0.11111269146203995
64204,0.10942517220973969
49456,0.1018175482749939
52183,0.09734630584716797
90842,0.08939608186483383
43807,0.08443477004766464
