Index,Activation Value
62757,0.10115816444158554
101572,0.08390059322118759
92547,0.06351637095212936
107558,0.05163894221186638
110712,0.045134782791137695
102181,0.03659684583544731
92077,0.032902080565690994
107551,0.03187207505106926
42482,0.030206024646759033
6375,0.027568234130740166
