Index,Activation Value
21467,0.04023211821913719
24298,0.03425705060362816
38924,0.030993519350886345
44569,0.030674804002046585
54138,0.025447024032473564
53579,0.02427317574620247
1909,0.023534514009952545
8080,0.020835479721426964
1859,0.020807499065995216
32727,0.02045249007642269
