Index,Activation Value
101572,0.0026951483450829983
76699,0.0011645837221294641
36398,0.00025840927264653146
