Index,Activation Value
26778,0.0005553739028982818
33011,0.00017104837752413005
