Index,Activation Value
28425,0.0035227809567004442
28910,0.002603421686217189
20663,0.0011504957219585776
99629,0.0006985358777455986
35254,0.0002480620169080794
104537,6.981095793889835e-05
