Index,Activation Value
45313,0.017619164660573006
40678,0.016269464045763016
32727,0.016189511865377426
38371,0.010703940875828266
20544,0.010171408765017986
53582,0.009259517304599285
31022,0.007233701180666685
43815,0.006946036592125893
8302,0.006416392978280783
33414,0.005826850421726704
