Index,Activation Value
36212,0.021656228229403496
25657,0.013880317099392414
14826,0.011885687708854675
57551,0.011721440590918064
38340,0.011601625941693783
8396,0.011541335843503475
19339,0.010833371430635452
41844,0.010513030923902988
43197,0.010368328541517258
55023,0.009204604662954807
