Index,Activation Value
72779,0.9899213314056396
43209,0.8557271361351013
112480,0.6138960719108582
89920,0.5505101084709167
83159,0.48631176352500916
30883,0.3465743660926819
39848,0.2501758635044098
111968,0.1953536868095398
26916,0.155714213848114
102532,0.1318514049053192
