Index,Activation Value
43054,0.18888641893863678
44743,0.1766558587551117
56096,0.15641140937805176
23998,0.1525024175643921
17366,0.14836522936820984
49406,0.1481737494468689
20435,0.14258217811584473
16956,0.14109958708286285
4817,0.13877750933170319
17052,0.13813965022563934
