Index,Activation Value
102349,0.18779465556144714
88900,0.10225602984428406
