Index,Activation Value
21467,0.04758346825838089
38432,0.04445119947195053
27547,0.04044514149427414
8080,0.03680908679962158
40678,0.03497833386063576
38127,0.02911669947206974
17169,0.02524966187775135
13411,0.022800805047154427
44036,0.019687525928020477
41410,0.01943291909992695
