Index,Activation Value
16107,0.077602319419384
64204,0.0752059668302536
81123,0.043158337473869324
36533,0.04124318063259125
852,0.03884395584464073
37498,0.03593960031867027
78437,0.02924545481801033
52426,0.02905976213514805
27818,0.02802399732172489
33336,0.023028438910841942
