Index,Activation Value
24298,0.1324523389339447
36473,0.10209367424249649
54138,0.09258124232292175
8019,0.08074531704187393
53579,0.08067724853754044
32727,0.07665928453207016
44569,0.0758623480796814
27547,0.07448559254407883
8080,0.0683228000998497
29465,0.06551247835159302
