Index,Activation Value
52440,0.009801201522350311
14826,0.007470889016985893
55023,0.005841555539518595
38127,0.005069429986178875
19339,0.004905125591903925
9107,0.004406636115163565
25657,0.0039415811188519
29340,0.0032646688632667065
7683,0.002745254198089242
22678,0.0015460267895832658
