Index,Activation Value
24298,0.41017335653305054
36473,0.3808613419532776
1909,0.32206296920776367
33011,0.29831403493881226
13179,0.29582682251930237
44569,0.2809153199195862
26778,0.2547822892665863
17428,0.23260709643363953
54138,0.2253221571445465
8080,0.22176975011825562
