Index,Activation Value
54996,0.14115580916404724
49216,0.13885651528835297
16428,0.06379610300064087
36841,0.011995946988463402
