Index,Activation Value
16107,1.5073935985565186
14704,1.371653437614441
29450,1.2739222049713135
12,1.0155917406082153
41586,0.9340033531188965
74413,0.9101637601852417
88646,0.8143565058708191
90710,0.7785560488700867
2904,0.7752761840820312
87681,0.6120038032531738
