Index,Activation Value
52440,0.2544644773006439
25657,0.23333489894866943
27683,0.22989489138126373
9107,0.22785036265850067
14826,0.22495697438716888
57551,0.2080267071723938
47900,0.20613305270671844
8396,0.20564697682857513
19339,0.20541657507419586
7683,0.20313791930675507
