Index,Activation Value
49500,0.9007357358932495
34751,0.7142885327339172
21426,0.5987456440925598
13853,0.34342649579048157
84,0.1540955901145935
38127,0.07101664692163467
