Index,Activation Value
98149,0.017287779599428177
100195,0.01441587321460247
107995,0.013764278031885624
54105,0.012171670794487
71932,0.012157060205936432
59998,0.011862657032907009
7106,0.011500202119350433
19530,0.011498252861201763
62757,0.011469763703644276
111011,0.01076776348054409
