Index,Activation Value
15111,0.008964812383055687
28312,0.008146536536514759
57892,0.005125599913299084
56096,0.004983912687748671
40818,0.004928200971335173
36625,0.0033293035812675953
7783,0.0032296455465257168
17999,0.0031944119837135077
21565,0.002971051726490259
42296,0.0012934424448758364
