Index,Activation Value
13090,0.08315436542034149
70349,0.03511853143572807
56725,0.03125093877315521
852,0.022254489362239838
88571,0.01877959445118904
52426,0.01817256584763527
95312,0.01424375455826521
87758,0.013978186994791031
36173,0.012483748607337475
54896,0.011096152476966381
