Index,Activation Value
29129,0.5873734951019287
110660,0.45184609293937683
27989,0.09411413967609406
60836,0.04374907165765762
64465,0.027089852839708328
33903,0.0009741122485138476
