Index,Activation Value
13090,0.02718394249677658
33336,0.02696559950709343
70349,0.02082650177180767
14165,0.014532046392560005
96758,0.01163573283702135
90842,0.011355669237673283
28425,0.00871313363313675
56725,0.008274819701910019
71879,0.007695734966546297
103824,0.007413036655634642
