Index,Activation Value
17428,0.22066974639892578
36473,0.20264069736003876
10570,0.19461818039417267
24298,0.15241216123104095
579,0.12833285331726074
54222,0.11750727891921997
26073,0.10499180853366852
55625,0.09773263335227966
35684,0.09167580306529999
17134,0.09060791879892349
