Index,Activation Value
38924,0.033727604895830154
44569,0.029117608442902565
28561,0.02486567385494709
15670,0.022057440131902695
31736,0.02090403251349926
26778,0.015440989285707474
24565,0.014025291427969933
8080,0.010349111631512642
4530,0.008474697358906269
21467,0.007760948967188597
