Index,Activation Value
13090,0.04275142773985863
37498,0.03263995423913002
52183,0.018059520050883293
36173,0.017881475389003754
28425,0.0178365595638752
49456,0.017312943935394287
88295,0.016235338523983955
108759,0.015080721117556095
88571,0.014301077462732792
70512,0.014276843518018723
