Index,Activation Value
29340,0.030610250309109688
56855,0.028632640838623047
8396,0.02233721874654293
36212,0.015009161084890366
26778,0.014854141511023045
55023,0.012616494670510292
25657,0.0104315634816885
24565,0.010175878182053566
31736,0.007284828461706638
33011,0.0056083910167217255
