Index,Activation Value
83805,0.8246845006942749
81212,0.7542720437049866
103315,0.6942965984344482
111769,0.5447902679443359
18721,0.4500579535961151
5772,0.24758833646774292
107697,0.10085833817720413
13286,0.08305231481790543
59370,0.056298620998859406
