Index,Activation Value
25482,0.20759205520153046
33420,0.022886572405695915
23197,0.00987919606268406
