Index,Activation Value
21467,0.0014649070799350739
53579,0.0010919212363660336
24298,0.0009522198815830052
38924,0.0006134877330623567
44569,0.0003128659736830741
