Index,Activation Value
36212,2.8529059886932373
8396,2.654911518096924
56855,2.5265517234802246
29340,2.0330424308776855
25657,1.498687744140625
4530,1.2737771272659302
21467,0.7610552906990051
43115,0.6158508062362671
23748,0.5500109195709229
23189,0.49132871627807617
