Index,Activation Value
14115,1.295605182647705
43070,1.2165799140930176
29191,0.9495828747749329
110675,0.8274350762367249
7942,0.7676741480827332
12,0.765993595123291
101111,0.7489381432533264
360,0.7421489953994751
1738,0.7254579663276672
13253,0.6835213303565979
