Index,Activation Value
19256,0.48377007246017456
41894,0.45653948187828064
44319,0.3013575077056885
1147,0.28954651951789856
30628,0.2837023437023163
26158,0.25718802213668823
10243,0.13481833040714264
1814,0.07750154286623001
58114,0.06814023107290268
34129,0.04749888554215431
