Index,Activation Value
108688,0.12640146911144257
90842,0.11433456838130951
87758,0.11326250433921814
12344,0.10324645787477493
17335,0.09388107061386108
71879,0.08490055799484253
61123,0.07562749087810516
111665,0.07559682428836823
59998,0.0745125487446785
48529,0.07197590172290802
