Index,Activation Value
8080,0.07066287100315094
9816,0.06931336969137192
27547,0.06414562463760376
43197,0.061074189841747284
53579,0.05406036227941513
42887,0.050944484770298004
38432,0.04975621774792671
21467,0.04771183058619499
26778,0.039312757551670074
32727,0.037874821573495865
