Index,Activation Value
21467,1.8571103811264038
38924,0.19774645566940308
8080,0.19380426406860352
54138,0.06983812153339386
