Index,Activation Value
70512,0.06110513210296631
70349,0.05432209372520447
62757,0.0496378056704998
107995,0.04923200234770775
108688,0.048715200275182724
82590,0.048135362565517426
89903,0.04704026132822037
93969,0.04698297381401062
7362,0.04597695544362068
75022,0.044288214296102524
