Index,Activation Value
28910,0.0007816327852196991
99629,0.0007086258847266436
