Index,Activation Value
16107,0.0181631650775671
84018,0.01116738747805357
52426,0.008785844780504704
104537,0.0066278246231377125
88384,0.004050556104630232
55415,0.0030745507683604956
87126,0.002303055953234434
62951,0.002279228065162897
107558,0.002209095750004053
60806,0.001162282656878233
