Index,Activation Value
38924,0.10683659464120865
26778,0.09418705850839615
53579,0.07729239016771317
33011,0.07093922048807144
44569,0.05019001662731171
24298,0.048581868410110474
8080,0.043212972581386566
13179,0.03492945805191994
36473,0.03365081921219826
1859,0.029811114072799683
