Index,Activation Value
38924,0.10846634954214096
36473,0.10278403013944626
26778,0.0972907543182373
58249,0.09566438943147659
53579,0.07771901041269302
43054,0.07467123866081238
16549,0.0701146051287651
53589,0.06633802503347397
52585,0.06613597273826599
19868,0.06565120816230774
