Index,Activation Value
7618,0.5936180353164673
42409,0.32507792115211487
19957,0.2509022355079651
27990,0.17737005650997162
8442,0.08727677166461945
24782,0.0006717850337736309
