Index,Activation Value
92928,0.4443773925304413
66173,0.22280967235565186
