Index,Activation Value
13090,0.02400565892457962
70349,0.023846106603741646
88571,0.016873853281140327
96654,0.014451257884502411
95769,0.007309327833354473
14165,0.007256913464516401
88295,0.00619042944163084
107925,0.005836620926856995
35254,0.00561869889497757
110975,0.005165298469364643
