Index,Activation Value
13179,0.523783266544342
16549,0.3285021483898163
1909,0.29627716541290283
36473,0.11286179721355438
