Index,Activation Value
53579,0.2333221137523651
8080,0.20863695442676544
38924,0.18032197654247284
58249,0.17628298699855804
24298,0.14051765203475952
54138,0.13502977788448334
1909,0.1337735652923584
44569,0.131160169839859
33011,0.1267525553703308
27547,0.1259644329547882
