Index,Activation Value
92077,0.10923492908477783
87758,0.08434600383043289
46468,0.08323410153388977
86756,0.08297228813171387
24604,0.08233214169740677
35254,0.08173034340143204
42493,0.08038239926099777
3082,0.07897796481847763
12344,0.07801885157823563
7334,0.07630383223295212
