Index,Activation Value
32727,0.11215149611234665
43197,0.10451753437519073
9816,0.09579678624868393
45313,0.09098643064498901
27547,0.08162189275026321
8396,0.06764930486679077
8019,0.0643252283334732
42887,0.06248611956834793
56855,0.06192851439118385
25657,0.060993701219558716
