Index,Activation Value
1909,0.2657965421676636
42887,0.24805328249931335
18000,0.23048846423625946
9816,0.21729545295238495
36473,0.21515876054763794
24298,0.19791200757026672
54138,0.19350172579288483
8019,0.17966768145561218
25800,0.17345373332500458
33011,0.1628665030002594
