Index,Activation Value
37498,0.0022756874095648527
60631,0.0020853588357567787
28910,0.0008925612783059478
52426,0.0008069950272329152
12,0.00011371755681466311
