Index,Activation Value
38924,0.0060566202737390995
53579,0.0017857885686680675
