Index,Activation Value
25800,0.1064438596367836
18000,0.09578070789575577
8080,0.09386245906352997
34446,0.07960866391658783
11450,0.0742373913526535
4049,0.0715273842215538
14242,0.06997283548116684
5319,0.06946961581707001
56786,0.06941535323858261
55264,0.06896567344665527
