Index,Activation Value
7145,0.12422817200422287
45858,0.10796014964580536
39837,0.09824541956186295
44964,0.094383105635643
14960,0.0847422182559967
16403,0.08397824317216873
2656,0.08272871375083923
20999,0.08168472349643707
773,0.080012246966362
24702,0.07614711672067642
