Index,Activation Value
28173,0.26683011651039124
26058,0.2318098545074463
40155,0.18055219948291779
3252,0.1526532918214798
57268,0.06613337993621826
