Index,Activation Value
81616,0.22868219017982483
23967,0.21002265810966492
38821,0.1842425912618637
53382,0.1313137710094452
73947,0.001761732972227037
