Index,Activation Value
773,0.23362696170806885
16549,0.18516607582569122
36875,0.12178178876638412
39837,0.11866404861211777
2390,0.10440301150083542
44964,0.10210296511650085
14721,0.09633321315050125
4191,0.08986407518386841
14960,0.08972334116697311
25544,0.07798222452402115
