Index,Activation Value
17076,0.01278767455369234
3932,0.00702081760391593
7145,0.007002264726907015
46490,0.005435972940176725
58963,0.005127048119902611
43164,0.003750063944607973
13380,0.0001631529739825055
