Index,Activation Value
30430,0.08264376223087311
57551,0.07222280651330948
9816,0.0489109568297863
32727,0.045891173183918
40678,0.044117361307144165
13743,0.042652007192373276
29465,0.041221681982278824
4902,0.036435969173908234
45313,0.036205947399139404
34961,0.03520755469799042
