Index,Activation Value
12344,0.11450182646512985
12,0.10833312571048737
87758,0.0815168023109436
72094,0.05893826112151146
107925,0.0565917044878006
25887,0.05658770725131035
107558,0.05382067337632179
26012,0.05176880210638046
7351,0.050887465476989746
100136,0.04770372062921524
