Index,Activation Value
51614,0.01698845624923706
47370,0.009991859085857868
58886,0.007710442412644625
9524,0.0075852652080357075
57092,0.0070949275977909565
8556,0.006816828157752752
42342,0.006570832803845406
42289,0.006538281682878733
58198,0.006430615670979023
56855,0.0064211697317659855
