Index,Activation Value
28910,1.2568427324295044
52008,1.069019079208374
33336,1.0478814840316772
52183,0.9931326508522034
8790,0.8975343704223633
108759,0.8154588341712952
84718,0.6396185755729675
51766,0.634294867515564
36536,0.6094565987586975
109813,0.5526207089424133
