Index,Activation Value
19627,0.06531117111444473
52426,0.05633306875824928
99629,0.056179337203502655
28425,0.05514856055378914
71879,0.05010562390089035
45583,0.04693971946835518
7334,0.046457648277282715
30787,0.04557647556066513
55426,0.04515629634261131
28910,0.04393720254302025
