Index,Activation Value
94976,0.8756704926490784
37242,0.36655062437057495
57430,0.32731547951698303
107326,0.25185152888298035
46216,0.08560378104448318
