Index,Activation Value
107925,0.10095053911209106
70349,0.09577326476573944
25887,0.06404802948236465
19627,0.05974601209163666
87077,0.05908806994557381
59998,0.058683738112449646
12,0.05838482081890106
88937,0.056725915521383286
51766,0.04492742940783501
18680,0.03922129049897194
