Index,Activation Value
84964,0.30351534485816956
29533,0.23306189477443695
96758,0.1973234862089157
