Index,Activation Value
38924,0.6694733500480652
53579,0.5828202962875366
58249,0.5620390176773071
26778,0.44553568959236145
56554,0.34367865324020386
39547,0.2744574546813965
38247,0.26291990280151367
26559,0.2544756829738617
26937,0.23152562975883484
1909,0.20581799745559692
