Index,Activation Value
38134,0.46528682112693787
55397,0.21614022552967072
