Index,Activation Value
44743,0.19377204775810242
20435,0.1822819858789444
49406,0.18207480013370514
56545,0.16134044528007507
4817,0.15221796929836273
11306,0.1425958275794983
19491,0.14233732223510742
23998,0.13237009942531586
21191,0.1300109177827835
10272,0.1266528218984604
