Index,Activation Value
43514,2.493027925491333
88,2.270235538482666
24409,2.26985764503479
20479,1.9830354452133179
36598,1.856859564781189
14147,1.6183282136917114
6136,1.5776770114898682
31904,1.5208828449249268
25373,1.482121229171753
43054,1.445974588394165
