Index,Activation Value
24298,0.11001192033290863
8019,0.08897840231657028
29340,0.08107557892799377
1909,0.0753571167588234
58249,0.07404425740242004
44569,0.07152876257896423
8080,0.06814522296190262
36473,0.0669197142124176
21467,0.06472166627645493
33011,0.0629161149263382
