Index,Activation Value
53579,0.29581335186958313
33011,0.1668056845664978
38924,0.14769281446933746
39547,0.14179149270057678
43054,0.10688289999961853
1838,0.10663504153490067
7145,0.1042574942111969
56095,0.10243600606918335
32881,0.10053320229053497
54621,0.09937865287065506
