Index,Activation Value
38924,0.23527054488658905
53579,0.20562049746513367
33011,0.20282982289791107
1909,0.1803409308195114
8080,0.17871898412704468
26778,0.17755213379859924
29340,0.1723911017179489
21467,0.1604607105255127
44569,0.1578574925661087
24298,0.15245875716209412
