Index,Activation Value
90647,0.6870540976524353
90966,0.348404198884964
12739,0.3313627243041992
51020,0.3149513304233551
12705,0.2936899662017822
16470,0.13809004426002502
97229,0.0958203598856926
4195,0.015121540054678917
5635,0.005633525084704161
