Index,Activation Value
16689,0.31270211935043335
40153,0.20268532633781433
96154,0.1789262741804123
84941,0.17116902768611908
