Index,Activation Value
88384,0.004302307032048702
54956,0.0034761319402605295
45447,0.0032972502522170544
95115,0.0015742680989205837
42812,0.0014176414115354419
