Index,Activation Value
98914,0.9914835691452026
66114,0.9579676985740662
91925,0.8301872611045837
1086,0.7246494293212891
107757,0.6019033193588257
63189,0.4869535565376282
11823,0.4400608539581299
107706,0.418025940656662
33150,0.3586421608924866
40893,0.27319130301475525
