Index,Activation Value
90842,0.03354547545313835
33336,0.030956927686929703
4264,0.030530154705047607
104537,0.027394471690058708
12344,0.027382411062717438
19627,0.02737482078373432
7942,0.026893286034464836
107551,0.026182018220424652
54156,0.025782961398363113
102181,0.024571586400270462
