Index,Activation Value
29340,0.12028186023235321
57496,0.08213862031698227
4191,0.08177585899829865
24565,0.07641244679689407
53582,0.0754881203174591
49271,0.07231573015451431
59924,0.07121868431568146
14433,0.06804025918245316
27408,0.06731822341680527
36103,0.06618910282850266
