Index,Activation Value
50116,1.118181586265564
100124,0.10128471255302429
