Index,Activation Value
36212,0.003977925516664982
29340,0.0012673893943428993
26778,0.000548992888070643
58249,0.00033566588535904884
