Index,Activation Value
107995,0.07251375913619995
59080,0.05314955487847328
40888,0.04662342369556427
48529,0.0413292832672596
108542,0.039223045110702515
99629,0.035729844123125076
104537,0.034838322550058365
52183,0.034357666969299316
28910,0.03185903653502464
73782,0.031723134219646454
