Index,Activation Value
53786,0.45643749833106995
86828,0.42403149604797363
44356,0.38226160407066345
89749,0.1767623871564865
10575,0.08956342935562134
40482,0.051937997341156006
32131,0.020751284435391426
