Index,Activation Value
36356,1.4944543838500977
7054,1.4025330543518066
47321,1.363511562347412
43150,1.290826439857483
50478,1.2625195980072021
40128,1.1988677978515625
50064,1.0527682304382324
15602,0.9534892439842224
39154,0.93438720703125
59087,0.9107964634895325
