Index,Activation Value
13090,0.009106907993555069
88571,0.0012699643848463893
