Index,Activation Value
56855,0.07838114351034164
8396,0.062076274305582047
51614,0.05909423157572746
44269,0.05459637567400932
31736,0.0509386882185936
33607,0.047647424042224884
7145,0.04746688902378082
36212,0.04538368433713913
7683,0.04456993192434311
25657,0.0424911268055439
