Index,Activation Value
33659,0.9535858631134033
33282,0.6815248727798462
7638,0.6592200398445129
28653,0.3822729289531708
53531,0.3798748254776001
109861,0.377641886472702
41137,0.36614692211151123
17205,0.3135209381580353
78974,0.3022197186946869
57722,0.2914518415927887
