Index,Activation Value
17428,0.011576644144952297
42887,0.011045827530324459
218,0.01082458533346653
18000,0.009324171580374241
38127,0.00916818343102932
9816,0.008117916993796825
31723,0.007999822497367859
26778,0.007443767506629229
26559,0.007315734401345253
12023,0.0069827004335820675
