Index,Activation Value
14196,1.047454595565796
52416,0.9951744675636292
31228,0.8584929704666138
36743,0.8060993552207947
5474,0.6925427913665771
13147,0.6865208745002747
24599,0.624640166759491
42419,0.573884904384613
18841,0.5520973801612854
43499,0.49777182936668396
