Index,Activation Value
21467,0.20734693109989166
8396,0.20392245054244995
36212,0.18557988107204437
56855,0.18162286281585693
25657,0.1681337058544159
38340,0.16111384332180023
29340,0.139322429895401
13743,0.13673165440559387
41844,0.11629046499729156
38432,0.11289286613464355
