Index,Activation Value
15706,0.822751522064209
33590,0.52571702003479
103866,0.39599576592445374
15003,0.27218663692474365
68478,0.06086801737546921
