Index,Activation Value
13090,0.06495191901922226
88571,0.040654949843883514
28425,0.03317021206021309
52183,0.028846852481365204
35254,0.02526724897325039
12942,0.024005351588129997
21549,0.021730326116085052
107558,0.021258188411593437
83828,0.019543269649147987
44818,0.018884163349866867
