Index,Activation Value
29340,0.001749877235852182
8396,0.0015970709500834346
36212,0.0014280168106779456
