Index,Activation Value
88571,0.07611099630594254
13090,0.06614937633275986
52683,0.05567708611488342
70349,0.05283930525183678
107995,0.05271095409989357
95312,0.04263439401984215
80801,0.04147752746939659
28425,0.04093072563409805
28910,0.03989255055785179
22227,0.039839863777160645
