Index,Activation Value
29450,0.06878078728914261
107995,0.06479772925376892
12589,0.052452344447374344
73855,0.0520147942006588
1021,0.04649386554956436
42192,0.042645346373319626
95769,0.039925023913383484
104537,0.03947983309626579
70349,0.038902539759874344
4491,0.03721147030591965
