Index,Activation Value
58249,0.023759234696626663
36473,0.0207001194357872
53579,0.01840062439441681
38924,0.01763688586652279
20435,0.011484002694487572
58458,0.011087032966315746
49406,0.011009063571691513
36625,0.010499491356313229
11257,0.009924633428454399
17428,0.009917035698890686
