Index,Activation Value
24702,0.03335963934659958
21019,0.031695831567049026
47009,0.028272783383727074
54927,0.026297984644770622
17169,0.02513546124100685
20982,0.025101831182837486
9049,0.02419878914952278
59924,0.02412104606628418
35684,0.023601897060871124
3689,0.02346613071858883
