Index,Activation Value
21467,0.0001235868694493547
56855,5.2863189921481535e-05
8396,4.735465336125344e-05
8080,4.2750882130349055e-05
24298,3.542476406437345e-05
27547,3.059428127016872e-05
26778,1.562138641020283e-05
36212,6.748953182977857e-06
29340,6.263020168262301e-06
33011,4.751846972794738e-06
