Index,Activation Value
88571,0.010436386801302433
70349,0.008160879835486412
13090,0.003908480517566204
33336,0.0033395416103303432
64204,0.0018370025791227818
21549,0.001091571873985231
52683,0.0010481802746653557
83828,0.0009136202861554921
12344,0.00034280327963642776
44123,4.800220995093696e-05
