Index,Activation Value
38924,0.25696471333503723
33011,0.22699148952960968
53579,0.20563942193984985
38247,0.16810092329978943
51614,0.15765982866287231
28312,0.14188238978385925
33607,0.12189456075429916
27399,0.1180594265460968
29465,0.1118970736861229
7444,0.1109706312417984
