Index,Activation Value
32727,0.015939630568027496
36212,0.01310373842716217
45313,0.009406843222677708
13743,0.004497370682656765
8396,0.0036242185160517693
41844,0.0034731633495539427
38340,0.002001967979595065
31022,0.0016834691632539034
25657,0.0005293966387398541
56607,8.400147635256872e-05
