Index,Activation Value
43054,0.1343718022108078
38127,0.1311672329902649
24409,0.1110486164689064
43514,0.08605999499559402
38247,0.08048504590988159
218,0.07194767147302628
21019,0.06977632641792297
30999,0.0690394788980484
36598,0.06753836572170258
57854,0.06615807861089706
