Index,Activation Value
64204,0.09527923911809921
96758,0.09072232246398926
33336,0.07622383534908295
88295,0.06826359778642654
107558,0.06502002477645874
48529,0.06025763228535652
12064,0.05011000111699104
60631,0.04286075383424759
20457,0.040961116552352905
27912,0.04032440111041069
