Index,Activation Value
88571,0.11230051517486572
54105,0.0761224776506424
16107,0.06721901893615723
17902,0.0656108409166336
99629,0.06173891946673393
107551,0.056161995977163315
33336,0.053236253559589386
28425,0.05020160228013992
52183,0.0497605986893177
28910,0.04807715490460396
