Index,Activation Value
38924,0.005672844126820564
53579,0.0040774899534881115
58249,0.0038105854764580727
21467,0.0017171332146972418
54138,0.001042169751599431
56855,2.06073782464955e-05
