Index,Activation Value
13090,0.018728146329522133
28425,0.006738919299095869
70349,0.006573665887117386
88571,0.005896404385566711
56725,0.005198017694056034
37498,0.0014544767327606678
