Index,Activation Value
35254,0.007945138029754162
96758,0.006923725362867117
9293,0.004550208803266287
93388,0.0038133326452225447
105975,0.0036665701773017645
80813,0.00352791091427207
59162,0.0017980864504352212
41552,0.0009984633652493358
48820,0.0009622856159694493
12589,0.0006034026737324893
