Index,Activation Value
24298,0.07554639875888824
27547,0.0736733227968216
38432,0.05363587662577629
31056,0.052945539355278015
29465,0.05246496573090553
8019,0.05229606851935387
36625,0.049368150532245636
21467,0.04573363810777664
44569,0.0414883978664875
30430,0.0413779690861702
