Index,Activation Value
33011,0.3216420114040375
4987,0.16921862959861755
54138,0.16558916866779327
13158,0.15910163521766663
35684,0.15844866633415222
1909,0.14121206104755402
15397,0.1368614137172699
8080,0.1339150071144104
41410,0.13147221505641937
36944,0.1271638572216034
