Index,Activation Value
36473,0.07121560722589493
52440,0.04572717845439911
579,0.04287619888782501
19701,0.03832701966166496
43115,0.0376775749027729
52382,0.03504734858870506
22371,0.03308730944991112
14826,0.030558770522475243
25657,0.029229862615466118
7683,0.02916247956454754
