Index,Activation Value
25024,1.7456709146499634
52180,1.451074481010437
37428,0.7932325005531311
80749,0.7326762080192566
53959,0.6839534044265747
75504,0.6714174747467041
70446,0.6349776983261108
46567,0.5805281400680542
72993,0.5326997637748718
61593,0.5049005150794983
