Index,Activation Value
218,0.03681344911456108
11450,0.013657744973897934
38046,0.01158888265490532
7444,0.011292878538370132
40678,0.011166396550834179
59288,0.010892174206674099
51163,0.009994988329708576
19484,0.008287981152534485
34212,0.008267982862889767
26531,0.00790931936353445
