Index,Activation Value
8396,0.006429063621908426
29340,0.004791810642927885
