Index,Activation Value
49795,0.5870896577835083
39455,0.4899666905403137
49299,0.45105496048927307
49871,0.4306875467300415
6270,0.421551376581192
43510,0.3431786000728607
18970,0.32806238532066345
64487,0.3033688962459564
58751,0.15829604864120483
13779,0.12108444422483444
