Index,Activation Value
38924,0.026832181960344315
24298,0.018946031108498573
26778,0.016423970460891724
53579,0.01516080740839243
58249,0.014413649216294289
33011,0.0136810801923275
8019,0.008648538030683994
54138,0.006374508608132601
38247,0.0019050197442993522
18000,0.0011169066419824958
