Index,Activation Value
104537,0.02873028628528118
22230,0.019968369975686073
111011,0.019384417682886124
107995,0.017729712650179863
104002,0.017692439258098602
96758,0.017459973692893982
52426,0.017236029729247093
8774,0.01606944389641285
66000,0.01605125516653061
68381,0.016031084582209587
