Index,Activation Value
53579,0.4619494080543518
21467,0.4034962058067322
38924,0.34843942523002625
8080,0.3333483040332794
24298,0.3273625671863556
44569,0.32076752185821533
58249,0.30031144618988037
1909,0.2977029085159302
33011,0.2806844413280487
26778,0.26684853434562683
