Index,Activation Value
579,0.056450068950653076
12023,0.04266538843512535
47257,0.039352864027023315
56155,0.037202138453722
39547,0.03480677306652069
14721,0.03368682041764259
32757,0.03243975341320038
22371,0.027222897857427597
43178,0.0270900409668684
54222,0.024508778005838394
