Index,Activation Value
75996,0.005873696878552437
66371,0.005314341746270657
96808,0.002047800226137042
4491,0.00024332903558388352
55229,0.00013988750288262963
48699,3.315930734970607e-05
