Index,Activation Value
12589,0.01682915911078453
20663,0.014058605767786503
13090,0.012780744582414627
52183,0.012082042172551155
60631,0.010985220782458782
56725,0.010493317618966103
29372,0.01013881154358387
97407,0.009448343887925148
16107,0.00760948471724987
16158,0.007578268181532621
