Index,Activation Value
27587,0.36427927017211914
68687,0.20728252828121185
12150,0.09855218976736069
54491,0.04107653722167015
