Index,Activation Value
35684,0.031462397426366806
36944,0.021519018337130547
13411,0.02099337801337242
21161,0.02096952125430107
11257,0.020564066246151924
38764,0.020528340712189674
43115,0.019577311351895332
36685,0.017803533002734184
41410,0.01450261939316988
20544,0.012480717152357101
