Index,Activation Value
83828,0.03417963162064552
28910,0.0312720462679863
49456,0.029343705624341965
28425,0.027322111651301384
56725,0.024329183623194695
16107,0.02326924167573452
64204,0.02205071412026882
13090,0.02194945141673088
99629,0.0206752959638834
52183,0.01936578005552292
