Index,Activation Value
48473,0.07420048862695694
73782,0.06574136018753052
95312,0.05444658547639847
52683,0.048141151666641235
30064,0.04335443302989006
11374,0.041467517614364624
111478,0.04032440483570099
67013,0.0379200242459774
109813,0.035302065312862396
15706,0.035086728632450104
