Index,Activation Value
33011,0.013378887437283993
24298,0.013313029892742634
38924,0.012176331132650375
53579,0.010757059790194035
8080,0.00876025203615427
29340,0.007684533018618822
36473,0.007513400167226791
1909,0.006861759815365076
56855,0.006684593856334686
8019,0.006570042576640844
