Index,Activation Value
61123,0.09730715304613113
71879,0.09272942692041397
3082,0.09151338785886765
55779,0.08639944344758987
110108,0.07581187784671783
90842,0.0637010931968689
46468,0.06076084449887276
28910,0.06059146299958229
11313,0.05921916663646698
87758,0.058218713849782944
