Index,Activation Value
36625,0.004844042472541332
20435,0.0026738380547612906
35684,0.0012962056789547205
21191,3.646108780230861e-06
