Index,Activation Value
21467,0.07380213588476181
38924,0.041899338364601135
31022,0.03167559579014778
44569,0.031423959881067276
1859,0.030550550669431686
13743,0.029277566820383072
53579,0.024155396968126297
9351,0.021644562482833862
43054,0.016182130202651024
46264,0.015012314543128014
