Index,Activation Value
38924,0.06244751438498497
26778,0.06063317880034447
53579,0.05410539731383324
24298,0.04652043431997299
36473,0.046055667102336884
1859,0.04499501734972
39547,0.044357798993587494
57163,0.039176683872938156
44569,0.037915896624326706
1909,0.03212246671319008
