Index,Activation Value
773,0.1750699132680893
5319,0.15025676786899567
59868,0.1139969751238823
39837,0.11013400554656982
14960,0.09581730514764786
43054,0.08514690399169922
40862,0.08220183849334717
9187,0.08165374398231506
59010,0.08039349317550659
35215,0.07812027633190155
