Index,Activation Value
70349,0.10374598205089569
71879,0.08466265350580215
84018,0.07413065433502197
48529,0.06762447208166122
98149,0.06559516489505768
108542,0.06020382046699524
104537,0.05727784335613251
49456,0.053079865872859955
52683,0.05290361866354942
31227,0.05234746262431145
