Index,Activation Value
21467,0.008848493918776512
56855,0.002431069267913699
