Index,Activation Value
12344,0.11464650928974152
14022,0.11412438750267029
7351,0.09497079253196716
52491,0.08838619291782379
7866,0.08738582581281662
11918,0.0867486298084259
92077,0.08634132146835327
74354,0.08488340675830841
28425,0.08440718799829483
90710,0.08149328082799911
