Index,Activation Value
77025,0.5178852677345276
9542,0.301300048828125
20922,0.2992642819881439
88813,0.23918980360031128
87992,0.18942326307296753
84250,0.1274755895137787
11907,0.07785136997699738
6106,0.05010920763015747
35325,0.007468771189451218
