Index,Activation Value
18473,0.7317673563957214
54551,0.6163338422775269
38383,0.386903315782547
4812,0.09195452183485031
