Index,Activation Value
42309,0.6159138083457947
9279,0.5905014276504517
24290,0.4231615364551544
27619,0.3513777256011963
42340,0.13946369290351868
17938,0.01550350897014141
9508,0.005721512716263533
