Index,Activation Value
103237,0.7447242140769958
32605,0.5851448178291321
1797,0.5533390641212463
71659,0.5194606781005859
64736,0.4851466417312622
19666,0.4673362076282501
105537,0.45025768876075745
105656,0.3740759491920471
88407,0.3364620506763458
42519,0.22685633599758148
