Index,Activation Value
51614,0.008366603404283524
43115,0.005167447961866856
33607,0.004906595218926668
23805,0.004376302473247051
7444,0.0026391632854938507
44269,0.002064723987132311
56545,0.0016502401558682323
41994,0.0016053883591666818
13604,0.001501957536675036
57551,0.0011721225455403328
