Index,Activation Value
72094,0.09170325100421906
17608,0.09002473950386047
7334,0.06537485122680664
62757,0.06359204649925232
100136,0.05607734993100166
107925,0.05072926729917526
60631,0.04667538404464722
29450,0.0444890558719635
103825,0.03879142180085182
73855,0.0387674942612648
