Index,Activation Value
33336,0.0073945000767707825
101572,0.007146981079131365
87758,0.006940848659723997
35254,0.006177897565066814
83828,0.0061291479505598545
72094,0.00593002513051033
52491,0.00518831005319953
7351,0.005127726588398218
28425,0.005037530325353146
88295,0.005014772526919842
