Index,Activation Value
15397,0.04004991799592972
15111,0.039704471826553345
19868,0.039229899644851685
36212,0.03575896844267845
53589,0.035683948546648026
36625,0.03470168262720108
49043,0.033790502697229385
36944,0.03369981795549393
57892,0.032931312918663025
25227,0.03268665820360184
