Index,Activation Value
63802,1.256216287612915
22211,1.1793500185012817
45396,0.6630881428718567
108214,0.483527272939682
108879,0.349117636680603
46846,0.27975109219551086
97229,0.2517322301864624
102436,0.24410726130008698
17849,0.21044349670410156
24173,0.17171919345855713
