Index,Activation Value
108542,0.056590527296066284
42192,0.04979071021080017
59080,0.045166321098804474
53869,0.03620610013604164
86118,0.02978571690618992
29372,0.029523128643631935
97336,0.02850320376455784
592,0.02751719206571579
7682,0.027025707066059113
41162,0.026982171460986137
