Index,Activation Value
70349,0.029767464846372604
13090,0.027928698807954788
37498,0.02645336464047432
52183,0.01605278067290783
56725,0.01571979932487011
52426,0.014645153656601906
27438,0.011498929932713509
4825,0.01146900374442339
86538,0.011232336051762104
60631,0.010675117373466492
