Index,Activation Value
36212,0.33240532875061035
8396,0.2958821654319763
56855,0.2877201437950134
25657,0.21999244391918182
53589,0.19741666316986084
57551,0.1624619960784912
51614,0.15988078713417053
7145,0.15594540536403656
4530,0.15398050844669342
31736,0.1403670310974121
