Index,Activation Value
33011,0.2924081087112427
773,0.2370770126581192
13179,0.2179957628250122
36212,0.21496541798114777
26778,0.19040782749652863
53579,0.1877657026052475
38432,0.17740249633789062
53589,0.16973568499088287
38924,0.16786080598831177
8396,0.16552424430847168
