Index,Activation Value
21467,0.051822032779455185
8396,0.04571780562400818
56855,0.044438764452934265
44569,0.0431332029402256
38924,0.03394423425197601
36212,0.03325872868299484
25657,0.032249052077531815
53579,0.026577375829219818
29340,0.025998301804065704
36473,0.024905478581786156
