Index,Activation Value
62757,0.020043935626745224
11313,0.017170052975416183
95769,0.014541419222950935
14022,0.014331646263599396
90842,0.011709270067512989
54156,0.011633501388132572
111011,0.010679465718567371
27438,0.008611391298472881
71879,0.008057360537350178
104002,0.007856563664972782
