Index,Activation Value
88571,0.03796492889523506
95769,0.034659244120121
29450,0.029665876179933548
52183,0.028508085757493973
37498,0.027856675907969475
28910,0.026996111497282982
107558,0.023525606840848923
90842,0.02273101918399334
36173,0.02207489311695099
31199,0.021374698728322983
