Index,Activation Value
38924,0.03719976544380188
1909,0.03047342225909233
58249,0.02880602702498436
55023,0.025330685079097748
33011,0.022587593644857407
9107,0.022512545809149742
53407,0.017529532313346863
26778,0.016443004831671715
11450,0.013719756156206131
18000,0.012936527840793133
