Index,Activation Value
21467,0.5450991988182068
38924,0.515835165977478
8080,0.4450215697288513
8019,0.4391443133354187
53579,0.37350815534591675
24298,0.3659796118736267
27547,0.35527563095092773
38432,0.353361576795578
26778,0.3446953594684601
30430,0.3082428276538849
