Index,Activation Value
82590,0.07836463302373886
107558,0.07618793100118637
34454,0.07365722209215164
111011,0.07061433047056198
80233,0.070521280169487
19530,0.06967867165803909
38228,0.06692726165056229
7106,0.06558137387037277
76908,0.06449326127767563
8826,0.06271252036094666
