Index,Activation Value
29340,0.02528763934969902
56855,0.02252989262342453
53582,0.01889474131166935
24565,0.016670947894454002
38247,0.016508502885699272
39547,0.015261761844158173
8396,0.014020031318068504
39450,0.013219855725765228
7145,0.013165208511054516
55023,0.01313407439738512
