Index,Activation Value
16549,0.04076942801475525
28312,0.04059773311018944
48137,0.03649016097187996
773,0.036313146352767944
42296,0.03225914388895035
21191,0.03150694817304611
24565,0.030084896832704544
52585,0.029455019161105156
27399,0.028848180547356606
57413,0.02846238575875759
