Index,Activation Value
38924,0.6044067740440369
21467,0.5949252843856812
36212,0.5254669785499573
53579,0.5228134989738464
33011,0.4909651279449463
56855,0.48788949847221375
24298,0.47556981444358826
8396,0.46854642033576965
8080,0.45213088393211365
8019,0.44218528270721436
