Index,Activation Value
36212,0.01509076077491045
8396,0.008738018572330475
56855,0.007726090028882027
33011,0.0074401600286364555
29340,0.00623151334002614
21467,0.005770829971879721
56554,0.0044162278063595295
38432,0.0038184768054634333
38340,0.003634979948401451
8080,0.0034901434555649757
