Index,Activation Value
59492,1.2864121198654175
6199,0.7933118343353271
26972,0.5581743717193604
58834,0.4405248463153839
10310,0.4383658170700073
4897,0.26806914806365967
182,0.22423167526721954
39496,0.21114085614681244
29323,0.2081184983253479
19215,0.18274347484111786
