Index,Activation Value
773,0.003212705720216036
21467,0.0016646625008434057
38127,0.0014491303591057658
8080,0.0008334795711562037
45313,0.0005092416540719569
32727,0.0002537751570343971
