Index,Activation Value
8396,0.4309884011745453
56855,0.425258070230484
36212,0.39009761810302734
38432,0.3206561803817749
19868,0.3149641752243042
45313,0.3097893297672272
29340,0.2985411584377289
27547,0.29606905579566956
25657,0.29593491554260254
55023,0.29358309507369995
