Index,Activation Value
21467,0.05443224310874939
53579,0.04884735122323036
8080,0.04233608767390251
33011,0.03873642161488533
38924,0.03510767221450806
27547,0.033918723464012146
26778,0.03312817960977554
8019,0.030753683298826218
54138,0.028927525505423546
18000,0.027187317609786987
