Index,Activation Value
24298,0.7034172415733337
44569,0.5994940996170044
8019,0.5812548398971558
8080,0.5493767857551575
27547,0.5320225358009338
36473,0.5208224058151245
53579,0.47647589445114136
54138,0.47366976737976074
32727,0.446025013923645
1859,0.4184858202934265
