Index,Activation Value
21467,0.030756652355194092
8080,0.029104486107826233
27547,0.024615570902824402
38924,0.02276788279414177
53579,0.021654197946190834
32727,0.021632639691233635
13743,0.021445397287607193
38432,0.02109760418534279
8019,0.02099459432065487
38340,0.01625378616154194
