Index,Activation Value
38924,0.47399812936782837
53579,0.41673222184181213
58249,0.40330052375793457
33011,0.3723081946372986
1909,0.34392794966697693
56554,0.3172207474708557
59288,0.2829646170139313
21467,0.2745904326438904
38247,0.2557533085346222
26778,0.19466012716293335
