Index,Activation Value
11450,0.17444750666618347
51614,0.16585859656333923
53589,0.16339817643165588
47257,0.156052827835083
36212,0.15351858735084534
15397,0.1507520228624344
36944,0.14743858575820923
8396,0.14675815403461456
27840,0.14522770047187805
25657,0.14506900310516357
