Index,Activation Value
44569,0.1310223788022995
24298,0.12722447514533997
8019,0.09326370060443878
1859,0.09230811893939972
21467,0.08837360143661499
38924,0.08257471770048141
36473,0.07899238169193268
26778,0.07880449295043945
8080,0.07483748346567154
27547,0.07333894819021225
