Index,Activation Value
73551,0.24370931088924408
79969,0.19379998743534088
45541,0.16581770777702332
104638,0.11065476387739182
