Index,Activation Value
4530,0.049894772469997406
36212,0.04975166544318199
25657,0.039488181471824646
8396,0.035084281116724014
22080,0.033113349229097366
9107,0.029638435691595078
47257,0.02809484489262104
42773,0.02798067033290863
16653,0.02742944285273552
43178,0.026556868106126785
