Index,Activation Value
21467,0.02700911834836006
36212,0.01692492887377739
53579,0.014914893545210361
56855,0.013669867999851704
8396,0.013317784294486046
38432,0.012125303037464619
38924,0.010710073634982109
27547,0.009160846471786499
29340,0.008996051736176014
26778,0.008248576894402504
