Index,Activation Value
1593,1.584598422050476
43643,0.6336936354637146
57582,0.6213739514350891
4169,0.6153489351272583
19388,0.5835757255554199
11692,0.5678220391273499
31013,0.5064471960067749
24560,0.45124951004981995
4920,0.44316786527633667
39446,0.35093462467193604
