Index,Activation Value
44208,0.014956098981201649
56273,0.006515306420624256
53579,0.006246914155781269
5478,0.006185533944517374
9351,0.005231809336692095
5319,0.004548429511487484
41843,0.00428279722109437
19426,0.003213150892406702
43178,0.002905118977651
465,0.001392383361235261
