Index,Activation Value
8080,0.501105785369873
53579,0.48327818512916565
1909,0.46551287174224854
21467,0.46448034048080444
33011,0.409416526556015
27547,0.4075527489185333
29340,0.38914018869400024
38432,0.3008800446987152
18000,0.2927940785884857
56855,0.2853175103664398
