Index,Activation Value
13090,0.174796923995018
70349,0.12904252111911774
83828,0.12504541873931885
56725,0.12418618053197861
37498,0.11664780229330063
38228,0.09824924916028976
60631,0.09162390977144241
27858,0.09052253514528275
9293,0.0903729572892189
111011,0.0883542150259018
