Index,Activation Value
1267,1.1067222356796265
45234,1.0153310298919678
19797,0.7763485908508301
73306,0.6837738752365112
37293,0.45884254574775696
105848,0.3955867290496826
95693,0.39237791299819946
104161,0.3322853744029999
5842,0.29740065336227417
94429,0.24039258062839508
