Index,Activation Value
38247,0.13207902014255524
27399,0.09222211688756943
27569,0.08242971450090408
28312,0.07775617390871048
52585,0.07224997133016586
14196,0.07217979431152344
21191,0.06947938352823257
49037,0.06768299639225006
57413,0.060530416667461395
17939,0.0604877807199955
