Index,Activation Value
90842,0.010119345970451832
4738,0.009652703069150448
7334,0.008810360915958881
52008,0.005660157650709152
19627,0.005328343715518713
84018,0.004342412576079369
7351,0.0036624630447477102
70459,0.0035670066718012094
54896,0.003418459091335535
75996,0.0023467184510082006
