Index,Activation Value
8396,0.1637910008430481
36212,0.16261515021324158
56855,0.1525900661945343
45313,0.11802057176828384
25657,0.11311514675617218
19868,0.10728498548269272
21467,0.1028081402182579
57551,0.10222512483596802
38340,0.10216303169727325
29340,0.09104323387145996
