Index,Activation Value
33011,0.3613402247428894
26778,0.2529139816761017
38924,0.25086867809295654
44569,0.2398795336484909
8080,0.23588742315769196
24298,0.2199716717004776
58249,0.18965186178684235
36473,0.1766580045223236
1909,0.17601583898067474
53579,0.17507503926753998
