Index,Activation Value
44569,0.004476969130337238
24298,0.003892313688993454
21467,0.00384834548458457
53579,0.0035596576053649187
8019,0.0034180795773863792
38924,0.00021082315652165562
