Index,Activation Value
36473,0.0847373828291893
38924,0.0715218260884285
24298,0.0693078488111496
58249,0.05267191305756569
53579,0.04592213034629822
38247,0.04051121324300766
56554,0.03849829360842705
44569,0.03067554160952568
1909,0.030649371445178986
47257,0.030023805797100067
