Index,Activation Value
21467,0.2549680471420288
43054,0.2023034393787384
38432,0.17626513540744781
53579,0.11194834113121033
38924,0.10782841593027115
24565,0.10745508968830109
218,0.09201887249946594
2390,0.09095753729343414
31736,0.08403677493333817
10226,0.08330560475587845
