Index,Activation Value
44569,0.03739481046795845
27547,0.034705206751823425
9816,0.02986852079629898
26778,0.028663193807005882
38924,0.02537306770682335
36473,0.02154102921485901
30430,0.020116180181503296
43054,0.01990499533712864
24298,0.019617708399891853
42887,0.018292812630534172
