Index,Activation Value
92077,0.1644001007080078
7334,0.12536059319972992
70776,0.1096930056810379
87126,0.0974544882774353
11313,0.09411268681287766
18680,0.0916002094745636
21549,0.09077586978673935
72094,0.08915691822767258
63037,0.08705686032772064
7351,0.08511357754468918
