Index,Activation Value
15111,0.21261084079742432
20435,0.19375525414943695
36625,0.18284568190574646
11257,0.16326841711997986
27840,0.15199953317642212
25227,0.14405499398708344
21191,0.14114482700824738
4817,0.13896045088768005
49406,0.1370222419500351
15397,0.13605286180973053
