Index,Activation Value
88571,0.027472540736198425
59162,0.024029137566685677
107925,0.01788424141705036
54896,0.013134840875864029
25849,0.011456029489636421
28425,0.010261626914143562
15751,0.009340859018266201
97407,0.0093263890594244
52683,0.008655321784317493
70349,0.008347629569470882
