Index,Activation Value
35254,0.022227276116609573
62662,0.01640092022716999
84018,0.012749374844133854
92077,0.011632656678557396
73855,0.009925657883286476
107995,0.008788758888840675
16089,0.008714785799384117
35913,0.0086813447996974
61123,0.0084329042583704
25530,0.007530654314905405
