Index,Activation Value
38924,0.029807521030306816
53579,0.026444248855113983
26778,0.022471493110060692
58249,0.02146841213107109
33011,0.01422872394323349
21467,0.006753705907613039
7145,0.005804487504065037
1909,0.0049347057938575745
