Index,Activation Value
38924,0.026565097272396088
26778,0.01929548569023609
58249,0.016728371381759644
29340,0.010891569778323174
33011,0.010713706724345684
1909,0.004957944620400667
38247,0.004529810976237059
56554,0.004212427418678999
53582,0.0028404134791344404
24565,0.0017467921134084463
