Index,Activation Value
773,0.022109568119049072
7145,0.020634882152080536
43054,0.019003506749868393
41994,0.014444289728999138
35367,0.014216918498277664
57009,0.013254756107926369
3689,0.01305814366787672
44036,0.012208282016217709
36598,0.0118796331807971
4909,0.01064870785921812
