Index,Activation Value
38924,0.36422452330589294
53579,0.3617241382598877
21467,0.34362050890922546
44569,0.27034369111061096
26778,0.2626037299633026
8080,0.23889364302158356
773,0.21411094069480896
24298,0.205363467335701
38432,0.19872142374515533
1909,0.18435652554035187
