Index,Activation Value
26778,0.35218507051467896
53579,0.27567681670188904
38924,0.2745422124862671
36473,0.24139873683452606
58249,0.22285406291484833
18000,0.2142147570848465
33011,0.2068367600440979
24298,0.18978101015090942
1909,0.1883675754070282
17428,0.18008378148078918
