Index,Activation Value
80813,0.13298338651657104
79955,0.09109821915626526
33336,0.08908531814813614
107995,0.07883270829916
16959,0.06683985143899918
55426,0.06492500752210617
50425,0.05971987172961235
70349,0.05356869101524353
79207,0.05151169374585152
35831,0.05009247735142708
