Index,Activation Value
21467,0.021262986585497856
27547,0.020688625052571297
38432,0.01966424658894539
33011,0.01739957556128502
36473,0.014409646391868591
32727,0.012490437366068363
24298,0.011545884422957897
8019,0.010254030115902424
57551,0.009945482015609741
9816,0.008487394079566002
