Index,Activation Value
41843,0.0060936445370316505
44208,0.0037775810342282057
