Index,Activation Value
12,0.026158830150961876
14326,0.021086852997541428
52426,0.020675906911492348
87758,0.01576365903019905
67013,0.01570722833275795
90842,0.015655165538191795
103824,0.015485400334000587
44818,0.014807146042585373
19627,0.012947202660143375
3082,0.01204640418291092
