Index,Activation Value
36212,0.013806556351482868
8396,0.011457180604338646
56855,0.009910001419484615
29340,0.008853471837937832
21467,0.006285785231739283
25657,0.0034427589271217585
33011,0.0027007595635950565
4530,0.0010087484261021018
38924,0.0007831004913896322
36473,0.0005431959871202707
