Index,Activation Value
6156,0.11193257570266724
79383,0.07001955062150955
7682,0.062383826822042465
17690,0.06124845892190933
63170,0.060324907302856445
52826,0.05908024683594704
110712,0.05757281556725502
33906,0.05359173193573952
8914,0.0520164892077446
72893,0.05107708275318146
