Index,Activation Value
105492,1.2920910120010376
46728,1.0910735130310059
2800,1.0434799194335938
29954,0.9955319762229919
58008,0.8391891717910767
34930,0.6207733750343323
79633,0.5659563541412354
74563,0.3345256447792053
48708,0.2882312834262848
107496,0.2641802430152893
