Index,Activation Value
104537,0.025834783911705017
107995,0.017246045172214508
52183,0.016216980293393135
27789,0.013868773356080055
72094,0.013619442470371723
88571,0.013487135991454124
19627,0.012950009666383266
16107,0.012201748788356781
28910,0.011976027861237526
12942,0.011696244589984417
