Index,Activation Value
21467,0.005906255915760994
53579,0.0029352896381169558
