Index,Activation Value
29372,0.012329455465078354
63669,0.011737875640392303
55426,0.009182572364807129
20779,0.008839774876832962
26012,0.00863271951675415
72094,0.006976964417845011
30064,0.005761195905506611
75738,0.0045446776784956455
12589,0.002647117478772998
86538,0.0021310346201062202
