Index,Activation Value
12,0.11942484229803085
70349,0.08563295751810074
54156,0.07565317302942276
33336,0.07541542500257492
88571,0.07197947800159454
107995,0.07111532241106033
15003,0.06389117985963821
107925,0.06326626241207123
36173,0.06154195964336395
64204,0.06147412210702896
