Index,Activation Value
21467,0.0019129051361232996
53579,0.0006951341056264937
8080,0.0004149310989305377
26778,7.7005461207591e-05
