Index,Activation Value
13090,0.056221481412649155
88571,0.04017706587910652
60631,0.03436713665723801
852,0.03114427626132965
12589,0.02894018217921257
96758,0.02787657268345356
66000,0.027860842645168304
17608,0.02784295380115509
11374,0.0258313100785017
104537,0.025579145178198814
