Index,Activation Value
60631,0.014090470038354397
33336,0.013792231678962708
13090,0.013017809949815273
12344,0.011440470814704895
95769,0.010001595132052898
40355,0.008842154406011105
36173,0.007726259529590607
62757,0.007430117577314377
67013,0.0073403362184762955
111011,0.006869204342365265
