Index,Activation Value
94032,1.2345250844955444
69312,0.8383157253265381
104220,0.7528153657913208
80914,0.7288272976875305
38606,0.7068546414375305
81857,0.6966083645820618
20817,0.6817270517349243
49774,0.6247968673706055
53180,0.32084617018699646
61429,0.3088120222091675
