Index,Activation Value
27547,0.30465951561927795
38432,0.294167160987854
36212,0.2821652591228485
41844,0.27259939908981323
25657,0.26781171560287476
8080,0.25236666202545166
32727,0.24407914280891418
38340,0.23890869319438934
43178,0.22744043171405792
40678,0.2026350200176239
