Index,Activation Value
17396,0.27367162704467773
51071,0.047549016773700714
