Index,Activation Value
13090,0.07707128673791885
56725,0.06373891234397888
37498,0.04585154354572296
83828,0.027020364999771118
33336,0.024836212396621704
28425,0.019871685653924942
70349,0.017612246796488762
16158,0.015877949073910713
96758,0.015658508986234665
52183,0.014973142184317112
