Index,Activation Value
9816,0.03212285414338112
44569,0.030160419642925262
27547,0.028778189793229103
26778,0.02697194553911686
54138,0.022416796535253525
33011,0.022245090454816818
42887,0.02158980257809162
1859,0.018989937379956245
53579,0.018191229552030563
8080,0.0172593854367733
