Index,Activation Value
27683,0.19187413156032562
38127,0.1701470911502838
14826,0.16231802105903625
22678,0.1492006927728653
22371,0.13139371573925018
11257,0.12907476723194122
54222,0.12551306188106537
7683,0.11715535074472427
39999,0.11118512600660324
4422,0.10977412015199661
