Index,Activation Value
15111,0.09619879722595215
36625,0.09409318119287491
29340,0.08389750123023987
36212,0.08381597697734833
56855,0.07913172245025635
8396,0.07568838447332382
36944,0.06631428748369217
14971,0.0644473135471344
38432,0.06166564300656319
57892,0.05998539924621582
