Index,Activation Value
70349,0.09514359384775162
108688,0.0730995461344719
16107,0.06688208132982254
9293,0.06501170247793198
14165,0.06429236382246017
17902,0.057793572545051575
67509,0.05742194131016731
107925,0.05459107458591461
98149,0.0466536246240139
88571,0.045920781791210175
