Index,Activation Value
3689,0.10521373152732849
48477,0.10518153756856918
41843,0.10199525207281113
14756,0.10141956806182861
21019,0.10010214895009995
36598,0.09556715190410614
37711,0.09043443202972412
28748,0.08954969793558121
16403,0.0861382707953453
15670,0.08580509573221207
