Index,Activation Value
56855,0.020900677889585495
8396,0.01224276702851057
58249,0.010715221054852009
29340,0.010184301063418388
21467,0.007491637021303177
36212,0.00549671147018671
25657,0.00523438211530447
53579,0.0016395116690546274
4530,0.0014033246552571654
54222,0.000519979395903647
