Index,Activation Value
53579,0.05777176469564438
15111,0.05471627041697502
24298,0.05363531783223152
21565,0.05259653553366661
54138,0.04304327443242073
1859,0.041787367314100266
38924,0.041632361710071564
58249,0.04112895950675011
36625,0.040374308824539185
47264,0.04004550352692604
