Index,Activation Value
59288,0.03215234354138374
53582,0.01309096347540617
9351,0.012081313878297806
28312,0.011818102560937405
56481,0.011208456009626389
32757,0.01035330444574356
27399,0.008491071872413158
27569,0.006833998486399651
24565,0.006499972194433212
37410,0.006330458912998438
