Index,Activation Value
682,0.2821733057498932
108609,0.23948416113853455
59433,0.062097854912281036
5904,0.014053884893655777
