Index,Activation Value
17317,0.5705146789550781
54500,0.5412741303443909
6811,0.12043383717536926
