Index,Activation Value
38924,0.1429087072610855
33011,0.09107188880443573
26778,0.08818666636943817
58249,0.07103097438812256
53579,0.0702441930770874
13179,0.03055664896965027
16549,0.0270797461271286
773,0.02440648339688778
26559,0.023998932912945747
38247,0.02360101416707039
