Index,Activation Value
5782,1.3052961826324463
87025,1.2965563535690308
65601,0.8926034569740295
52549,0.6804051995277405
27330,0.5791593790054321
82358,0.5527252554893494
25507,0.5319867730140686
91696,0.49129363894462585
110458,0.4658091068267822
81424,0.4632563889026642
