Index,Activation Value
33336,0.03438052907586098
96758,0.030600354075431824
52183,0.02645043283700943
97407,0.020485226064920425
59998,0.01994619518518448
88571,0.019448179751634598
60631,0.015250216238200665
37498,0.014209166169166565
59162,0.01222316175699234
13090,0.01216247957199812
