Index,Activation Value
56855,0.028733158484101295
29340,0.024556858465075493
36212,0.022511426359415054
43054,0.019092747941613197
31736,0.016654744744300842
55023,0.016595114022493362
36944,0.01576417125761509
8396,0.015745650976896286
53582,0.014318237081170082
45313,0.014146792702376842
