Index,Activation Value
21467,0.04026598110795021
38432,0.014593019150197506
22371,0.007870803587138653
35684,0.006190385669469833
11257,0.005791442468762398
8349,0.004993800073862076
17939,0.0033691944554448128
4987,0.003334584878757596
19868,0.0029652880039066076
20435,0.0028171141166239977
