Index,Activation Value
52183,0.1086922287940979
83828,0.09721748530864716
49865,0.0844208374619484
73782,0.08302978426218033
2279,0.07682186365127563
107995,0.07245684415102005
102181,0.07219287008047104
52683,0.07192875444889069
51766,0.07032180577516556
103824,0.07021379470825195
