Index,Activation Value
63329,0.6719475984573364
70161,0.4218307435512543
79579,0.35881507396698
