Index,Activation Value
59998,0.005788445472717285
70349,0.004647082183510065
52426,0.002343564759939909
60631,0.002133965026587248
14165,0.00014700015890412033
