Index,Activation Value
29372,0.07509292662143707
55426,0.07260014116764069
26012,0.056041419506073
63669,0.05414765700697899
105112,0.049679797142744064
20779,0.042725030332803726
42812,0.03997761383652687
32672,0.039413996040821075
100195,0.03571493923664093
102181,0.03366703912615776
