Index,Activation Value
38924,0.2290116548538208
53579,0.2079322636127472
58249,0.19041688740253448
26778,0.15051953494548798
29340,0.12623457610607147
38247,0.10207407176494598
56554,0.09925176948308945
36212,0.0983145609498024
21467,0.09331981837749481
33011,0.08515750616788864
