Index,Activation Value
29340,0.043014392256736755
56855,0.024798041209578514
8396,0.02081306278705597
9816,0.019361071288585663
40678,0.01837054453790188
43197,0.0158119834959507
27547,0.013092621229588985
30430,0.00876445509493351
36212,0.0052177077159285545
4530,0.003985562361776829
