Index,Activation Value
29340,0.033752840012311935
36212,0.021272240206599236
8396,0.020055638626217842
33011,0.01532190851867199
56855,0.014698069542646408
26778,0.012804772704839706
53582,0.006912152748554945
38924,0.0059416452422738075
55023,0.003947668708860874
27547,0.0037449870724231005
