Index,Activation Value
7145,0.039791278541088104
7125,0.01515215914696455
24702,0.01391738373786211
55264,0.009179972112178802
9775,0.009078284725546837
50700,0.008222402073442936
3932,0.007927801460027695
9057,0.007741311565041542
25802,0.007353682070970535
46264,0.007322030607610941
