Index,Activation Value
38924,0.3673141598701477
21467,0.34807145595550537
53579,0.3270157277584076
8019,0.3153228163719177
8080,0.2971234917640686
27547,0.27684739232063293
44569,0.2767186462879181
32727,0.2588762938976288
58249,0.256522536277771
43197,0.2216036468744278
