Index,Activation Value
29340,0.057387810200452805
36212,0.0422203466296196
56855,0.04145888611674309
8396,0.03902994468808174
24565,0.02945590205490589
38432,0.027319157496094704
4530,0.026597002521157265
51614,0.025414977222681046
30430,0.02532181516289711
28561,0.02193443849682808
