Index,Activation Value
13090,0.008981379680335522
107995,0.00523665314540267
28425,0.0003235959156882018
