Index,Activation Value
61282,0.49365562200546265
98518,0.2633291780948639
62430,0.2235282063484192
50942,0.20741713047027588
50931,0.17756517231464386
53889,0.1449781060218811
16807,0.11410045623779297
101922,0.07427018135786057
46930,0.04874374344944954
29137,0.04359729215502739
