Index,Activation Value
53579,1.8396679162979126
21467,0.8586603999137878
58249,0.5564280152320862
38924,0.55641770362854
