Index,Activation Value
29340,0.0018277086783200502
36212,0.001464896253310144
8396,0.0005389670259319246
