Index,Activation Value
19627,0.013731961138546467
15037,0.005969224032014608
97828,0.004859689623117447
7351,0.00482712360098958
26404,0.004218391142785549
12,0.003754556644707918
11918,0.003702357178553939
73855,0.0024663307704031467
16107,0.0014462657272815704
7866,0.0012541848700493574
