Index,Activation Value
8062,0.04830184206366539
66371,0.04149595648050308
4491,0.03959641605615616
65877,0.03821853920817375
42812,0.03782068192958832
14983,0.03590918332338333
9017,0.03378123790025711
103694,0.03166736289858818
36438,0.028595414012670517
12344,0.027995120733976364
