Index,Activation Value
13090,0.03712734952569008
56725,0.028580602258443832
70349,0.016991611570119858
60631,0.010261924006044865
28425,0.008102206513285637
54896,0.006219344213604927
49456,0.004697374999523163
51766,0.0021531598176807165
31199,0.0020674285478889942
28910,0.0018786633154377341
