Index,Activation Value
36173,0.030325518921017647
13090,0.024284057319164276
28910,0.023665783926844597
52183,0.0134134441614151
37498,0.012031675316393375
4825,0.012006008066236973
111011,0.011879781261086464
592,0.01112386491149664
852,0.010625128634274006
99629,0.009374849498271942
