Index,Activation Value
53579,0.0032233151141554117
24298,0.0030373395420610905
8080,0.002845256356522441
38924,0.0025537963956594467
21467,0.00234694080427289
38432,0.001510091358795762
8019,0.001255591632798314
54138,0.0011934253852814436
44569,0.0009788608876988292
1909,0.0009706002310849726
