Index,Activation Value
52683,0.10285046696662903
46013,0.08026814460754395
1267,0.07430246472358704
95312,0.06589135527610779
35254,0.06382393836975098
58965,0.06295017153024673
55040,0.062377020716667175
11374,0.061638910323381424
96125,0.061130307614803314
100136,0.06097574904561043
