Index,Activation Value
43054,0.04029802605509758
7145,0.03507383540272713
9049,0.03400891646742821
59924,0.02750817872583866
43164,0.02389855682849884
54944,0.014742053113877773
38046,0.013404488563537598
24409,0.013235722668468952
20635,0.012019495479762554
26174,0.011995125561952591
