Index,Activation Value
24604,0.009515886195003986
20663,0.00642402283847332
72094,0.0024387903977185488
86208,0.0011260451283305883
20930,0.00014910662139300257
28910,0.00011678571172524244
