Index,Activation Value
87077,0.06436152756214142
70349,0.056304819881916046
73501,0.053779251873493195
27438,0.04972096160054207
8774,0.04900794103741646
107551,0.04893650859594345
19627,0.04606420919299126
73855,0.04140743613243103
111011,0.038938142359256744
103991,0.03864309564232826
