Index,Activation Value
44569,0.11646890640258789
1859,0.10724058002233505
53579,0.09762448072433472
8019,0.09231946617364883
54138,0.09120437502861023
24298,0.08770159631967545
8396,0.08649458736181259
56855,0.08630399405956268
43197,0.08004696667194366
8080,0.07783403992652893
