Index,Activation Value
44569,0.02945214882493019
51614,0.02704397588968277
1859,0.024154623970389366
4417,0.02162044867873192
32727,0.019065232947468758
36212,0.01577017642557621
54944,0.014208062551915646
38340,0.012246787548065186
56155,0.01106896623969078
54694,0.010012373328208923
