Index,Activation Value
22092,0.02522975578904152
73908,0.023810017853975296
28910,0.02238590642809868
87758,0.021538546308875084
14983,0.02151946723461151
72094,0.01995828188955784
6156,0.01921066828072071
88155,0.018572386354207993
103825,0.01744115725159645
63170,0.01734924130141735
