Index,Activation Value
107558,1.52962064743042
98149,0.8556498289108276
104656,0.6763388514518738
38408,0.03410812094807625
100680,0.027192478999495506
