Index,Activation Value
62757,0.08211398869752884
2915,0.08124030381441116
52847,0.07465951144695282
55426,0.06765370070934296
27191,0.06549526005983353
73855,0.06536123901605606
22227,0.061711374670267105
42192,0.061661794781684875
71879,0.054444629698991776
16959,0.05155475065112114
