Index,Activation Value
109109,0.16099591553211212
54550,0.08185826987028122
