Index,Activation Value
21565,0.17423126101493835
8019,0.15978507697582245
21467,0.15471293032169342
14196,0.15275421738624573
25087,0.14876537024974823
36944,0.14585267007350922
17999,0.1442674994468689
15598,0.13158349692821503
13179,0.13116639852523804
773,0.13113349676132202
