Index,Activation Value
22362,0.0175237525254488
7145,0.017480121925473213
32604,0.013391036540269852
50873,0.013171960599720478
48477,0.012252586893737316
18255,0.011417805217206478
3400,0.011251473799347878
47380,0.010846403427422047
25605,0.010785549879074097
29475,0.010762120597064495
