Index,Activation Value
8396,0.00522710382938385
56855,0.004268729593604803
53579,0.003028817242011428
36212,0.0027797904331237078
38924,0.0015449987258762121
33011,0.000802883820142597
29340,0.0006491211242973804
