Index,Activation Value
8080,0.09514101594686508
27547,0.08625131845474243
54138,0.0835970789194107
38432,0.08348695188760757
21467,0.07428985834121704
36212,0.06488540023565292
18000,0.061959512531757355
38924,0.057917848229408264
32727,0.056609246879816055
42887,0.053691137582063675
