Index,Activation Value
38127,0.009845840744674206
43197,0.0058033885434269905
54222,0.004922851454466581
9816,0.0028170235455036163
579,0.0025341156870126724
42887,0.001746775466017425
