Index,Activation Value
51769,0.10887457430362701
7145,0.08990997076034546
53589,0.08316731452941895
10570,0.07701604813337326
9049,0.07402963191270828
57551,0.06656113266944885
43178,0.06067376956343651
57496,0.05852842703461647
23805,0.05038154870271683
31723,0.049792252480983734
