Index,Activation Value
36212,0.022501768544316292
8396,0.015501550398766994
29340,0.014638485386967659
56855,0.014371119439601898
4530,0.010225792415440083
55023,0.005375225562602282
24565,0.005303326994180679
53582,0.005140718538314104
25657,0.0047498480416834354
