Index,Activation Value
60631,0.12845715880393982
13090,0.12230422347784042
49456,0.11264823377132416
16107,0.11030302196741104
56725,0.10652150213718414
70349,0.10584022849798203
52183,0.09045810252428055
52426,0.08651087433099747
33336,0.08452481776475906
83828,0.08052120357751846
