Index,Activation Value
88571,0.040254682302474976
25849,0.013274308294057846
107925,0.01126854121685028
17902,0.011242961511015892
87758,0.010364843532443047
100224,0.009269004687666893
91430,0.007696153130382299
89243,0.007629049476236105
87950,0.0075826519168913364
59162,0.007018297910690308
