Index,Activation Value
16107,0.026744011789560318
104537,0.016642116010189056
59998,0.007679626811295748
84018,0.007059940602630377
852,0.0057520875707268715
28425,0.004540900234133005
14022,0.00392411882057786
12942,0.0034537767060101032
11313,0.0028735147789120674
31227,0.002115329960361123
