Index,Activation Value
13090,0.04089190810918808
28910,0.032680150121450424
52183,0.030259739607572556
20663,0.018401965498924255
70349,0.018021391704678535
88571,0.017610294744372368
60631,0.01737765222787857
56725,0.015545828267931938
22227,0.01481050718575716
33336,0.01337757334113121
