Index,Activation Value
44208,0.09604232758283615
38127,0.09388171881437302
50077,0.0852791965007782
24567,0.08462783694267273
7783,0.08224911242723465
54927,0.08041630685329437
47639,0.07835888117551804
42296,0.07516811043024063
2800,0.0716334879398346
30845,0.07060857862234116
