Index,Activation Value
58249,0.17180903255939484
41843,0.14698486030101776
39450,0.14179831743240356
49213,0.13296829164028168
6190,0.13051126897335052
38924,0.12743918597698212
14196,0.1261099874973297
54621,0.11351919174194336
37410,0.11300910264253616
13740,0.11124754697084427
