Index,Activation Value
36173,0.10988295823335648
12,0.07302981615066528
6156,0.07132741063833237
3082,0.069671630859375
1267,0.06340395659208298
6200,0.06100594624876976
17608,0.05870245024561882
7351,0.056655313819646835
12344,0.053911034017801285
97336,0.05310707166790962
