Index,Activation Value
20430,0.6742426156997681
27838,0.4372701346874237
