Index,Activation Value
38432,0.09061731398105621
18000,0.09028396755456924
38924,0.08932308107614517
21467,0.08347432315349579
33011,0.06586434692144394
53579,0.06261754035949707
58249,0.059682447463274
8080,0.05938578397035599
8019,0.05033991485834122
27547,0.043305784463882446
