Index,Activation Value
32727,0.0015220794593915343
44208,0.0006348278257064521
