Index,Activation Value
96758,0.017659267410635948
76908,0.016497880220413208
107604,0.012170697562396526
59998,0.01169907208532095
44123,0.011428534984588623
88295,0.009810040704905987
73855,0.008645589463412762
95769,0.008389034308493137
12064,0.008336776867508888
6156,0.007474082987755537
