Index,Activation Value
111710,0.20167815685272217
40594,0.15827150642871857
12851,0.10945060849189758
27166,0.09824500977993011
6436,0.07406244426965714
42052,0.06848280131816864
4136,0.04396842047572136
72986,0.03303792327642441
32598,0.002018614672124386
