Index,Activation Value
7028,0.7226212024688721
109345,0.5940979719161987
98230,0.30737143754959106
51718,0.21898053586483002
83780,0.14551612734794617
