Index,Activation Value
13090,0.11057083308696747
70776,0.1071343645453453
868,0.09505217522382736
3082,0.09012070298194885
18680,0.08555377274751663
21549,0.08262327313423157
66000,0.07565025240182877
74354,0.07206999510526657
47448,0.07042995095252991
90710,0.06778699159622192
