Index,Activation Value
13090,0.20118583738803864
60631,0.15655916929244995
33336,0.14097769558429718
96758,0.1362328678369522
52183,0.12626630067825317
104537,0.12254054099321365
59162,0.10393112897872925
70349,0.09682339429855347
52008,0.09389960020780563
43807,0.09197284281253815
