Index,Activation Value
24298,0.21014365553855896
43054,0.14690685272216797
8019,0.14410734176635742
8349,0.13064353168010712
11257,0.12892988324165344
16549,0.12390603125095367
22371,0.1196267381310463
36875,0.11475584656000137
14960,0.11303559690713882
45858,0.10941493511199951
