Index,Activation Value
104537,0.10767027735710144
62757,0.09782395511865616
60763,0.08854323625564575
35254,0.07923583686351776
16107,0.0775681883096695
107558,0.07070553302764893
39127,0.06828931719064713
54105,0.05968692898750305
59998,0.05837123841047287
1021,0.05834713205695152
