Index,Activation Value
8019,0.01703777350485325
24298,0.01094272080808878
21467,0.009307743981480598
32727,0.007611371111124754
41844,0.007333895657211542
13179,0.00605814391747117
31022,0.005886450409889221
579,0.005230874754488468
29340,0.0049927718937397
9816,0.0041603450663387775
