Index,Activation Value
49547,0.08462292701005936
13455,0.036576829850673676
