Index,Activation Value
53589,0.13559532165527344
28561,0.11644359678030014
39450,0.11105775088071823
25657,0.1107952818274498
8396,0.10181908309459686
31736,0.10081728547811508
4530,0.09328245371580124
34397,0.09299920499324799
48137,0.0900871679186821
57551,0.08998366445302963
