Index,Activation Value
60631,0.1688944697380066
33336,0.11989331990480423
28425,0.11160382628440857
28910,0.11120623350143433
110712,0.10130773484706879
72094,0.09739436954259872
59998,0.08820182085037231
52183,0.08688515424728394
27438,0.08670857548713684
111011,0.08648190647363663
