Index,Activation Value
21467,0.07673439383506775
53579,0.039404891431331635
38432,0.03601258993148804
8080,0.027505677193403244
38924,0.026203732937574387
38340,0.02293667197227478
1909,0.020279938355088234
26778,0.016578951850533485
33011,0.01641671732068062
13743,0.014802578836679459
