Index,Activation Value
107995,0.11398477107286453
29372,0.10151825845241547
75921,0.08240725100040436
17335,0.08018404245376587
63669,0.07486128807067871
43247,0.07337865978479385
25024,0.07275810837745667
26376,0.07084953039884567
102181,0.07001545280218124
26012,0.06753547489643097
