Index,Activation Value
41844,0.0024533881805837154
57551,0.0024530631490051746
33607,0.002009055344387889
13743,0.0014910843456164002
44269,0.0007390712853521109
