Index,Activation Value
54222,0.06586847454309464
579,0.061904050409793854
24298,0.05758209526538849
36473,0.05657973140478134
15111,0.0493156723678112
40818,0.049190424382686615
31056,0.047923728823661804
16549,0.04613714665174484
52382,0.04497922584414482
21467,0.04372325912117958
