Index,Activation Value
21467,0.48873862624168396
53579,0.4292922019958496
38924,0.3660203814506531
58249,0.2925718426704407
8080,0.24239100515842438
56554,0.23485039174556732
27547,0.2332383245229721
36212,0.2281416356563568
38432,0.2190990447998047
26778,0.21166673302650452
