Index,Activation Value
17396,0.4357070028781891
40862,0.40965110063552856
55778,0.1455376297235489
