Index,Activation Value
104537,0.01261442992836237
62757,0.009938298724591732
852,0.004007597919553518
60763,0.002386739943176508
31017,0.0004439215117599815
