Index,Activation Value
41843,0.15610362589359283
38247,0.12818899750709534
44208,0.12041030824184418
16486,0.07749621570110321
15670,0.07217155396938324
45682,0.06844119727611542
7145,0.062492385506629944
56007,0.062405869364738464
59302,0.06115931272506714
31904,0.05876391381025314
