Index,Activation Value
36159,2.8554413318634033
96065,2.599407196044922
91983,2.453603744506836
48598,1.9133079051971436
50477,1.8831303119659424
66791,1.8209298849105835
8645,1.7415883541107178
74331,1.5393794775009155
92307,1.5048874616622925
95769,1.4942364692687988
