Index,Activation Value
58249,0.04739927127957344
56554,0.038990411907434464
53579,0.03594042360782623
38924,0.02292303368449211
39547,0.022290807217359543
13743,0.021465368568897247
41843,0.02116488106548786
38247,0.020276889204978943
31022,0.01930266246199608
3366,0.01667861081659794
