Index,Activation Value
32727,0.02742726355791092
43197,0.025178058072924614
40678,0.020999372005462646
13743,0.01818220131099224
28312,0.017207780852913857
21565,0.015330069698393345
36625,0.015092169865965843
56481,0.014990786090493202
9816,0.014866880141198635
30430,0.014303811825811863
