Index,Activation Value
21467,0.02168351225554943
29340,0.021048009395599365
38924,0.019007733091711998
53579,0.015046978369355202
1909,0.013280587270855904
56855,0.013012616895139217
8080,0.012522174045443535
59288,0.01249491237103939
30430,0.012251165695488453
44569,0.01198828499764204
