Index,Activation Value
38127,0.11091065406799316
38247,0.08649130165576935
55625,0.06823469698429108
51614,0.04796525090932846
26174,0.04526848718523979
52382,0.04051433503627777
39812,0.03118390403687954
19365,0.030761810019612312
3932,0.028241241350769997
13380,0.027017904445528984
