Index,Activation Value
38127,0.0014618589775636792
773,0.0006604166701436043
