Index,Activation Value
92077,0.10607478022575378
6156,0.10232511907815933
55426,0.09872966259717941
104537,0.08672887831926346
62662,0.08279059082269669
49456,0.08131588995456696
4825,0.07400637865066528
107551,0.07117362320423126
21437,0.06815723329782486
52345,0.06800828874111176
