Index,Activation Value
111154,1.9218037128448486
37800,1.4092326164245605
9637,1.3259687423706055
36308,1.2770706415176392
79481,1.2495816946029663
29288,1.0803674459457397
62796,1.061358094215393
75276,0.9550662636756897
95634,0.9158117175102234
95338,0.9112910032272339
