Index,Activation Value
56855,0.018243635073304176
29340,0.016713669523596764
56096,0.014648154377937317
48137,0.013441409915685654
53582,0.013197718188166618
7783,0.012862000614404678
28312,0.012837840244174004
56032,0.012516111135482788
19868,0.011960582807660103
37379,0.011724893935024738
