Index,Activation Value
14022,0.08096671849489212
87758,0.06795401871204376
12589,0.06639757752418518
66371,0.06502550840377808
13090,0.06435368955135345
70349,0.06068604066967964
3082,0.056717269122600555
17902,0.05139081925153732
28910,0.050660390406847
72094,0.04943721741437912
