Index,Activation Value
36473,0.05243746563792229
41843,0.04481910541653633
28312,0.034884579479694366
51614,0.030577901750802994
44208,0.025031063705682755
44269,0.02266017720103264
47257,0.020104380324482918
17428,0.01895129680633545
17950,0.016965866088867188
37903,0.016784094274044037
