Index,Activation Value
38924,0.25487011671066284
53579,0.24544215202331543
58249,0.22703616321086884
26778,0.20962628722190857
33011,0.17597241699695587
1909,0.15061423182487488
18000,0.14935241639614105
54138,0.1493300348520279
24298,0.12478332966566086
8080,0.12337709963321686
