Index,Activation Value
43054,0.2068651020526886
7444,0.14741866290569305
59069,0.12503597140312195
24409,0.12480394542217255
56554,0.12235864996910095
28312,0.12213193625211716
38247,0.12055762857198715
42296,0.11764107644557953
24702,0.11491317301988602
11450,0.11160673946142197
