Index,Activation Value
8080,0.0009548966190777719
8019,0.0005578274140134454
27547,0.0003888849460054189
29340,0.00038139804382808506
56855,0.00028706411831080914
24298,0.0002767711703199893
38432,0.0002435539208818227
58249,0.0002152846282115206
38924,3.443193054408766e-05
18000,2.9307509521458996e-06
