Index,Activation Value
46362,0.8554362058639526
63059,0.8219969272613525
