Index,Activation Value
30430,0.002173790941014886
33607,0.002098857657983899
