Index,Activation Value
98149,0.012400873936712742
20930,0.00946583691984415
16959,0.00941804051399231
82590,0.00743313180282712
88384,0.006393917370587587
2871,0.006003894377499819
35254,0.005261104553937912
16089,0.004359927028417587
77289,0.004300977103412151
49205,0.004144028760492802
