Index,Activation Value
44569,0.30710354447364807
36473,0.22054460644721985
13179,0.1893753707408905
24298,0.18686607480049133
1909,0.18440356850624084
32757,0.16946941614151
57163,0.16841843724250793
1859,0.1569114327430725
33011,0.1491907835006714
26778,0.14875748753547668
