Index,Activation Value
95769,0.014163928106427193
36173,0.011970389634370804
59998,0.010962382890284061
12064,0.0083939703181386
75996,0.008228975348174572
63669,0.007239083759486675
20457,0.005594518035650253
74331,0.005171134136617184
46879,0.0049662040546536446
73464,0.004872571676969528
