Index,Activation Value
39494,0.5453622937202454
81874,0.14456193149089813
12321,0.08752337098121643
30480,0.022435061633586884
