Index,Activation Value
56855,0.02889382466673851
8396,0.02347465045750141
25657,0.018758371472358704
55023,0.016379352658987045
45313,0.012163452804088593
41844,0.012136909179389477
36212,0.01156438235193491
38924,0.01083408948034048
29465,0.010740655474364758
52440,0.008500587195158005
