Index,Activation Value
49406,0.04997887834906578
54222,0.04259880632162094
1909,0.04172026738524437
44743,0.03840937092900276
56007,0.036524586379528046
5476,0.03577500209212303
22335,0.03462144732475281
56545,0.03353499993681908
31723,0.0327722392976284
48137,0.0326819084584713
