Index,Activation Value
48473,0.06467638909816742
66000,0.06211233139038086
29450,0.05933096632361412
44123,0.057450029999017715
60806,0.05511830747127533
73782,0.051607802510261536
100136,0.04612058401107788
87491,0.043425384908914566
12832,0.04136580228805542
95769,0.04000189155340195
