Index,Activation Value
33011,0.04334324598312378
30430,0.040094226598739624
38247,0.031209560111165047
40678,0.03003055229783058
31022,0.026113200932741165
38432,0.02512897551059723
26778,0.0245019793510437
58916,0.022175384685397148
13179,0.02178969420492649
36212,0.02066340297460556
