Index,Activation Value
44743,0.035372234880924225
45538,0.032533254474401474
4055,0.0314805842936039
44036,0.02903776429593563
46700,0.02645980380475521
49406,0.026317594572901726
13740,0.025535250082612038
45997,0.024617353454232216
11257,0.022915467619895935
1693,0.021818798035383224
