Index,Activation Value
44249,0.014015770517289639
12023,0.009695281274616718
43481,0.00896975677460432
55290,0.008526147343218327
33129,0.008258631452918053
4129,0.008050921373069286
54825,0.008030611090362072
56007,0.007905860431492329
52855,0.007627177517861128
42784,0.007283960003405809
