Index,Activation Value
28312,0.04510097578167915
39450,0.04477865993976593
48137,0.04340645298361778
14196,0.040382806211709976
42784,0.034881699830293655
37903,0.029504377394914627
7783,0.02708619087934494
56096,0.02668413333594799
47321,0.026170652359724045
27569,0.025711264461278915
