Index,Activation Value
21467,0.011534140445291996
27547,0.008407201617956161
36212,0.006426702253520489
38340,0.005194467958062887
53579,0.004741357173770666
38432,0.004004522226750851
45313,0.0039928681217134
19868,0.0029472026508301497
30430,0.002209033351391554
13743,0.0019753037486225367
