Index,Activation Value
56855,0.362630695104599
8396,0.3530366122722626
29340,0.32808467745780945
36212,0.2993219196796417
36473,0.2669104337692261
24565,0.24929635226726532
25657,0.2393699288368225
24298,0.2304389774799347
53582,0.23012268543243408
31736,0.22139497101306915
