Index,Activation Value
21467,0.6020436882972717
53579,0.5931139588356018
38924,0.5121666789054871
27547,0.4882848262786865
36212,0.45718568563461304
32727,0.4399953782558441
8396,0.43784934282302856
38432,0.42134732007980347
56855,0.412261039018631
58249,0.4115792512893677
