Index,Activation Value
101572,0.02384801022708416
27438,0.02253510244190693
52426,0.016500145196914673
70776,0.015666207298636436
107925,0.015185265801846981
22227,0.013104339130222797
52683,0.012991604395210743
20663,0.012533066794276237
59080,0.010566465556621552
96654,0.010233272798359394
