Index,Activation Value
7145,0.020782005041837692
24567,0.010800332762300968
10878,0.00903050322085619
9049,0.0061536747962236404
59868,0.005642246454954147
14529,0.005290399771183729
49043,0.004100373480468988
6844,0.0037744762375950813
773,0.0034537322353571653
47639,0.0033702861983329058
