Index,Activation Value
76906,0.09670773893594742
52683,0.06688551604747772
8914,0.0634152740240097
39127,0.059348806738853455
68381,0.05471106991171837
75310,0.053973790258169174
110063,0.052543625235557556
22230,0.051746465265750885
53869,0.05170048400759697
66575,0.05118763819336891
