Index,Activation Value
54138,0.11331239342689514
8080,0.09084460139274597
27547,0.08581408113241196
8019,0.08466584235429764
44569,0.08182072639465332
24298,0.07876583188772202
56855,0.07292194664478302
21467,0.06864292174577713
19868,0.06714610010385513
38127,0.06698411703109741
