Index,Activation Value
56855,0.0477042980492115
8396,0.0446401871740818
36212,0.04423745721578598
26778,0.03917751461267471
38924,0.038729529827833176
33011,0.03635740652680397
13743,0.032871074974536896
53579,0.029999906197190285
25657,0.02452927641570568
57551,0.024310361593961716
