Index,Activation Value
56855,0.010306215845048428
8396,0.008037588559091091
29340,0.007332317531108856
36212,0.0065043107606470585
25657,0.0031722222920507193
27547,0.0021891912911087275
32727,0.0021562871988862753
55023,0.0018344934796914458
38432,0.0018041747389361262
41844,0.001655397703871131
