Index,Activation Value
29340,0.03672793507575989
21467,0.01979362964630127
19868,0.018011195585131645
53589,0.013798668049275875
53579,0.013024629093706608
38924,0.012864341028034687
56855,0.012075748294591904
36212,0.010856634005904198
8080,0.010113195516169071
44569,0.009611384943127632
