Index,Activation Value
43197,0.010945329442620277
16549,0.005392181221395731
38127,0.0052199293859303
218,0.005192870739847422
17939,0.005076151341199875
33607,0.004685133695602417
7683,0.004506528377532959
773,0.004356632940471172
44269,0.0035826885141432285
34961,0.0033891440834850073
