Index,Activation Value
36212,0.055866941809654236
21467,0.052628081291913986
8396,0.045888617634773254
29340,0.043355152010917664
56855,0.04319102689623833
25657,0.02956324629485607
4530,0.024702807888388634
41844,0.023975400254130363
38432,0.022435320541262627
19868,0.02207636646926403
