Index,Activation Value
111011,0.11779949069023132
27438,0.0820602998137474
38228,0.07009761780500412
92179,0.06656937301158905
59162,0.06315396726131439
92881,0.06311734765768051
81123,0.05802087113261223
52426,0.05714816227555275
852,0.056731339544057846
8914,0.05504191294312477
