Index,Activation Value
44569,0.28852200508117676
17552,0.26498034596443176
