Index,Activation Value
47420,1.3853614330291748
24419,1.3311597108840942
39702,1.3278982639312744
94702,1.2802306413650513
91269,1.275159478187561
22202,1.2058541774749756
80233,1.16154146194458
11731,0.9163586497306824
36336,0.8910610675811768
52426,0.8738938570022583
