Index,Activation Value
38127,0.17632846534252167
27399,0.16929534077644348
36625,0.16278386116027832
36944,0.16239959001541138
58249,0.15632517635822296
14971,0.15525823831558228
20435,0.1515769511461258
21191,0.14825539290905
25605,0.14459839463233948
38924,0.14254958927631378
