Index,Activation Value
38432,0.03073457069694996
27547,0.026718059554696083
21467,0.025474263355135918
38340,0.022033385932445526
8019,0.019575508311390877
36212,0.018816562369465828
45313,0.01793607696890831
8080,0.01623212732374668
32727,0.015581153333187103
30430,0.013898487202823162
