Index,Activation Value
21467,0.006072237156331539
8019,0.005878199357539415
8080,0.005823607090860605
32727,0.0032798382453620434
24298,0.0031020515598356724
53579,0.002749033272266388
27547,0.002308576600626111
54138,0.002276449929922819
45313,0.0015656749019399285
9816,0.0014251593966037035
