Index,Activation Value
99629,0.09622038900852203
65958,0.06739751994609833
27818,0.0653461366891861
55426,0.061189185827970505
98149,0.060169488191604614
31778,0.057639047503471375
4765,0.05588541924953461
29372,0.05563594400882721
71543,0.05491608381271362
79084,0.05299763381481171
