Index,Activation Value
36473,0.2766783535480499
36212,0.1849299520254135
1909,0.17700445652008057
29340,0.15769502520561218
56032,0.1337655484676361
10570,0.12839087843894958
24298,0.12491220235824585
56545,0.12129546701908112
58249,0.11849617958068848
8396,0.11650779098272324
