Index,Activation Value
38924,0.03525792062282562
53579,0.028188778087496758
33011,0.027675362303853035
8080,0.02569330483675003
21467,0.024775229394435883
1909,0.020210925489664078
54138,0.018328744918107986
27547,0.0178667139261961
9816,0.017467159777879715
42887,0.012937854044139385
