Index,Activation Value
56855,0.03020852617919445
8396,0.025367962196469307
21467,0.018237756565213203
38432,0.016866745427250862
36212,0.015002754516899586
25657,0.013237846083939075
38340,0.011745422147214413
29340,0.01023094728589058
53589,0.009376011788845062
52440,0.008110251277685165
