Index,Activation Value
44569,0.3369189202785492
24298,0.31481319665908813
21467,0.29697364568710327
45313,0.2570434808731079
54138,0.25181201100349426
38340,0.2420157492160797
36473,0.2390800267457962
38432,0.2276255339384079
36212,0.22463057935237885
19868,0.21792645752429962
