Index,Activation Value
13090,0.05460060387849808
27438,0.0386519618332386
28425,0.03226705268025398
36173,0.02840113453567028
56725,0.027990002185106277
64204,0.02659442462027073
60631,0.019607366994023323
104537,0.019552676007151604
80233,0.01911645568907261
59162,0.018439698964357376
