Index,Activation Value
29372,0.0674937441945076
26012,0.04940330982208252
63669,0.04797520115971565
27438,0.04699600860476494
102181,0.046607159078121185
35831,0.04574454203248024
67509,0.04290289059281349
22227,0.04279236122965813
12589,0.041605159640312195
55040,0.038402289152145386
