Index,Activation Value
33011,0.018027756363153458
29340,0.01572342775762081
36473,0.014515796676278114
56855,0.004473676439374685
24298,0.0037998708430677652
47257,0.0027778223156929016
53582,0.0021051988005638123
33607,0.0019256796222180128
8396,0.0012049190700054169
