Index,Activation Value
24298,0.2925593852996826
21467,0.2106049805879593
36473,0.20733053982257843
54138,0.20278751850128174
44569,0.198121577501297
8080,0.19181208312511444
8019,0.1896972507238388
27547,0.17423413693904877
32727,0.15631549060344696
53579,0.1557842642068863
