Index,Activation Value
8019,0.05335598438978195
21467,0.05106329545378685
8080,0.04856284707784653
24298,0.04825357347726822
36212,0.03415907546877861
44569,0.03343185782432556
27547,0.03188319504261017
54138,0.0318433903157711
29465,0.03083137981593609
53579,0.02705264464020729
