Index,Activation Value
86558,1.0858267545700073
69300,0.9098735451698303
35055,0.7792088985443115
51113,0.7191336154937744
76366,0.6592967510223389
30469,0.6409192085266113
104907,0.6285056471824646
26702,0.6159674525260925
111154,0.6009029150009155
62796,0.539141833782196
