Index,Activation Value
20663,0.0821213647723198
22227,0.0652516782283783
104537,0.06332464516162872
42168,0.06060314550995827
30064,0.056701406836509705
76906,0.051896385848522186
86208,0.05134962499141693
53869,0.05086280405521393
92077,0.04944523423910141
60806,0.0453350730240345
