Index,Activation Value
7145,0.040975961834192276
43054,0.039869289845228195
31723,0.03474177420139313
4191,0.023426854982972145
43541,0.023418430238962173
218,0.022944139316678047
14147,0.015895575284957886
51163,0.015822606161236763
43514,0.01574159599840641
24567,0.015145434066653252
