Index,Activation Value
70349,0.004173823166638613
13090,0.0035458579659461975
37498,0.003431757213547826
56725,0.0025757336989045143
88571,0.0023902542889118195
60631,0.0018646102398633957
35254,0.0017950214678421617
36173,0.0013544566463679075
7351,0.0012020799331367016
92077,0.0009643423254601657
