Index,Activation Value
36212,0.30881914496421814
8396,0.2824445962905884
56855,0.2558859586715698
29340,0.24505063891410828
25657,0.23504850268363953
4530,0.2204432636499405
51614,0.17418882250785828
55023,0.14095178246498108
43115,0.123047836124897
14721,0.11709004640579224
