Index,Activation Value
98149,0.02647768147289753
44123,0.019499914720654488
88295,0.014250820502638817
95769,0.010486405342817307
52854,0.009372031316161156
8251,0.008981446735560894
85314,0.008063478395342827
14326,0.006733461748808622
20457,0.004996004514396191
88937,0.004793187603354454
