Index,Activation Value
38340,0.0084085613489151
21467,0.004578514490276575
30430,0.00426521897315979
41844,0.0016816685674712062
