Index,Activation Value
21467,0.2461549937725067
33011,0.14893227815628052
24298,0.14761680364608765
38924,0.14336730539798737
8019,0.13950425386428833
9816,0.13869710266590118
27547,0.1367705911397934
8080,0.13278423249721527
54138,0.1322275847196579
38432,0.12906290590763092
