Index,Activation Value
21467,0.051171012222766876
53579,0.0439998097717762
38924,0.041399989277124405
33011,0.03019193559885025
8080,0.025571200996637344
1909,0.025355631485581398
54138,0.02426120452582836
58249,0.02284514531493187
26778,0.02138955146074295
42887,0.01903919316828251
