Index,Activation Value
36625,0.009715494699776173
4055,0.009315494447946548
36944,0.0072882650420069695
35684,0.005705621093511581
11478,0.004530861508101225
54705,0.004146341700106859
38127,0.003965024836361408
14971,0.003929354716092348
41410,0.0034659511875361204
13411,0.003430066630244255
