Index,Activation Value
8080,0.01038042176514864
53579,0.007564423140138388
21467,0.006334557663649321
38924,0.005992438178509474
26778,0.0033711097203195095
54138,0.0028853220865130424
27547,0.00025166277191601694
33011,8.516971138305962e-05
