Index,Activation Value
4981,2.023040294647217
38492,1.7021567821502686
36421,1.5949901342391968
8826,1.5542829036712646
55105,1.5443098545074463
17142,1.43352472782135
79465,1.3514552116394043
111388,1.1952890157699585
37217,1.068036675453186
26850,0.9760268330574036
