Index,Activation Value
8019,0.07717666029930115
36473,0.07292771339416504
24298,0.06876429170370102
44569,0.0639410987496376
8080,0.06319685280323029
53579,0.050164710730314255
33011,0.046064261347055435
9816,0.04542015120387077
1909,0.041305407881736755
27547,0.03928393870592117
