Index,Activation Value
36473,0.09899242967367172
24298,0.07689804583787918
54222,0.05635327845811844
32757,0.04999912530183792
17428,0.04582304507493973
56007,0.04490932077169418
10570,0.04460080713033676
35684,0.04411555081605911
41410,0.04080244153738022
26073,0.04066404700279236
