Index,Activation Value
28425,0.02467431128025055
28910,0.023554004728794098
104537,0.02109163999557495
13090,0.01835336908698082
56725,0.01610390655696392
52183,0.014941202476620674
25849,0.013799762353301048
54896,0.010147505439817905
1267,0.008172291330993176
107995,0.008136866614222527
