Index,Activation Value
6017,0.0053885821253061295
35913,0.005152023863047361
100136,0.005135571118444204
63669,0.0043609593994915485
36173,0.004196877125650644
42493,0.003334011184051633
15003,0.002925896318629384
92077,0.002245695097371936
60631,0.0016537266783416271
6200,0.0014547925675287843
