Index,Activation Value
56855,0.2448902726173401
36212,0.24155203998088837
8396,0.23497897386550903
29340,0.22985830903053284
25657,0.1318632960319519
45313,0.11717032641172409
32727,0.11444611102342606
41844,0.10097642242908478
14826,0.09429124742746353
52440,0.08697472512722015
