Index,Activation Value
38924,0.002478643786162138
53579,0.0022702377755194902
