Index,Activation Value
36212,0.04625968262553215
29340,0.04316239431500435
8396,0.04096872732043266
56855,0.033224206417798996
26778,0.028038684278726578
53579,0.026012351736426353
38924,0.02344362810254097
9816,0.018340013921260834
44569,0.015354115515947342
36625,0.013720597140491009
