Index,Activation Value
9769,1.2393147945404053
35330,0.7720338702201843
44114,0.7473217844963074
18928,0.6021101474761963
44769,0.5671831369400024
18576,0.5027967691421509
18889,0.4892369508743286
44949,0.47165268659591675
20993,0.44303011894226074
9809,0.4403049349784851
