Index,Activation Value
32727,0.005866227671504021
9816,0.002946430817246437
27547,0.0013157875509932637
51614,0.0009467127965763211
42887,0.0007161062094382942
