Index,Activation Value
7145,0.020626123994588852
19868,0.0035619845148175955
27399,0.0025576790794730186
20435,0.0021429648622870445
51614,0.0017723701894283295
59924,0.0014524244470521808
21191,0.0010387066286057234
33607,0.000945787294767797
52585,0.0006087858928367496
19339,0.0004696651012636721
