Index,Activation Value
54138,0.001583416829816997
24298,0.0011785124661400914
