Index,Activation Value
44208,0.03255639225244522
47257,0.024311747401952744
42773,0.02182093635201454
32757,0.018857339397072792
43178,0.01761387661099434
4530,0.01587475836277008
28855,0.014567813836038113
53589,0.01372940931469202
54927,0.013413664884865284
58963,0.012978753075003624
