Index,Activation Value
38924,0.13922707736492157
26778,0.13648058474063873
8080,0.11834508925676346
53579,0.11334218084812164
33011,0.09927090257406235
54138,0.09161264449357986
18000,0.088861383497715
58249,0.08702537417411804
56855,0.06539265811443329
56554,0.04832753166556358
