Index,Activation Value
37498,0.12266503274440765
56725,0.09136898815631866
3309,0.08816894143819809
52426,0.08272967487573624
16807,0.07308507710695267
104537,0.07109320908784866
13090,0.06968250870704651
87077,0.06942632049322128
15003,0.06108609214425087
93685,0.05791085213422775
