Index,Activation Value
88571,0.12262780964374542
92077,0.09859228134155273
98149,0.07990673929452896
17902,0.07356294244527817
107558,0.0689147338271141
111154,0.06714320927858353
93659,0.062441688030958176
103510,0.0584871768951416
65958,0.05822219327092171
42812,0.05787208676338196
