Index,Activation Value
62757,2.0582292079925537
27430,1.6072802543640137
27153,1.2287508249282837
21450,1.0534491539001465
47042,0.968638002872467
12568,0.9333940744400024
107995,0.9205906987190247
51867,0.8614205718040466
69264,0.8118581175804138
75022,0.810920774936676
