Index,Activation Value
13090,0.0016402472974732518
70349,0.0008457271615043283
