Index,Activation Value
31723,0.11586779356002808
10570,0.09723388403654099
7145,0.09357783198356628
57892,0.07417836785316467
58458,0.07235033065080643
36793,0.06736956536769867
36944,0.06597334146499634
9775,0.06500153243541718
11897,0.06344404071569443
52735,0.06230268254876137
