Index,Activation Value
33011,0.10487594455480576
54138,0.09343293309211731
21467,0.08457079529762268
53579,0.08358576893806458
24298,0.0808502659201622
26778,0.07944373786449432
38924,0.07590332627296448
58249,0.07007019221782684
42887,0.0532478429377079
17939,0.05092481151223183
