Index,Activation Value
78974,2.256488084793091
33659,1.827979326248169
104002,1.6972521543502808
32558,1.2493709325790405
35055,1.2100539207458496
90582,1.0776580572128296
50923,0.851834774017334
92093,0.8385006189346313
57722,0.768733024597168
67143,0.7140477895736694
