Index,Activation Value
1226,1.526925802230835
18371,1.07805597782135
93024,0.9704102873802185
87885,0.8646299242973328
69866,0.802700936794281
51882,0.6989436149597168
71977,0.6561379432678223
17836,0.6477448344230652
40701,0.46466031670570374
92547,0.45450231432914734
