Index,Activation Value
26937,0.067317433655262
18000,0.05552120506763458
56554,0.05507052689790726
39547,0.049292292445898056
13743,0.044493116438388824
58916,0.04105256125330925
38247,0.03659404069185257
25800,0.035933516919612885
55625,0.03325050324201584
25538,0.032559603452682495
