Index,Activation Value
20182,0.08906858414411545
18899,0.08228012174367905
59010,0.07863762229681015
22214,0.07449811697006226
42493,0.07411264628171921
5319,0.07006420940160751
31684,0.06732627749443054
44208,0.06613791733980179
25591,0.06436685472726822
43178,0.06412901729345322
