Index,Activation Value
54138,0.6599631905555725
27547,0.6483604311943054
8080,0.611391544342041
32727,0.6008426547050476
36212,0.5826064348220825
8396,0.5681520104408264
26778,0.5394781827926636
29340,0.5351560115814209
56855,0.5332378149032593
8019,0.5329671502113342
