Index,Activation Value
45858,0.12590184807777405
40862,0.12523481249809265
773,0.12214141339063644
14960,0.11259448528289795
2656,0.11119501292705536
58963,0.09963788092136383
44964,0.09946173429489136
39837,0.09721825271844864
16549,0.08580377697944641
32757,0.08319281041622162
