Index,Activation Value
70349,0.02039353922009468
84869,0.005487519316375256
17608,0.005180968437343836
