Index,Activation Value
107925,0.024537289515137672
37498,0.020052514970302582
88571,0.01743420399725437
90842,0.012610295787453651
105073,0.012302838265895844
24604,0.010927420109510422
64204,0.01085718534886837
81123,0.008903411217033863
67509,0.008367442525923252
28425,0.008317254483699799
