Index,Activation Value
58249,0.18470998108386993
24298,0.16835996508598328
56554,0.15616068243980408
36473,0.12463384866714478
58963,0.10487008839845657
25800,0.09662248194217682
5476,0.07933905720710754
8080,0.07543552666902542
38924,0.06887143105268478
8349,0.06711886078119278
