Index,Activation Value
33011,0.45034512877464294
36212,0.3421376645565033
21467,0.3358968496322632
26778,0.30259326100349426
8396,0.29936620593070984
38432,0.29567989706993103
38924,0.294600248336792
29340,0.2639950215816498
30430,0.25830554962158203
56855,0.23329630494117737
