Index,Activation Value
13090,0.06489628553390503
59998,0.05406246706843376
6156,0.05324019491672516
16107,0.044197894632816315
52683,0.03475205600261688
12344,0.03420014679431915
12,0.03213381767272949
868,0.0316312350332737
46468,0.031201645731925964
107558,0.029426230117678642
