Index,Activation Value
27547,0.27044588327407837
31022,0.24367208778858185
9816,0.2403475046157837
32727,0.23428311944007874
8019,0.23303715884685516
40678,0.21387089788913727
566,0.20301426947116852
18000,0.1970987766981125
38432,0.1949533373117447
34961,0.18517354130744934
