Index,Activation Value
7145,0.21321459114551544
59924,0.1663983315229416
56554,0.15047994256019592
58249,0.14130374789237976
31723,0.12859438359737396
39207,0.12735413014888763
47009,0.12124460935592651
43164,0.11488347500562668
24702,0.10881035774946213
29475,0.10670308023691177
