Index,Activation Value
28425,0.005366516765207052
92077,0.0015859411796554923
6156,0.000981627614237368
37498,0.0006151776178739965
99629,0.00026531380717642605
