Index,Activation Value
38127,0.07240362465381622
14826,0.04974823445081711
15397,0.04857732728123665
9816,0.04281293600797653
23805,0.042165808379650116
34961,0.04092159867286682
24588,0.039066605269908905
43197,0.03800077736377716
30511,0.0379231758415699
22678,0.036224961280822754
