Index,Activation Value
27547,0.0026799540501087904
32727,0.002028312999755144
45313,0.00020962144481018186
