Index,Activation Value
80813,0.05091996118426323
52426,0.049519479274749756
12942,0.04735814034938812
110091,0.04150448739528656
88571,0.03997458517551422
31227,0.03896009549498558
9120,0.037522751837968826
44259,0.034093283116817474
22202,0.03191396966576576
93137,0.03149879723787308
