Index,Activation Value
96758,0.0054231504909694195
13090,0.004919266328215599
70349,0.004621501546353102
88571,0.003691746387630701
19627,0.00027533635147847235
