Index,Activation Value
67509,0.01775815710425377
16107,0.016894133761525154
84018,0.014280333183705807
9293,0.01427970640361309
96065,0.014178669080138206
54492,0.012858660891652107
33336,0.012317686341702938
58045,0.011165461502969265
23410,0.010335796512663364
51766,0.009954613633453846
