Index,Activation Value
9049,0.006982500199228525
57551,0.0055765872821211815
33607,0.004937784746289253
27840,0.002288714051246643
49043,0.0005786524270661175
14706,0.00030852758209221065
7683,0.00030780668021179736
19339,7.700707647018135e-05
