Index,Activation Value
96758,0.11730941385030746
104537,0.1114109605550766
28910,0.11059227585792542
52183,0.09631543606519699
67013,0.0878906175494194
37498,0.08372250199317932
109813,0.08207716792821884
11374,0.08164326101541519
19627,0.08115652948617935
95312,0.08043426275253296
