Index,Activation Value
42887,0.13420701026916504
43054,0.11501629650592804
27569,0.10242436081171036
39547,0.10173173993825912
10272,0.08969945460557938
21191,0.08725573867559433
27399,0.08598047494888306
44814,0.08363285660743713
14196,0.08350752294063568
56096,0.08342792838811874
