Index,Activation Value
13090,0.004079337697476149
37498,0.0024458731058984995
852,0.0018820040859282017
64204,0.0016440160106867552
60631,0.0016315539833158255
97407,0.0011428875150159001
14326,0.0009610916604287922
6156,0.000800961279310286
62757,0.0006294123595580459
107925,0.000538948574103415
