Index,Activation Value
24298,0.008189748972654343
38432,0.007880156859755516
8080,0.005338459741324186
38924,0.0045648240484297276
44569,0.004500416573137045
21467,0.004478990565985441
45313,0.00442550191655755
32727,0.004377687815576792
38340,0.0035971992183476686
26778,0.0031051801051944494
