Index,Activation Value
107995,0.001346945995464921
56725,0.0011717876186594367
