Index,Activation Value
38924,0.01062560360878706
58249,0.00936117209494114
53579,0.007804270833730698
26778,0.0062923068180680275
1909,0.006042226683348417
21467,0.005984919145703316
33011,0.0052932677790522575
8080,0.004925957415252924
54138,0.004769550170749426
56855,0.0037361278664320707
