Index,Activation Value
35254,0.021013082936406136
88571,0.018322858959436417
98149,0.013192994520068169
80813,0.009536000899970531
65958,0.008642095141112804
111478,0.0073318034410476685
17608,0.00728457560762763
41210,0.006830331403762102
52491,0.005975474137812853
36119,0.005940567702054977
