Index,Activation Value
32727,0.006530908402055502
54138,0.005235622636973858
44569,0.004656314849853516
8080,0.004326116293668747
1909,0.00406518392264843
24298,0.004050915595144033
579,0.0038685232866555452
38340,0.003866290906444192
19868,0.003006786573678255
22371,0.0028906234074383974
