Index,Activation Value
56545,0.025068631395697594
11450,0.02396368607878685
40580,0.02323180064558983
44743,0.021296825259923935
57551,0.02124178409576416
21565,0.020591193810105324
24702,0.020478390157222748
41994,0.020476441830396652
47900,0.019698625430464745
30511,0.015854336321353912
