Index,Activation Value
43054,0.02540498599410057
1838,0.023623690009117126
26073,0.02218511700630188
23665,0.020812852308154106
51406,0.01972869411110878
59820,0.01675698533654213
49213,0.016592225059866905
4930,0.016306541860103607
39547,0.015213937498629093
32881,0.015212718397378922
