Index,Activation Value
38924,0.07255003601312637
8019,0.06629780679941177
24298,0.06502410024404526
26778,0.06469077616930008
8080,0.061856161803007126
36473,0.05836851894855499
53579,0.05812174826860428
33011,0.051054708659648895
54138,0.04713244363665581
58249,0.046703919768333435
