Index,Activation Value
58458,0.15174859762191772
48137,0.13891707360744476
43054,0.1351504921913147
32704,0.12501561641693115
39450,0.116459421813488
38247,0.11211753636598587
32696,0.10767844319343567
12474,0.10498760640621185
42296,0.1049376055598259
50256,0.10477270185947418
