Index,Activation Value
60631,0.06846572458744049
44818,0.06478163599967957
95769,0.05639456585049629
21437,0.05044244974851608
52183,0.04884062334895134
1267,0.04578210785984993
67509,0.0440065972507
75310,0.04374731704592705
110055,0.04246322438120842
6550,0.03718440979719162
