Index,Activation Value
52183,0.03841797634959221
28910,0.03351804241538048
13090,0.03333212807774544
28425,0.025251047685742378
60631,0.02482561580836773
52426,0.022970061749219894
83828,0.022681331261992455
96758,0.0215005986392498
27438,0.018512845039367676
91875,0.01554042100906372
