Index,Activation Value
67831,1.1430366039276123
44901,1.1233359575271606
104326,1.1111546754837036
42981,0.8841532468795776
3309,0.8005006313323975
50954,0.7983433604240417
88681,0.7513691186904907
93064,0.7292550802230835
8910,0.6325291991233826
38094,0.6219426393508911
