Index,Activation Value
111011,0.09204120934009552
62757,0.08594406396150589
71879,0.08475663512945175
16807,0.08060154318809509
33336,0.07350444793701172
75310,0.07262145727872849
24919,0.06567232310771942
59080,0.06511200219392776
52826,0.06462180614471436
592,0.06398414075374603
