Index,Activation Value
36212,0.010441211983561516
29340,0.009549089707434177
38924,0.007278499659150839
21467,0.005997843109071255
56855,0.005832963157445192
8396,0.003754375735297799
53579,0.0016174322227016091
24298,0.001317732036113739
26778,0.0005205642082728446
38432,0.00046986102825030684
