Index,Activation Value
33011,0.0362374372780323
29340,0.031612247228622437
56855,0.030171755701303482
38924,0.028399186208844185
26778,0.02691512554883957
8396,0.024973222985863686
53579,0.022392544895410538
24298,0.022228440269827843
21467,0.021830011159181595
36212,0.017169609665870667
