Index,Activation Value
59362,0.7091343402862549
22092,0.5369101762771606
103824,0.08034209161996841
