Index,Activation Value
33607,0.025196468457579613
29465,0.022466683760285378
59868,0.020833179354667664
55867,0.018688784912228584
43178,0.012099990621209145
14721,0.011910396628081799
25800,0.01047319546341896
40678,0.00954243540763855
34961,0.00953475758433342
30511,0.009002558887004852
