Index,Activation Value
51614,0.11383433640003204
43054,0.11148635298013687
24565,0.10604876279830933
28561,0.10203414410352707
58198,0.10098063945770264
5319,0.08817511796951294
14040,0.08496817201375961
31736,0.08478903770446777
31904,0.08433781564235687
48477,0.08064074069261551
