Index,Activation Value
32252,0.5957677364349365
8778,0.24703221023082733
7588,0.17781388759613037
2062,0.046890776604413986
