Index,Activation Value
35168,0.7354747653007507
35243,0.1344352662563324
30626,0.09925469756126404
1883,0.012068701907992363
