Index,Activation Value
96808,0.38376864790916443
24266,0.21594767272472382
18684,0.15484195947647095
89766,0.15178252756595612
101990,0.13495181500911713
9637,0.036992598325014114
