Index,Activation Value
107925,0.06474580615758896
63669,0.06010492518544197
96654,0.037671636790037155
29372,0.033201105892658234
6173,0.026790518313646317
54896,0.02188771218061447
20779,0.021311230957508087
101572,0.020286858081817627
24919,0.0198320634663105
59041,0.018574107438325882
