Index,Activation Value
28425,0.002223046263679862
28910,0.0016360771842300892
35254,0.0006273151375353336
49456,0.0004455894522834569
15751,0.00011907536099897698
