Index,Activation Value
21467,0.19015812873840332
44569,0.16747450828552246
8080,0.15299977362155914
38924,0.15066228806972504
24298,0.14544948935508728
53579,0.13195084035396576
33011,0.12695062160491943
1909,0.12303973734378815
18000,0.12242815643548965
58249,0.12163622677326202
