Index,Activation Value
66000,0.009988423436880112
73855,0.008183594793081284
47448,0.007596391718834639
19627,0.007469758857041597
29450,0.007337636314332485
54156,0.007147281430661678
82475,0.00647848891094327
110108,0.006150299683213234
22230,0.00579844368621707
18680,0.005192008800804615
