Index,Activation Value
100136,0.006359625607728958
93685,0.006189063657075167
71180,0.006097715813666582
18471,0.004838047083467245
92545,0.004472519736737013
5420,0.004449186380952597
13090,0.0042860847897827625
63669,0.003802129067480564
75738,0.0035438984632492065
38422,0.003361073788255453
