Index,Activation Value
22371,0.07100210338830948
54138,0.069254070520401
11257,0.06418806314468384
12023,0.06258051097393036
566,0.061046697199344635
27683,0.0496293343603611
23444,0.04814770072698593
579,0.04786369577050209
17939,0.04558137431740761
42649,0.043643731623888016
