Index,Activation Value
60631,0.0035321868490427732
88571,0.0024336481001228094
