Index,Activation Value
33011,2.3000059127807617
21467,2.0655741691589355
218,1.8572665452957153
8080,1.7694205045700073
18000,1.589055061340332
38432,1.5143718719482422
53579,1.3005926609039307
27547,1.2828530073165894
36875,1.1099647283554077
40678,0.981468141078949
