Index,Activation Value
52426,0.12197788804769516
88571,0.11553443968296051
37498,0.07816368341445923
17902,0.07575297355651855
52847,0.06731920689344406
20663,0.06405651569366455
17608,0.06168242543935776
52683,0.06164110079407692
19530,0.060421187430620193
7106,0.052775315940380096
