Index,Activation Value
13090,0.03905143588781357
37498,0.03158222883939743
56725,0.030499441549181938
64204,0.029108069837093353
36173,0.02811371721327305
66000,0.027376286685466766
29450,0.026675330474972725
50022,0.022883353754878044
27438,0.02261808142066002
93685,0.02247481979429722
