Index,Activation Value
38924,0.34909647703170776
53579,0.3294074237346649
21467,0.23497872054576874
56855,0.22883079946041107
36212,0.22478999197483063
8396,0.20814406871795654
26778,0.20754480361938477
58249,0.2057909369468689
13743,0.17111073434352875
38340,0.1643790304660797
