Index,Activation Value
44208,0.05102948471903801
27683,0.04431964084506035
57496,0.03693495690822601
18541,0.0361713171005249
45682,0.03391158953309059
14433,0.03280235826969147
13581,0.03159299120306969
43541,0.030843263491988182
27408,0.029879339039325714
56273,0.02940790168941021
