Index,Activation Value
29340,0.0068303183652460575
53582,0.0018936924170702696
56855,0.0011802582303062081
