Index,Activation Value
21467,0.003642681986093521
38924,0.0030156199354678392
26778,0.0010916825849562883
53579,0.0009229512070305645
24298,0.0008376894402317703
