Index,Activation Value
48473,0.0997518002986908
52426,0.09489263594150543
28910,0.08407595008611679
28425,0.08362846076488495
73782,0.06797081232070923
93685,0.06437298655509949
88571,0.06315452605485916
22202,0.05813487619161606
1267,0.05560335889458656
49456,0.04980235919356346
