Index,Activation Value
44569,0.4550566077232361
24298,0.40675756335258484
8080,0.3508114814758301
27547,0.3307274281978607
1909,0.3243410289287567
36473,0.31006091833114624
8019,0.29760313034057617
1859,0.2645721435546875
53579,0.255357563495636
32727,0.2550431191921234
