Index,Activation Value
38924,0.002788352547213435
21467,0.0024426269810646772
33011,0.0014991345815360546
27547,0.0013235906371846795
56855,0.001239149016328156
58249,0.0010475097224116325
26778,0.001026643207296729
8080,0.0008840070804581046
8396,0.0008714862051419914
38432,0.0008691297844052315
