Index,Activation Value
85413,1.2243428230285645
9562,0.33537229895591736
38618,0.2858865261077881
69312,0.2761742174625397
48847,0.26754525303840637
66823,0.24194034934043884
31628,0.23593147099018097
54668,0.22851406037807465
62007,0.19598595798015594
70735,0.12940044701099396
