Index,Activation Value
96758,0.001165600959211588
37498,0.0009989680256694555
13090,0.0009263275424018502
27438,0.00011379215720808133
