Index,Activation Value
36473,0.023836372420191765
26778,0.021519366651773453
13179,0.016407545655965805
52660,0.006418997421860695
3689,0.00557998800650239
42296,0.005129704251885414
31786,0.0047400714829564095
58607,0.004441221710294485
42384,0.003717113519087434
27399,0.0030489249620586634
