Index,Activation Value
29340,0.002996227005496621
56855,0.0011369326384738088
38924,0.0006198044284246862
8396,0.0004717530682682991
55023,0.0001584060228196904
