Index,Activation Value
84018,0.01604515314102173
16959,0.01362966001033783
71879,0.01265013124793768
12,0.012288851663470268
49456,0.010707949288189411
55779,0.00895487517118454
83828,0.008307513780891895
14326,0.008123357780277729
107558,0.006340461783111095
36398,0.005336356349289417
