Index,Activation Value
6550,0.9358958005905151
60631,0.8016886711120605
97407,0.6699761748313904
37498,0.6529394388198853
72597,0.6249706149101257
22202,0.5643090009689331
52183,0.5499497652053833
79611,0.5277255177497864
57097,0.47118037939071655
77436,0.41699400544166565
