Index,Activation Value
21019,0.030970755964517593
3689,0.027495799586176872
7145,0.026845654472708702
13411,0.0265723317861557
35367,0.026297423988580704
44036,0.022660061717033386
48383,0.01947955973446369
40668,0.019134223461151123
47009,0.018811766058206558
36598,0.018423913046717644
