Index,Activation Value
8774,0.07655464112758636
107551,0.06518116593360901
61202,0.06039455533027649
22230,0.058953944593667984
91551,0.0584338940680027
103991,0.05525900796055794
96065,0.05324063450098038
68381,0.052324455231428146
16296,0.04946113005280495
108174,0.04891034960746765
