Index,Activation Value
39837,0.11753636598587036
7145,0.10881239175796509
773,0.09983941167593002
45858,0.09775064885616302
59924,0.09348148107528687
44964,0.08845721185207367
14960,0.08261169493198395
2656,0.07876795530319214
43164,0.0748782828450203
4791,0.06514870375394821
