Index,Activation Value
92547,0.0863255113363266
73306,0.07160208374261856
98149,0.06983739137649536
4738,0.0691123679280281
19627,0.06785554438829422
9017,0.06457693874835968
88295,0.06335753947496414
42812,0.06288495659828186
63669,0.05931714549660683
40355,0.05907956510782242
