Index,Activation Value
7145,0.04472121223807335
39041,0.026751695200800896
45858,0.024729911237955093
17999,0.024351997300982475
37899,0.024268383160233498
50934,0.023246286436915398
5319,0.023221448063850403
815,0.022726060822606087
43164,0.022707637399435043
21565,0.022200532257556915
