Index,Activation Value
50459,0.010050693526864052
13740,0.009081073105335236
2265,0.008957910351455212
2145,0.008360404521226883
4103,0.008318161591887474
44814,0.008109824731945992
29993,0.007838918827474117
12519,0.00778236472979188
25591,0.007713573053479195
8766,0.006694915238767862
