Index,Activation Value
29340,0.23460330069065094
26778,0.2038288712501526
24565,0.19019074738025665
33011,0.18814997375011444
54138,0.1711079180240631
38127,0.16970868408679962
11257,0.1672201305627823
8080,0.15632891654968262
53582,0.15186603367328644
27569,0.1494417041540146
