Index,Activation Value
96758,0.010179681703448296
3878,0.003944141790270805
81123,0.003027522936463356
45447,0.002704890910536051
