Index,Activation Value
17428,0.030810445547103882
56155,0.026204915717244148
10570,0.02504228986799717
38432,0.024555552750825882
22371,0.01935998722910881
36473,0.018466951325535774
54222,0.015374992042779922
42649,0.015213957987725735
14721,0.014089944772422314
2891,0.014044895768165588
