Index,Activation Value
16107,1.8057130575180054
52410,1.3231264352798462
59858,1.0878158807754517
77699,1.0854034423828125
110561,1.0844494104385376
86339,0.2921203076839447
107983,0.26680654287338257
95312,0.1729799062013626
5895,0.10754983872175217
15511,0.0855320617556572
