Index,Activation Value
29340,0.06482677161693573
41843,0.04139958694577217
44208,0.035896047949790955
45682,0.03084293007850647
3689,0.02408389002084732
13411,0.023512743413448334
44036,0.0207479540258646
15670,0.01831168867647648
21019,0.01817912608385086
2390,0.018117176368832588
