Index,Activation Value
26778,0.18742048740386963
56855,0.18736590445041656
33011,0.17600089311599731
8396,0.17592141032218933
29340,0.1690332293510437
38924,0.16839152574539185
53579,0.15387874841690063
55023,0.12220790237188339
36212,0.11921993643045425
25657,0.10683088004589081
