Index,Activation Value
38924,2.3544294834136963
21467,2.3161497116088867
26778,1.6585800647735596
54138,1.238343358039856
8080,1.0849671363830566
53579,1.0566741228103638
38127,0.9396347403526306
33011,0.8650580644607544
58249,0.7973893284797668
19868,0.41015341877937317
