Index,Activation Value
29465,0.024401001632213593
28312,0.024329952895641327
42649,0.022977331653237343
7783,0.020467452704906464
37903,0.01983756199479103
7444,0.019764991477131844
56481,0.01971515081822872
50256,0.019445650279521942
37747,0.01885894499719143
34150,0.0181660708039999
