Index,Activation Value
24298,0.12637487053871155
44208,0.12044771015644073
566,0.10693072527647018
25800,0.10654009133577347
14756,0.09458024799823761
56505,0.09316890686750412
54138,0.08477168530225754
3689,0.08332718163728714
37711,0.0828426405787468
10085,0.07999315112829208
