Index,Activation Value
13090,0.2673560082912445
88571,0.1490587294101715
70349,0.11786983162164688
56725,0.09554246813058853
17902,0.08181377500295639
3309,0.06562477350234985
8897,0.06332977861166
43807,0.06318140029907227
20663,0.06100906804203987
108759,0.06074146926403046
