Index,Activation Value
96758,0.02083360217511654
88295,0.01776473969221115
2279,0.016153259202837944
16807,0.015525853261351585
33336,0.013793600723147392
17902,0.01375345978885889
15751,0.013520453125238419
83828,0.012608330696821213
37498,0.011974307708442211
36533,0.011464592069387436
