Index,Activation Value
38924,0.0077329883351922035
43178,0.002509242622181773
1859,0.0018000093987211585
25657,0.0015555215068161488
41844,0.0010734718525782228
52440,0.000588620372582227
44569,8.806879486655816e-05
