Index,Activation Value
88571,0.018331876024603844
70349,0.01643732376396656
17902,0.011671480722725391
62757,0.011283638887107372
111478,0.00790722481906414
92077,0.006318787112832069
95312,0.005920608062297106
67013,0.005427871365100145
14022,0.00446321489289403
84018,0.004061983898282051
