Index,Activation Value
6156,0.01120221521705389
7351,0.00578670809045434
54156,0.005778416059911251
93685,0.004685995634645224
52491,0.0037651548627763987
12344,0.003350568702444434
6550,0.0028619307558983564
868,0.00236304453574121
89026,0.0022424550261348486
88546,0.0020929002203047276
