Index,Activation Value
13090,0.006063902284950018
56725,0.0024680080823600292
60631,0.0023316526785492897
36173,0.0008267250959761441
