Index,Activation Value
95769,0.024536360055208206
7682,0.015908950939774513
29450,0.01231896411627531
17335,0.011842247098684311
24604,0.01152194943279028
6200,0.011271425522863865
42812,0.010366923175752163
65081,0.01019170880317688
52426,0.009962503798305988
17608,0.00829315185546875
