Index,Activation Value
56007,0.030497536063194275
773,0.02324429713189602
39837,0.02013891376554966
16549,0.017468033358454704
14971,0.016983231529593468
36875,0.016137929633259773
21019,0.016072619706392288
9480,0.01481359638273716
14196,0.013985969126224518
54222,0.011589114554226398
