Index,Activation Value
24298,0.148962140083313
53579,0.1417747437953949
38924,0.13725066184997559
58249,0.11600179225206375
36473,0.11390995234251022
29340,0.11372548341751099
26778,0.11024822294712067
33011,0.10700004547834396
18000,0.09662777930498123
54138,0.0862799659371376
