Index,Activation Value
3932,0.12557080388069153
43054,0.12438219040632248
22371,0.11606699228286743
31904,0.11582545191049576
54222,0.11198894679546356
16549,0.10910151153802872
56007,0.10509064048528671
5476,0.10493099689483643
579,0.10473628342151642
24409,0.09961508959531784
