Index,Activation Value
38924,0.3051021695137024
58249,0.29415398836135864
53579,0.2653730809688568
33011,0.23003032803535461
26778,0.21223129332065582
56554,0.1964104026556015
1909,0.19262415170669556
38247,0.14795033633708954
39547,0.13705384731292725
26559,0.11719662696123123
