Index,Activation Value
54138,0.01659836620092392
21467,0.015743901953101158
8080,0.014822037890553474
53579,0.014811037108302116
8019,0.013390428386628628
9816,0.01060489285737276
45313,0.007888036780059338
38924,0.00725485710427165
42887,0.005539796315133572
43197,0.005478960461914539
