Index,Activation Value
24702,0.19244304299354553
10226,0.1278378665447235
43164,0.09311296790838242
31684,0.08785215020179749
57180,0.08739062398672104
28223,0.08396904170513153
43514,0.08351703733205795
20635,0.08333385735750198
36021,0.08308961987495422
10183,0.08239038288593292
