Index,Activation Value
30430,0.002507718512788415
28561,0.0017500532558187842
43178,0.0014522243291139603
38127,0.0014409811701625586
7145,0.001339793554507196
4530,0.0008886384312063456
47900,0.0006171552231535316
57551,0.0005762475193478167
28855,0.000464296608697623
49406,0.0004469053237698972
