Index,Activation Value
111011,0.1259891241788864
28425,0.1231406033039093
108688,0.09141260385513306
38228,0.08715295046567917
42493,0.08632883429527283
7106,0.08093755692243576
19530,0.07865898311138153
16158,0.07639891654253006
64204,0.0736113116145134
16089,0.06735210120677948
