Index,Activation Value
38924,0.05086541175842285
53579,0.047078024595975876
26778,0.034991975873708725
21467,0.03475511446595192
33011,0.032944124191999435
58249,0.0311029851436615
27547,0.029500087723135948
13743,0.025589069351553917
24298,0.023720692843198776
8019,0.023509830236434937
