Index,Activation Value
27547,0.009922772645950317
9816,0.0032100314274430275
32727,0.00196651928126812
8080,0.00014049177116248757
