Index,Activation Value
21467,0.006148030515760183
33011,0.0035578834358602762
29340,0.0033416347578167915
36212,0.00047860678751021624
56855,0.00024682286311872303
9816,0.00015890759823378175
