Index,Activation Value
14826,0.16445383429527283
51769,0.1644134521484375
11450,0.15765616297721863
43115,0.1443798691034317
19339,0.12855100631713867
27683,0.12369789183139801
52440,0.12086233496665955
15758,0.11950495839118958
24588,0.11042417585849762
25657,0.10878653824329376
