Index,Activation Value
24702,0.18668782711029053
31723,0.16499462723731995
38247,0.1600000411272049
48137,0.14446280896663666
15397,0.14223258197307587
9049,0.14093013107776642
42784,0.13423964381217957
39450,0.12819430232048035
12474,0.1222715750336647
16261,0.12147223949432373
