Index,Activation Value
76908,0.06288303434848785
8062,0.05594536289572716
78437,0.05439389869570732
66000,0.0533832423388958
95980,0.050707899034023285
94111,0.04743943363428116
51550,0.0446908064186573
23836,0.044103287160396576
29567,0.04401978850364685
52826,0.04342212527990341
