Index,Activation Value
64204,0.06724046170711517
94608,0.05895747244358063
25887,0.049154140055179596
852,0.04862635210156441
86756,0.0472249872982502
24235,0.046403542160987854
1021,0.03880639746785164
108688,0.0361684188246727
9293,0.027963703498244286
52854,0.02616886980831623
