Index,Activation Value
21467,0.924211323261261
9030,0.21588316559791565
