Index,Activation Value
3300,3.580981731414795
14390,3.142484426498413
41891,2.965743064880371
53119,2.7889657020568848
59058,2.7805395126342773
2390,2.5205821990966797
5680,2.395007610321045
16760,2.3328773975372314
41207,2.3064382076263428
48050,2.246269464492798
