Index,Activation Value
16158,0.022655054926872253
48473,0.01214346569031477
104537,0.01018650270998478
37498,0.00793107133358717
86756,0.006899410393089056
11313,0.005051552318036556
70349,0.0038928345311433077
21549,0.003255275310948491
84568,0.0031200163066387177
54105,0.0022947159595787525
