Index,Activation Value
21467,0.05890429764986038
38924,0.047016043215990067
8019,0.046097710728645325
53579,0.043452247977256775
8080,0.042600519955158234
33011,0.04137510806322098
24298,0.040541186928749084
36473,0.03476795181632042
1909,0.034335244446992874
26778,0.03099672682583332
