Index,Activation Value
64204,0.022626200690865517
25024,0.0186929814517498
107558,0.01731068640947342
37498,0.016189105808734894
1021,0.016104502603411674
29372,0.015109004452824593
35520,0.01448702160269022
62402,0.012872247025370598
66000,0.012646111659705639
88571,0.012455584481358528
