Index,Activation Value
51614,0.2422010600566864
44269,0.17575262486934662
13743,0.16713160276412964
579,0.1635587215423584
38340,0.16219192743301392
33607,0.16159851849079132
56155,0.15889374911785126
9351,0.14985091984272003
32727,0.14941446483135223
25657,0.14695776998996735
