Index,Activation Value
44123,0.009670186787843704
41210,0.005990067031234503
