Index,Activation Value
56725,0.13495104014873505
71879,0.130611851811409
13090,0.11736980080604553
90842,0.10511311143636703
37498,0.09170728176832199
3082,0.08888067305088043
61123,0.08708806335926056
87758,0.08476558327674866
19627,0.07670790702104568
12344,0.07651069760322571
