Index,Activation Value
60631,0.11210393905639648
28425,0.10317283123731613
13090,0.08056135475635529
62662,0.06943069398403168
70349,0.06896015256643295
99629,0.06586405634880066
22092,0.06520361453294754
92077,0.06371381878852844
34454,0.061990197747945786
52183,0.0617227740585804
