Index,Activation Value
21467,0.2096446007490158
53579,0.1992059051990509
38924,0.18589721620082855
36212,0.16894346475601196
26778,0.15559886395931244
33011,0.14363911747932434
56855,0.14283569157123566
58249,0.13486693799495697
8396,0.1336226612329483
29340,0.1318766474723816
