Index,Activation Value
14022,0.021693505346775055
36533,0.01625162549316883
7334,0.014725308865308762
54156,0.008618027903139591
11918,0.008569624274969101
27818,0.00740100396797061
7866,0.0071092587895691395
14983,0.007023075129836798
63037,0.006972762290388346
89026,0.006186468526721001
