Index,Activation Value
41844,0.010701144114136696
36212,0.00996053870767355
25657,0.007182108238339424
8396,0.006851448677480221
29340,0.0045265625230968
43115,0.004502490628510714
19339,0.0026398510672152042
29465,0.0023368431720882654
27683,0.0018034318927675486
56855,0.0011684797937050462
