Index,Activation Value
87523,1.4121772050857544
58421,0.7917943000793457
16616,0.7135377526283264
75928,0.6626128554344177
39317,0.523368239402771
107483,0.4489170014858246
43785,0.2304050177335739
66000,0.18596921861171722
5620,0.14808142185211182
87721,0.14063991606235504
