Index,Activation Value
52847,0.009675342589616776
95769,0.008950529620051384
12589,0.007705180440098047
73306,0.00603749044239521
43247,0.005963867995887995
28425,0.005678367335349321
88273,0.004450869746506214
27224,0.002532318467274308
35254,0.002497539622709155
71843,0.0023715526331216097
