Index,Activation Value
16089,0.05434222146868706
55426,0.05001261457800865
100195,0.042732540518045425
44818,0.039564717561006546
107551,0.03829016536474228
100532,0.03733751177787781
36411,0.0364847369492054
79383,0.035114988684654236
16158,0.034876659512519836
61341,0.032916098833084106
