Index,Activation Value
44569,0.05235292389988899
1909,0.046316664665937424
53579,0.04006921127438545
59288,0.038586609065532684
13179,0.03748089075088501
33011,0.030158739537000656
56554,0.02889193966984749
1859,0.028707126155495644
26559,0.027779651805758476
58249,0.027258502319455147
