Index,Activation Value
29340,0.3319130539894104
19868,0.22961711883544922
36212,0.20352883636951447
27683,0.19896076619625092
33011,0.1755698174238205
53589,0.16074280440807343
39547,0.14107705652713776
773,0.13593025505542755
15758,0.13049784302711487
24588,0.12239880859851837
