Index,Activation Value
94954,0.2547284960746765
37812,0.137121319770813
100884,0.008203677833080292
