Index,Activation Value
37498,0.1332879662513733
28910,0.11425525695085526
62757,0.10327678173780441
52183,0.09460799396038055
35254,0.08952555805444717
33336,0.08206750452518463
83828,0.08034217357635498
59998,0.06424107402563095
11374,0.05521867051720619
54896,0.05404045432806015
