Index,Activation Value
40862,0.6795414090156555
15738,0.12784706056118011
