Index,Activation Value
24298,0.004500947427004576
8019,0.002944254782050848
36473,0.0008614877006039023
54138,0.0005991185316815972
9816,0.0001581385004101321
