Index,Activation Value
27438,0.015592842362821102
80813,0.007901908829808235
62757,0.002808320801705122
35254,0.002720883581787348
36533,0.0012204921804368496
14165,0.00038519478403031826
