Index,Activation Value
8080,2.4347727298736572
33011,1.9591827392578125
27547,1.8607300519943237
26778,1.7591238021850586
8019,1.7150049209594727
38924,1.5796191692352295
54138,1.4888712167739868
42887,1.4394367933273315
21467,1.1781750917434692
24298,1.15492844581604
