Index,Activation Value
19516,0.006446588784456253
54927,0.004406786523759365
43178,0.0008158476557582617
