Index,Activation Value
88407,0.008878120221197605
11374,0.0011093802750110626
1021,0.00025360772269777954
