Index,Activation Value
70349,0.02634374052286148
16107,0.021953310817480087
9293,0.02114194631576538
29372,0.0190723966807127
111011,0.017635280266404152
48529,0.016480866819620132
29450,0.016182728111743927
35254,0.01609235815703869
52683,0.015708906576037407
17902,0.015220827423036098
