Index,Activation Value
56855,0.022488052025437355
29340,0.022166764363646507
8396,0.016800442710518837
55023,0.010820575058460236
51614,0.006944210734218359
36212,0.006282204296439886
53582,0.005210001952946186
24565,0.004794339649379253
25657,0.0009547347435727715
