Index,Activation Value
16549,0.7226477265357971
38245,0.7131578922271729
34067,0.6455246806144714
42158,0.5242605805397034
33335,0.23644448816776276
55432,0.14473958313465118
28114,0.09339983016252518
37959,0.06825470924377441
42567,0.033347927033901215
