Index,Activation Value
53579,0.1377638280391693
38924,0.1298171579837799
21467,0.10901017487049103
8080,0.10459581762552261
33011,0.0982099324464798
24298,0.09686163067817688
26778,0.09447446465492249
54138,0.0860728994011879
58249,0.0825372114777565
18000,0.07185272872447968
