Index,Activation Value
62757,0.005470519885420799
852,0.005395030602812767
7351,0.0018126267241314054
19627,0.0012444006279110909
90842,0.001232162700034678
73306,3.554167415131815e-05
