Index,Activation Value
96758,0.019232718273997307
64204,0.008351098746061325
1267,0.004837661981582642
25440,0.0019558966159820557
67013,0.0017003671964630485
93988,0.0006237649940885603
46383,0.0002809067955240607
