Index,Activation Value
62757,0.00884507317095995
64204,0.007922450080513954
31017,0.00509245041757822
59162,0.0032453443855047226
22230,0.0030546325724571943
59171,0.00229734112508595
10695,0.0022336042020469904
35831,0.0015747235156595707
8914,0.0009893622482195497
68381,0.0007235903176479042
