Index,Activation Value
52774,0.6376967430114746
52257,0.6141734719276428
29983,0.3963826298713684
