Index,Activation Value
92077,0.10269376635551453
103694,0.09995117038488388
28425,0.09760507196187973
12344,0.09737641364336014
66289,0.09345422685146332
22230,0.08802874386310577
108542,0.0880027636885643
87491,0.08497942239046097
61123,0.08350538462400436
7334,0.08217489719390869
