Index,Activation Value
88571,0.14134062826633453
12589,0.09337931126356125
67013,0.07527052611112595
27912,0.07142003625631332
28910,0.06360018998384476
71879,0.060412563383579254
67509,0.05953140929341316
18272,0.058442484587430954
83828,0.056950390338897705
3082,0.05574642866849899
