Index,Activation Value
83828,0.11336363106966019
33336,0.10699029266834259
52183,0.06547223031520844
66000,0.06514237076044083
59998,0.06369626522064209
17608,0.05438031628727913
24419,0.045142944902181625
43247,0.04234476014971733
50439,0.039596062153577805
35831,0.03953585773706436
