Index,Activation Value
52683,0.027997609227895737
111478,0.015577402897179127
95312,0.015507787466049194
109813,0.0044572860933840275
82056,0.004299385938793421
15706,0.004145871847867966
14326,0.003084148047491908
86538,0.0029602935537695885
38274,0.000831573037430644
30064,0.0006527257501147687
