Index,Activation Value
7334,0.0754263699054718
71879,0.0637841671705246
852,0.060733579099178314
72094,0.058619458228349686
90842,0.050954464823007584
111665,0.04911551624536514
100195,0.04269540682435036
87200,0.04245004430413246
47586,0.04032774642109871
52491,0.03956989943981171
