Index,Activation Value
48871,0.8488308191299438
61219,0.7720645070075989
105622,0.6260005235671997
51449,0.5115031599998474
19261,0.3731232285499573
72591,0.30621010065078735
79413,0.24399887025356293
93902,0.15294989943504333
98153,0.11716266721487045
16748,0.08523344993591309
