Index,Activation Value
33011,0.09904194623231888
38127,0.09806022047996521
13179,0.08334226906299591
39812,0.08263998478651047
41843,0.07001233845949173
25802,0.06043729931116104
7783,0.05741572007536888
7444,0.05642952397465706
36473,0.05630926042795181
28312,0.05210411548614502
