Index,Activation Value
70349,0.11339942365884781
52683,0.10888183116912842
25849,0.0800970122218132
64204,0.07740657776594162
27438,0.07541928440332413
88571,0.07079251855611801
27789,0.06762329488992691
96758,0.065458282828331
1267,0.06217427924275398
95312,0.05865991488099098
