Index,Activation Value
28425,0.02356541156768799
30064,0.01611778326332569
56725,0.014814670197665691
110712,0.013987761922180653
109813,0.013006906025111675
52183,0.009413091465830803
8790,0.008803846314549446
3531,0.008697278797626495
16158,0.008669276721775532
17608,0.008483645506203175
