Index,Activation Value
39450,0.037501998245716095
6190,0.03398917242884636
48137,0.033510971814394
18455,0.03100372850894928
49213,0.029519779607653618
50,0.02917337603867054
17776,0.027759801596403122
37840,0.02751556783914566
58458,0.02716958336532116
32086,0.025484520941972733
