Index,Activation Value
70349,0.03239785134792328
36173,0.017848525196313858
88937,0.013645175844430923
65958,0.013433587737381458
71879,0.013269673101603985
52683,0.011681843549013138
17902,0.011081039905548096
716,0.010423974134027958
14165,0.010260856710374355
88571,0.008314411155879498
