Index,Activation Value
70349,0.029046619310975075
13090,0.026478851214051247
36173,0.025734109804034233
27789,0.017208024859428406
27438,0.016026197001338005
88571,0.01473428588360548
17902,0.01181862037628889
28910,0.010072537697851658
54896,0.009314646013081074
40355,0.009283875115215778
