Index,Activation Value
21467,7.049650594126433e-05
53579,6.238818605197594e-05
