Index,Activation Value
7125,0.0833621546626091
44208,0.06789841502904892
53589,0.060877975076436996
2800,0.05345665290951729
23805,0.04351111873984337
34136,0.04309733584523201
10317,0.03868281468749046
4501,0.038311317563056946
29778,0.037060365080833435
48992,0.036052361130714417
