Index,Activation Value
26778,0.06888902932405472
38924,0.05906278267502785
36473,0.02936319075524807
58249,0.02701564133167267
43054,0.02617225982248783
33011,0.022683968767523766
15670,0.020965775474905968
2354,0.02094733901321888
53579,0.02034604921936989
13179,0.019537003710865974
