Index,Activation Value
13090,0.056738339364528656
36173,0.04391934350132942
37498,0.038373928517103195
56725,0.02969931811094284
28425,0.029605088755488396
97407,0.02320616878569126
70349,0.01686043106019497
90842,0.01631457917392254
52183,0.016080137342214584
27438,0.015884336084127426
