Index,Activation Value
13090,0.004380570724606514
56725,0.0016975636826828122
