Index,Activation Value
21467,0.028403159230947495
53579,0.01843268983066082
38924,0.01405248511582613
27547,0.013510645367205143
8080,0.013215932063758373
32727,0.00935437809675932
33011,0.00841521192342043
38432,0.008369858376681805
26778,0.0077135697938501835
58249,0.007086244411766529
