Index,Activation Value
33011,0.017958523705601692
57551,0.011276790872216225
38924,0.00759354792535305
49406,0.006746223196387291
21467,0.005119731649756432
53589,0.004051389172673225
14826,0.003749894443899393
25800,0.0034185093827545643
29340,0.0033733511809259653
25657,0.0028814738616347313
