Index,Activation Value
104537,0.0024420497938990593
88571,0.002248920500278473
35254,0.0018877823604270816
107925,0.0016664138529449701
92077,0.001519606215879321
18680,0.0013274967204779387
7334,0.0012632363941520452
11313,0.0011440693633630872
107558,0.0007409238023683429
6156,2.2808893845649436e-05
