Index,Activation Value
36473,0.006722884252667427
38127,0.0004635092045646161
