Index,Activation Value
108542,0.004548347555100918
62662,0.0037143039517104626
18680,0.002882748143747449
80813,0.0019736287649720907
13585,0.001661782618612051
