Index,Activation Value
42828,1.078018307685852
43835,0.5992724299430847
74019,0.5172582268714905
52072,0.4628143906593323
81123,0.358792245388031
67831,0.2672004997730255
108688,0.26598355174064636
30593,0.2573499381542206
17902,0.18135268986225128
83881,0.16094733774662018
