Index,Activation Value
38127,0.04834180325269699
57551,0.04642876610159874
53589,0.04590196907520294
56855,0.03298178315162659
43115,0.031211066991090775
14826,0.03045021742582321
7683,0.02880147658288479
52440,0.026293231174349785
8396,0.025803646072745323
30430,0.025306737050414085
