Index,Activation Value
21467,0.9728400707244873
38432,0.6331945657730103
53579,0.6324604749679565
36212,0.6321516036987305
8396,0.6163362860679626
56855,0.6006132364273071
29340,0.557913064956665
8080,0.5555920004844666
44569,0.5153293013572693
27547,0.5095646381378174
