Index,Activation Value
38129,0.6259607672691345
19925,0.5549909472465515
112693,0.48175013065338135
110091,0.4000122547149658
66726,0.34126922488212585
94418,0.26548466086387634
12201,0.17194969952106476
86398,0.15605393052101135
49398,0.1355648636817932
63045,0.06461562216281891
