Index,Activation Value
44569,0.21507057547569275
24298,0.17796294391155243
8019,0.157056987285614
1859,0.1463451236486435
36473,0.11623148620128632
43178,0.10123664885759354
29465,0.07979447394609451
1909,0.07271599769592285
9351,0.07194330543279648
12023,0.06916932016611099
