Index,Activation Value
7145,0.31350868940353394
14706,0.22148293256759644
59924,0.21877001225948334
40818,0.21586015820503235
31723,0.21570029854774475
36625,0.20868390798568726
15111,0.20623072981834412
43054,0.19994781911373138
36944,0.19361689686775208
20635,0.19180993735790253
