Index,Activation Value
38924,0.011378934606909752
53579,0.010627467185258865
21467,0.010596882551908493
36212,0.009168067015707493
56855,0.008190443739295006
8396,0.00794268399477005
33011,0.007498981896787882
38432,0.00620303675532341
29340,0.005384052637964487
26778,0.004909573122859001
