Index,Activation Value
3932,0.10770585387945175
46682,0.10752338171005249
28312,0.10392841696739197
47257,0.10065886378288269
15397,0.09825985133647919
31904,0.09821221977472305
32696,0.09223995357751846
47247,0.09122435003519058
37903,0.08376922458410263
22080,0.08327162265777588
