Index,Activation Value
42986,0.31494420766830444
110947,0.08369778841733932
