Index,Activation Value
17428,0.001546371029689908
24565,0.0007551386370323598
