Index,Activation Value
54405,0.8019251823425293
15670,0.578968346118927
51688,0.04852829873561859
