Index,Activation Value
88407,0.09797628968954086
28910,0.0882468894124031
52426,0.08572233468294144
24235,0.0702400729060173
90842,0.06852182000875473
93137,0.059151433408260345
54690,0.049956727772951126
80813,0.04877304658293724
19627,0.04462974891066551
20840,0.04313904047012329
