Index,Activation Value
70349,0.019902052357792854
27438,0.017379654571413994
44123,0.015972089022397995
59998,0.011716539040207863
35913,0.008556574583053589
48473,0.008452305570244789
111011,0.0083388052880764
66000,0.007279064506292343
15003,0.006530507002025843
17902,0.004783616401255131
