Index,Activation Value
18000,0.21239764988422394
56554,0.1624281406402588
40818,0.13981033861637115
44208,0.13092954456806183
56096,0.12877298891544342
17939,0.12642337381839752
44743,0.12109697610139847
39812,0.11484291404485703
28312,0.11342774331569672
19491,0.11315429955720901
