Index,Activation Value
76908,0.058499399572610855
55426,0.05521411821246147
44123,0.04817492514848709
107604,0.045985426753759384
82590,0.04559203237295151
89243,0.042333513498306274
108688,0.041605010628700256
103824,0.041106875985860825
43807,0.040906134992837906
73802,0.03858507424592972
