Index,Activation Value
38764,2.7331252098083496
21161,2.424225330352783
13411,2.379559278488159
37862,2.3231375217437744
20544,2.2698495388031006
23367,2.2298624515533447
31867,2.223086357116699
2891,2.067105770111084
34367,2.0657408237457275
13910,2.0560123920440674
