Index,Activation Value
29450,0.07245232909917831
105073,0.06998370587825775
84018,0.06855656951665878
35254,0.06703212112188339
73855,0.06212405115365982
52854,0.06132825091481209
107558,0.06020713597536087
1021,0.05795912817120552
20457,0.05434539541602135
12589,0.05309475585818291
