Index,Activation Value
54138,0.0007973525789566338
24298,0.00011244736379012465
