Index,Activation Value
13743,0.011595400981605053
56155,0.00897681713104248
56007,0.008734194561839104
43115,0.00832933746278286
25657,0.007771219126880169
43178,0.007597635500133038
9351,0.0074666026048362255
42773,0.007088636048138142
28855,0.006334966979920864
32757,0.005167404189705849
