Index,Activation Value
28425,0.008107056841254234
111011,0.0034372559748589993
99629,0.00333983963355422
96758,0.003273426555097103
16107,0.0031632038298994303
59998,0.0028986060060560703
88295,0.0026108731981366873
29372,0.0024955477565526962
27438,0.002454245463013649
107558,0.002268355106934905
