Index,Activation Value
21467,0.017505764961242676
43054,0.011411922052502632
53582,0.00846027210354805
53579,0.0037758848629891872
8396,0.003466971917077899
9816,0.003325840923935175
39547,0.00331298285163939
27547,0.0024946266785264015
17428,0.0023985817097127438
16549,0.002373266266658902
