Index,Activation Value
43415,2.3971986770629883
9969,2.3613779544830322
8896,2.219736337661743
37857,2.1456568241119385
52830,2.1190879344940186
29513,2.0856587886810303
42253,2.0559933185577393
39576,1.9337635040283203
23262,1.9256091117858887
28688,1.8789013624191284
