Index,Activation Value
12,0.05776776745915413
14326,0.037537988275289536
27438,0.03728070855140686
87758,0.03499685600399971
33336,0.030870893970131874
29372,0.02967728301882744
90842,0.028470519930124283
63669,0.02503276616334915
19627,0.02476212941110134
26012,0.024097811430692673
