Index,Activation Value
24298,0.03219747915863991
21467,0.029112987220287323
56855,0.027699461206793785
36212,0.025295689702033997
8019,0.025249406695365906
8396,0.023215413093566895
54138,0.021494517102837563
36625,0.018269114196300507
29340,0.01770087704062462
36944,0.017324524000287056
