Index,Activation Value
56725,0.0007650327170267701
37498,0.00045510625932365656
28425,0.00038221178692765534
60631,0.00032322766492143273
13090,0.0003038071154151112
107995,0.00029719536541961133
33336,0.00025926082162186503
88571,0.00019974562746938318
28910,0.00018991358228959143
97407,0.00018057638953905553
