Index,Activation Value
36473,0.0358545184135437
11257,0.015274147503077984
579,0.010607421398162842
14721,0.00891267228871584
52585,0.006684080231934786
32757,0.0025621966924518347
6830,0.0009791324846446514
2398,0.0008232751861214638
43178,0.0007669935584999621
25802,0.0004985968698747456
