Index,Activation Value
96820,1.4210591316223145
21951,1.3947516679763794
89530,0.8489910364151001
41348,0.8376672863960266
31100,0.747410237789154
2410,0.7128735184669495
111261,0.6556469798088074
93822,0.5996684432029724
29934,0.5964190363883972
26389,0.5800690650939941
