Index,Activation Value
4363,1.2477343082427979
57417,0.8339157700538635
1533,0.797580897808075
76627,0.6963886618614197
48281,0.605975866317749
18970,0.5923718214035034
77831,0.5853775143623352
74160,0.5651354789733887
90224,0.5219761729240417
101815,0.5012156367301941
