Index,Activation Value
43105,0.6565483808517456
4107,0.6276814937591553
28196,0.49593502283096313
5478,0.35975003242492676
5387,0.09260739386081696
19393,0.0925777405500412
34458,0.08074885606765747
25645,0.07110220193862915
51170,0.06612052768468857
58423,0.04308486357331276
