Index,Activation Value
28425,0.03072902001440525
36173,0.023303603753447533
13090,0.023257695138454437
83828,0.01738249696791172
56725,0.017033733427524567
11374,0.014167926274240017
27438,0.010149044916033745
100884,0.008855465799570084
52183,0.008527788333594799
37498,0.007101706229150295
