Index,Activation Value
17728,0.1344970017671585
28312,0.12008536607027054
56096,0.11955121904611588
50256,0.11954179406166077
7783,0.11821379512548447
48137,0.11765939742326736
42649,0.11478889733552933
49406,0.11128775775432587
52585,0.10996747761964798
14186,0.10991179198026657
