Index,Activation Value
75188,0.0066475034691393375
33336,0.006010801065713167
91875,0.005323000717908144
71879,0.005162728950381279
81123,0.004829110577702522
39918,0.004571121651679277
108688,0.004139772150665522
36173,0.003874952206388116
67013,0.0028596026822924614
93137,0.002528242766857147
