Index,Activation Value
21467,0.019926276057958603
24298,0.01651112176477909
36473,0.013562321662902832
8019,0.011475593782961369
44569,0.01096343994140625
53579,0.008891619741916656
9816,0.006962563842535019
8080,0.006911583710461855
54138,0.006746808998286724
33011,0.006456073373556137
