Index,Activation Value
11470,0.42530789971351624
41275,0.3890548050403595
38530,0.1775335967540741
17096,0.164730042219162
15696,0.15331877768039703
42869,0.1517394334077835
10326,0.06235608085989952
59868,0.051699455827474594
44520,0.007524150423705578
