Index,Activation Value
13090,0.0013247926253825426
70349,0.000836923427414149
96758,0.0007906376849859953
88571,0.0005791864241473377
52183,0.0004063563246745616
107995,0.0003580685588531196
12344,0.0003490574308671057
56725,0.00023128869361244142
60631,0.00018135784193873405
83828,0.0001398078165948391
