Index,Activation Value
17709,0.46853649616241455
24485,0.21132849156856537
