Index,Activation Value
36212,0.24619102478027344
29340,0.20811022818088531
8396,0.19995617866516113
56855,0.19474923610687256
27683,0.12915769219398499
25657,0.08762780576944351
16549,0.08484004437923431
4530,0.0847744420170784
39999,0.07882630079984665
773,0.07291149348020554
