Index,Activation Value
74020,0.7062322497367859
106855,0.49493956565856934
15489,0.4842575490474701
56105,0.44716528058052063
89893,0.3957386612892151
66718,0.3588370680809021
97612,0.29000478982925415
67001,0.11122533679008484
67369,0.04996444657444954
99297,0.03463151678442955
