Index,Activation Value
80813,0.02681613899767399
52426,0.015000787563621998
7351,0.01339675858616829
22092,0.012991735711693764
82590,0.01279797125607729
75921,0.012284313328564167
852,0.011829562485218048
54105,0.01166898850351572
9293,0.011613636277616024
93685,0.010078256949782372
