Index,Activation Value
33011,0.024202639237046242
26778,0.014432800002396107
53579,0.01395808719098568
36473,0.010064677335321903
24298,0.00590695533901453
58249,0.004560481291264296
38924,0.0037625671830028296
29340,0.0006444049067795277
