Index,Activation Value
52683,1.4342542886734009
15751,0.6202536225318909
95693,0.5825509428977966
46013,0.5187726616859436
1267,0.39958345890045166
61357,0.11678437143564224
