Index,Activation Value
27438,0.0011496060760691762
14165,0.0005676209111697972
