Index,Activation Value
76907,0.6076551675796509
89060,0.5930187106132507
44080,0.5887286067008972
47502,0.4138968586921692
56062,0.40249237418174744
110063,0.39201080799102783
35078,0.31937095522880554
72055,0.2947574257850647
4037,0.2219361513853073
100715,0.1670450121164322
