Index,Activation Value
38924,0.010033984668552876
58249,0.006360088940709829
26778,0.006264259573072195
33011,0.0057344031520187855
53579,0.0035425382666289806
