Index,Activation Value
13090,0.13798366487026215
88571,0.11493680626153946
12589,0.09204920381307602
4491,0.07832027226686478
54896,0.07726341485977173
36173,0.07561388611793518
852,0.07395278662443161
62402,0.07290719449520111
12344,0.07102958112955093
25887,0.07023881375789642
