Index,Activation Value
36212,0.2065766304731369
14826,0.19032451510429382
19339,0.17005428671836853
22678,0.1567649096250534
27683,0.15569204092025757
8396,0.14368680119514465
25657,0.14173774421215057
21467,0.1361418217420578
773,0.1346910148859024
57551,0.1258903592824936
