Index,Activation Value
19627,0.00756481010466814
103825,0.004111995920538902
66289,0.003073702100664377
73855,0.0015731051098555326
61123,0.001036312896758318
88273,0.0009077137219719589
