Index,Activation Value
58670,0.19921445846557617
8581,0.13624897599220276
24189,0.03568660095334053
46209,0.028525272384285927
