Index,Activation Value
52426,0.09338904172182083
108688,0.074737049639225
80233,0.05700680986046791
35254,0.055423181504011154
73782,0.05264563858509064
57225,0.042048171162605286
41162,0.039415519684553146
48473,0.03710867092013359
82590,0.037078749388456345
42812,0.03697971627116203
