Index,Activation Value
21019,0.18504753708839417
3689,0.10400977730751038
44036,0.025445273146033287
40668,0.021457085385918617
