Index,Activation Value
88571,0.10713091492652893
17608,0.08547815680503845
102181,0.079293392598629
6156,0.07493274658918381
8251,0.07120281457901001
103694,0.0672575831413269
107995,0.06473274528980255
14983,0.06433521211147308
17902,0.06367401033639908
14022,0.0593813881278038
