Index,Activation Value
88571,0.025513919070363045
108688,0.025208111852407455
16107,0.024729324504733086
90842,0.022166583687067032
22202,0.021788697689771652
87758,0.021726956591010094
107925,0.02080824226140976
29372,0.020393749698996544
59998,0.020080119371414185
12,0.019092099741101265
