Index,Activation Value
33011,0.01286530215293169
44569,0.012690791860222816
53589,0.011604156345129013
1909,0.011483663693070412
36473,0.011409594677388668
54222,0.010314494371414185
31736,0.008814067579805851
33607,0.007614754140377045
19339,0.0070898388512432575
54138,0.005927667021751404
