Index,Activation Value
8396,1.2220079898834229
2390,1.1995292901992798
34744,1.1306564807891846
4530,0.9454483389854431
56855,0.7453879117965698
55023,0.6334235072135925
55398,0.591640055179596
3004,0.5412724018096924
29340,0.47630614042282104
36212,0.447284460067749
