Index,Activation Value
55521,0.20742455124855042
459,0.08782299607992172
