Index,Activation Value
24702,0.0009362442069686949
38127,0.00033930159406736493
