Index,Activation Value
17428,0.006486647762358189
22335,0.005748833063989878
35215,0.0042950985953211784
26073,0.0033326302655041218
20999,0.003070100676268339
56007,0.0019865259528160095
54900,0.0009004989988170564
16196,0.0006640481296926737
39041,0.00022576520859729499
