Index,Activation Value
111011,0.041622478514909744
12,0.03917919471859932
90842,0.037042442709207535
14022,0.03389477729797363
12344,0.0331314392387867
11313,0.03172764927148819
7351,0.03101550228893757
70349,0.030831223353743553
87758,0.02995843067765236
852,0.02960124984383583
