Index,Activation Value
56855,0.01686163991689682
19868,0.012288076803088188
8396,0.0104583241045475
36212,0.009713084436953068
29340,0.009336069226264954
25657,0.00927416980266571
24298,0.00894192885607481
41844,0.007707764394581318
55023,0.006305611226707697
9107,0.0050106956623494625
