Index,Activation Value
104002,0.00977216474711895
8251,0.008977663703262806
6156,0.008889873512089252
48820,0.007603904698044062
16807,0.0069809467531740665
93685,0.005307821556925774
80233,0.004815491382032633
89903,0.00449770363047719
16107,0.004252455197274685
111056,0.003980913199484348
