Index,Activation Value
70776,0.021331334486603737
52847,0.01673702523112297
48529,0.015976635739207268
83828,0.015842782333493233
21549,0.01554783247411251
33336,0.01544919516891241
20663,0.015158303081989288
13090,0.01243730541318655
52491,0.011806711554527283
49456,0.011254225857555866
