Index,Activation Value
106193,1.0899349451065063
72926,0.8617631196975708
96654,0.8285900950431824
1649,0.7495980858802795
71933,0.5516971945762634
106917,0.44769570231437683
13541,0.44133737683296204
10412,0.3528743386268616
5116,0.3204018473625183
112165,0.26350268721580505
