Index,Activation Value
29340,0.0632336437702179
38432,0.061500098556280136
44569,0.0602702721953392
15111,0.056393273174762726
36473,0.05419507622718811
56855,0.049455031752586365
1909,0.04645964130759239
36212,0.04559183120727539
36625,0.04397057741880417
47264,0.043934982270002365
