Index,Activation Value
50256,0.006558560766279697
30453,0.005723149515688419
30487,0.004177900031208992
54927,0.00400936882942915
33420,0.0031279472168534994
44208,0.0028738847468048334
26174,0.0026305706705898046
22813,0.0020789995323866606
48477,0.0015034311218187213
14371,0.0012483871541917324
