Index,Activation Value
24409,0.09369516372680664
24567,0.08781179040670395
50256,0.07642725855112076
18899,0.07368756830692291
45682,0.06939180940389633
54927,0.06809002161026001
56273,0.06771921366453171
13981,0.06765682250261307
51614,0.06502848118543625
58065,0.06391221284866333
