Index,Activation Value
56725,0.006452558096498251
49456,0.003596888156607747
54896,0.003087493823841214
