Index,Activation Value
21467,0.15135683119297028
38924,0.13745059072971344
36212,0.12040957063436508
53579,0.11722339689731598
29340,0.09610023349523544
26778,0.09204915165901184
38432,0.08859536796808243
58249,0.08117296546697617
24298,0.07591207325458527
8396,0.0752921998500824
