Index,Activation Value
28910,0.162371426820755
28425,0.13294830918312073
33336,0.12672574818134308
49456,0.12667855620384216
7351,0.1056046336889267
868,0.09925396740436554
61123,0.09835254400968552
87758,0.0927872359752655
52491,0.09239789098501205
3082,0.08804035931825638
