Index,Activation Value
14706,0.013747607357800007
15670,0.009332076646387577
3400,0.009158261120319366
24702,0.00792422890663147
17428,0.007777492515742779
31723,0.007078059483319521
31904,0.005916197318583727
26073,0.004779707174748182
9049,0.0035565588623285294
45026,0.0016883992357179523
