Index,Activation Value
7313,0.5878707766532898
17051,0.533482551574707
79737,0.43329867720603943
69075,0.34438395500183105
60549,0.33822184801101685
43182,0.1630374938249588
101182,0.15877145528793335
99572,0.1483454406261444
89980,0.1445278376340866
53489,0.05208728834986687
