Index,Activation Value
8080,0.06592404097318649
21467,0.06093573942780495
44569,0.05735618993639946
53579,0.04935188218951225
54138,0.04902378097176552
38432,0.04810235649347305
38924,0.047392576932907104
27547,0.04499934986233711
36212,0.04459238424897194
32727,0.04314931854605675
