Index,Activation Value
13529,0.5359719395637512
61822,0.23823067545890808
81086,0.23271813988685608
58464,0.2308657467365265
36444,0.13678301870822906
20901,0.12878629565238953
87814,0.06296437233686447
