Index,Activation Value
9482,0.4130117893218994
12717,0.09971649199724197
