Index,Activation Value
28312,0.000763536139857024
48137,0.0007617180817760527
42296,0.0007388351950794458
16956,0.0006846133037470281
31723,0.000657699245493859
36625,0.0006382045103237033
11478,0.0006256449269130826
14196,0.0006045646732673049
39450,0.0005343112279661
19491,0.0004887795075774193
