Index,Activation Value
53579,0.5182228088378906
38924,0.4878042936325073
58249,0.45896509289741516
21467,0.43932783603668213
26778,0.4256262481212616
36212,0.41452521085739136
56855,0.3605750799179077
8396,0.3447296619415283
29340,0.29955121874809265
8080,0.2918671667575836
