Index,Activation Value
56855,0.4647773206233978
8396,0.43467357754707336
36212,0.36553633213043213
29340,0.3467459976673126
25657,0.2909378707408905
55023,0.25567370653152466
53582,0.2515120804309845
4530,0.24197553098201752
31736,0.24191401898860931
24565,0.22393710911273956
