Index,Activation Value
103426,2.094820261001587
78723,1.7414032220840454
40459,1.4403928518295288
77000,1.2345762252807617
89339,1.1825370788574219
9227,1.0756034851074219
22521,1.0478050708770752
38779,1.010438084602356
58008,0.9706864356994629
105654,0.9685664176940918
