Index,Activation Value
92077,0.0013266686582937837
18680,0.0006591012934222817
6156,3.554693830665201e-05
