Index,Activation Value
32609,1.188386082649231
15397,1.028417944908142
24934,0.8365188837051392
12078,0.8055212497711182
55625,0.6496860384941101
19907,0.5963947176933289
13910,0.5622469782829285
2891,0.5455672144889832
35684,0.45282939076423645
39247,0.4506455063819885
