Index,Activation Value
29340,0.11736548691987991
56855,0.11379146575927734
8396,0.09489019960165024
38924,0.0891357809305191
21467,0.08414985239505768
36212,0.08027766644954681
26778,0.06747514754533768
55023,0.057370685040950775
33011,0.05518464744091034
29465,0.05426178127527237
