Index,Activation Value
27912,0.07673323154449463
27789,0.06925760954618454
4491,0.06684556603431702
105492,0.06138071417808533
8774,0.06012536585330963
71879,0.05791257321834564
101850,0.05764007940888405
5317,0.0547788143157959
110501,0.049789682030677795
4825,0.04947353154420853
