Index,Activation Value
15598,0.01940915174782276
10570,0.013384238816797733
17428,0.011492869816720486
46600,0.010169071145355701
35473,0.009830097667872906
59924,0.009242088533937931
43927,0.008862296119332314
31529,0.00864260084927082
43164,0.008544784970581532
3400,0.007121571805328131
