Index,Activation Value
36473,0.3472452163696289
24298,0.29982635378837585
1909,0.26384562253952026
8019,0.22694943845272064
26778,0.22542446851730347
38924,0.190691277384758
33011,0.16845358908176422
8080,0.1671205759048462
13179,0.16165296733379364
17428,0.15227094292640686
