Index,Activation Value
24298,0.2340373545885086
579,0.15895456075668335
12023,0.13397245109081268
38432,0.12515944242477417
32757,0.12244389951229095
46682,0.11759237200021744
30430,0.11290296912193298
56155,0.110325887799263
54222,0.10687120258808136
38127,0.1020660474896431
