Index,Activation Value
79969,0.3968069851398468
64308,0.3806415796279907
40981,0.3113757371902466
41206,0.1346527338027954
