Index,Activation Value
12344,0.07446150481700897
63669,0.0719902291893959
74354,0.06075860187411308
868,0.05505286157131195
75310,0.05043599009513855
35831,0.049686744809150696
3082,0.04603763297200203
20779,0.04585840925574303
592,0.041874781250953674
79383,0.03800942376255989
