Index,Activation Value
56855,0.07199596613645554
8396,0.0710252970457077
36212,0.06793956458568573
29340,0.06015949696302414
28561,0.046381376683712006
31736,0.04108860343694687
53582,0.03947716951370239
53589,0.038029562681913376
25800,0.03252803161740303
24565,0.027053577825427055
