Index,Activation Value
52426,0.1293281614780426
70776,0.09750742465257645
61123,0.0779300108551979
47448,0.07747413963079453
11313,0.07540372759103775
28425,0.07434704899787903
99629,0.06555727869272232
92077,0.053914397954940796
93659,0.052830688655376434
94608,0.05281510204076767
