Index,Activation Value
100136,0.08919092267751694
95769,0.0745670348405838
6156,0.07410202920436859
29372,0.06384462118148804
16959,0.060589246451854706
55426,0.05783172324299812
29450,0.05708250775933266
26012,0.05415528640151024
70520,0.05392191931605339
96654,0.04976469650864601
