Index,Activation Value
43054,0.25015634298324585
7145,0.1940186619758606
59924,0.14701715111732483
31684,0.10298826545476913
39547,0.09979821741580963
10226,0.09710177779197693
30430,0.09055853635072708
20635,0.08910901099443436
39207,0.08837027847766876
24702,0.08790070563554764
