Index,Activation Value
72094,0.0740649625658989
61202,0.07251562923192978
42168,0.0648702010512352
34454,0.0622137226164341
7334,0.05831216275691986
80233,0.04832298681139946
100195,0.04806077107787132
110055,0.04769696667790413
73306,0.04741688072681427
14022,0.04673675447702408
