Index,Activation Value
27438,0.12200827896595001
83828,0.11650022119283676
70776,0.09365618228912354
11313,0.07739455252885818
7334,0.0765271708369255
36173,0.07556121051311493
14022,0.07415245473384857
111011,0.07108892500400543
13090,0.06807264685630798
18680,0.0647454559803009
