Index,Activation Value
32727,0.01486829575151205
9351,0.013660167343914509
56155,0.013378940522670746
29465,0.012522281147539616
41844,0.012138845399022102
27683,0.010143748484551907
47257,0.007511327508836985
1202,0.006205993704497814
56889,0.005932241678237915
35033,0.005740908905863762
