Index,Activation Value
26518,0.12847229838371277
8302,0.12480728328227997
51614,0.1226280927658081
18297,0.10616561770439148
43178,0.10547766089439392
27840,0.09397026151418686
9648,0.08847074955701828
47264,0.0873718410730362
59868,0.08706339448690414
33277,0.08628910779953003
