Index,Activation Value
53579,0.08111248910427094
38924,0.07381314039230347
21467,0.06975225359201431
58249,0.06153223663568497
8080,0.04462231695652008
44569,0.04011046513915062
26778,0.03972546383738518
24298,0.03902807831764221
56855,0.03898231312632561
33011,0.0387769415974617
