Index,Activation Value
16107,0.08248152583837509
84018,0.0720752477645874
107925,0.06939731538295746
19627,0.045878536999225616
25887,0.04182146489620209
111154,0.040873993188142776
94111,0.04015791416168213
6375,0.038366738706827164
52426,0.034283868968486786
72094,0.031130459159612656
