Index,Activation Value
45538,0.14075641334056854
28561,0.12447809427976608
773,0.10885749012231827
44036,0.10592254251241684
47257,0.10539782792329788
39787,0.10478538274765015
11478,0.10396746546030045
23822,0.10363700240850449
53582,0.10314516723155975
46700,0.10164521634578705
