Index,Activation Value
13090,0.046582382172346115
852,0.03969117999076843
28425,0.03629535436630249
37498,0.03581015020608902
56725,0.03464200347661972
70349,0.03354186564683914
52183,0.030685078352689743
28910,0.02716471068561077
36173,0.023455927148461342
60631,0.022158930078148842
