Index,Activation Value
33336,0.07981295883655548
27789,0.0785018801689148
70776,0.07829087227582932
48473,0.0660538598895073
71879,0.056853797286748886
93969,0.05580459535121918
64204,0.055753543972969055
103825,0.05211728811264038
21549,0.05059182271361351
52826,0.045363835990428925
