Index,Activation Value
36212,0.032890379428863525
33011,0.028572149574756622
53579,0.027863824740052223
27547,0.027286643162369728
38924,0.02569696679711342
36473,0.02466750703752041
8396,0.02403285726904869
8080,0.023977551609277725
26778,0.023316536098718643
32727,0.020814022049307823
