Index,Activation Value
70349,0.14366157352924347
13090,0.10508088767528534
24604,0.10033763945102692
17902,0.08735981583595276
25849,0.08510220795869827
15706,0.07975427061319351
16107,0.07724201679229736
95312,0.07299381494522095
20663,0.06537996977567673
91551,0.06438959389925003
