Index,Activation Value
104537,0.1113908663392067
70349,0.10435143858194351
35254,0.08925913274288177
96758,0.08729170262813568
91875,0.07131101936101913
28910,0.06757114082574844
82590,0.06698508560657501
11313,0.05888514220714569
37498,0.058529820293188095
28425,0.058314308524131775
