Index,Activation Value
107558,0.011081109754741192
70349,0.010044128634035587
33336,0.007118459790945053
37498,0.006991177331656218
107995,0.005053392611443996
104537,0.00464967917650938
27438,0.004477606620639563
67013,0.004133664537221193
59998,0.003909089602530003
28425,0.003886836813762784
