Index,Activation Value
70349,0.16169576346874237
13090,0.1290803849697113
7351,0.09758979082107544
12,0.09735731035470963
12344,0.09233163297176361
14326,0.07716785371303558
65993,0.07075987011194229
87758,0.07069456577301025
4738,0.0662270113825798
17902,0.06329462677240372
