Index,Activation Value
7145,0.10025248676538467
16549,0.08382017910480499
7444,0.06873112916946411
7125,0.06798664480447769
5319,0.06336137652397156
44705,0.04725684970617294
17076,0.046241939067840576
16469,0.0457255020737648
53834,0.04215944558382034
34520,0.04101493954658508
