Index,Activation Value
3082,0.08391544222831726
7351,0.0768999308347702
4738,0.06197964400053024
95496,0.061084043234586716
74354,0.05599478259682655
7334,0.05258508771657944
101572,0.049854494631290436
47586,0.048414330929517746
71879,0.04461713507771492
65993,0.03776853159070015
