Index,Activation Value
8396,0.010319733992218971
36212,0.010142800398170948
56855,0.007741628680378199
29340,0.0042186337523162365
4530,0.0039679668843746185
