Index,Activation Value
56855,0.327646404504776
8080,0.27996891736984253
33011,0.2659771144390106
8396,0.26323217153549194
9816,0.2570325434207916
53579,0.24549369513988495
18000,0.24223209917545319
27547,0.24146905541419983
54138,0.23947148025035858
29340,0.23597992956638336
