Index,Activation Value
1909,0.2576224207878113
8080,0.22447609901428223
33011,0.18325175344944
18000,0.1687600016593933
48477,0.16369785368442535
52382,0.16206662356853485
31056,0.1618965119123459
11450,0.15755225718021393
32604,0.15382298827171326
1859,0.1514195203781128
