Index,Activation Value
21467,0.04045391455292702
38924,0.02193555422127247
53579,0.01994381844997406
32727,0.014936418272554874
38340,0.014736396260559559
26778,0.01268031820654869
27547,0.01262454129755497
33011,0.01088741235435009
41844,0.01088650245219469
24298,0.010712050832808018
