Index,Activation Value
65636,1.5396711826324463
34670,0.9996408224105835
43263,0.9741549491882324
46740,0.8564306497573853
103002,0.7680726647377014
98257,0.7281116247177124
71334,0.6914113759994507
30543,0.5785507559776306
74466,0.563347339630127
4650,0.5309396386146545
