Index,Activation Value
24298,2.5007476806640625
9816,2.4892945289611816
8019,2.3863039016723633
8080,2.309077501296997
42887,2.214542865753174
53579,2.2100908756256104
21467,1.8967396020889282
25800,1.7212404012680054
43197,1.6476672887802124
44569,1.5522266626358032
