Index,Activation Value
50215,1.3818408250808716
13567,1.0614659786224365
97156,1.0612435340881348
110446,0.9806937575340271
104074,0.9625218510627747
17072,0.9201033711433411
101900,0.9143465161323547
50985,0.9130896329879761
24352,0.8052011132240295
48820,0.7610480189323425
