Index,Activation Value
43054,0.26669350266456604
19868,0.25024908781051636
53589,0.23679138720035553
7145,0.21147650480270386
39547,0.19948968291282654
36212,0.17728528380393982
9049,0.15832586586475372
2354,0.1535651832818985
59924,0.12912659347057343
50144,0.12484738975763321
