Index,Activation Value
38924,1.9934782981872559
58249,1.7542591094970703
53579,1.2599925994873047
38247,1.257079839706421
56554,0.8493977785110474
54076,0.6044396758079529
43054,0.4728156328201294
10226,0.4372791647911072
36021,0.34010881185531616
47247,0.32890310883522034
