Index,Activation Value
13090,0.14744596183300018
88571,0.12111856788396835
107925,0.0988178551197052
70349,0.07390029728412628
53715,0.07311646640300751
90842,0.057169947773218155
25849,0.056948158890008926
111478,0.055324047803878784
108688,0.05254973843693733
38684,0.05052149295806885
