Index,Activation Value
27547,0.02015315555036068
32727,0.019336264580488205
13743,0.012016795575618744
30430,0.009146558120846748
38340,0.00828641839325428
45313,0.007399266120046377
7145,0.006515446584671736
41844,0.006503686774522066
9816,0.005755966529250145
38432,0.005163518711924553
