Index,Activation Value
88937,0.004760123323649168
6786,0.0034158031921833754
93988,0.0029745036736130714
62271,0.0014700801111757755
48529,0.0012426060857251287
59080,0.0008716727024875581
67013,0.0005893563502468169
