Index,Activation Value
38432,0.03947530686855316
56855,0.036965034902095795
8396,0.035860829055309296
27547,0.03138713538646698
36212,0.02665751799941063
53579,0.026576559990644455
26778,0.023245392367243767
29340,0.02297176606953144
38924,0.021187953650951385
21467,0.020618557929992676
