Index,Activation Value
32757,0.20350565016269684
47257,0.18507184088230133
44249,0.1694701910018921
12023,0.15250834822654724
43178,0.1421094387769699
34249,0.1417846828699112
579,0.1400538980960846
59981,0.1274183690547943
28855,0.12468446046113968
58963,0.1199963390827179
