Index,Activation Value
33336,0.06931465119123459
13090,0.06308337301015854
37498,0.04471685737371445
60631,0.04137961193919182
83828,0.03200729936361313
104537,0.031894318759441376
64204,0.02986004762351513
19627,0.026310184970498085
56725,0.02309270203113556
88571,0.022808633744716644
