Index,Activation Value
111011,0.03825501352548599
36173,0.03270791098475456
44123,0.026308299973607063
3082,0.023496858775615692
9293,0.019624056294560432
41210,0.019072864204645157
6156,0.01799880899488926
65958,0.017380865290760994
14326,0.01679898239672184
16107,0.015048223547637463
