Index,Activation Value
71879,0.09740133583545685
90842,0.07371523231267929
55779,0.06747268885374069
19627,0.06361879408359528
61202,0.06349273771047592
7351,0.06253542751073837
52491,0.060809191316366196
66353,0.060180336236953735
87077,0.05316811800003052
88571,0.05278158187866211
