Index,Activation Value
56855,0.000715574948117137
8396,0.0005392570164985955
