Index,Activation Value
8396,0.012145712971687317
36212,0.011928614228963852
56855,0.01136743277311325
38924,0.010608887299895287
53579,0.009409569203853607
58249,0.005682020448148251
33011,0.005667413584887981
29340,0.004888555034995079
1909,0.004642994608730078
8080,0.0031841883901506662
