Index,Activation Value
59998,0.0833655446767807
107995,0.0803755670785904
52426,0.07416429370641708
73306,0.07294399291276932
66575,0.06075860187411308
76906,0.059223756194114685
63054,0.057971544563770294
79955,0.05656423792243004
80813,0.053408343344926834
35254,0.05277112498879433
