Index,Activation Value
36212,0.1231638491153717
24298,0.09795333445072174
8396,0.09606984257698059
56855,0.09396892040967941
29340,0.08961892127990723
38924,0.0792640671133995
25657,0.07001388072967529
36473,0.06669535487890244
21467,0.06599461287260056
26778,0.06494490802288055
