Index,Activation Value
95769,0.10790734738111496
40355,0.0862455889582634
96065,0.08244168013334274
92307,0.07063029706478119
66575,0.06760374456644058
17335,0.0598994679749012
29450,0.055226244032382965
85185,0.05500313639640808
73855,0.05393064022064209
2915,0.05351013317704201
