Index,Activation Value
29340,0.6707813143730164
36212,0.03258993849158287
