Index,Activation Value
12,0.11066582053899765
7351,0.08774233609437943
45583,0.07840903848409653
36421,0.07726412266492844
8826,0.07580816745758057
67509,0.07349393516778946
66000,0.07237737625837326
16807,0.06851015985012054
38063,0.06473426520824432
64204,0.06432569026947021
