Index,Activation Value
27547,0.0071638720110058784
21467,0.0015265099937096238
38432,0.0009021167643368244
38924,0.0002366962726227939
