Index,Activation Value
104537,0.009855632670223713
84018,0.007533479481935501
44123,0.0008157919510267675
