Index,Activation Value
44123,0.022789910435676575
52854,0.01233924925327301
107200,0.01134874951094389
30064,0.008853659965097904
852,0.008744011633098125
1021,0.008392675779759884
107558,0.008118422701954842
41210,0.007981747388839722
68937,0.007608726155012846
39127,0.0074645099230110645
