Index,Activation Value
33336,0.002099310513585806
90842,0.0015658671036362648
6156,0.0013254581717774272
96758,0.00048147686175070703
70776,0.00038755792775191367
28910,0.00024575565475970507
110712,0.00016243942081928253
