Index,Activation Value
36212,0.029772602021694183
32727,0.025480123236775398
53579,0.02506169304251671
8396,0.02392801083624363
38924,0.023865021765232086
45313,0.0207578856498003
56855,0.0204421728849411
9816,0.020064789801836014
24298,0.019880032166838646
25657,0.0188568327575922
