Index,Activation Value
111011,0.0321834422647953
6156,0.02657361887395382
90842,0.024212444201111794
12344,0.02386614680290222
27438,0.022953836247324944
108688,0.018829073756933212
14022,0.016450947150588036
62662,0.015049579553306103
38228,0.014632067643105984
102181,0.013635103590786457
