Index,Activation Value
28910,0.003607872873544693
52183,0.00329919857904315
56725,0.0013272595824673772
59998,0.0006880583823658526
104537,0.0006677274941466749
99629,0.00043671007733792067
83828,0.0003828945045825094
70349,0.0002667242079041898
96758,7.347856444539502e-05
