Index,Activation Value
55426,0.005251037888228893
29450,0.003757250029593706
95769,0.0036183353513479233
107925,0.003303857985883951
29372,0.0030046324245631695
38228,0.0028858117293566465
72094,0.00276568834669888
90842,0.0026114163920283318
66000,0.0024991475511342287
74354,0.0024460977874696255
