Index,Activation Value
36473,0.010124975815415382
14196,0.009618036448955536
32696,0.008503132499754429
41843,0.004450387787073851
50144,0.003748764982447028
26973,0.003169383853673935
58688,0.0020233660470694304
46315,0.0017557733226567507
18455,0.0014861802337691188
51163,0.0012346869334578514
