Index,Activation Value
28312,0.04936705529689789
7783,0.04191901907324791
4817,0.04118875041604042
44743,0.03712407127022743
49406,0.03690853714942932
56096,0.03667277470231056
27569,0.03601914644241333
20435,0.035871341824531555
56545,0.03506913036108017
48137,0.03311385586857796
