Index,Activation Value
91875,0.0678078755736351
50439,0.06551798433065414
592,0.06173507496714592
50983,0.05656038224697113
6156,0.05246271938085556
48304,0.049334682524204254
36411,0.049046363681554794
35831,0.04897163435816765
2871,0.04895339906215668
46866,0.04605394974350929
