Index,Activation Value
88384,2.630444049835205
57892,1.6026557683944702
89670,1.577499270439148
26647,1.4910926818847656
104111,1.357002854347229
60723,1.3023542165756226
60109,1.2019860744476318
41376,1.1547343730926514
48452,1.015443205833435
42098,0.9908023476600647
