Index,Activation Value
14196,0.20606377720832825
48137,0.18707725405693054
39450,0.18065151572227478
28312,0.16292372345924377
16956,0.1603798270225525
56096,0.15882322192192078
49406,0.15441061556339264
28561,0.1531943380832672
36743,0.15248751640319824
44743,0.15183398127555847
