Index,Activation Value
53579,0.5647059679031372
38924,0.5429812669754028
29340,0.484836608171463
21467,0.4715423583984375
56855,0.4238415062427521
26778,0.40366286039352417
8396,0.3887379765510559
58249,0.37599343061447144
27547,0.37015676498413086
36212,0.361301988363266
