Index,Activation Value
38924,0.005240891594439745
26778,0.0042400299571454525
19868,0.003999397158622742
43054,0.003341857111081481
43178,0.0016923636430874467
38247,0.0008104487787932158
38340,5.29346325492952e-05
