Index,Activation Value
56855,0.011148742400109768
53582,0.004027396906167269
14826,0.0018886219477280974
7683,0.001854246249422431
59981,0.001807112363167107
24565,0.0017455107299610972
44269,0.0008575358078815043
33607,0.00014091911725699902
