Index,Activation Value
42887,0.04223259910941124
9816,0.041235748678445816
45313,0.02869114652276039
5319,0.024547530338168144
26174,0.017331184819340706
58916,0.01668851263821125
26778,0.016489949077367783
58249,0.01643359288573265
31904,0.01528850756585598
44208,0.014253548346459866
