Index,Activation Value
59096,2.186957359313965
63461,1.3941007852554321
17874,1.3321125507354736
77852,1.1145493984222412
79857,1.0185351371765137
40775,0.864231526851654
5958,0.7253397703170776
29172,0.6359273791313171
19773,0.48041102290153503
99281,0.41464078426361084
