Index,Activation Value
70349,0.0032056584022939205
13090,0.0007537318160757422
3082,0.00019182535470463336
