Index,Activation Value
16107,0.011851719580590725
87491,0.010252166539430618
110091,0.00958549976348877
95769,0.006616910453885794
67013,0.0046443031169474125
9293,0.004071797709912062
74331,0.0038928657304495573
20663,0.003748298389837146
37498,0.003189606126397848
83828,0.00306517630815506
