Index,Activation Value
56855,0.003653263906016946
55023,0.0021636225283145905
