Index,Activation Value
43054,0.4752412438392639
8576,0.12061332911252975
48384,0.041609544306993484
26816,0.024828104302287102
24044,0.00975767895579338
