Index,Activation Value
11107,0.2368651032447815
21180,0.20605264604091644
