Index,Activation Value
29340,0.3229251205921173
56855,0.31179776787757874
8396,0.30175715684890747
36212,0.24772348999977112
43054,0.19336891174316406
4530,0.1710011214017868
53582,0.1515423059463501
16549,0.14093783497810364
39547,0.13710100948810577
55023,0.13077965378761292
