Index,Activation Value
38924,0.019013160839676857
53579,0.014078945852816105
8080,0.013716119341552258
26778,0.012215717695653439
21467,0.01202045101672411
33011,0.010637895204126835
38432,0.010454564355313778
27547,0.00978699978441
29340,0.009206089191138744
58249,0.008736264891922474
