Index,Activation Value
59475,1.1539024114608765
2163,0.0029648910276591778
