Index,Activation Value
70349,0.041477084159851074
37498,0.03356021270155907
13090,0.03262105584144592
86538,0.018563399091362953
852,0.015273574739694595
111011,0.014975880272686481
88571,0.014898247085511684
14165,0.008660863153636456
56725,0.0078117516823112965
105112,0.007281775586307049
