Index,Activation Value
56855,0.4854460060596466
8396,0.4201274812221527
36212,0.35800477862358093
25657,0.2932514250278473
29340,0.28876540064811707
4530,0.25651922821998596
38432,0.25315073132514954
52440,0.243148073554039
55023,0.2376086264848709
14826,0.218917116522789
