Index,Activation Value
36212,0.1047046110033989
53589,0.09576276689767838
58249,0.09161128848791122
19868,0.08994191884994507
38924,0.08344755321741104
56855,0.07884824275970459
8396,0.07521265745162964
57551,0.06439649313688278
53579,0.058691587299108505
21467,0.05825304612517357
