Index,Activation Value
90842,0.0007690030615776777
70349,0.0006455264519900084
