Index,Activation Value
33048,0.010896187275648117
11450,0.007688839454203844
16486,0.006921165157109499
55034,0.006410887930542231
38917,0.0057901921682059765
54446,0.005520399194210768
1976,0.005489822942763567
13098,0.005182486027479172
33129,0.00507915997877717
15670,0.005016953684389591
