Index,Activation Value
579,0.013778727501630783
36473,0.013050870969891548
20435,0.010375043377280235
54222,0.009374639019370079
56032,0.008417227305471897
52585,0.007400908041745424
38924,0.007154508959501982
5476,0.007055443711578846
58249,0.006728628650307655
11257,0.006376210134476423
