Index,Activation Value
12344,0.023984642699360847
6156,0.019722819328308105
868,0.018702400848269463
37498,0.01577172242105007
74354,0.01480480283498764
83828,0.013079906813800335
7351,0.01155892200767994
73277,0.01076466217637062
79383,0.01059455145150423
27438,0.010298628360033035
