Index,Activation Value
53579,0.03535360470414162
38432,0.03156951069831848
21467,0.03130640089511871
38924,0.030829280614852905
33011,0.028556616976857185
58249,0.0240754596889019
26778,0.023755492642521858
56855,0.02097841538488865
42887,0.019330518320202827
8080,0.016169793903827667
