Index,Activation Value
88571,0.03182992711663246
13090,0.030317123979330063
64204,0.030082454904913902
111478,0.026582099497318268
22230,0.02571110986173153
83828,0.021402908489108086
88295,0.021055717021226883
95312,0.019597863778471947
16158,0.019217513501644135
52683,0.017694147303700447
