Index,Activation Value
95769,0.018190477043390274
36173,0.017046349123120308
56725,0.016243448480963707
73855,0.015877749770879745
92179,0.01563175581395626
13090,0.013338940218091011
92547,0.013193384744226933
70776,0.011607864871621132
16838,0.01139312144368887
94111,0.0106372544541955
