Index,Activation Value
17950,1.5580331087112427
54927,1.291901707649231
57522,1.0811583995819092
25718,0.9932705163955688
57092,0.7818722724914551
21212,0.6871087551116943
58972,0.5445618033409119
26553,0.519880473613739
23658,0.49332213401794434
25425,0.4829917252063751
