Index,Activation Value
8080,0.5456209182739258
56855,0.4990980923175812
29340,0.44592657685279846
36212,0.4374694526195526
54138,0.43639111518859863
8396,0.42144498229026794
24298,0.41373932361602783
44569,0.38489264249801636
33011,0.37848252058029175
53579,0.3626747131347656
