Index,Activation Value
56855,0.013374874368309975
8396,0.011438624933362007
36212,0.007321568671613932
29340,0.006498230621218681
58249,0.005198365077376366
38432,0.0042259581387043
25657,0.003530125366523862
4530,0.0022272630594670773
55023,0.001676850370131433
36473,0.0015005606692284346
