Index,Activation Value
36173,0.026221824809908867
38228,0.02430211752653122
102181,0.023776426911354065
33336,0.022345058619976044
60631,0.02169147878885269
27438,0.019558129832148552
12,0.018536029383540154
42493,0.018108386546373367
111011,0.01667787879705429
47884,0.01577134244143963
