Index,Activation Value
17907,0.860077977180481
25168,0.48507159948349
23122,0.4322205185890198
51971,0.424225777387619
56577,0.38774585723876953
8365,0.32191911339759827
28592,0.31102409958839417
20895,0.29411548376083374
9592,0.2924581468105316
23182,0.2505216896533966
