Index,Activation Value
28561,0.8188589811325073
10280,0.5214331150054932
25830,0.27988550066947937
57851,0.2295481413602829
24747,0.2151234745979309
16142,0.044929273426532745
