Index,Activation Value
53589,0.08169849961996078
57551,0.07932041585445404
14826,0.07005339115858078
30430,0.06868410855531693
19868,0.06583396345376968
21467,0.061624668538570404
23805,0.05540025606751442
33607,0.04587272182106972
19339,0.045276738703250885
7683,0.04362731799483299
