Index,Activation Value
27683,0.09150540083646774
6844,0.08569682389497757
1976,0.07957374304533005
29465,0.07205914705991745
35033,0.07065723091363907
26174,0.06827503442764282
15758,0.06444583088159561
24588,0.06390300393104553
2891,0.0602310486137867
22813,0.059204619377851486
