Index,Activation Value
108447,0.5521981716156006
83621,0.3333621323108673
31348,0.20464031398296356
