Index,Activation Value
28425,0.07932943105697632
37498,0.04975583776831627
56725,0.04713340103626251
52183,0.04688297212123871
97407,0.03163639083504677
13090,0.03157614916563034
99629,0.030918996781110764
16158,0.027125760912895203
104537,0.024583758786320686
107558,0.02296706661581993
