Index,Activation Value
39812,0.017281893640756607
4581,0.014050919562578201
9775,0.012251283973455429
44937,0.011240688152611256
14971,0.011222257278859615
1976,0.011154497042298317
39294,0.010958860628306866
48738,0.010570447891950607
53809,0.010568259283900261
54825,0.00946207344532013
