Index,Activation Value
54956,1.713685154914856
46383,1.4215139150619507
3987,1.0952762365341187
32511,0.8995884656906128
94318,0.8919186592102051
78139,0.8601685166358948
43806,0.8188032507896423
107636,0.8110538125038147
65617,0.7695116996765137
95517,0.6587420701980591
