Index,Activation Value
10536,1.1692665815353394
84957,0.9361584186553955
105932,0.5791727304458618
111513,0.2574428617954254
52621,0.2338097244501114
85461,0.22165848314762115
44499,0.08729222416877747
102046,0.06831444799900055
104537,0.039655234664678574
