Index,Activation Value
53579,0.8147273659706116
38924,0.7632426619529724
21467,0.7196820378303528
33011,0.6422485113143921
26778,0.5321762561798096
58249,0.5112412571907043
1909,0.44368985295295715
27547,0.4085768163204193
8080,0.3742910921573639
13179,0.36087819933891296
