Index,Activation Value
20435,0.0007231257623061538
58458,0.0005559983546845615
