Index,Activation Value
21467,0.154832661151886
38432,0.1392298936843872
15397,0.13475976884365082
36625,0.12252567708492279
7783,0.10590795427560806
36944,0.10483699291944504
42599,0.10406240820884705
57892,0.10118013620376587
25227,0.09252666682004929
40818,0.09143654257059097
