Index,Activation Value
10570,3.676114082336426
54227,3.437980890274048
24567,3.1491923332214355
38249,3.0332188606262207
37903,3.0125937461853027
17428,2.623373508453369
49406,2.573399782180786
50324,2.481677770614624
7783,2.445315361022949
41146,2.3978731632232666
