Index,Activation Value
36473,0.24527327716350555
17428,0.1506362408399582
10570,0.1435232013463974
13179,0.11823996156454086
9480,0.09782921522855759
57009,0.09688957780599594
56032,0.09685958176851273
1909,0.09247774630784988
56007,0.08605329692363739
58249,0.08187735825777054
