Index,Activation Value
21467,0.5620713233947754
53579,0.40258005261421204
33011,0.3003847301006317
38924,0.2938118875026703
58249,0.22745159268379211
8080,0.22677259147167206
30430,0.2054995447397232
9816,0.2016434222459793
54138,0.19966524839401245
42887,0.19441726803779602
