Index,Activation Value
38432,0.0356857106089592
30430,0.02288849651813507
26778,0.02126327157020569
38340,0.01707201637327671
36212,0.01657952181994915
53579,0.01569048874080181
13743,0.015135042369365692
33011,0.013746346347033978
27547,0.013673941604793072
44743,0.008505324833095074
