Index,Activation Value
39547,0.006491603795439005
30430,0.00505002960562706
42887,0.004177242983132601
9816,0.0008276536827906966
2354,0.0006322391564026475
