Index,Activation Value
7145,0.03935655951499939
43054,0.03743254393339157
15397,0.033041827380657196
9049,0.0295502208173275
59924,0.02852240577340126
27840,0.025746764615178108
20635,0.024281924590468407
31723,0.023594912141561508
40818,0.023477476090192795
55625,0.023303424939513206
