Index,Activation Value
38924,0.0024708257988095284
58249,0.0005640144809149206
53579,0.00047877593897283077
33011,0.00029434438329190016
