Index,Activation Value
33336,0.13930007815361023
102181,0.08988741040229797
111011,0.08232863247394562
59998,0.07672209292650223
64204,0.07583767175674438
66000,0.07488774508237839
91104,0.05990998074412346
80801,0.05757293105125427
6375,0.0552934892475605
96758,0.05510649085044861
