Index,Activation Value
64204,0.1452593356370926
28425,0.13575807213783264
33336,0.12363998591899872
6375,0.07821349054574966
94111,0.06826572120189667
49456,0.06634001433849335
56266,0.05931056663393974
42493,0.058779116719961166
96758,0.057391006499528885
27438,0.05705287680029869
