Index,Activation Value
28425,0.10210531204938889
87491,0.07692205160856247
82590,0.06701402366161346
16107,0.06558101624250412
41552,0.06451372802257538
70349,0.06166495755314827
111011,0.06065341457724571
25887,0.05864247307181358
56725,0.05812426283955574
28910,0.05250455066561699
