Index,Activation Value
60631,0.09264995157718658
7351,0.08080047369003296
87758,0.07424033433198929
95496,0.07124049961566925
108688,0.06582273542881012
12344,0.06430879235267639
2871,0.06411947309970856
40355,0.0626460388302803
6156,0.059739869087934494
36411,0.058115147054195404
