Index,Activation Value
26778,0.00323040084913373
58249,0.001380310975946486
36212,0.0012972053373232484
38924,0.0006919532315805554
