Index,Activation Value
70349,0.022978194057941437
14165,0.01554953120648861
25024,0.006061583757400513
108688,0.003777020378038287
84018,0.0032005852553993464
105492,0.0007011571433395147
66371,0.00044315645936876535
75188,0.00043378217378631234
13090,0.00014556081441696733
