Index,Activation Value
31707,1.0270659923553467
30862,0.9420363903045654
25159,0.8244951367378235
28821,0.6905381083488464
73062,0.5823009610176086
56606,0.49992305040359497
3250,0.4749726951122284
99172,0.45260393619537354
10952,0.4137815833091736
88384,0.3697637915611267
