Index,Activation Value
35684,0.099995918571949
7145,0.07833055406808853
20544,0.07800159603357315
38764,0.07754021883010864
2891,0.07632303237915039
52106,0.07038621604442596
44189,0.06912484765052795
13910,0.06791771948337555
36685,0.06536513566970825
439,0.06238948553800583
