Index,Activation Value
34454,0.003524121595546603
96758,0.00348790199495852
107995,0.002182033145800233
73908,0.002140935743227601
73855,0.002118579111993313
29450,0.0021013393998146057
36173,0.0019815375562757254
103694,0.0017536691157147288
92077,0.0017188760684803128
90842,0.0017093714559450746
