Index,Activation Value
90842,0.018727794289588928
105975,0.013127644546329975
107925,0.012491636909544468
88384,0.009699253365397453
92876,0.008345705457031727
4264,0.0068231443874537945
87126,0.006745722144842148
12,0.006580732762813568
88407,0.006554710678756237
71879,0.005998203530907631
