Index,Activation Value
99629,0.08561759442090988
4738,0.07315301895141602
21175,0.072336345911026
104002,0.071836918592453
104537,0.07116063684225082
50983,0.06991994380950928
13090,0.06887354701757431
52183,0.06887198239564896
54956,0.059610288590192795
82590,0.059208761900663376
