Index,Activation Value
64204,0.17923769354820251
33336,0.10083658248186111
90842,0.09041596204042435
105073,0.0887194499373436
107995,0.08648955076932907
16158,0.08521216362714767
107925,0.08455897867679596
38228,0.07634184509515762
52426,0.07581613957881927
94608,0.07372991740703583
