Index,Activation Value
3082,0.014433780685067177
55426,0.009639057330787182
80813,0.006836023181676865
19627,0.005640355870127678
15037,0.0031350399367511272
34454,0.0025904588401317596
29372,0.0007198270177468657
76908,0.0006915793055668473
23836,0.000514073355589062
105537,0.0004226947494316846
