Index,Activation Value
21467,0.6470646858215332
53579,0.6449315547943115
38924,0.495730996131897
8080,0.4857596457004547
1909,0.42015311121940613
44569,0.3949069082736969
58249,0.3725041449069977
27547,0.3631536066532135
26778,0.32459941506385803
38432,0.3237104117870331
