Index,Activation Value
852,0.013965041376650333
27912,0.006537885405123234
39998,0.00478373933583498
96065,0.00464501092210412
62757,0.004234819673001766
74331,0.0010975118493661284
88384,0.0010422738268971443
