Index,Activation Value
26073,0.03210882097482681
26778,0.02857070416212082
21565,0.02720879763364792
55454,0.02515922673046589
10570,0.02453608438372612
13179,0.02441416308283806
20435,0.02148665301501751
35473,0.02138984017074108
5962,0.020494600757956505
4987,0.020453238859772682
