Index,Activation Value
36212,0.49419376254081726
38432,0.42101210355758667
8396,0.3853320777416229
56855,0.35754090547561646
38340,0.33672285079956055
21467,0.3225335478782654
29340,0.30905067920684814
38924,0.30233490467071533
32727,0.29385167360305786
25657,0.2876933813095093
