Index,Activation Value
58458,0.17204172909259796
48137,0.16515056788921356
32704,0.16139155626296997
42296,0.15952333807945251
28312,0.1589532047510147
34397,0.1552976369857788
49406,0.14849264919757843
20435,0.14497455954551697
52585,0.14216722548007965
39450,0.13890340924263
