Index,Activation Value
72094,0.014730703085660934
90842,0.014312803745269775
95769,0.009783441200852394
7334,0.007854051887989044
11313,0.006772094871848822
21549,0.0065176826901733875
92077,0.005437943618744612
54956,0.004399141762405634
18680,0.003758917562663555
54156,0.0032635447569191456
