Index,Activation Value
21467,0.32690727710723877
53579,0.29921889305114746
38924,0.26340192556381226
8080,0.25641390681266785
58249,0.2306140810251236
29340,0.18019621074199677
38127,0.1762462705373764
38432,0.16514159739017487
27547,0.15659742057323456
1909,0.14807499945163727
