Index,Activation Value
36212,0.03323029354214668
8396,0.02973305806517601
25657,0.026924338191747665
56855,0.0253702811896801
29340,0.02281791903078556
8080,0.02139412984251976
54138,0.017183413729071617
27547,0.01619250513613224
4530,0.015435682609677315
55023,0.013769997283816338
