Index,Activation Value
28425,0.041462674736976624
90842,0.02718064934015274
60631,0.026001717895269394
56725,0.025863071903586388
37498,0.024495894089341164
71879,0.022980814799666405
107925,0.021084865555167198
99629,0.019771577790379524
102181,0.01848849467933178
12344,0.017878549173474312
