Index,Activation Value
38127,0.23238088190555573
42784,0.05474044755101204
14960,0.05309855192899704
51163,0.052266038954257965
17294,0.05088800564408302
54426,0.04930363968014717
25544,0.04878832772374153
50660,0.041192661970853806
45858,0.03961603716015816
34331,0.03837340325117111
