Index,Activation Value
12,0.09149562567472458
14326,0.07548757642507553
104537,0.07210999727249146
85185,0.070000559091568
592,0.06617777049541473
100740,0.06454475224018097
75310,0.06348948925733566
107995,0.06302417069673538
110643,0.062275130301713943
48473,0.061415474861860275
