Index,Activation Value
107558,0.02090844325721264
90842,0.01683994010090828
52854,0.01107072364538908
29372,0.006769297644495964
88295,0.005237861070781946
96758,0.004372117109596729
12064,0.0035789990797638893
20779,0.003031340194866061
71879,0.0028861919417977333
50022,0.002703167265281081
