Index,Activation Value
29340,0.02357516996562481
36212,0.022461766377091408
56855,0.021167241036891937
8396,0.014051446691155434
43054,0.010628053918480873
55023,0.008559389039874077
39547,0.002820570720359683
36473,0.0021793690975755453
53582,0.0009077800787054002
