Index,Activation Value
21467,0.4150976538658142
38924,0.3755906820297241
53579,0.33819422125816345
26778,0.2891055941581726
33011,0.2791670858860016
58249,0.24312283098697662
43054,0.2125815600156784
38247,0.20094828307628632
38432,0.18556402623653412
38340,0.17357000708580017
