Index,Activation Value
52770,0.40513941645622253
33053,0.2706703245639801
52011,0.27048829197883606
552,0.26369190216064453
29879,0.203062042593956
35751,0.20169171690940857
38135,0.14419816434383392
10404,0.14240926504135132
31537,0.14118139445781708
56441,0.13859263062477112
