Index,Activation Value
73782,0.08536892384290695
33336,0.07807284593582153
22092,0.07135935127735138
64204,0.06328432261943817
92881,0.04551316052675247
48473,0.04138950631022453
34454,0.036612384021282196
104537,0.031344130635261536
12942,0.030137263238430023
67013,0.029213812202215195
