Index,Activation Value
21467,0.008047923445701599
38924,0.007400437258183956
33011,0.00607761275023222
53579,0.006006523966789246
58249,0.005122290924191475
26778,0.004401203244924545
56554,0.003725644201040268
36473,0.003090780461207032
38432,0.0028858697041869164
18000,0.002788888057693839
