Index,Activation Value
23505,0.09171771258115768
13654,0.03927020728588104
