Index,Activation Value
7145,0.22083382308483124
7444,0.1654570996761322
31056,0.16438211500644684
59924,0.15305007994174957
31723,0.13295331597328186
9049,0.1283530294895172
44208,0.12612417340278625
7125,0.1259937286376953
40818,0.12368492037057877
42599,0.11665495485067368
