Index,Activation Value
7351,0.1107206717133522
92077,0.11008000373840332
18680,0.09312938153743744
7334,0.08946272730827332
12344,0.08676065504550934
36173,0.08116071671247482
103825,0.08091083914041519
47448,0.0797789990901947
62662,0.07576072961091995
72094,0.07378869503736496
