Index,Activation Value
90842,0.0302805807441473
47884,0.027510445564985275
111056,0.02560170367360115
9293,0.025142215192317963
28425,0.025067854672670364
107551,0.024037595838308334
19627,0.02312633767724037
103991,0.020251482725143433
97828,0.017062807455658913
592,0.01678549498319626
