Index,Activation Value
55426,0.014826362952589989
29623,0.012980292551219463
16959,0.009562411345541477
80233,0.0071727195754647255
22839,0.006444934289902449
87491,0.00641586584970355
58436,0.004850735887885094
100224,0.004402237478643656
100884,0.004085317719727755
36556,0.0037365122698247433
