Index,Activation Value
6156,0.08307291567325592
27858,0.06426113843917847
25887,0.04826446622610092
56725,0.04815743863582611
112731,0.04071471840143204
79383,0.03952811285853386
97336,0.035460952669382095
92077,0.034611623734235764
89243,0.033464882522821426
71843,0.03148996829986572
