Index,Activation Value
13090,0.01250036433339119
42192,0.007791368290781975
88295,0.00427948497235775
24235,0.0040262420661747456
25887,0.003976820502430201
35254,0.002981494879350066
17608,0.0022305124439299107
