Index,Activation Value
80813,0.028884705156087875
90842,0.017988145351409912
12,0.015970230102539062
19627,0.014135494828224182
44818,0.013016102835536003
38274,0.009922723285853863
14326,0.00988183543086052
62757,0.008777407929301262
75921,0.008511628955602646
104537,0.00764513248577714
