Index,Activation Value
43178,0.051559772342443466
21467,0.04957977682352066
47257,0.043655846267938614
53589,0.04206894710659981
54222,0.04138507694005966
38432,0.040254976600408554
39547,0.040219761431217194
14196,0.0400644913315773
2354,0.03568847477436066
30430,0.03531397879123688
