Index,Activation Value
44208,0.1442711353302002
4930,0.10410334169864655
24567,0.10050369799137115
24409,0.09605517983436584
41843,0.09300306439399719
3932,0.08998171985149384
43054,0.08435211330652237
32881,0.08183202892541885
54927,0.07687056809663773
50938,0.0721043050289154
