Index,Activation Value
73070,0.2921573519706726
18437,0.25449925661087036
61848,0.025531012564897537
27917,0.005553906317800283
41541,0.005475361365824938
