Index,Activation Value
104537,0.1490827202796936
37498,0.13085034489631653
70776,0.09128943830728531
21549,0.09038345515727997
11313,0.08992437273263931
12344,0.07833158224821091
60806,0.07698801904916763
12832,0.07306703925132751
90710,0.07051531970500946
30064,0.06915434449911118
