Index,Activation Value
56855,0.012290744110941887
8396,0.010969242081046104
28312,0.006039363797754049
20435,0.005036062095314264
56096,0.0029934276826679707
7783,0.001695916405878961
51614,0.0016790454974398017
31723,0.0016678619431331754
4817,0.001590903615579009
40818,0.0012968267546966672
