Index,Activation Value
19491,0.05462571606040001
28312,0.05079447105526924
49406,0.04769633337855339
37379,0.04524201527237892
56096,0.044820819050073624
14196,0.04430624097585678
20435,0.043601471930742264
4817,0.04167504981160164
16956,0.04026463255286217
48137,0.04002503678202629
