Index,Activation Value
56725,0.001631271792575717
28425,0.0008453891496174037
96758,0.00020380942441988736
72094,0.00014597854169551283
104537,9.749198943609372e-05
60631,9.281810343964025e-05
27438,8.412224269704893e-05
3082,8.028109732549638e-05
110712,7.18222072464414e-05
37498,4.4483556848717853e-05
