Index,Activation Value
56855,0.015045948326587677
8396,0.007038732524961233
29340,0.0032226520124822855
36473,0.002451102016493678
33011,0.0017245133640244603
