Index,Activation Value
28312,0.039501022547483444
4055,0.03094259835779667
37903,0.029660573229193687
39787,0.028396273031830788
48346,0.027014942839741707
4987,0.02677897922694683
17366,0.026769910007715225
21019,0.02644079364836216
7783,0.02621663548052311
56096,0.026029380038380623
