Index,Activation Value
28855,0.03762514516711235
47257,0.031557597219944
58963,0.015554020181298256
22080,0.012174202129244804
49883,0.011236091144382954
44208,0.01034702081233263
46490,0.010052107274532318
3204,0.009612726047635078
21618,0.00918638240545988
29999,0.009098912589251995
