Index,Activation Value
95769,0.09264364093542099
71932,0.08184468001127243
66371,0.07869302481412888
27438,0.0783037468791008
33336,0.0667453482747078
75996,0.0644349530339241
4141,0.06293756514787674
45447,0.06098258122801781
52008,0.05970802158117294
29450,0.05442735552787781
