Index,Activation Value
4191,0.02039382793009281
43541,0.020060023292899132
39864,0.013067284598946571
28640,0.010279463604092598
28312,0.007874599657952785
56096,0.007718215696513653
30653,0.0073007140308618546
2792,0.00720046553760767
1333,0.006103875115513802
38374,0.005383720621466637
