Index,Activation Value
39678,0.14585436880588531
47687,0.014557710848748684
