Index,Activation Value
7076,0.4629293382167816
57458,0.07240612804889679
