Index,Activation Value
38924,0.07286638021469116
43054,0.049892425537109375
39547,0.048951540142297745
43178,0.033454529941082
51614,0.03141229227185249
28855,0.03122127801179886
2354,0.02709081396460533
42773,0.023560691624879837
22718,0.021446241065859795
1838,0.01833115890622139
