Index,Activation Value
54712,1.2487335205078125
11462,0.7129229307174683
111996,0.5530834197998047
102118,0.363454133272171
23064,0.31403848528862
107021,0.27506574988365173
108191,0.08778176456689835
87030,0.08127763122320175
103111,0.014804876409471035
