Index,Activation Value
52339,1.1862260103225708
38795,1.1619327068328857
88087,0.9984720349311829
102683,0.7045924663543701
57422,0.6464126110076904
50466,0.5617266297340393
17481,0.5492483973503113
1792,0.4962325394153595
79905,0.4802744388580322
15946,0.47932836413383484
