Index,Activation Value
104537,0.07034294307231903
92876,0.06583034992218018
93685,0.06410955637693405
17902,0.06323129683732986
36173,0.060185063630342484
102181,0.05829326808452606
93137,0.0561564601957798
4825,0.054881058633327484
8251,0.05440817028284073
75869,0.051015935838222504
