Index,Activation Value
21467,0.0655682384967804
24298,0.043240245431661606
54138,0.03819776326417923
8080,0.036056701093912125
53579,0.032406166195869446
8019,0.030889637768268585
27547,0.028978442773222923
38432,0.027571119368076324
38924,0.027538880705833435
44569,0.025417720898985863
