Index,Activation Value
1201,0.7686929106712341
972,0.6652421355247498
29340,0.3661554157733917
