Index,Activation Value
24565,0.14867958426475525
43178,0.11345213651657104
53582,0.09807676821947098
4191,0.08360088616609573
40169,0.07640551775693893
773,0.07498456537723541
16549,0.07380291819572449
28855,0.06448960304260254
39837,0.06412235647439957
41694,0.05664964020252228
