Index,Activation Value
6190,1.746813178062439
32086,1.6374276876449585
39450,1.622737169265747
38848,1.6030412912368774
29744,1.5864180326461792
11485,1.5118162631988525
28879,1.4927796125411987
7152,1.4386043548583984
35050,1.409515380859375
34397,1.403976559638977
