Index,Activation Value
12,0.0032736267894506454
12344,0.001395460800267756
