Index,Activation Value
29340,2.539032459259033
45282,1.1963887214660645
56855,1.18719482421875
8396,0.9234547019004822
32727,0.8296802043914795
19868,0.7240327596664429
21467,0.6524612307548523
56322,0.5033106803894043
13200,0.46572205424308777
42192,0.18068881332874298
