Index,Activation Value
36473,0.006179637275636196
24298,0.005789925344288349
8019,0.00375990173779428
29340,0.003045931924134493
36212,0.0029133812058717012
54138,0.00240886933170259
32727,0.0019924850203096867
43197,0.0005443379050120711
45313,0.0005001481622457504
56855,0.00022790978255216032
