Index,Activation Value
48137,0.06388217210769653
28312,0.06322956085205078
32704,0.05804361775517464
56096,0.05482853949069977
20435,0.05445897951722145
58458,0.05420984700322151
52585,0.054170381277799606
42296,0.05061952397227287
18517,0.049375563859939575
22353,0.04590119421482086
