Index,Activation Value
38432,0.00834090169519186
43115,0.001239841221831739
30430,5.3602248954121023e-05
