Index,Activation Value
17132,0.08801248669624329
14974,0.0629732757806778
53325,0.034217797219753265
