Index,Activation Value
19476,1.2525731325149536
59122,1.2494633197784424
13384,1.0932648181915283
53631,0.8948413133621216
36238,0.8531356453895569
7744,0.8257275819778442
20347,0.7448782324790955
13785,0.7357479929924011
44411,0.7256642580032349
21473,0.7186782360076904
