Index,Activation Value
57529,1.7645623683929443
76696,1.6569056510925293
51198,1.4080102443695068
70520,1.3976304531097412
79171,1.344465732574463
77367,1.2306890487670898
3250,1.0131908655166626
88937,0.9213823080062866
62215,0.8917554020881653
55845,0.8691676259040833
