Index,Activation Value
43054,0.12288150191307068
44208,0.08748364448547363
4987,0.06739383935928345
2354,0.058960527181625366
59924,0.05738823115825653
41410,0.048865217715501785
39207,0.04782126098871231
41843,0.0477716326713562
34547,0.047448739409446716
57114,0.04660254716873169
