Index,Activation Value
99815,0.3524823486804962
3532,0.12984278798103333
25653,0.11495701968669891
65108,0.04412663355469704
