Index,Activation Value
55940,1.6245347261428833
86442,1.5278228521347046
35777,1.3123095035552979
9883,1.055098533630371
109685,1.0050592422485352
106391,0.9391907453536987
24632,0.9335745573043823
106134,0.9207123517990112
111268,0.9145389795303345
49941,0.8642577528953552
