Index,Activation Value
12344,0.019730839878320694
92077,0.010635890066623688
62662,0.009074723348021507
8251,0.008678790181875229
87758,0.007095739711076021
76908,0.0030206129886209965
72094,0.0020024864934384823
1267,0.0016218574019148946
61123,0.0010622689733281732
101572,0.00046931832912378013
