Index,Activation Value
11006,0.9943955540657043
10382,0.8684883713722229
27801,0.7492194771766663
9962,0.5800235271453857
29333,0.18395280838012695
27492,0.03186909109354019
