Index,Activation Value
21467,0.16584928333759308
24298,0.13352026045322418
8080,0.13050508499145508
44569,0.12926889955997467
53579,0.12298387289047241
27547,0.12232191115617752
56855,0.12076263129711151
1909,0.11905834078788757
54138,0.10805907100439072
8019,0.10760341584682465
