Index,Activation Value
56725,0.05480412393808365
33336,0.05314101278781891
27438,0.052434179931879044
96758,0.05096500366926193
37498,0.046878259629011154
13090,0.044248782098293304
60631,0.03942509740591049
52683,0.03781089931726456
70349,0.03735637664794922
83828,0.03725314140319824
