Index,Activation Value
59924,0.15207377076148987
9049,0.13894017040729523
31723,0.11643119156360626
24702,0.11501117050647736
15111,0.11226486414670944
15397,0.10075653344392776
49043,0.1004282683134079
7145,0.08966223895549774
14971,0.08900179713964462
21565,0.08797849714756012
