Index,Activation Value
107925,0.010319086723029613
22230,0.006926542613655329
8774,0.005820940714329481
7942,0.003111601807177067
68381,0.00268743559718132
107551,0.0015701052034273744
53715,0.0012799632968381047
76906,0.0005403594113886356
