Index,Activation Value
21467,0.2924058139324188
53579,0.21312902867794037
218,0.19921909272670746
38127,0.18023896217346191
8080,0.17910875380039215
54138,0.1753675937652588
56855,0.16215436160564423
8396,0.1596028208732605
30430,0.15716613829135895
53582,0.15685105323791504
