Index,Activation Value
44569,0.17255282402038574
21467,0.1606207937002182
24298,0.12158109992742538
8080,0.11835744976997375
38432,0.11755629628896713
36212,0.116993747651577
8396,0.10523692518472672
1859,0.10217747837305069
1909,0.09469261020421982
36473,0.09404337406158447
