Index,Activation Value
70349,0.007161141838878393
13090,0.0010481949429959059
