Index,Activation Value
43054,0.014468689449131489
38247,0.007617269642651081
56855,0.00460937712341547
8396,0.0018882850417867303
19868,0.0008752791327424347
