Index,Activation Value
38924,0.059402354061603546
33011,0.05719604715704918
53579,0.056934814900159836
8080,0.052413418889045715
27547,0.05214644595980644
26778,0.05184413120150566
21467,0.05069837346673012
36212,0.04565645754337311
32727,0.04464114457368851
56855,0.042801737785339355
