Index,Activation Value
28910,0.0004268202173989266
111011,0.00014432980970013887
