Index,Activation Value
35254,0.016508840024471283
29450,0.01056708861142397
95769,0.006235411390662193
70349,0.0059339930303394794
73855,0.0046845125034451485
110975,0.00467608543112874
78437,0.0037056568544358015
83828,0.0034370715729892254
88571,0.0027368152514100075
111478,0.001732210861518979
