Index,Activation Value
12589,0.026777222752571106
33336,0.02378983609378338
13090,0.021822210401296616
52683,0.021453309804201126
88571,0.015008265152573586
83828,0.014419685117900372
7351,0.014276804402470589
111011,0.012008975259959698
25887,0.011417587287724018
55040,0.010697915218770504
