Index,Activation Value
56855,0.4511175751686096
8396,0.4009592831134796
29340,0.39008790254592896
26778,0.3658556342124939
33011,0.3595764935016632
38924,0.35406485199928284
36212,0.3341093957424164
55023,0.3227318823337555
53582,0.22057831287384033
25657,0.2037949413061142
