Index,Activation Value
56855,0.034857574850320816
36473,0.034473080188035965
8396,0.03286229074001312
24298,0.03223231062293053
579,0.030768655240535736
27547,0.029691407456994057
32727,0.026230935007333755
16956,0.02384667843580246
39450,0.02281893603503704
8349,0.021236980333924294
