Index,Activation Value
67509,0.0040442198514938354
12589,0.0010516071924939752
