Index,Activation Value
52847,0.005988504737615585
20663,0.005505102686583996
88571,0.004857294727116823
12942,0.004815252032130957
108542,0.004640543833374977
48529,0.0034749845508486032
70349,0.002937688957899809
11313,0.0029265915509313345
91430,0.002611942822113633
43807,0.001992942066863179
