Index,Activation Value
14245,1.0615861415863037
31558,1.011330008506775
26152,0.7882790565490723
19337,0.6610291004180908
41005,0.6516770124435425
7290,0.6409060955047607
57934,0.5898537635803223
5175,0.5691614747047424
12311,0.4846093952655792
13872,0.4316425323486328
