Index,Activation Value
102747,0.9456942677497864
44448,0.8617901802062988
75840,0.41432639956474304
7873,0.38474151492118835
61396,0.3176743686199188
63514,0.3016480803489685
111705,0.2771778106689453
8440,0.2579120695590973
107510,0.15619756281375885
63753,0.07366223633289337
