Index,Activation Value
39840,0.36669373512268066
104685,0.13724465668201447
99753,0.0694432258605957
78160,0.0362740159034729
