Index,Activation Value
8396,0.09616560488939285
29340,0.09146817773580551
56855,0.0844801515340805
4530,0.04445834830403328
36212,0.03910107910633087
25657,0.032836366444826126
58249,0.026291053742170334
55023,0.02588064596056938
53582,0.020688429474830627
9107,0.020494328811764717
