Index,Activation Value
37903,0.008815104141831398
34150,0.006914609111845493
