Index,Activation Value
56855,0.43858328461647034
8396,0.3683691620826721
36212,0.30941933393478394
29340,0.2706196904182434
25657,0.2335490733385086
38340,0.22922447323799133
13743,0.21683356165885925
55023,0.2018088698387146
4530,0.1989298164844513
40678,0.1927819401025772
