Index,Activation Value
25706,1.035971760749817
37219,0.39285600185394287
86068,0.34888696670532227
71725,0.28995659947395325
