Index,Activation Value
107551,0.031132014468312263
8774,0.02683633752167225
103991,0.02516535297036171
852,0.019763000309467316
592,0.01941700093448162
7942,0.019149865955114365
22230,0.017384670674800873
53869,0.01661749556660652
46383,0.015502627938985825
62757,0.015472197905182838
