Index,Activation Value
51769,0.06453953683376312
24298,0.051102906465530396
43115,0.04994005337357521
579,0.040955800563097
33607,0.03957481309771538
14826,0.03949332982301712
28855,0.03930828347802162
5556,0.03831201419234276
7145,0.036842141300439835
45538,0.03451886028051376
