Index,Activation Value
70349,0.1607210785150528
16107,0.11005903035402298
59080,0.10556821525096893
88571,0.09295693784952164
52683,0.09285768121480942
80233,0.08677784353494644
111478,0.08607089519500732
12344,0.0852123498916626
108542,0.08183660358190536
97336,0.08044534176588058
