Index,Activation Value
56855,0.34409797191619873
8396,0.32591572403907776
29340,0.29430538415908813
53582,0.24899737536907196
55023,0.22154894471168518
53579,0.21948616206645966
36212,0.18700946867465973
58249,0.1852671355009079
24565,0.1623423844575882
4530,0.15651850402355194
