Index,Activation Value
8080,0.22010715305805206
21467,0.2146250158548355
54138,0.18661852180957794
26778,0.1832805722951889
38432,0.17051561176776886
53579,0.15781763195991516
38340,0.155645951628685
38924,0.1498693972826004
33011,0.13939228653907776
13743,0.1383994221687317
