Index,Activation Value
56855,0.004857624880969524
8396,0.004776292480528355
36212,0.0009848530171439052
