Index,Activation Value
28910,0.006632797420024872
6786,0.006036232691258192
93137,0.004801263101398945
92876,0.001263870857656002
