Index,Activation Value
56855,0.17404761910438538
38127,0.17034853994846344
30430,0.1588211953639984
33607,0.157348170876503
38432,0.1460587978363037
31736,0.1424468457698822
28561,0.14208750426769257
24565,0.13796411454677582
24702,0.13568022847175598
8396,0.13382534682750702
