Index,Activation Value
12344,0.006869788281619549
1267,0.0041154976934194565
8897,0.0015703645767644048
