Index,Activation Value
14326,0.029902618378400803
12,0.025861576199531555
27191,0.024801457300782204
27789,0.022328725084662437
17608,0.021946705877780914
67433,0.02172267436981201
104002,0.02133672498166561
107558,0.0193169042468071
33336,0.018956884741783142
852,0.018519744277000427
