Index,Activation Value
43054,0.044071782380342484
38247,0.04388129338622093
25800,0.038952261209487915
56554,0.037188537418842316
33011,0.03600403293967247
23665,0.020745189860463142
34212,0.017871787771582603
13179,0.016624944284558296
11450,0.016297444701194763
4417,0.015699602663517
