Index,Activation Value
21467,0.7276431918144226
53579,0.44790494441986084
38924,0.4475926160812378
58249,0.35655921697616577
29340,0.34544625878334045
38432,0.29758739471435547
56855,0.2810145318508148
8080,0.27356860041618347
36212,0.25615254044532776
33011,0.22984012961387634
