Index,Activation Value
112302,1.5936737060546875
110528,1.302492618560791
79176,1.2168070077896118
12926,1.0825953483581543
90925,0.9394904971122742
90301,0.9210387468338013
19573,0.8741065263748169
48631,0.6427232623100281
52779,0.5753424763679504
563,0.4341809153556824
