Index,Activation Value
11257,0.020930636674165726
39837,0.015013308264315128
16549,0.01490258239209652
2656,0.009681109338998795
45858,0.00911725964397192
50478,0.005975089035928249
44964,0.005557654425501823
25544,0.0055497814901173115
31448,0.004723945166915655
59924,0.004683636128902435
