Index,Activation Value
21467,0.5537874698638916
53579,0.5131587386131287
38924,0.4425896108150482
58249,0.3770853579044342
8080,0.33781999349594116
38432,0.32399821281433105
33011,0.31984665989875793
27547,0.3189302384853363
26778,0.31572043895721436
18000,0.2886536419391632
