Index,Activation Value
43115,0.029611054807901382
56155,0.004888217896223068
40678,0.0043578618206083775
55625,0.0021510820370167494
38340,0.0009376860689371824
9351,0.000315963028697297
