Index,Activation Value
9049,0.0419645681977272
7145,0.03904363885521889
43054,0.038014017045497894
24702,0.03403670713305473
59924,0.02383243478834629
14682,0.023414112627506256
43164,0.019238172098994255
15111,0.0173476729542017
57892,0.016082843765616417
31723,0.014575292356312275
