Index,Activation Value
38432,0.0018421398708596826
21467,0.000840697786770761
