Index,Activation Value
53579,0.07481978833675385
21467,0.07308139652013779
38924,0.06855540722608566
26778,0.05988060683012009
33011,0.04819387570023537
8080,0.040706224739551544
56855,0.03979559615254402
29340,0.03619128465652466
8396,0.033337004482746124
58249,0.03176109120249748
