Index,Activation Value
40355,1.555359125137329
4825,1.1996541023254395
67509,1.073197841644287
47444,0.3441600501537323
15339,0.18399864435195923
37812,0.13057279586791992
