Index,Activation Value
38924,0.4247487783432007
53579,0.4201561212539673
24298,0.40479469299316406
8019,0.36180657148361206
33011,0.35669973492622375
8080,0.3216887414455414
54138,0.30910801887512207
18000,0.2955012917518616
58249,0.27810660004615784
26778,0.2713788151741028
