Index,Activation Value
17428,0.10597385466098785
36473,0.10145727545022964
43178,0.0796344056725502
9084,0.06289950013160706
14721,0.05988283455371857
579,0.0582178495824337
25802,0.05311998724937439
54405,0.05153939127922058
44208,0.04976377636194229
25591,0.0486094206571579
