Index,Activation Value
58249,0.35026463866233826
38924,0.3437701463699341
53579,0.32157784700393677
25800,0.22137393057346344
18000,0.21290309727191925
11450,0.2113388180732727
56554,0.2110677808523178
42887,0.18215115368366241
54138,0.17063696682453156
33011,0.16248607635498047
