Index,Activation Value
8019,0.0040324293076992035
24298,0.002101833000779152
9816,0.0005120608257129788
