Index,Activation Value
15670,0.3069824278354645
48477,0.1182510033249855
