Index,Activation Value
44743,0.03535556048154831
49406,0.029256416484713554
56545,0.02383902668952942
11306,0.022816257551312447
56032,0.021989857777953148
4817,0.021603191271424294
37903,0.018401404842734337
8349,0.016983773559331894
23998,0.016680922359228134
8127,0.016428524628281593
