Index,Activation Value
85268,1.8779520988464355
99959,1.348839521408081
80579,1.1319056749343872
37716,0.8611961603164673
110997,0.7459166049957275
12053,0.6099292039871216
62870,0.6058083176612854
17362,0.5907222628593445
9477,0.5861483216285706
110559,0.5762762427330017
