Index,Activation Value
38924,0.4651722311973572
21467,0.4588249921798706
53579,0.4418887197971344
44569,0.3997245132923126
1859,0.34037038683891296
58249,0.3218178153038025
24298,0.3175245523452759
32727,0.30474019050598145
1909,0.2950822412967682
26778,0.28617167472839355
