Index,Activation Value
28425,0.015925774350762367
67433,0.00963565893471241
44818,0.006515733432024717
80233,0.005199445877224207
28910,0.004879215266555548
36173,0.003294933820143342
82475,0.0019368365174159408
52683,0.001823623781092465
12344,0.001272400957532227
76298,0.0004744058533105999
