Index,Activation Value
35254,0.016513260081410408
29372,0.015331346541643143
29450,0.01209341362118721
38228,0.011414158158004284
88571,0.011020170524716377
26012,0.010704082436859608
83828,0.010462705977261066
31474,0.00951955933123827
61202,0.009274715557694435
38559,0.008788833394646645
