Index,Activation Value
37498,0.13583754003047943
60631,0.11806154996156693
88295,0.0816948413848877
97407,0.0743199959397316
108759,0.07408890873193741
52426,0.07332835346460342
67509,0.07189790904521942
107558,0.07066205888986588
59080,0.0663677304983139
92876,0.06559762358665466
