Index,Activation Value
70776,0.007969992235302925
93969,0.005830567795783281
6156,0.0058303410187363625
35943,0.004952767863869667
86118,0.00439978064969182
44259,0.0033642847556620836
4680,0.0023526090662926435
107995,0.002130532171577215
69866,0.0021204028744250536
27789,0.0014263379853218794
