Index,Activation Value
51614,0.04415065422654152
21565,0.03664658963680267
7145,0.030822357162833214
36625,0.030660202726721764
31723,0.029518133029341698
54705,0.028389213606715202
44743,0.025766996666789055
58198,0.025052668526768684
3086,0.02337292581796646
21161,0.022883931174874306
