Index,Activation Value
8396,0.080519899725914
27547,0.07469303160905838
56855,0.06943958252668381
25657,0.0608479306101799
36212,0.060060903429985046
29465,0.056641846895217896
43197,0.055935338139534
9816,0.05268446356058121
41844,0.04852384328842163
13743,0.04643292352557182
