Index,Activation Value
24298,0.1533968597650528
8080,0.136177197098732
38432,0.13588640093803406
54138,0.12408698350191116
44569,0.12165803462266922
8019,0.10993742197751999
21467,0.10587531328201294
27547,0.09180491417646408
1859,0.08718469738960266
36473,0.08641458302736282
