Index,Activation Value
31723,0.19691456854343414
7145,0.1923104226589203
58458,0.18445006012916565
20435,0.17680807411670685
32704,0.17160862684249878
27399,0.15001873672008514
56096,0.148859441280365
48137,0.1484399288892746
44743,0.14744246006011963
34397,0.14693206548690796
