Index,Activation Value
43197,0.16364313662052155
19868,0.15593872964382172
8019,0.15161605179309845
37410,0.13946124911308289
53589,0.13897421956062317
14147,0.13796058297157288
9816,0.13766436278820038
30430,0.13623452186584473
27399,0.1304326057434082
13740,0.13019613921642303
