Index,Activation Value
95769,0.09465562552213669
24604,0.06801195442676544
56519,0.06655603647232056
7334,0.063683420419693
54956,0.06289128959178925
29450,0.06179744005203247
12344,0.05978991836309433
65367,0.056189775466918945
14983,0.055855728685855865
76906,0.054502394050359726
