Index,Activation Value
22970,0.32455846667289734
59122,0.14121019840240479
