Index,Activation Value
33336,0.04698511213064194
70349,0.037886034697294235
52183,0.03465178981423378
59998,0.03399955481290817
29372,0.03198005259037018
60631,0.03102533333003521
7351,0.030198613181710243
64204,0.02947288565337658
3082,0.029094886034727097
12,0.028296243399381638
