Index,Activation Value
13090,0.042026590555906296
56725,0.035463158041238785
52426,0.03490639105439186
36173,0.02938842959702015
60631,0.02882741205394268
35254,0.028811370953917503
110712,0.02217860147356987
73501,0.020554695278406143
107995,0.019194193184375763
1267,0.01918238028883934
