Index,Activation Value
29340,0.16712215542793274
41843,0.15283411741256714
44208,0.13838663697242737
39450,0.12276312708854675
48137,0.11956284940242767
38127,0.11097333580255508
53582,0.1098073273897171
34397,0.10907962918281555
42296,0.10895776748657227
21019,0.10604380071163177
