Index,Activation Value
21467,0.0944255068898201
27547,0.06232428178191185
24298,0.06200724095106125
8080,0.06122150272130966
38432,0.05521165579557419
9816,0.054105933755636215
8019,0.05306394770741463
53579,0.05088395997881889
54138,0.04885810613632202
30430,0.04101956635713577
