Index,Activation Value
62757,0.008991110138595104
90842,0.007331285160034895
19627,0.006550368387252092
107558,0.005043852608650923
12344,0.0032669648062437773
11918,0.0023044589906930923
81234,0.0015497732674703002
7334,0.0007877177558839321
