Index,Activation Value
55426,0.08389407396316528
101572,0.053536608815193176
110712,0.051878608763217926
29372,0.051067054271698
107551,0.04361641779541969
54105,0.039230745285749435
13090,0.03875652700662613
67509,0.03789452090859413
8774,0.03784214332699776
22230,0.037409257143735886
