Index,Activation Value
14706,0.021153489127755165
31723,0.020770376548171043
54145,0.019359877333045006
15397,0.01928323321044445
23400,0.018390024080872536
53338,0.015203772112727165
52382,0.015078840777277946
33761,0.014738633297383785
55454,0.014555742032825947
9893,0.014427087269723415
