Index,Activation Value
36944,0.12530501186847687
3932,0.11030726879835129
15598,0.10840533673763275
26518,0.10295386612415314
4055,0.09692475944757462
8302,0.09667892009019852
6473,0.09111597388982773
18297,0.08917990326881409
47264,0.08913889527320862
25605,0.0881037786602974
