Index,Activation Value
56545,2.0902791023254395
44743,1.9565669298171997
3904,1.7562122344970703
55290,1.6912827491760254
11257,1.638109803199768
19516,1.5779985189437866
54923,1.5087226629257202
54222,1.4810926914215088
18236,1.4273149967193604
37600,1.426013708114624
