Index,Activation Value
25657,0.20831678807735443
36212,0.2071714997291565
8396,0.20675575733184814
41844,0.2061825543642044
4530,0.18893775343894958
579,0.1884573996067047
43115,0.16194583475589752
56855,0.15296342968940735
9351,0.15023423731327057
38340,0.14777614176273346
