Index,Activation Value
7369,1.324678659439087
15267,1.1279428005218506
18311,1.1269958019256592
34942,0.9671359658241272
30809,0.8289983868598938
26064,0.6863577961921692
4309,0.615196943283081
27776,0.3076711595058441
44928,0.2623513340950012
58962,0.24134650826454163
