Index,Activation Value
6156,0.07608184963464737
92077,0.05618838965892792
34318,0.054053276777267456
1021,0.05199766531586647
52854,0.05096859112381935
17690,0.04744318500161171
35254,0.044686827808618546
101572,0.044035833328962326
12064,0.0436202771961689
35520,0.033250123262405396
