Index,Activation Value
36212,0.03256315737962723
8396,0.030018681660294533
38432,0.028509384021162987
56855,0.024633819237351418
29340,0.022613681852817535
27547,0.020930960774421692
25657,0.01909823715686798
38340,0.018891090527176857
4530,0.018025390803813934
45313,0.016555793583393097
