Index,Activation Value
36212,0.3133045732975006
8396,0.22158491611480713
56855,0.20688772201538086
29340,0.18235205113887787
38127,0.16102512180805206
21565,0.1592862755060196
38432,0.12470240890979767
51769,0.12024535238742828
15111,0.11309900134801865
55023,0.1112157478928566
