Index,Activation Value
52183,0.11232537776231766
99629,0.07749494165182114
49456,0.06987401843070984
103824,0.0578315295279026
16807,0.05244158208370209
96654,0.049716390669345856
60631,0.041462190449237823
102181,0.04131752997636795
86756,0.04069192707538605
50022,0.036456745117902756
