Index,Activation Value
15111,0.17524012923240662
36625,0.16199280321598053
14971,0.15401941537857056
47264,0.13896237313747406
2390,0.13882316648960114
38127,0.13850867748260498
36944,0.13693635165691376
40818,0.13537022471427917
21565,0.1353258341550827
57892,0.13222543895244598
