Index,Activation Value
13090,0.00846440251916647
96758,0.008056584745645523
37498,0.007567557040601969
56725,0.006106988992542028
52183,0.0043900650925934315
60631,0.003982916008681059
88571,0.003975727129727602
28910,0.0038675819523632526
36173,0.0037473945412784815
17902,0.003212038893252611
