Index,Activation Value
75310,0.0379643589258194
12942,0.03675759211182594
100532,0.03281146660447121
90842,0.032612394541502
16158,0.03229191526770592
592,0.031495533883571625
31227,0.031173480674624443
84568,0.031123295426368713
56725,0.030937345698475838
61123,0.03088952787220478
