Index,Activation Value
43054,0.16616447269916534
14196,0.13999275863170624
39450,0.131617933511734
48137,0.12601518630981445
28312,0.11928961426019669
53582,0.11072531342506409
55023,0.10874296724796295
17950,0.10447027534246445
14147,0.09634198993444443
24409,0.09413061290979385
