Index,Activation Value
53579,0.01356340479105711
38924,0.011566727422177792
21467,0.008567798882722855
33011,0.0071287029422819614
26778,0.004710639826953411
58249,0.003929099999368191
8080,0.001979610649868846
56855,0.0013148344587534666
