Index,Activation Value
88571,0.11122602224349976
35254,0.0690167024731636
17902,0.06304145604372025
7351,0.056836239993572235
13090,0.054399315267801285
36536,0.050756536424160004
87126,0.050493743270635605
96758,0.04902046546339989
22092,0.04747757315635681
29372,0.04697452113032341
