Index,Activation Value
21467,0.13733872771263123
44569,0.08766182512044907
1859,0.07395264506340027
54138,0.0677277073264122
579,0.059666093438863754
54222,0.059175681322813034
36473,0.05888887122273445
43197,0.0583244189620018
27547,0.054560475051403046
38127,0.05332210659980774
