Index,Activation Value
12,0.017943179234862328
90842,0.01409697625786066
107925,0.008597930893301964
14326,0.00799946766346693
100195,0.007472342811524868
80813,0.004810974933207035
42493,0.004350719042122364
7362,0.0038657872937619686
108542,0.0036431271582841873
33420,0.0033007317688316107
