Index,Activation Value
44060,0.3792811334133148
78446,0.13699598610401154
58661,0.09966770559549332
13290,0.09103650599718094
82053,0.0800367146730423
53759,0.04248165339231491
10995,0.02405257150530815
