Index,Activation Value
7749,0.10459598898887634
109536,0.03821958601474762
