Index,Activation Value
5476,0.030474018305540085
17939,0.029897533357143402
17428,0.023072408512234688
54222,0.018938636407256126
42887,0.017527330666780472
51769,0.01539077889174223
14826,0.013859258033335209
5556,0.01374327763915062
56032,0.012009204365313053
11450,0.011371267959475517
