Index,Activation Value
38274,0.00690486142411828
96125,0.0027652960270643234
100195,0.001554832560941577
3311,0.0006779348477721214
76699,0.0004842804337386042
