Index,Activation Value
7351,0.11993943899869919
107995,0.11917413771152496
33336,0.11727799475193024
54156,0.11627151817083359
11918,0.11345656961202621
37498,0.11232806742191315
7866,0.11029873043298721
12,0.10375139862298965
87758,0.10093384236097336
70776,0.10043419897556305
