Index,Activation Value
43054,0.07459758967161179
38432,0.0644846260547638
38247,0.061287328600883484
21467,0.05607428029179573
43197,0.05395025759935379
26937,0.053627997636795044
9816,0.0489143468439579
38924,0.048685017973184586
32727,0.0469188466668129
2354,0.04411844536662102
