Index,Activation Value
6473,0.00907029677182436
26174,0.008460553362965584
49135,0.00696759345009923
18297,0.00445428304374218
38247,0.0043264091946184635
26518,0.004188822116702795
57114,0.003830287605524063
8302,0.0033493139781057835
5319,0.003121175104752183
58963,0.0028281931299716234
