Index,Activation Value
16107,0.09620802849531174
7351,0.06741384416818619
84018,0.06312695890665054
52491,0.0605621263384819
14983,0.04662121832370758
47586,0.04563336446881294
74354,0.04253210499882698
59998,0.04088527709245682
17690,0.04086490347981453
107551,0.039532583206892014
