Index,Activation Value
52426,0.008591183461248875
88571,0.004202376585453749
66000,0.004031670279800892
76696,0.002781918505206704
107558,0.0021956011187285185
27438,0.002049260074272752
105492,0.0020214866381138563
89883,0.001523963175714016
67509,0.001418319996446371
65397,0.0006483547040261328
