Index,Activation Value
53579,0.004359923303127289
38924,0.0004812221450265497
