Index,Activation Value
38924,0.07951865345239639
53579,0.0680902898311615
21467,0.05745657905936241
26778,0.04975888133049011
24298,0.04934711381793022
8080,0.04329085722565651
8019,0.04245322570204735
58249,0.04120497778058052
33011,0.03793300688266754
54138,0.037322405725717545
