Index,Activation Value
42658,0.8476263880729675
20542,0.6982755661010742
80068,0.6350277662277222
24235,0.5966284275054932
106141,0.5326859354972839
93822,0.5163902044296265
46930,0.48341336846351624
16807,0.4447973966598511
93685,0.44140344858169556
77186,0.43651148676872253
