Index,Activation Value
4987,0.02026105858385563
24702,0.019847271963953972
30999,0.01669897511601448
10226,0.016017692163586617
20957,0.015558450482785702
34352,0.015168832615017891
34734,0.014483737759292126
9516,0.014483380131423473
25605,0.013860002160072327
7145,0.013359311036765575
