Index,Activation Value
70349,0.11091208457946777
83828,0.08145309239625931
97407,0.07257691770792007
14165,0.070219025015831
20663,0.06562632322311401
52847,0.06344350427389145
592,0.05866628885269165
32638,0.056981395930051804
22227,0.05613765865564346
103612,0.05493870750069618
