Index,Activation Value
69473,0.7980675101280212
170,0.7909886240959167
101179,0.7643644213676453
35238,0.6945976614952087
87984,0.6914381384849548
78666,0.6756815314292908
75616,0.659646213054657
47596,0.5552569031715393
91015,0.5357988476753235
31178,0.4967775344848633
