Index,Activation Value
28910,0.1253073513507843
31199,0.08142230659723282
92077,0.07955966889858246
56725,0.07803836464881897
34454,0.07786218822002411
104002,0.07584301382303238
16807,0.07314494997262955
13090,0.06743920594453812
88407,0.06493571400642395
110108,0.05868694558739662
