Index,Activation Value
64204,0.15641538798809052
13090,0.13950380682945251
33336,0.13630074262619019
52183,0.12605750560760498
83828,0.11821712553501129
25849,0.106740802526474
51766,0.10569263249635696
6156,0.10037843137979507
28910,0.09330949187278748
70349,0.0919785276055336
