Index,Activation Value
3505,0.4101884365081787
20081,0.18137122690677643
44507,0.07318925112485886
