Index,Activation Value
13090,0.26453331112861633
60631,0.18293900787830353
88571,0.14175383746623993
52183,0.1363157033920288
28910,0.12060870975255966
70349,0.10950077325105667
49456,0.10113853961229324
96758,0.09507124871015549
86538,0.09452392905950546
56725,0.09035345166921616
