Index,Activation Value
38924,0.1666260063648224
53579,0.12451725453138351
21467,0.11765182763338089
58249,0.10398729145526886
26778,0.08246169239282608
36212,0.07943125814199448
29340,0.07337743043899536
8080,0.07047290354967117
33011,0.06973426043987274
25657,0.06551315635442734
