Index,Activation Value
36944,0.06424466520547867
36625,0.06346386671066284
38924,0.057817425578832626
4055,0.0572456419467926
58249,0.05699538439512253
54705,0.056185681372880936
15397,0.052360303699970245
21565,0.05227559059858322
15598,0.051789432764053345
55134,0.05173792690038681
