Index,Activation Value
28425,0.031163662672042847
52426,0.02595951035618782
16107,0.022576769813895226
55426,0.022527307271957397
12589,0.021274132654070854
63669,0.02057618647813797
31199,0.018748965114355087
28910,0.018101263791322708
12,0.01751486212015152
99629,0.017323201522231102
