Index,Activation Value
38924,0.016911908984184265
24298,0.016909869387745857
36473,0.0158908162266016
53579,0.015816880390048027
21467,0.015460614114999771
39547,0.012250821106135845
27547,0.010729087516665459
44569,0.009708278812468052
26778,0.0069381603971123695
1909,0.0067939432337880135
