Index,Activation Value
25802,2.6618268489837646
47976,1.9781771898269653
16422,1.9545978307724
22757,1.9489576816558838
9084,1.6987311840057373
2390,1.5549417734146118
10144,1.532133936882019
1467,1.4513152837753296
3297,1.343056559562683
17905,1.3401565551757812
