Index,Activation Value
107925,0.014350869692862034
28910,0.006839143577963114
52183,0.006714246701449156
20663,0.0055208937264978886
104537,0.004894809331744909
81123,0.004605342634022236
90582,0.004432478919625282
101572,0.0038385740481317043
84018,0.003718332853168249
93137,0.0035743715707212687
