Index,Activation Value
51614,0.05380551517009735
14971,0.04740399867296219
38247,0.046429604291915894
36625,0.045982830226421356
20435,0.0458303764462471
52585,0.04341363161802292
27840,0.0425073504447937
58458,0.041746728122234344
14147,0.04090471565723419
32704,0.040070146322250366
