Index,Activation Value
32704,3.194967269897461
52585,2.96191668510437
27399,2.800715684890747
58458,2.7478482723236084
48137,2.6803998947143555
32254,2.6093533039093018
21191,2.6081409454345703
57413,2.5817837715148926
20435,2.4331722259521484
54327,2.3760547637939453
