Index,Activation Value
16107,0.1055920347571373
59998,0.09796959161758423
104537,0.0816815122961998
107551,0.0790431797504425
103991,0.06953343003988266
8774,0.06616497039794922
592,0.06517349183559418
22230,0.064604252576828
13090,0.06215523183345795
30064,0.06030907481908798
