Index,Activation Value
17335,0.06858977675437927
16089,0.06646797060966492
8774,0.06540873646736145
107551,0.06265120953321457
73501,0.058570731431245804
87491,0.05697176232933998
7942,0.05620524659752846
103991,0.05502519756555557
53869,0.05339520424604416
592,0.05212746560573578
