Index,Activation Value
29340,0.5185934901237488
56855,0.3563234508037567
36212,0.3005202114582062
8396,0.2861705422401428
53582,0.24407164752483368
24565,0.2280634492635727
47264,0.163649782538414
55023,0.15421807765960693
24702,0.13586825132369995
7145,0.1318436861038208
