Index,Activation Value
62432,1.362478256225586
63054,1.2129387855529785
90015,1.2036118507385254
37904,1.1923190355300903
107581,1.1883848905563354
73929,1.0953338146209717
68160,1.0360608100891113
5645,1.015015959739685
65006,1.0014551877975464
64604,0.9935017824172974
