Index,Activation Value
7145,0.12242400646209717
88,0.09136918187141418
59924,0.08034776151180267
44964,0.07851237058639526
33547,0.07758517563343048
4191,0.07648075371980667
39837,0.07335947453975677
16549,0.07325378805398941
35823,0.07256852835416794
45858,0.06919635832309723
