Index,Activation Value
38127,0.2062855064868927
56855,0.19535012543201447
29340,0.19006912410259247
8396,0.1829146146774292
43054,0.16670861840248108
51614,0.1632920801639557
36212,0.1596713811159134
24565,0.12600737810134888
31736,0.11890868842601776
4191,0.11835004389286041
