Index,Activation Value
28425,0.0586702860891819
6786,0.04701385647058487
592,0.04576076939702034
87491,0.04209846258163452
107551,0.04203605651855469
105975,0.04189107567071915
22092,0.038091253489255905
103991,0.037487808614969254
95058,0.03541247174143791
100740,0.03315691277384758
