Index,Activation Value
14165,0.09440534561872482
95312,0.0729168951511383
87077,0.07123209536075592
12344,0.06716916710138321
6156,0.06597722321748734
70349,0.06554969400167465
17608,0.06485246121883392
42812,0.0618242509663105
17690,0.05692131444811821
88546,0.05311986058950424
