Index,Activation Value
70820,1.0778695344924927
86890,0.8339856266975403
86094,0.7700739502906799
109045,0.706485390663147
67575,0.5773532390594482
54874,0.5518451929092407
26533,0.5475087761878967
43165,0.5399695038795471
87543,0.5287390947341919
54235,0.511211633682251
