Index,Activation Value
33011,0.0064859092235565186
36473,0.0016132737509906292
1909,0.001572341425344348
58249,0.001413688762113452
