Index,Activation Value
70349,0.004098269157111645
13090,0.0022202273830771446
