Index,Activation Value
59998,0.015106388367712498
14326,0.011352123692631721
1021,0.009921452961862087
29450,0.009051070548593998
35254,0.00862181931734085
32638,0.006887304596602917
66371,0.005827405955642462
95786,0.005555050913244486
16107,0.005548391956835985
95312,0.005517685320228338
