Index,Activation Value
33336,0.14216580986976624
64204,0.14022043347358704
56725,0.11662591993808746
60631,0.10888378322124481
73501,0.09127011150121689
48473,0.08874960243701935
52426,0.08843820542097092
67433,0.0804775282740593
80233,0.078151173889637
35254,0.07605262845754623
