Index,Activation Value
5319,0.3352499008178711
9628,0.05044097825884819
