Index,Activation Value
32757,0.030459946021437645
4530,0.026672327890992165
47257,0.025317780673503876
25657,0.024077855050563812
52440,0.020633753389120102
8396,0.01944674178957939
48137,0.01939905807375908
56155,0.019297568127512932
36212,0.01925555244088173
9187,0.018988249823451042
