Index,Activation Value
36173,0.035721395164728165
28425,0.021955639123916626
110712,0.02035207860171795
42493,0.016424719244241714
55426,0.009567196480929852
27438,0.008431813679635525
22227,0.00788608193397522
102181,0.007767461705952883
109700,0.007458486594259739
110108,0.006774500478059053
