Index,Activation Value
38127,0.1799374222755432
32757,0.1184246763586998
43178,0.0830506682395935
59868,0.07992717623710632
5556,0.07051711529493332
58963,0.06749656796455383
50077,0.06450087577104568
5478,0.06060384213924408
465,0.0590939074754715
22737,0.05716876685619354
