Index,Activation Value
21467,0.0006656924961134791
56855,0.00037035669083707035
38924,0.0003297849325463176
29340,6.588431278942153e-05
