Index,Activation Value
21467,0.03134749457240105
27547,0.025344153866171837
8080,0.023337237536907196
32727,0.022602414712309837
8019,0.02093048021197319
54138,0.019945498555898666
9816,0.01841307058930397
53579,0.017760392278432846
24298,0.01556472573429346
44569,0.010431383736431599
