Index,Activation Value
13090,0.00899707805365324
60631,0.002453668275848031
33336,0.0013969308929517865
