Index,Activation Value
12,0.02110939845442772
90842,0.019421599805355072
107925,0.016939496621489525
12344,0.013507858850061893
3878,0.008980612270534039
83828,0.008338715881109238
37498,0.00791047140955925
14326,0.007499509025365114
92547,0.0070235850289464
27858,0.006819412112236023
