Index,Activation Value
38924,0.9354278445243835
21467,0.9287030100822449
53579,0.8857313394546509
26778,0.6702262759208679
24298,0.5872893333435059
44569,0.5784713625907898
8080,0.5457053184509277
58249,0.5310754776000977
8019,0.49676868319511414
33011,0.4665915369987488
