Index,Activation Value
27086,0.15457698702812195
27406,0.02102925442159176
