Index,Activation Value
72094,0.05913462117314339
17690,0.05812973529100418
92077,0.053881701081991196
6156,0.05074777454137802
63170,0.04752890020608902
3082,0.04715021327137947
87758,0.04615846276283264
7682,0.042854566127061844
111154,0.03472384810447693
14983,0.033978935331106186
