Index,Activation Value
87077,0.09639640897512436
63669,0.07060053944587708
107558,0.05777478218078613
71879,0.05529399961233139
12344,0.050216592848300934
87200,0.04315106198191643
71153,0.04179533198475838
27818,0.039553139358758926
101572,0.03875099495053291
48529,0.037284113466739655
