Index,Activation Value
88571,0.12123072892427444
70349,0.11611921340227127
13090,0.08263923227787018
52683,0.07557917386293411
83828,0.07345282286405563
111478,0.06038488820195198
103824,0.05816623941063881
25849,0.05564859136939049
40355,0.05457689240574837
592,0.053558554500341415
