Index,Activation Value
8080,0.02558869868516922
24298,0.02015904150903225
53579,0.02010507509112358
38924,0.02004968374967575
54138,0.01579265110194683
21467,0.014530395157635212
8019,0.013799917884171009
33011,0.012102420441806316
26778,0.010625507682561874
1909,0.009419267065823078
