Index,Activation Value
82202,0.6338090896606445
35110,0.5773269534111023
3304,0.4795167148113251
9384,0.28269511461257935
61375,0.22177845239639282
45014,0.16684213280677795
93616,0.088558629155159
86431,0.06709335744380951
84047,0.047292560338974
52443,0.037044476717710495
