Index,Activation Value
33336,1.2722134590148926
40888,1.0442334413528442
19298,0.8829976320266724
57225,0.7971991896629333
88991,0.7930951118469238
83828,0.7140354514122009
50439,0.6514348983764648
16189,0.6307216882705688
99430,0.48995447158813477
3691,0.4623339772224426
