Index,Activation Value
46968,0.7826624512672424
19337,0.47753822803497314
14495,0.14258825778961182
