Index,Activation Value
52183,0.003671067301183939
96758,0.0036470110062509775
59998,0.00316728837788105
52426,0.0031520200427621603
33336,0.0026562202256172895
70776,0.0016859218012541533
13090,0.0009418572299182415
36173,0.0008003587718121707
87758,0.0007612802437506616
16107,0.0007311900262720883
