Index,Activation Value
71879,0.011469767428934574
82590,0.0018781390972435474
