Index,Activation Value
24298,0.003344088327139616
38924,0.0032475197222083807
53579,0.003164541907608509
54138,0.0023609574418514967
