Index,Activation Value
13090,0.023360785096883774
20663,0.02285376936197281
55426,0.02087356708943844
52683,0.02075405977666378
52008,0.019936904311180115
36398,0.014259732328355312
29372,0.013121371157467365
26012,0.011542201973497868
111478,0.011125806719064713
62757,0.01098888274282217
