Index,Activation Value
38127,0.08488272875547409
35684,0.07925135642290115
17939,0.0769454687833786
36212,0.07621339708566666
773,0.07611116021871567
29340,0.06698104739189148
56855,0.06610933691263199
8396,0.06464966386556625
20435,0.06392163038253784
24702,0.06380856037139893
