Index,Activation Value
27683,0.09931866079568863
26778,0.08450334519147873
43541,0.08420804142951965
45538,0.07693817466497421
4191,0.07626446336507797
31904,0.07510925084352493
51163,0.06486869603395462
10085,0.05431859567761421
1693,0.0526202954351902
55023,0.050995055586099625
