Index,Activation Value
63669,0.0663679763674736
55426,0.05945708602666855
110712,0.05756067484617233
9293,0.052445683628320694
64204,0.04765455797314644
20663,0.04688518866896629
16089,0.045446109026670456
29372,0.04431892931461334
26012,0.04367784410715103
59041,0.03800556808710098
