Index,Activation Value
38924,0.03054315596818924
53579,0.026894446462392807
58249,0.019275443628430367
26778,0.01346997357904911
1909,0.010559353046119213
7145,0.010165211744606495
33011,0.009379569441080093
36473,0.006620198488235474
13179,0.005365500692278147
59288,0.005297339987009764
