Index,Activation Value
36473,0.2827519178390503
17428,0.2433803379535675
7145,0.18743181228637695
56855,0.18390390276908875
24565,0.1745082437992096
579,0.1683674305677414
26073,0.1662110984325409
24298,0.164654940366745
43054,0.1514221429824829
8396,0.14129506051540375
