Index,Activation Value
21467,0.2829324007034302
53579,0.1728619635105133
42296,0.16309112310409546
59069,0.16259640455245972
24298,0.16193054616451263
34150,0.14641650021076202
38924,0.13819435238838196
32140,0.13491669297218323
17728,0.13353441655635834
9769,0.13011977076530457
