Index,Activation Value
56855,0.2479897141456604
8396,0.24389122426509857
36212,0.21232467889785767
29340,0.1837768256664276
38432,0.13679435849189758
41844,0.1365060955286026
4530,0.12502934038639069
57551,0.12259183079004288
25657,0.12063458561897278
27547,0.120477095246315
