Index,Activation Value
24298,0.19364048540592194
38924,0.16575273871421814
26778,0.15796354413032532
53579,0.1551174521446228
44569,0.1533483862876892
8080,0.13847538828849792
1909,0.13487739861011505
33011,0.13399219512939453
8019,0.11838731914758682
36473,0.11707396805286407
