Index,Activation Value
20663,0.10233810544013977
28425,0.0789765939116478
88407,0.07347945868968964
99629,0.06626355648040771
48529,0.06462061405181885
22227,0.06326723098754883
75921,0.0627768486738205
80233,0.06212620437145233
8062,0.05876127630472183
6156,0.05851433053612709
