Index,Activation Value
81171,0.769589364528656
73699,0.3747372627258301
33034,0.11311452090740204
