Index,Activation Value
56855,0.004881964065134525
36212,0.004447219893336296
8396,0.0036871859338134527
29340,0.0017940748948603868
54138,0.0002425776474410668
