Index,Activation Value
39064,0.6970459818840027
59998,0.6770938038825989
90948,0.6615008115768433
49409,0.5664281845092773
4603,0.5282717943191528
31728,0.493692010641098
87294,0.47036245465278625
83764,0.39065033197402954
46295,0.3875579833984375
111343,0.3308008313179016
