Index,Activation Value
38924,0.5240893959999084
53579,0.4680473208427429
26778,0.38001805543899536
58249,0.3685161769390106
33011,0.35853248834609985
39547,0.33899492025375366
54138,0.28316280245780945
43054,0.27702492475509644
38247,0.25940072536468506
8080,0.24208703637123108
