Index,Activation Value
13743,0.18160727620124817
57551,0.14717763662338257
33607,0.13650037348270416
26937,0.13341449201107025
30430,0.12091229110956192
29465,0.1180175393819809
43178,0.11576088517904282
5556,0.11049006134271622
7683,0.1102830320596695
28855,0.10596074908971786
