Index,Activation Value
91875,0.07871315628290176
59998,0.06895188987255096
36533,0.06875407695770264
92077,0.05923991650342941
34454,0.05795719102025032
34655,0.05419526994228363
66289,0.05362304300069809
9293,0.052271291613578796
14983,0.050672195851802826
32672,0.04706982523202896
