Index,Activation Value
58916,0.023966796696186066
7145,0.012821141630411148
10570,0.012486910447478294
41994,0.011835006065666676
59302,0.011528760194778442
11450,0.01143230963498354
25802,0.010907345451414585
16486,0.008956597186625004
30453,0.008671375922858715
30430,0.007699945941567421
