Index,Activation Value
8396,0.0019175376510247588
36212,0.0011192266829311848
44569,0.0004948231508024037
