Index,Activation Value
52683,0.095965176820755
22227,0.08529867231845856
15706,0.07961330562829971
22092,0.0781041756272316
28425,0.07278545945882797
99629,0.06688283383846283
97407,0.0660826787352562
21549,0.06088259071111679
27191,0.059002719819545746
55040,0.057772088795900345
