Index,Activation Value
41843,0.20138251781463623
44208,0.16384142637252808
773,0.15673288702964783
32696,0.13774609565734863
13179,0.11684687435626984
27683,0.11257150769233704
7145,0.11113772541284561
54621,0.10837627947330475
18899,0.1051686704158783
59924,0.10134726762771606
