Index,Activation Value
88571,0.0905078798532486
17902,0.08300019055604935
75921,0.06780163198709488
52683,0.06582488864660263
79084,0.05565270036458969
2871,0.051610883325338364
96125,0.0512470044195652
25849,0.04998204484581947
46930,0.04793213680386543
20930,0.04757755994796753
