Index,Activation Value
37498,0.054771654307842255
73306,0.04707685112953186
98129,0.04658394306898117
13090,0.038825880736112595
14165,0.038749806582927704
53715,0.0363728329539299
56725,0.03604748472571373
15751,0.03585641831159592
93659,0.03302035853266716
65958,0.032810136675834656
