Index,Activation Value
21467,0.0905936062335968
38432,0.04480554535984993
19868,0.044508010149002075
52382,0.04188573360443115
53589,0.03841386362910271
43197,0.03756340220570564
36212,0.034986477345228195
31056,0.032563380897045135
36625,0.03209374099969864
15397,0.029847126454114914
