Index,Activation Value
38127,0.19380655884742737
38432,0.19135639071464539
27547,0.14180532097816467
41844,0.1402224451303482
38340,0.13160528242588043
36212,0.12376952171325684
13743,0.1072462871670723
48137,0.09915127605199814
32727,0.09890417009592056
30845,0.09302026778459549
