Index,Activation Value
35959,0.5642828941345215
215,0.11830630898475647
43041,0.0401594415307045
