Index,Activation Value
92077,0.031168842688202858
18680,0.01956876367330551
107925,0.018406178802251816
7334,0.018364129588007927
62662,0.01774526946246624
38274,0.017562221735715866
80813,0.017313271760940552
108542,0.01651090756058693
98149,0.016258765012025833
16158,0.016200341284275055
