Index,Activation Value
92077,0.10829375684261322
72094,0.1063615158200264
21549,0.09550344198942184
6156,0.08501547574996948
19627,0.08356911689043045
90842,0.08135837316513062
36173,0.081113301217556
7334,0.08093082159757614
18680,0.07782680541276932
88937,0.07569887489080429
