Index,Activation Value
41272,0.672217845916748
21136,0.34941527247428894
91898,0.32318729162216187
15706,0.24117103219032288
29172,0.08230996131896973
84510,0.05528793856501579
70054,0.02986067160964012
