Index,Activation Value
38432,0.03683319687843323
24702,0.033368565142154694
43054,0.030477169901132584
58249,0.028753647580742836
3689,0.028122857213020325
19868,0.026363098993897438
21019,0.025897126644849777
45538,0.023717204108834267
17169,0.022851156070828438
44036,0.02248196117579937
