Index,Activation Value
24298,0.3374183475971222
8019,0.3196409046649933
33011,0.31958913803100586
44569,0.2913443446159363
36473,0.2871595025062561
26778,0.26290199160575867
38924,0.252463698387146
53579,0.23062698543071747
8080,0.22434917092323303
9816,0.222145676612854
