Index,Activation Value
38924,0.31190529465675354
53579,0.28249067068099976
26778,0.260577529668808
58249,0.2502257525920868
33011,0.23072564601898193
1909,0.21375472843647003
773,0.18895745277404785
21467,0.18135905265808105
38432,0.1643168181180954
18000,0.15701085329055786
