Index,Activation Value
9816,0.08873170614242554
27547,0.07267776876688004
32727,0.07053016126155853
54138,0.06910000741481781
43197,0.06696760654449463
8019,0.06624870002269745
42887,0.05734308063983917
45313,0.05509060248732567
11450,0.03922725096344948
566,0.038593389093875885
