Index,Activation Value
33336,0.025154992938041687
28910,0.022653168067336082
83828,0.02203846164047718
66000,0.021130260080099106
52183,0.020466987043619156
56725,0.018577344715595245
96758,0.017354965209960938
37498,0.01728992909193039
51766,0.013857201673090458
64204,0.013423247262835503
