Index,Activation Value
21467,0.0349961593747139
53579,0.026331348344683647
38432,0.02577100694179535
38924,0.0241406187415123
1909,0.02102072536945343
8080,0.01986442320048809
54138,0.01909511722624302
18000,0.019089138135313988
58249,0.019081706181168556
27547,0.01876756176352501
