Index,Activation Value
56855,0.12080232799053192
29340,0.09471142292022705
8396,0.09273497760295868
36212,0.0848875641822815
53582,0.05787922814488411
31736,0.04670945554971695
55023,0.042283784598112106
16549,0.040559738874435425
2792,0.03518134728074074
4530,0.029703618958592415
