Index,Activation Value
70349,0.1273961365222931
64204,0.08358820527791977
1267,0.07820455729961395
102181,0.07089706510305405
17902,0.07053773105144501
47884,0.07013916224241257
4825,0.0609813891351223
89903,0.06052616611123085
27912,0.058535315096378326
16158,0.05647249519824982
