Index,Activation Value
49406,0.06240497902035713
20435,0.05701813846826553
28312,0.056169647723436356
16956,0.05486002936959267
56096,0.054511621594429016
19491,0.053679317235946655
35684,0.05106957629323006
44743,0.04987282678484917
12929,0.049603421241045
4817,0.048726778477430344
