Index,Activation Value
19868,0.03615747019648552
53589,0.03432230278849602
47257,0.03343705087900162
56481,0.029062796384096146
30511,0.0273736622184515
28855,0.024826353415846825
34961,0.02463476173579693
42773,0.02323286235332489
27771,0.02286001481115818
13743,0.021767539903521538
