Index,Activation Value
36212,0.0828048512339592
27683,0.0818491280078888
53582,0.0758199617266655
43115,0.06704267859458923
8396,0.05585475265979767
29340,0.05405192822217941
41844,0.04718395322561264
24565,0.043647393584251404
52735,0.04299033805727959
31723,0.041664186865091324
