Index,Activation Value
52426,0.031828347593545914
28425,0.031298816204071045
70776,0.030399249866604805
87491,0.03003065101802349
22092,0.029627222567796707
55426,0.026077017188072205
64204,0.02457667700946331
97336,0.024322841316461563
12,0.02352030575275421
54156,0.023333435878157616
