Index,Activation Value
21467,0.13401839137077332
26778,0.11291990429162979
53579,0.09712734818458557
33011,0.07385455816984177
38432,0.0703892707824707
27547,0.06876161694526672
38924,0.06682328879833221
51614,0.061205264180898666
38340,0.05739200487732887
54138,0.05678756535053253
