Index,Activation Value
55426,0.016881804913282394
63669,0.012326737865805626
20779,0.006396474316716194
29372,0.005787208676338196
26012,0.0047536808997392654
71543,0.004363017622381449
59041,0.0028988865669816732
55040,0.0028082530479878187
37396,0.0018491382943466306
62757,0.0016441604821011424
