Index,Activation Value
107558,0.00033212947892025113
28425,0.0003113925631623715
59998,0.0002999406715389341
107925,0.0002939341065939516
90842,0.00027987424982711673
49456,0.00024817069061100483
64204,0.00022656111104879528
60631,0.0002148915664292872
7351,0.00017522637790534645
61123,0.00017327486420981586
