Index,Activation Value
35254,0.002356764627620578
107995,0.0012413669610396028
64204,0.000606224755756557
