Index,Activation Value
53579,0.24086077511310577
21467,0.22588220238685608
38924,0.17823809385299683
39547,0.13878747820854187
43054,0.09800918400287628
43178,0.09023467451334
44569,0.08888785541057587
26778,0.0681397020816803
47257,0.06637821346521378
41843,0.057357922196388245
