Index,Activation Value
57769,0.6135421395301819
18444,0.27247530221939087
