Index,Activation Value
8179,2.205923080444336
110196,1.276916265487671
10228,1.139237403869629
10182,1.1367708444595337
68859,1.110115885734558
33468,1.0781358480453491
21403,1.0422848463058472
3494,0.9623726010322571
107377,0.7546271085739136
89913,0.7451948523521423
