Index,Activation Value
33336,0.10311567038297653
36411,0.07857421040534973
56725,0.07601679861545563
30064,0.0676097422838211
6156,0.0673082023859024
51766,0.06692440807819366
59162,0.06386751681566238
2279,0.06280416250228882
109813,0.062404777854681015
111011,0.06079975515604019
