Index,Activation Value
36212,0.013316026888787746
19701,0.010202722623944283
55023,0.009312545880675316
51688,0.008617354556918144
4530,0.007714669220149517
11257,0.007438125554472208
42296,0.006605987902730703
39450,0.005747412797063589
2800,0.0051656500436365604
17695,0.0046738008968532085
