Index,Activation Value
33336,0.0046448311768472195
12344,0.0044964952394366264
52426,0.00421572383493185
6156,0.0037336021196097136
21549,0.0030143256299197674
104002,0.0027806719299405813
27789,0.002716821152716875
70776,0.00261416076682508
14983,0.002384025137871504
73908,0.002377506345510483
