Index,Activation Value
33011,0.27437761425971985
38924,0.23899008333683014
20435,0.22043226659297943
49406,0.2100398689508438
4055,0.20552903413772583
4817,0.20234844088554382
15111,0.20211680233478546
21565,0.1883547604084015
58458,0.18676166236400604
36625,0.18128488957881927
