Index,Activation Value
91707,0.42075881361961365
85310,0.24290192127227783
51142,0.19155295193195343
89875,0.1804138869047165
76281,0.16981519758701324
5148,0.08505993336439133
10055,0.07133649289608002
111796,0.04933007061481476
66648,0.041247859597206116
73599,0.034430693835020065
