Index,Activation Value
16107,0.016802439466118813
22092,0.014421891421079636
7351,0.012620336376130581
52426,0.011617142707109451
28425,0.010274134576320648
26012,0.008544912561774254
54896,0.008308539167046547
32672,0.008128485642373562
75996,0.00775152537971735
31199,0.007572402711957693
