Index,Activation Value
36173,0.029243923723697662
29372,0.017311690375208855
28910,0.014063086360692978
25849,0.011920660734176636
88295,0.010796695947647095
26012,0.009043578058481216
27438,0.008848549798130989
34454,0.006604963447898626
63669,0.006316849030554295
89243,0.006303987465798855
