Index,Activation Value
14152,0.7931725978851318
21777,0.6153572797775269
3062,0.4722582697868347
11217,0.37005776166915894
58541,0.31473955512046814
32848,0.24826833605766296
35559,0.179477259516716
3284,0.15292230248451233
6890,0.11597238481044769
59849,0.1013084277510643
