Index,Activation Value
3689,0.3979532718658447
36598,0.33463218808174133
54006,0.22914785146713257
52693,0.10152485221624374
22925,0.0859302505850792
21019,0.055989641696214676
28406,0.004934598691761494
