Index,Activation Value
21467,0.012745858170092106
24298,0.003462401684373617
44569,0.003235476091504097
38432,0.0028741084970533848
36212,0.0028415629640221596
8019,0.0015794276259839535
56855,0.0008259550086222589
9816,0.0005639456794597208
53579,0.0005121719441376626
8396,0.00022279027325566858
