Index,Activation Value
44569,0.04355672001838684
24298,0.0410429947078228
56855,0.03330909088253975
8396,0.03268459439277649
33011,0.03072514943778515
25657,0.025327544659376144
1909,0.02267923764884472
7145,0.02248448319733143
36473,0.021953042596578598
8019,0.02169598825275898
