Index,Activation Value
52426,0.14442594349384308
14022,0.08887926489114761
107995,0.08266852051019669
74354,0.08126038312911987
52491,0.07972810417413712
868,0.07640861719846725
36411,0.07592273503541946
80813,0.07268337905406952
6156,0.07078727334737778
70776,0.06986430287361145
