Index,Activation Value
98149,0.017902633175253868
24604,0.010029854252934456
96758,0.007693193387240171
42812,0.00705380504950881
86756,0.006308727897703648
20663,0.005190000869333744
44123,0.004125338047742844
75921,0.00409664586186409
30030,0.004012389108538628
36438,0.0036016758531332016
