Index,Activation Value
47260,1.7855685949325562
67509,1.616363525390625
27742,0.7055858373641968
4825,0.6924737095832825
74439,0.6712270379066467
54389,0.5944271683692932
51766,0.5152327418327332
19755,0.5027263164520264
15339,0.5018547177314758
31413,0.3923598825931549
