Index,Activation Value
38924,0.00901641696691513
33011,0.007981996983289719
53579,0.0075879329815506935
58249,0.00725216418504715
21467,0.006681862287223339
1909,0.005448462907224894
24298,0.00273892586119473
44569,0.002360922982916236
8080,0.0017431071028113365
26778,0.0017122675199061632
