Index,Activation Value
38432,0.009228929877281189
27547,0.00767119275406003
36212,0.004096620716154575
8396,0.003135032719001174
56855,0.0023629942443221807
38340,0.0020565069280564785
13743,0.0010755066759884357
26778,0.0006854643579572439
8080,0.0005482279229909182
21467,0.000459880568087101
