Index,Activation Value
35254,0.01838739402592182
70349,0.016949700191617012
71879,0.013047226704657078
55779,0.010760529898107052
98149,0.0055786008015275
44123,0.005197803024202585
95769,0.00471944035962224
99629,0.00424777390435338
27789,0.00410869438201189
108688,0.003857807954773307
