Index,Activation Value
28312,0.04090285673737526
7783,0.031296245753765106
49406,0.03082720935344696
17366,0.030289828777313232
24567,0.02950568124651909
38247,0.028275201097130775
43054,0.028036968782544136
37903,0.02773151360452175
4930,0.02415172941982746
56096,0.02373383194208145
