Index,Activation Value
33336,0.14881974458694458
37498,0.13415659964084625
64204,0.129158616065979
52183,0.12051151692867279
6375,0.08842292428016663
62757,0.08587870746850967
57225,0.07682780921459198
88295,0.06572128087282181
45447,0.06526908278465271
4825,0.06327912211418152
