Index,Activation Value
21467,0.10901971161365509
53579,0.07227734476327896
18000,0.05438077077269554
59288,0.052651405334472656
38340,0.05233290046453476
47257,0.04980828985571861
1909,0.043785128742456436
7145,0.042171478271484375
13743,0.040942464023828506
56554,0.039115507155656815
