Index,Activation Value
773,0.06253227591514587
33011,0.06203366816043854
38924,0.05874437093734741
4530,0.05640561506152153
29340,0.05225394293665886
48137,0.05094254016876221
20435,0.043377216905355453
43054,0.04188661649823189
34397,0.0368848592042923
49406,0.036854881793260574
