Index,Activation Value
104537,0.10090219229459763
21549,0.09716349840164185
32638,0.09100008010864258
50983,0.08549576997756958
60631,0.07961899042129517
1267,0.07566002011299133
21175,0.07166282832622528
52008,0.0703260526061058
83828,0.06791330873966217
6200,0.05671745911240578
