Index,Activation Value
11450,0.1079648956656456
7125,0.08195719122886658
7444,0.07432814687490463
2390,0.07354936003684998
31056,0.06868014484643936
10382,0.0612235888838768
54621,0.057283107191324234
51163,0.05605161190032959
10226,0.05198245495557785
27801,0.05104128271341324
