Index,Activation Value
37498,0.10485345870256424
70349,0.10140811651945114
95769,0.09205134212970734
60631,0.08838946372270584
88571,0.079983651638031
40355,0.07598770409822464
83828,0.0697837844491005
67509,0.0683738961815834
22230,0.06209475174546242
4825,0.0615067332983017
