Index,Activation Value
36473,0.09216286242008209
14196,0.05950632691383362
20435,0.05807603895664215
49406,0.052227720618247986
24298,0.05201263725757599
51614,0.051605068147182465
11257,0.05110054090619087
17428,0.050711799412965775
28312,0.04587874189019203
56032,0.04347499832510948
