Index,Activation Value
13259,0.843097448348999
21467,0.7038669586181641
53589,0.6829814910888672
56642,0.5009282827377319
19868,0.47135382890701294
29876,0.4520561099052429
32722,0.3523677885532379
56855,0.32288339734077454
9222,0.30633944272994995
41157,0.26272106170654297
