Index,Activation Value
773,0.004938725382089615
16549,0.0028541460633277893
8019,0.0026192788500338793
17939,0.0005199482548050582
44964,0.00032382900826632977
10570,0.00024611857952550054
