Index,Activation Value
1909,0.07028299570083618
33011,0.06941059231758118
58249,0.04822815954685211
53579,0.043030284345149994
54927,0.04296214133501053
18000,0.0350634939968586
36598,0.03491568937897682
13179,0.032245077192783356
25800,0.03190429508686066
56554,0.03142375126481056
