Index,Activation Value
54138,0.00913948006927967
24298,0.006981876213103533
48137,0.004733829293400049
8019,0.0039482321590185165
42887,0.0035429447889328003
43197,0.003104009199887514
39450,0.0029852110892534256
36473,0.0029724850319325924
31723,0.0029476871713995934
16261,0.002494416432455182
