Index,Activation Value
38432,0.22996686398983002
19868,0.19298389554023743
43197,0.18358741700649261
53589,0.1818409264087677
45313,0.18059803545475006
30430,0.17418348789215088
4902,0.16956833004951477
57551,0.15823331475257874
29465,0.1571453958749771
30511,0.1565430909395218
