Index,Activation Value
773,0.005294648930430412
5476,0.004521219525486231
43178,0.0034764516167342663
16549,0.0025973720476031303
8349,0.0022650021128356457
25800,0.0021719238720834255
16956,0.0017751043196767569
19491,0.0015407521277666092
52382,0.001402961672283709
5300,0.001379605964757502
