Index,Activation Value
36566,2.325881242752075
45447,1.521385908126831
111087,1.5076851844787598
85337,1.2693696022033691
68789,1.2015348672866821
47320,1.1606076955795288
42982,1.1337403059005737
58464,1.0884101390838623
26986,1.0118060111999512
56749,0.9160522818565369
