Index,Activation Value
51400,0.4727291166782379
16107,0.4081125259399414
100632,0.2703213393688202
103481,0.22563326358795166
61377,0.07359053939580917
76695,0.00347857060842216
