Index,Activation Value
102181,0.015153556130826473
67509,0.011394974775612354
13090,0.007354841101914644
70349,0.007154577877372503
37498,0.004693039692938328
21549,0.0039036583621054888
27858,0.003655634820461273
38228,0.0030247836839407682
70328,0.0026021895464509726
64204,0.0017520029796287417
