Index,Activation Value
24298,0.7022873759269714
36473,0.5781313180923462
54138,0.5610576272010803
8019,0.5596780180931091
8080,0.4856486916542053
44569,0.4541075825691223
42887,0.4128483235836029
9816,0.39807555079460144
32727,0.39806249737739563
579,0.3969937860965729
