Index,Activation Value
49441,0.5711972117424011
59038,0.5194928050041199
5979,0.37308186292648315
9253,0.3245607018470764
84425,0.15117383003234863
40604,0.13907796144485474
39458,0.1145477145910263
40083,0.09633275121450424
58292,0.09163594990968704
38362,0.08016079664230347
