Index,Activation Value
44123,0.11986429989337921
107200,0.07071159034967422
105975,0.06309422105550766
94111,0.05825250968337059
22202,0.05242368206381798
41210,0.05218755081295967
39127,0.05218210443854332
50022,0.05024529621005058
9293,0.04921729490160942
52426,0.045706555247306824
