Index,Activation Value
104537,0.0012458283454179764
35254,0.0012151642004027963
