Index,Activation Value
47574,1.1470801830291748
10429,1.0456268787384033
24056,1.0440512895584106
58212,1.0031238794326782
19723,0.9872819781303406
22015,0.9809460639953613
39094,0.8832055926322937
23380,0.7741628885269165
41132,0.6657323837280273
10966,0.6655307412147522
