Index,Activation Value
53582,0.16539780795574188
29340,0.16388635337352753
24565,0.1635286957025528
56855,0.1495048850774765
36212,0.12457846850156784
2792,0.11080783605575562
8396,0.10912072658538818
4530,0.09472894668579102
31736,0.08683730661869049
57892,0.06319357454776764
