Index,Activation Value
16107,0.09046733379364014
33336,0.08228301256895065
111011,0.0666884183883667
83828,0.06588105857372284
105073,0.0485273040831089
84018,0.047974541783332825
49865,0.040596868842840195
52847,0.038374509662389755
52008,0.037838008254766464
20663,0.03727683052420616
