Index,Activation Value
36173,0.18711267411708832
28425,0.12339656800031662
13090,0.08863408118486404
60631,0.07793041318655014
64204,0.07341675460338593
54956,0.06900933384895325
95769,0.06333073228597641
42493,0.06019454821944237
52183,0.05272845923900604
66371,0.052285101264715195
