Index,Activation Value
38924,0.43285882472991943
33011,0.3690374791622162
53579,0.33978524804115295
1909,0.3182884454727173
58249,0.286153644323349
26778,0.27942144870758057
773,0.26778340339660645
13179,0.2176341861486435
21467,0.21645969152450562
18000,0.2102394551038742
