Index,Activation Value
21467,0.05369387939572334
33011,0.052165307104587555
36212,0.04299052059650421
53579,0.04218941181898117
38432,0.03518752381205559
27547,0.03255070000886917
26778,0.03190355747938156
38340,0.02829308994114399
8396,0.027802541851997375
29340,0.02724122814834118
