Index,Activation Value
21467,0.03090379387140274
57551,0.010137471370398998
54222,0.008320811204612255
56155,0.007367962505668402
56545,0.0068752155639231205
10570,0.0068468134850263596
41844,0.0068046413362026215
27683,0.0067322892136871815
29465,0.00631321594119072
9351,0.006072422955185175
