Index,Activation Value
70349,0.08179235458374023
17902,0.0782894641160965
52426,0.0746387168765068
62757,0.06765209138393402
82590,0.0595024973154068
6156,0.05593672767281532
91104,0.054981131106615067
88571,0.054484881460666656
111056,0.05446309968829155
62662,0.053786590695381165
