Index,Activation Value
2800,0.009945672005414963
50064,0.007929965853691101
59868,0.007225836627185345
31684,0.006434224545955658
17648,0.006302824709564447
13740,0.005660875700414181
55454,0.00500717107206583
47321,0.0049150241538882256
50660,0.004774030763655901
23922,0.0045904600992798805
