Index,Activation Value
100195,0.05706748738884926
52847,0.052110642194747925
55779,0.05204256251454353
103008,0.04992564395070076
4738,0.04958153888583183
105492,0.04923349246382713
107995,0.04920507222414017
93659,0.04230149835348129
71777,0.04166364297270775
88273,0.041465528309345245
