Index,Activation Value
22335,0.7206088304519653
26476,0.45133575797080994
45024,0.15016694366931915
10570,0.09072041511535645
59249,0.0838310495018959
34481,0.04909343644976616
