Index,Activation Value
14326,0.08355245739221573
103825,0.0711972787976265
88571,0.06325172632932663
107558,0.058507129549980164
98149,0.05586807057261467
14022,0.04633096233010292
7334,0.046081699430942535
93364,0.04520058631896973
63170,0.04510676488280296
47448,0.04391783848404884
