Index,Activation Value
38036,0.6584548950195312
78362,0.5816096067428589
13581,0.546619713306427
95523,0.5265517830848694
101413,0.49997612833976746
55367,0.3975431025028229
5359,0.3075057864189148
69278,0.2651285231113434
98153,0.21145327389240265
32443,0.20118528604507446
