Index,Activation Value
13090,0.014690889045596123
70349,0.011363739147782326
88571,0.010664154775440693
56725,0.009767125360667706
52426,0.007641544099897146
107995,0.00754932314157486
60631,0.0064810775220394135
52683,0.006393217947334051
37498,0.00602799654006958
25849,0.005726617295295
