Index,Activation Value
21467,0.4758806824684143
53579,0.31751763820648193
9816,0.29134446382522583
42887,0.25837764143943787
8080,0.2384418100118637
8019,0.23811748623847961
45313,0.23004373908042908
44569,0.22780434787273407
13743,0.2102125883102417
32727,0.2057909369468689
