Index,Activation Value
56855,0.0037677870132029057
8396,0.0017327562673017383
29340,0.0013133905595168471
36212,0.0006369392503984272
