Index,Activation Value
42493,0.015383652411401272
3311,0.013266833499073982
101572,0.0130310645326972
70349,0.012064235284924507
52426,0.011714749038219452
35831,0.011488634161651134
38274,0.00882736686617136
81123,0.007943183183670044
28425,0.0075184665620327
68044,0.006842656061053276
