Index,Activation Value
51163,0.007625708822160959
3300,0.007014330942183733
47856,0.004799247719347477
47639,0.004580383654683828
4129,0.004514409229159355
31215,0.004272961989045143
31941,0.0030844907741993666
33391,0.003074123291298747
23860,0.00302386237308383
56481,0.002949112094938755
