Index,Activation Value
29340,0.3372941315174103
8396,0.3126932382583618
56855,0.28711068630218506
36212,0.2635776400566101
25657,0.1853913515806198
32704,0.18311646580696106
48137,0.17965306341648102
27399,0.17341001331806183
58458,0.17329250276088715
56096,0.1705937534570694
