Index,Activation Value
28910,0.028617950156331062
71879,0.020617453381419182
91875,0.012046564370393753
49456,0.011468525044620037
70776,0.008574326522648335
13090,0.008501698262989521
42812,0.008282220922410488
24359,0.007849037647247314
12589,0.007563477847725153
55779,0.007468093652278185
