Index,Activation Value
52183,0.007292244117707014
8774,0.007033273112028837
107551,0.005097836721688509
16158,0.004877662286162376
59998,0.003957470878958702
41210,0.003090860554948449
103991,0.002081068931147456
110712,0.0012509053340181708
65958,0.0008978582918643951
8251,0.0008574353414587677
