Index,Activation Value
44569,0.03887532651424408
8080,0.03878409415483475
53579,0.03643707558512688
38924,0.03150451183319092
24298,0.030025307089090347
1909,0.029199674725532532
29340,0.02729812264442444
54138,0.025806928053498268
32727,0.02562043070793152
58249,0.023979272693395615
