Index,Activation Value
9816,0.09665478020906448
42887,0.09153077006340027
8019,0.08566914498806
27547,0.08525072783231735
8396,0.07795912027359009
19868,0.0758809819817543
44569,0.07528317719697952
32727,0.07487943023443222
53579,0.07160614430904388
24298,0.07027342170476913
