Index,Activation Value
53579,0.11857711523771286
38924,0.09181877225637436
56855,0.07894814014434814
36212,0.07816529273986816
26778,0.07634906470775604
58249,0.07491360604763031
8396,0.07437420636415482
53589,0.06363037973642349
4530,0.05900546535849571
18000,0.05856139212846756
