Index,Activation Value
27547,0.05006009340286255
8080,0.04217103496193886
38432,0.037803154438734055
33011,0.03627414256334305
36212,0.03294326364994049
24298,0.0311320461332798
8019,0.03012361004948616
32727,0.029786212369799614
53579,0.029503563418984413
26778,0.02936660684645176
