Index,Activation Value
21467,0.000820541346911341
29340,0.0006394584779627621
