Index,Activation Value
27438,0.09128817915916443
111011,0.08970678597688675
28425,0.07604167610406876
12589,0.07181774824857712
36173,0.0589454248547554
64204,0.05169250816106796
7106,0.039548370987176895
96654,0.03889724612236023
73464,0.03886253759264946
30787,0.03658655658364296
