Index,Activation Value
88571,0.022885814309120178
52183,0.01989680342376232
17902,0.019340304657816887
66289,0.01624908111989498
92077,0.014636268839240074
852,0.014619768597185612
28425,0.013963324017822742
12,0.013794124126434326
7106,0.013789174146950245
52426,0.013761775568127632
