Index,Activation Value
24298,0.24208776652812958
36625,0.2279125154018402
4055,0.22188207507133484
48137,0.21413345634937286
28312,0.21336165070533752
36944,0.21159681677818298
36473,0.21132275462150574
14971,0.20078343152999878
56096,0.1938738077878952
39787,0.19348843395709991
