Index,Activation Value
44818,1.1236902475357056
88407,1.093298077583313
60314,1.0827666521072388
90842,1.0129729509353638
3311,0.9326309561729431
54690,0.9315389394760132
67433,0.9082328081130981
40490,0.8444124460220337
31914,0.7383566498756409
14326,0.7335874438285828
