Index,Activation Value
33011,0.14316853880882263
38432,0.12243442982435226
26778,0.11390512436628342
21467,0.11169643700122833
54138,0.10895797610282898
32727,0.10627222061157227
38924,0.10077311843633652
56855,0.09568199515342712
8080,0.09471805393695831
8019,0.09382802248001099
