Index,Activation Value
32625,1.2085316181182861
44401,1.2081609964370728
17264,1.0354713201522827
9714,1.0091248750686646
44781,0.9855132699012756
2123,0.971912145614624
18209,0.9570518732070923
54325,0.9378125667572021
48266,0.934468686580658
5062,0.9329633116722107
