Index,Activation Value
53579,0.3479263186454773
38924,0.33680567145347595
21467,0.3173033595085144
36212,0.24782510101795197
8396,0.23015090823173523
29340,0.22857387363910675
56855,0.21098043024539948
25657,0.2030261754989624
44569,0.19816094636917114
32757,0.19432292878627777
