Index,Activation Value
52183,0.00043737588566727936
60631,0.00018414466467220336
33336,0.0001588579616509378
83828,6.005393515806645e-05
49456,5.101059650769457e-05
70349,9.048713764059357e-06
19627,3.556956698957947e-06
