Index,Activation Value
43054,0.21168869733810425
38127,0.21098962426185608
29340,0.18089456856250763
24565,0.15541860461235046
36212,0.13784101605415344
28312,0.13217973709106445
21019,0.13214579224586487
53582,0.12511181831359863
55023,0.12151353806257248
17134,0.12138647586107254
