Index,Activation Value
24298,0.013842081651091576
8019,0.013462766073644161
8080,0.01081988587975502
27547,0.01008033100515604
36212,0.008077515289187431
38924,0.007446836680173874
44569,0.006899120286107063
56855,0.006839747074991465
32727,0.006744728423655033
33011,0.005448607262223959
