Index,Activation Value
9246,1.3444019556045532
28343,1.232092022895813
100404,1.1027761697769165
55195,0.9256134629249573
63327,0.7434647083282471
75242,0.7150096297264099
87126,0.6446831822395325
38679,0.4835245609283447
79374,0.47489070892333984
77287,0.4563004672527313
