Index,Activation Value
64187,0.8342388272285461
90717,0.6502318978309631
79770,0.6062853336334229
40432,0.4145532548427582
97140,0.39536961913108826
12926,0.3710687756538391
14140,0.25688406825065613
49027,0.16551709175109863
19263,0.09691329300403595
215,0.028602581471204758
