Index,Activation Value
36173,0.03193710371851921
28425,0.01826624572277069
852,0.015949800610542297
88571,0.01171285193413496
107558,0.011126545257866383
87491,0.010748330503702164
52683,0.010023809969425201
52008,0.00795808620750904
19530,0.00790371559560299
52426,0.007483392488211393
