Index,Activation Value
44141,1.7724865674972534
24235,1.5609703063964844
60750,1.148682951927185
93064,0.9691550731658936
92953,0.8787050843238831
7102,0.6735339164733887
79475,0.6699709892272949
63371,0.6548606753349304
56016,0.6104745864868164
21827,0.534796416759491
