Index,Activation Value
49456,0.01980390027165413
28910,0.01272677257657051
97407,0.009257150813937187
28425,0.007758385501801968
852,0.007636012509465218
27789,0.007627684157341719
87491,0.0069277482107281685
111011,0.006321891210973263
22092,0.004979866556823254
104537,0.004603566136211157
