Index,Activation Value
29099,0.8263071775436401
81515,0.5056936144828796
75075,0.4572019875049591
15763,0.43669500946998596
16193,0.4268394708633423
10770,0.3958788514137268
62355,0.38449418544769287
108464,0.3740091919898987
45101,0.3715870976448059
16610,0.30124524235725403
