Index,Activation Value
21467,0.3580339550971985
38924,0.2651115953922272
9816,0.21531051397323608
53589,0.20281128585338593
53579,0.19220496714115143
27547,0.1810474395751953
42887,0.17340971529483795
48137,0.16767026484012604
43197,0.16171641647815704
32704,0.15365548431873322
