Index,Activation Value
31346,0.44983792304992676
42925,0.2588583827018738
87090,0.2503390312194824
28632,0.051066115498542786
57547,0.029535764828324318
