Index,Activation Value
30511,0.5619879961013794
57457,0.4092130959033966
50022,0.24308346211910248
37912,0.13120365142822266
90032,0.12277387082576752
88359,0.09275050461292267
12410,0.05426907166838646
