Index,Activation Value
47240,1.4149625301361084
91051,1.3443001508712769
42056,0.8698386549949646
44123,0.8458306193351746
107200,0.8292955756187439
64678,0.7720423340797424
42457,0.7010149359703064
97823,0.6976210474967957
5148,0.6924129128456116
14100,0.6868670582771301
