Index,Activation Value
8019,0.08976788818836212
44569,0.08922015130519867
27547,0.08440805971622467
54138,0.06838402152061462
24298,0.06508201360702515
9816,0.061873659491539
1859,0.05326484888792038
43197,0.05018186196684837
19701,0.044164128601551056
45313,0.043161675333976746
