Index,Activation Value
18899,1.7974375486373901
14692,1.2858573198318481
22214,1.1910970211029053
39797,1.119702696800232
13684,1.0679796934127808
42493,1.0211602449417114
59026,0.979225754737854
25600,0.9319531917572021
32158,0.872968316078186
50860,0.8530755043029785
