Index,Activation Value
24298,0.06994641572237015
26778,0.054836299270391464
44743,0.04439849406480789
8019,0.04235823079943657
49406,0.04229821264743805
36473,0.039211638271808624
11257,0.03396265581250191
13158,0.033871110528707504
4987,0.033459242433309555
11306,0.03277640789747238
