Index,Activation Value
21467,0.010760096833109856
53579,0.005006399005651474
38924,0.0046150037087500095
33011,0.002978263422846794
26778,7.265647582244128e-05
