Index,Activation Value
36212,0.43984025716781616
29340,0.33260589838027954
8396,0.3305477797985077
56855,0.2545276880264282
25657,0.22045457363128662
53589,0.18324699997901917
4530,0.17059288918972015
15397,0.12504853308200836
18760,0.1185608059167862
28561,0.11581655591726303
