Index,Activation Value
37903,0.017218181863427162
28312,0.015131225809454918
14756,0.014893298037350178
7145,0.013109395280480385
27569,0.010541228577494621
18736,0.0099903279915452
9898,0.007740370463579893
28748,0.006624056026339531
2861,0.006239407230168581
13248,0.006166643463075161
