Index,Activation Value
111011,0.0036545360926538706
28425,0.0033001250121742487
37498,0.0027889839839190245
99629,0.0012714165495708585
107558,0.00023341095948126167
