Index,Activation Value
6431,0.5294777750968933
82471,0.4581514894962311
36801,0.40270891785621643
40571,0.2751863896846771
112629,0.14728863537311554
71070,0.11137343943119049
12864,0.03954170644283295
53590,0.009620756842195988
