Index,Activation Value
55040,0.321978896856308
21751,0.10067762434482574
