Index,Activation Value
111011,0.01804470643401146
107995,0.012940099462866783
12589,0.009406795725226402
13090,0.0076149203814566135
12,0.005744729191064835
14326,0.005028802901506424
61202,0.0005172793171368539
108688,0.0001851213164627552
