Index,Activation Value
53579,0.1671103686094284
38924,0.16616885364055634
36212,0.1624266803264618
21467,0.15199099481105804
8396,0.14826712012290955
56855,0.13938039541244507
58249,0.1376807689666748
26778,0.13546010851860046
29340,0.12777172029018402
33011,0.1244286373257637
