Index,Activation Value
98149,1.9483293294906616
854,1.302154302597046
20457,0.9848071932792664
99393,0.937937319278717
88295,0.8330764174461365
107558,0.8198012709617615
96397,0.8013210892677307
60003,0.6322572827339172
62156,0.5597693920135498
59812,0.5154749155044556
