Index,Activation Value
28425,0.05113612115383148
22092,0.046154092997312546
65993,0.04335898160934448
34454,0.0427909716963768
31199,0.034864943474531174
4738,0.03087199479341507
6335,0.028894871473312378
59080,0.027919264510273933
33420,0.024269485846161842
55779,0.02318006567656994
