Index,Activation Value
7334,0.08772566169500351
852,0.08602893352508545
14022,0.07793641835451126
67509,0.07328701764345169
7351,0.0686793103814125
47586,0.06355232000350952
12344,0.06326910108327866
86118,0.061858780682086945
27818,0.05401848256587982
3082,0.04755479469895363
