Index,Activation Value
7351,0.1044553592801094
88407,0.08760420233011246
96065,0.07977674901485443
17608,0.07772041857242584
52491,0.07747383415699005
4738,0.06971397995948792
44123,0.06675472855567932
6550,0.06493748724460602
111056,0.0625833198428154
42812,0.06226573884487152
