Index,Activation Value
95769,0.12970852851867676
111011,0.09344878047704697
29450,0.09235482662916183
83828,0.08154826611280441
111154,0.0783436968922615
87200,0.07361574470996857
73855,0.07203464210033417
74331,0.07104485481977463
96065,0.06594964116811752
14022,0.06553429365158081
