Index,Activation Value
70349,0.14743150770664215
37498,0.1230832040309906
56725,0.1059965267777443
97407,0.10110127925872803
22092,0.09795666486024857
52183,0.09675730764865875
13090,0.09474439918994904
49456,0.09090304374694824
14165,0.08870825171470642
33336,0.08402451872825623
