Index,Activation Value
13090,0.007124612107872963
56725,0.005613521672785282
52183,0.004950673319399357
83828,0.003926717676222324
12344,0.002104251179844141
111011,0.0018042686861008406
28425,0.001343466225080192
27438,0.0013128822902217507
92077,0.0007161737303249538
66000,0.0003888471983373165
