Index,Activation Value
1909,0.14237426221370697
33011,0.12839671969413757
53579,0.0990685299038887
38924,0.0898827537894249
44569,0.07618042826652527
1859,0.07355696707963943
21467,0.07076013088226318
8080,0.06833329796791077
35684,0.05514330789446831
26778,0.051203653216362
