Index,Activation Value
90842,0.0986509844660759
14326,0.0931442454457283
96065,0.08288804441690445
52847,0.08005137741565704
16107,0.07965899258852005
30064,0.07018212974071503
26012,0.06988226622343063
6200,0.06952172517776489
59998,0.06794288009405136
107551,0.0670292004942894
