Index,Activation Value
104537,0.023407604545354843
28425,0.011604852974414825
36159,0.008755008690059185
4738,0.007911098189651966
19627,0.00693849753588438
88295,0.0063665020279586315
59998,0.006078516598790884
90842,0.00568949431180954
71812,0.005652147810906172
99629,0.004711007233709097
