Index,Activation Value
25800,0.0775165781378746
13655,0.041878629475831985
11450,0.035105377435684204
55731,0.034223753958940506
50256,0.030640067532658577
19484,0.030105626210570335
27683,0.029593579471111298
33607,0.02741405926644802
3366,0.0270269475877285
55625,0.025197938084602356
