Index,Activation Value
16107,0.02006865106523037
52183,0.01905074529349804
54896,0.01874878816306591
86538,0.007204075809568167
107995,0.007024822756648064
27789,0.003212903393432498
88407,0.0026816881727427244
11374,0.0026321993209421635
84018,0.0023117540404200554
5317,0.002292949939146638
