Index,Activation Value
8396,0.005435147322714329
56855,0.003952865023165941
33011,0.0031312997452914715
25657,0.0025794561952352524
26778,0.002454815898090601
58249,0.0010207967134192586
55023,0.0009720390080474317
29465,0.0008969628834165633
9107,0.00048822135431692004
773,0.00046381194260902703
