Index,Activation Value
36212,0.4077456593513489
8396,0.4061448276042938
56855,0.3531126379966736
25657,0.34757643938064575
29340,0.3247550129890442
4530,0.24158385396003723
32727,0.23041881620883942
41844,0.22718968987464905
52440,0.20648591220378876
53407,0.18424052000045776
