Index,Activation Value
13090,0.12970055639743805
88571,0.11313304305076599
95769,0.10649437457323074
90842,0.07843530178070068
74331,0.0758567601442337
12589,0.07375312596559525
27789,0.0717211440205574
75996,0.06825782358646393
96065,0.06351868063211441
17902,0.06252197176218033
