Index,Activation Value
8080,0.031537964940071106
53579,0.022127168253064156
38924,0.020520919933915138
21467,0.01912687160074711
38432,0.018472328782081604
36212,0.018014155328273773
27547,0.01311904564499855
51614,0.012884829193353653
8019,0.012770608067512512
56855,0.01133076660335064
