Index,Activation Value
3877,0.8356879949569702
2973,0.8225387334823608
31515,0.8096102476119995
58987,0.7695676684379578
58959,0.7602924704551697
24899,0.67293381690979
10304,0.6679067611694336
15584,0.6275924444198608
29115,0.6071470975875854
21785,0.6001597046852112
