Index,Activation Value
55098,0.2796173393726349
57769,0.10750669240951538
16002,0.0652671605348587
