Index,Activation Value
105073,0.06720126420259476
19627,0.06625250726938248
3878,0.06490583717823029
7351,0.06353975832462311
52491,0.062162160873413086
38274,0.05870810151100159
50022,0.05851825326681137
78974,0.05811788886785507
6156,0.05804188922047615
16107,0.05724526569247246
