Index,Activation Value
96654,0.0013512924779206514
52683,0.0003571429697331041
