Index,Activation Value
28910,0.008747669868171215
70349,0.008078742772340775
87758,0.00711092771962285
7334,0.006489432416856289
71879,0.0058262962847948074
12344,0.004239472094923258
19627,0.003444882808253169
13090,0.003271306399255991
72094,0.003157550934702158
52183,0.0031500086188316345
