Index,Activation Value
36482,1.1224430799484253
33011,0.9769930839538574
1909,0.6987496614456177
13179,0.6766089797019958
53579,0.4595204293727875
19837,0.22474263608455658
56147,0.13985180854797363
18000,0.055738504976034164
