Index,Activation Value
56725,0.0006073872791603208
33336,0.0002893614291679114
70349,0.000244887953158468
13090,8.193733083317056e-05
