Index,Activation Value
24298,0.00466120894998312
26778,0.0028827828355133533
8019,0.0019034796860069036
38924,0.0015229673590511084
8080,0.001488768495619297
18000,0.0014231160748749971
36473,0.0009343185811303556
33011,6.064334957045503e-05
