Index,Activation Value
29340,0.14403921365737915
16549,0.14015062153339386
37410,0.10511615872383118
49213,0.10291282087564468
19364,0.1006329357624054
38848,0.09681832045316696
7921,0.09622218459844589
39812,0.0897369310259819
29744,0.08871323615312576
22403,0.08782204985618591
