Index,Activation Value
104537,0.0008912278572097421
37498,0.0001655292435316369
