Index,Activation Value
36212,0.22807283699512482
56855,0.21428553760051727
8396,0.19708114862442017
29340,0.1840558499097824
33011,0.16701571643352509
21467,0.14660294353961945
26778,0.14421336352825165
38432,0.14353419840335846
53579,0.11420782655477524
27547,0.11397173255681992
