Index,Activation Value
33011,0.09997141361236572
53579,0.09944602102041245
21467,0.09776639938354492
36212,0.07192353159189224
8396,0.07189013063907623
38924,0.06671714037656784
56855,0.0656723603606224
29340,0.060561202466487885
38340,0.0585869662463665
26778,0.05755012854933739
