Index,Activation Value
107995,0.08830948919057846
96758,0.06703663617372513
38274,0.062412507832050323
25887,0.062078095972537994
16107,0.06036604195833206
81123,0.05755064636468887
3311,0.0519070029258728
27789,0.05082179978489876
8726,0.04908899590373039
17335,0.048796553164720535
