Index,Activation Value
24298,0.24423673748970032
21467,0.23340648412704468
8019,0.18237343430519104
36473,0.17135950922966003
8080,0.16964533925056458
9816,0.16197989881038666
44569,0.15236182510852814
32727,0.1514885425567627
27547,0.141513392329216
29340,0.1355002224445343
