Index,Activation Value
38924,0.06371723860502243
21467,0.054039787501096725
53579,0.05161859467625618
33011,0.04094948619604111
58249,0.03664061799645424
8080,0.029615754261612892
26778,0.0295401681214571
56855,0.02536015957593918
54138,0.02505873143672943
1909,0.022953003644943237
