Index,Activation Value
36212,0.0013878720346838236
8396,0.0011187618365511298
56855,0.0010275861714035273
29340,0.0004176312650088221
