Index,Activation Value
8019,0.036918189376592636
773,0.03276184946298599
38247,0.027034655213356018
30430,0.02573944628238678
39837,0.021736223250627518
45858,0.02008516900241375
54138,0.018733307719230652
14960,0.016825499013066292
8080,0.014703073538839817
2656,0.013674839399755001
