Index,Activation Value
29340,0.029276283457875252
36212,0.025364572182297707
8396,0.023871295154094696
56855,0.02293011173605919
25657,0.015137200243771076
19868,0.01237031351774931
21467,0.00901913270354271
55023,0.007111273240298033
30430,0.005450955126434565
38432,0.0027446597814559937
