Index,Activation Value
38924,0.01933678239583969
53579,0.01495012640953064
58249,0.014376508072018623
26778,0.013647232204675674
8080,0.013170934282243252
24298,0.010903839953243732
38432,0.010179693810641766
1909,0.00974998902529478
36212,0.009521064348518848
33011,0.009499206207692623
