Index,Activation Value
36173,0.1389395147562027
27438,0.13598746061325073
111011,0.12416119873523712
28425,0.08282677084207535
71932,0.07477518916130066
83828,0.07086078077554703
7106,0.06018446385860443
19530,0.05812834948301315
103824,0.05347910523414612
50439,0.05011780560016632
