Index,Activation Value
104537,0.0929131880402565
71879,0.08371239900588989
87077,0.08257254958152771
107995,0.0744762122631073
49456,0.0727001503109932
107551,0.0694967582821846
14326,0.06654014438390732
12,0.06588774919509888
56725,0.06446058303117752
8774,0.06434963643550873
