Index,Activation Value
8019,0.30624818801879883
24298,0.29436877369880676
44569,0.2048734873533249
566,0.20421911776065826
42887,0.20181980729103088
32727,0.1902482509613037
9816,0.1804211437702179
8080,0.1641501635313034
1859,0.15122178196907043
19701,0.14437203109264374
