Index,Activation Value
49406,0.010360981337726116
22371,0.010059445165097713
56155,0.009226703085005283
40678,0.00856273528188467
31056,0.008276832289993763
13411,0.008276006206870079
37903,0.00815378874540329
12929,0.008093996904790401
29465,0.007933233864605427
17428,0.007743552792817354
