Index,Activation Value
107558,0.013043733313679695
62757,0.010473910719156265
97407,0.010071857832372189
39127,0.007189351599663496
52183,0.006043409463018179
8251,0.004603587090969086
49456,0.004481176845729351
85314,0.0039222100749611855
16959,0.003638230497017503
99763,0.0028522582724690437
