Index,Activation Value
38127,0.03187311068177223
5319,0.016057046130299568
59924,0.009467104449868202
43164,0.008979464881122112
36021,0.00796440802514553
34620,0.007857893593609333
50700,0.007473076693713665
31723,0.007100360468029976
2390,0.0068519809283316135
8105,0.005818402394652367
