Index,Activation Value
4034,0.44557780027389526
28173,0.13926509022712708
36445,0.030496958643198013
