Index,Activation Value
20663,0.0028255139477550983
852,0.0013899781042709947
76906,0.0013210283359512687
