Index,Activation Value
27683,0.1665712296962738
29465,0.12863942980766296
14721,0.12850221991539001
24588,0.10050979256629944
47900,0.09856145828962326
25657,0.09783803671598434
19701,0.09323093295097351
43178,0.09218815714120865
15758,0.08423266559839249
52440,0.08405154943466187
