Index,Activation Value
21467,0.03738284111022949
33011,0.030567875131964684
53579,0.026713471859693527
38924,0.024149304255843163
54138,0.019731594249606133
38432,0.018400339409708977
58249,0.01800847239792347
36473,0.013094422407448292
36212,0.012719199061393738
56855,0.012638635002076626
