Index,Activation Value
8396,0.18793389201164246
56855,0.18502630293369293
29340,0.15500985085964203
36212,0.143305703997612
9816,0.12219547480344772
38127,0.10693854838609695
21311,0.09937487542629242
34367,0.09711559861898422
43541,0.09661484509706497
57496,0.09606612473726273
