Index,Activation Value
70349,0.1969696581363678
88571,0.14610961079597473
17902,0.09898004680871964
53715,0.08831682056188583
16158,0.08640994876623154
14165,0.08484239131212234
67013,0.08399096876382828
86756,0.07837500423192978
37498,0.0759362056851387
3309,0.07487127184867859
