Index,Activation Value
36944,0.17203016579151154
25605,0.1344578117132187
15598,0.1316605657339096
15397,0.12378852814435959
54705,0.12017939984798431
24567,0.11469489336013794
4055,0.10701366513967514
27840,0.10455535352230072
36625,0.1027262881398201
7444,0.10235488414764404
