Index,Activation Value
4930,0.018454598262906075
43054,0.015170657075941563
58249,0.014470303431153297
29465,0.01253281719982624
32881,0.012216290459036827
26073,0.011414187029004097
38247,0.010886825621128082
44036,0.00987942609935999
23665,0.009358181618154049
39547,0.009334559552371502
