Index,Activation Value
46902,0.8749588131904602
29901,0.6140002012252808
43323,0.42173951864242554
105801,0.22385357320308685
27459,0.19482435286045074
84915,0.14577709138393402
7474,0.0596269816160202
12430,0.05220429599285126
49988,0.045315932482481
46020,0.040035344660282135
