Index,Activation Value
24298,0.38554301857948303
44569,0.36342665553092957
54138,0.3272366225719452
8019,0.29585057497024536
21467,0.2795100212097168
1909,0.2698875963687897
1859,0.26982560753822327
32727,0.25705060362815857
43197,0.2412700206041336
36473,0.23802396655082703
