Index,Activation Value
16807,0.12138846516609192
4765,0.05303116515278816
39257,0.04864086955785751
87491,0.047751374542713165
22230,0.047287095338106155
85185,0.046073220670223236
95980,0.045120250433683395
95115,0.04469403624534607
36735,0.04312370717525482
41025,0.041626933962106705
