Index,Activation Value
51614,0.20938506722450256
33607,0.15290023386478424
47257,0.13604633510112762
28561,0.1304900348186493
44269,0.1158376932144165
28855,0.10521292686462402
32757,0.10182970017194748
13743,0.09800101816654205
13604,0.09420958161354065
57551,0.08945197612047195
