Index,Activation Value
38924,0.011281795799732208
53579,0.011107869446277618
21467,0.010690499097108841
8080,0.005775488913059235
58249,0.005593376234173775
54138,0.00557559821754694
24298,0.005191474221646786
33011,0.00482678459957242
8019,0.004397706128656864
29340,0.003392154583707452
