Index,Activation Value
7145,0.047018181532621384
9049,0.033962104469537735
49406,0.026949530467391014
54227,0.024959370493888855
15111,0.021567203104496002
31723,0.020112674683332443
40818,0.019766729325056076
59924,0.019550243392586708
49043,0.017508860677480698
43164,0.017348451539874077
