Index,Activation Value
72094,0.007099410984665155
109825,0.005812476854771376
6156,0.004482980817556381
27438,0.00377192092128098
16959,0.0037116745952516794
35831,0.003210955299437046
95769,0.003154117614030838
29450,0.002984863705933094
107558,0.0024232869036495686
111154,0.0023432185407727957
