Index,Activation Value
33336,0.08219669759273529
96758,0.07209447026252747
56725,0.0617825873196125
95769,0.039701808243989944
29450,0.03801668435335159
66371,0.0354732871055603
4738,0.032960399985313416
71879,0.031016893684864044
65081,0.028752844780683517
2279,0.027512535452842712
