Index,Activation Value
1909,0.06971967220306396
44569,0.06379024684429169
16549,0.06171322986483574
773,0.05692894756793976
36625,0.053118348121643066
39837,0.05228812247514725
33011,0.051678936928510666
18000,0.04643562063574791
32727,0.045749884098768234
13179,0.04465199634432793
