Index,Activation Value
773,0.030475415289402008
56032,0.029136449098587036
579,0.02225181832909584
31022,0.02129305899143219
1976,0.018911369144916534
33011,0.018840579316020012
16549,0.018805282190442085
21191,0.018561216071248055
52585,0.017739174887537956
22353,0.017368348315358162
