Index,Activation Value
13090,0.04664428532123566
52183,0.029137935489416122
97407,0.025493109598755836
60631,0.0254120621830225
28425,0.024264346808195114
852,0.02404128760099411
99629,0.019777260720729828
28910,0.01834903657436371
70349,0.017230620607733727
34454,0.01599282957613468
