Index,Activation Value
66371,0.053804829716682434
107995,0.0499802827835083
66000,0.04474886134266853
67509,0.04403124749660492
4825,0.03971913084387779
52491,0.03359118849039078
27912,0.03134344145655632
93685,0.030715608969330788
111011,0.027994485571980476
111665,0.026150785386562347
