Index,Activation Value
13090,0.023192014545202255
60631,0.009866460226476192
56725,0.007412881124764681
62757,0.0010501734213903546
