Index,Activation Value
86540,0.8323484063148499
884,0.777761697769165
13037,0.6419731378555298
15542,0.6339119672775269
108159,0.6224279999732971
80065,0.6129897236824036
33578,0.580024242401123
49384,0.5321334004402161
34663,0.49209359288215637
99150,0.42785683274269104
