Index,Activation Value
21467,0.4731678068637848
8080,0.3770778477191925
27547,0.33899903297424316
24298,0.3253711760044098
38432,0.32007110118865967
8019,0.3048560619354248
54138,0.29576581716537476
44569,0.2722598910331726
53579,0.2698687016963959
56855,0.24904349446296692
