Index,Activation Value
52426,0.024104146286845207
28910,0.018201742321252823
35254,0.011243140324950218
55040,0.009323185309767723
110063,0.00869596004486084
6550,0.00847460888326168
82590,0.007920989766716957
52183,0.004974847659468651
40355,0.004948207177221775
20663,0.004381065722554922
