Index,Activation Value
36473,0.1296640783548355
17428,0.11789985746145248
44208,0.09616892784833908
51163,0.0909707173705101
45682,0.08993183821439743
7125,0.0823252722620964
56273,0.08060754835605621
22737,0.07973507046699524
34547,0.0777491107583046
10183,0.07372134178876877
