Index,Activation Value
13090,0.13444839417934418
37498,0.11667512357234955
88571,0.10098135471343994
56725,0.09222720563411713
70349,0.09189170598983765
28425,0.09077662229537964
27858,0.07730814069509506
86538,0.06638476997613907
17902,0.06358946114778519
16158,0.058485545217990875
