Index,Activation Value
27547,0.009039920754730701
32727,0.007161225192248821
19868,0.005389821249991655
9816,0.003939789719879627
42887,0.0036194678395986557
45313,0.003485711058601737
21467,0.0029785919468849897
38432,0.002742042299360037
30430,0.002715290989726782
57551,0.0025347848422825336
