Index,Activation Value
103694,0.0852133110165596
14022,0.08115020394325256
92547,0.07885890454053879
14983,0.07557178288698196
73908,0.07097158581018448
88155,0.0674537867307663
38274,0.06734205037355423
93364,0.06695248186588287
1267,0.06514044106006622
12344,0.06487926840782166
