Index,Activation Value
24702,0.22259175777435303
7145,0.19851258397102356
59924,0.13197249174118042
7444,0.1117279902100563
31723,0.10604029893875122
45858,0.09985796362161636
55625,0.09485609084367752
14706,0.09122545272111893
25544,0.08510629087686539
2656,0.08133593201637268
