Index,Activation Value
54138,0.003934219013899565
24298,0.003590086940675974
53579,0.003190247341990471
8080,0.000747967918869108
36473,0.0007268689223565161
