Index,Activation Value
56545,0.022224869579076767
36685,0.021596059203147888
19491,0.018911635503172874
35367,0.018891068175435066
41410,0.01840122416615486
21019,0.01633683405816555
14465,0.016127534210681915
37379,0.016115639358758926
32140,0.015219399705529213
56096,0.015170450322329998
