Index,Activation Value
44569,0.007087117061018944
5476,0.004594811704009771
8019,0.004339552018791437
43178,0.003998493310064077
29465,0.0028709275647997856
54222,0.002864034613594413
44743,0.0020246198400855064
579,0.0019832714460790157
24298,0.0014070292236283422
17939,0.0008962752763181925
