Index,Activation Value
56855,0.2095623016357422
29340,0.20912271738052368
24298,0.20002961158752441
8080,0.19876237213611603
36473,0.17736704647541046
8396,0.17628419399261475
36212,0.1694924384355545
54138,0.16248412430286407
8019,0.15151290595531464
21467,0.14142121374607086
