Index,Activation Value
13743,0.22524572908878326
38340,0.1977004110813141
21467,0.16416433453559875
30430,0.15243230760097504
47257,0.14326481521129608
41844,0.13940191268920898
7145,0.13623963296413422
51614,0.13494658470153809
38127,0.1318015605211258
43115,0.12966454029083252
