Index,Activation Value
73306,1.5918384790420532
36438,1.5553745031356812
11088,1.1602678298950195
111023,1.0519224405288696
8923,1.0254899263381958
37906,1.0106806755065918
51784,0.8588504791259766
46353,0.7881501317024231
94406,0.7846509218215942
9017,0.7498915195465088
