Index,Activation Value
88571,0.034011729061603546
52183,0.03206305950880051
24604,0.025761369615793228
35913,0.02559596113860607
64204,0.022385306656360626
25849,0.020877614617347717
22092,0.020132463425397873
99629,0.018323078751564026
18731,0.017230089753866196
25887,0.016696300357580185
