Index,Activation Value
33336,0.024469178169965744
52183,0.024313976988196373
56725,0.022430185228586197
28910,0.02210201881825924
13090,0.021132657304406166
52426,0.02003750018775463
60631,0.01754107140004635
36533,0.014782103709876537
37498,0.014314282685518265
83828,0.011266790330410004
