Index,Activation Value
54138,0.28344205021858215
18000,0.21334300935268402
218,0.2084406018257141
1909,0.2057703137397766
58249,0.20078937709331512
26937,0.1947808414697647
1859,0.1818394660949707
8080,0.17711885273456573
8019,0.16554857790470123
39547,0.1439298540353775
