Index,Activation Value
87491,0.07977910339832306
95769,0.07741569727659225
35254,0.06582557410001755
88571,0.06409965455532074
57225,0.06346271932125092
92547,0.05816611275076866
59998,0.05573367699980736
11374,0.05501750111579895
16298,0.05447402596473694
8062,0.05406917631626129
