Index,Activation Value
111011,0.08846921473741531
59998,0.07047972828149796
16107,0.06923214346170425
47448,0.06798364222049713
71879,0.06348004192113876
61123,0.05884687602519989
11313,0.05138145759701729
92077,0.05031182989478111
73855,0.045797672122716904
12344,0.03916675224900246
