Index,Activation Value
43054,0.10435932874679565
47257,0.09917114675045013
24565,0.0872054398059845
7145,0.08510255068540573
55023,0.08111606538295746
56607,0.07772032171487808
24702,0.07640374451875687
25657,0.07269120961427689
34547,0.07225742936134338
16061,0.06806035339832306
