Index,Activation Value
30435,1.459190011024475
54424,0.8781079053878784
32727,0.8668912053108215
52498,0.8102139830589294
218,0.7042934894561768
52590,0.6904877424240112
55909,0.6854270696640015
26174,0.6529556512832642
38340,0.641033411026001
22772,0.5782251358032227
