Index,Activation Value
82043,0.4571751356124878
41660,0.1996365487575531
