Index,Activation Value
13090,0.04161512479186058
56725,0.03314686194062233
7351,0.02898920699954033
96758,0.02898721769452095
33336,0.024775948375463486
36173,0.02442372590303421
7334,0.023634159937500954
12344,0.02260490134358406
37498,0.019831953570246696
11918,0.018135949969291687
