Index,Activation Value
13090,0.010473071597516537
56725,0.0073538306169211864
27438,0.0003788464528042823
