Index,Activation Value
27683,0.054326318204402924
8396,0.046621885150671005
34961,0.040174685418605804
41844,0.03920571506023407
9816,0.033704351633787155
56855,0.029475903138518333
42887,0.029469812288880348
36212,0.028997644782066345
32727,0.028893103823065758
45313,0.02856501191854477
