Index,Activation Value
54896,0.02595265582203865
36173,0.009203124791383743
7351,0.0085453437641263
16107,0.008026727475225925
60763,0.0068689496256411076
36119,0.005489942152053118
66371,0.00471831951290369
87950,0.004491371102631092
71879,0.0031431252136826515
868,0.0030352012254297733
