Index,Activation Value
27438,0.016244783997535706
35913,0.009143064729869366
8826,0.008455120027065277
36421,0.007297994568943977
61202,0.00668302271515131
72597,0.004602756351232529
3549,0.004501163028180599
18731,0.004475397057831287
88295,0.0034787494223564863
38492,0.0024295689072459936
