Index,Activation Value
25887,3.069270610809326
33028,2.5653433799743652
14053,2.0169589519500732
29306,1.8320597410202026
74354,1.6825153827667236
2377,1.657623052597046
62237,1.5952948331832886
12344,1.5379966497421265
52491,1.3666386604309082
7351,1.3497962951660156
