Index,Activation Value
36173,0.025997286662459373
104537,0.025869164615869522
29372,0.024856213480234146
55426,0.024692032486200333
26012,0.022701799869537354
63669,0.019145788624882698
37498,0.015852829441428185
20779,0.01274215616285801
100136,0.012496878392994404
73464,0.012457549571990967
