Index,Activation Value
36510,0.23277513682842255
42516,0.048273127526044846
