Index,Activation Value
64204,0.012203377671539783
14165,0.007249332498759031
66000,0.006431771907955408
33336,0.0042476109229028225
43807,0.0022333774250000715
75996,0.002173300366848707
23324,0.0019253725185990334
73306,0.0016777999699115753
50671,0.001226410735398531
27438,0.0010783536126837134
