Index,Activation Value
53579,0.007919376716017723
38924,0.006538428831845522
33011,0.006297247484326363
58249,0.0014876206405460835
