Index,Activation Value
45682,0.10777869075536728
3932,0.09716463834047318
58963,0.07602117955684662
2390,0.07370762526988983
5319,0.0715426504611969
538,0.07147775590419769
44650,0.06433670222759247
38247,0.06411860883235931
13324,0.06321708112955093
54927,0.06253957003355026
