Index,Activation Value
14147,0.14247746765613556
32604,0.13767024874687195
9516,0.11890094727277756
16931,0.1135493740439415
36625,0.11199896037578583
39787,0.10721108317375183
4055,0.10236701369285583
27840,0.09468770772218704
26073,0.09393960982561111
22362,0.09336786717176437
