Index,Activation Value
90842,0.15587152540683746
52426,0.12294406443834305
59998,0.10423175990581512
72094,0.09441620856523514
107925,0.09057952463626862
19627,0.08921528607606888
7334,0.08541610091924667
54156,0.08533384650945663
18680,0.08484602719545364
111665,0.06116246059536934
