Index,Activation Value
38924,0.033386554569005966
26778,0.025399018079042435
53579,0.022697031497955322
24298,0.02142155170440674
1909,0.01694595441222191
29340,0.01620805263519287
56855,0.01574195921421051
36473,0.013787257485091686
8080,0.013369363732635975
18000,0.013070116750895977
