Index,Activation Value
36533,2.6604011058807373
73908,2.559443950653076
14983,2.5498580932617188
14022,2.4215712547302246
71153,2.421070098876953
27818,2.331646680831909
7334,2.2510006427764893
87200,2.1563541889190674
88155,2.1398425102233887
103694,2.046969413757324
