Index,Activation Value
38924,0.2245425283908844
21467,0.21446974575519562
53579,0.20184403657913208
8080,0.1839369237422943
8019,0.1692199409008026
44569,0.1664142608642578
27547,0.1616286039352417
58249,0.1611277461051941
26778,0.1337321698665619
1909,0.13120006024837494
