Index,Activation Value
28910,0.12762436270713806
49456,0.11008474230766296
52183,0.09042909741401672
64204,0.0882749930024147
16158,0.08404375612735748
99629,0.0657317191362381
56725,0.06549003720283508
86756,0.06497737020254135
103824,0.06010495871305466
2279,0.05709870159626007
