Index,Activation Value
43197,0.09831276535987854
8019,0.0946352630853653
9816,0.08848036825656891
42887,0.08601009845733643
24298,0.08387622237205505
29465,0.06665689498186111
36625,0.05494308099150658
1859,0.05312531813979149
15397,0.05271289870142937
21565,0.051812928169965744
