Index,Activation Value
52426,0.024825643748044968
14022,0.02187936380505562
11918,0.019491875544190407
54156,0.019299061968922615
41210,0.019139757379889488
7866,0.018267864361405373
44123,0.0177318062633276
6017,0.017387308180332184
16107,0.016895392909646034
90710,0.016675390303134918
