Index,Activation Value
51928,0.7383052110671997
62217,0.6980010271072388
4783,0.52805095911026
66241,0.5056238770484924
47094,0.4270365536212921
19967,0.3392590880393982
96345,0.3244648575782776
63054,0.09873592853546143
82552,0.08885608613491058
36993,0.013184246607124805
