Index,Activation Value
53579,0.028925549238920212
24298,0.022594166919589043
58249,0.0220529455691576
56855,0.020272543653845787
8019,0.019542675465345383
54138,0.016211021691560745
38924,0.014065208844840527
36473,0.012337476946413517
44569,0.012035906314849854
36212,0.011490559205412865
