Index,Activation Value
54138,0.010672761127352715
43197,0.006476033013314009
48137,0.006350485607981682
28312,0.005704733543097973
57163,0.00565838348120451
14196,0.004596278537064791
19701,0.0045960573479533195
19868,0.0037543459329754114
42296,0.0037449325900524855
31022,0.0035224328748881817
