Index,Activation Value
9351,0.1768932044506073
28561,0.16782088577747345
51614,0.1669374406337738
42773,0.1560901403427124
28855,0.15029707551002502
56481,0.14037299156188965
33607,0.13985922932624817
43178,0.13539139926433563
29475,0.12642215192317963
41994,0.12266746908426285
