Index,Activation Value
36173,0.1343189924955368
67013,0.1330263465642929
107995,0.12887869775295258
13090,0.12590758502483368
37498,0.11555004119873047
60631,0.09351219236850739
33336,0.0910576581954956
54896,0.05926156044006348
15003,0.058572955429553986
112731,0.05716654658317566
