Index,Activation Value
38924,1.4845778942108154
58249,0.4389427900314331
34026,0.4210990369319916
54138,0.2271466702222824
36771,0.19251631200313568
33270,0.14544473588466644
