Index,Activation Value
55408,0.7750456929206848
106084,0.4656219482421875
