Index,Activation Value
53579,0.25380751490592957
54138,0.20996330678462982
24298,0.19332140684127808
44569,0.18474403023719788
58249,0.17651648819446564
8019,0.16924723982810974
1909,0.16295947134494781
26778,0.15758541226387024
13743,0.15474888682365417
36473,0.15267303586006165
