Index,Activation Value
38924,0.006339200772345066
26778,0.002695003990083933
24298,0.0025865351781249046
36473,0.002454205648973584
53579,0.00042620382737368345
