Index,Activation Value
71879,0.08166000247001648
12344,0.0781225934624672
67509,0.07591772079467773
72094,0.07328812777996063
35254,0.07095161825418472
87758,0.06741756200790405
6200,0.06524760276079178
55779,0.06170770153403282
52491,0.060672421008348465
56519,0.058594897389411926
