Index,Activation Value
53579,0.0512181781232357
21467,0.04934611916542053
38924,0.04574905335903168
58249,0.029804732650518417
24298,0.027750300243496895
1909,0.027232328429818153
33011,0.024409061297774315
26778,0.024091811850667
8080,0.02388712204992771
54138,0.022608494386076927
