Index,Activation Value
48098,0.7783696055412292
28490,0.35224586725234985
42314,0.16897185146808624
12668,0.15563653409481049
12125,0.02753831446170807
