Index,Activation Value
59010,0.8585301637649536
4842,0.5428329110145569
51364,0.3985353410243988
58863,0.35663434863090515
20369,0.27705854177474976
32243,0.20356406271457672
40101,0.16257920861244202
46047,0.1509702205657959
4393,0.12535108625888824
27340,0.11451917141675949
