Index,Activation Value
19627,0.0077112289145588875
64204,0.007259587291628122
90842,0.006350087001919746
20663,0.005173265468329191
66575,0.004109495785087347
9293,0.003601717296987772
24604,0.0019965495448559523
107995,0.001764698070473969
105492,0.00021141208708286285
111665,0.00017537715029902756
