Index,Activation Value
24365,1.4907054901123047
87412,1.3892019987106323
76170,0.9206200838088989
30442,0.7137588858604431
21840,0.7094024419784546
29339,0.6878136992454529
34903,0.5422762036323547
41395,0.4943890869617462
44507,0.43394961953163147
25669,0.4036059081554413
