Index,Activation Value
36212,0.09163574129343033
8396,0.0783538743853569
56855,0.07215945422649384
25657,0.06014411896467209
29340,0.05846412479877472
4530,0.05469159036874771
43178,0.03894473984837532
773,0.037760235369205475
33607,0.03403988108038902
40678,0.033708494156599045
