Index,Activation Value
38924,0.04407995939254761
33011,0.030539359897375107
53579,0.029864618554711342
26778,0.025811374187469482
58249,0.02558171935379505
36212,0.018948815762996674
29340,0.017604488879442215
56855,0.01443501841276884
56554,0.013965263962745667
36625,0.013711437582969666
