Index,Activation Value
38924,0.21595190465450287
53579,0.20613808929920197
21467,0.1915322244167328
8080,0.18688970804214478
26778,0.16933020949363708
8019,0.13754956424236298
33011,0.13697557151317596
27547,0.13280439376831055
24298,0.1284673810005188
36212,0.12612468004226685
