Index,Activation Value
55426,0.0018240706995129585
86756,0.001552473520860076
14326,0.0015024611493572593
22230,0.0013772757956758142
12344,0.0013597541255876422
14022,0.0013191144680604339
34454,0.0012689328286796808
74354,0.0010219239629805088
75310,0.0009962125914171338
48304,0.0009513835539110005
