Index,Activation Value
21467,0.0919068455696106
8019,0.06887684017419815
32727,0.058186307549476624
44569,0.0571967214345932
45313,0.05603779852390289
27547,0.0460023395717144
8080,0.04527249187231064
30430,0.0409664548933506
24298,0.03798637539148331
1859,0.03542802855372429
