Index,Activation Value
38924,0.0179765485227108
53579,0.012213299982249737
26778,0.011696337722241879
8080,0.011473503895103931
27547,0.010005948133766651
38432,0.006901530548930168
58249,0.006804484874010086
1909,0.006365678273141384
33011,0.006261820904910564
54138,0.006231468170881271
