Index,Activation Value
111011,0.016326919198036194
67433,0.004609032068401575
44818,0.0025658959057182074
27818,0.002334318123757839
83828,0.001367570017464459
95051,0.0003051354724448174
12,0.0002587048220448196
71932,4.440431803232059e-05
