Index,Activation Value
37498,0.03282791003584862
60631,0.022460175678133965
56725,0.015829993411898613
107558,0.012410908006131649
852,0.010676956735551357
64204,0.007348123472183943
52847,0.0070954286493361
66000,0.003675714135169983
21175,0.0036066898610442877
86538,0.0024827958550304174
