Index,Activation Value
29340,0.17562197148799896
52585,0.11591029912233353
58458,0.11573463678359985
53407,0.1136515811085701
56096,0.11244047433137894
20435,0.11105740070343018
43178,0.11092163622379303
21191,0.11037814617156982
22353,0.10852740705013275
17557,0.10675385594367981
