Index,Activation Value
22737,1.8421332836151123
56095,1.6456844806671143
45682,1.4721962213516235
39116,1.4017497301101685
35183,1.2384216785430908
42829,1.0912929773330688
56273,0.9185553193092346
2442,0.8660914897918701
10285,0.8309705257415771
55735,0.7075532674789429
