Index,Activation Value
21467,0.43039971590042114
38924,0.3369107246398926
38432,0.260545551776886
53579,0.25691691040992737
58249,0.22370946407318115
33011,0.20689043402671814
38247,0.1797996610403061
27547,0.14722198247909546
43054,0.14349381625652313
26778,0.1407167613506317
