Index,Activation Value
45447,0.07184279710054398
90284,0.06210029125213623
63669,0.06031150743365288
55426,0.05855705589056015
31728,0.05809640884399414
60806,0.05598960444331169
34687,0.05555884167551994
25024,0.05359267815947533
112335,0.05342775955796242
80801,0.0523967444896698
