Index,Activation Value
56855,0.005407058168202639
8396,0.0020051095634698868
53579,0.0017081708647310734
36212,0.00030131274252198637
