Index,Activation Value
25050,0.6246374845504761
79824,0.4009159207344055
88527,0.12116490304470062
16567,0.032973553985357285
46323,0.024197962135076523
