Index,Activation Value
106627,0.9299512505531311
60474,0.5202086567878723
100732,0.46883341670036316
71311,0.45410752296447754
7855,0.391979843378067
19285,0.17023451626300812
47030,0.15842419862747192
61311,0.15553325414657593
70806,0.10586728900671005
86217,0.08795272558927536
