Index,Activation Value
21467,0.11204098910093307
38432,0.07032497972249985
38247,0.06505032628774643
1909,0.05566045641899109
36212,0.05280739814043045
8396,0.05010528489947319
45313,0.04983758553862572
29340,0.04784942418336868
27547,0.047724947333335876
19868,0.04703511297702789
