Index,Activation Value
2354,0.1561390608549118
53589,0.1283280849456787
43054,0.11939462274312973
4930,0.11509133875370026
28561,0.10960674285888672
39547,0.10529332607984543
17134,0.09262290596961975
23665,0.0919322520494461
32881,0.08209490776062012
54621,0.0775541365146637
