Index,Activation Value
58249,0.00452016806229949
21467,0.004394168499857187
54138,0.0031505131628364325
25800,0.0022398510482162237
27683,0.000832065474241972
53582,5.419851004262455e-05
