Index,Activation Value
14022,0.01856948249042034
70349,0.016687460243701935
12,0.015528324991464615
83828,0.014535943977534771
36173,0.013884680345654488
7351,0.01140984334051609
11918,0.011288191191852093
52183,0.010972081683576107
73908,0.010408896021544933
7334,0.010345338843762875
