Index,Activation Value
9049,0.004421871155500412
9516,0.004016310907900333
8302,0.0032807837706059217
43150,0.0001933233143063262
44310,0.00015384644211735576
