Index,Activation Value
56855,0.1711748242378235
8396,0.16199959814548492
36212,0.15554334223270416
21467,0.1408814936876297
29340,0.1292460560798645
30430,0.09627477079629898
9816,0.09028976410627365
38432,0.08688265830278397
25657,0.08242713660001755
19868,0.07633623480796814
