Index,Activation Value
38924,0.15251141786575317
53579,0.15016448497772217
58249,0.13998296856880188
33011,0.12553535401821136
1909,0.11118321120738983
26778,0.08446364104747772
8080,0.07704773545265198
56554,0.061934616416692734
18000,0.05725075304508209
10570,0.052805934101343155
