Index,Activation Value
30430,0.03556424006819725
38127,0.029211735352873802
43197,0.018845446407794952
7145,0.018089961260557175
25802,0.017866164445877075
33607,0.015175901353359222
47976,0.01473628543317318
9816,0.014329866506159306
51614,0.012168659828603268
5556,0.012159687466919422
