Index,Activation Value
24702,0.13787910342216492
59924,0.09457608312368393
55625,0.09041920304298401
17169,0.08131132274866104
44036,0.07898316532373428
13411,0.07648631930351257
35367,0.07613848894834518
50144,0.07587740570306778
4987,0.07585709542036057
2891,0.06916344165802002
