Index,Activation Value
36473,0.07284612953662872
1909,0.07155279815196991
58249,0.06939449161291122
24298,0.06632385402917862
54138,0.05423278734087944
8019,0.04914431273937225
53579,0.04721759259700775
8080,0.04450862854719162
38924,0.04189164191484451
18000,0.03184516727924347
