Index,Activation Value
14721,0.07706213742494583
44208,0.07516762614250183
40678,0.07282032072544098
4530,0.06830613315105438
47257,0.06295441836118698
56855,0.05938480794429779
9084,0.05540207028388977
42773,0.054650042206048965
41694,0.05440494790673256
30430,0.05293292924761772
