Index,Activation Value
38127,0.03288767859339714
32757,0.011622458696365356
7125,0.008797796443104744
44249,0.0034029847010970116
10570,0.0033753530588001013
34249,0.0028899337630718946
4191,0.0022207042202353477
19516,0.0020363242365419865
21149,0.0007612857152707875
13473,8.994883501145523e-06
