Index,Activation Value
54222,0.20300105214118958
17428,0.18058547377586365
56032,0.17170144617557526
36473,0.16754768788814545
56007,0.13873763382434845
21565,0.13820068538188934
579,0.13384273648262024
56545,0.12636931240558624
53582,0.12398570030927658
10570,0.1199680045247078
