Index,Activation Value
59998,0.023812441155314445
107925,0.02157900296151638
36173,0.01701095886528492
36159,0.015261761844158173
12,0.014922657050192356
58367,0.014080909080803394
92547,0.01360683050006628
95769,0.013414223678410053
65958,0.012925802730023861
36411,0.012908613309264183
