Index,Activation Value
16807,1.8132017850875854
17299,1.3990135192871094
85185,0.9607869386672974
80405,0.8871057629585266
42534,0.8416951298713684
51016,0.7593376636505127
106510,0.6931136250495911
26261,0.5786481499671936
46930,0.4770176112651825
65484,0.4474371075630188
