Index,Activation Value
45075,0.1430928260087967
11518,0.13747426867485046
