Index,Activation Value
36212,0.4481438994407654
8396,0.42129653692245483
56855,0.378856897354126
29340,0.37213262915611267
9816,0.2586883306503296
21467,0.25228792428970337
25657,0.23523522913455963
45313,0.2162947654724121
27547,0.21023978292942047
55023,0.19748540222644806
