Index,Activation Value
27547,0.03972785174846649
56855,0.03583107143640518
29340,0.028369009494781494
32727,0.023831073194742203
8396,0.02331783063709736
38432,0.02328711748123169
9816,0.021810412406921387
43197,0.021641463041305542
36212,0.020582515746355057
42887,0.019237974658608437
