Index,Activation Value
56855,0.01313183642923832
8396,0.010482041165232658
38924,0.010324991308152676
29340,0.008575864136219025
36212,0.0073298257775604725
21467,0.0071747503243386745
8080,0.006643170025199652
53579,0.0060044266283512115
38432,0.005731693468987942
27547,0.005338672082871199
