Index,Activation Value
44208,0.2343788892030716
43054,0.16611029207706451
41843,0.14525358378887177
56273,0.12451286613941193
45682,0.11793488264083862
42801,0.11221436411142349
43514,0.11055358499288559
2354,0.09757254272699356
22737,0.09677968174219131
16549,0.09644552320241928
