Index,Activation Value
21467,0.04193160682916641
38924,0.018606793135404587
53579,0.01610114425420761
27547,0.012219787575304508
26778,0.0066797141917049885
8080,0.006495095789432526
53589,0.004104188177734613
33011,0.0037622323725372553
38432,0.003445232519879937
36212,0.003268967615440488
