Index,Activation Value
41028,0.8202935457229614
11359,0.7861295342445374
43744,0.6926698088645935
97962,0.4891011118888855
42770,0.4129030704498291
60326,0.41106218099594116
35827,0.3929510712623596
96040,0.3502357602119446
98285,0.29546549916267395
66683,0.285502552986145
