Index,Activation Value
33011,0.10662075132131577
56855,0.09265809506177902
29340,0.08935486525297165
40668,0.08026278018951416
24044,0.07682240009307861
57496,0.07248663157224655
53582,0.07084137201309204
13655,0.06900332123041153
4191,0.06818001717329025
31465,0.06373905390501022
