Index,Activation Value
56495,1.8866840600967407
95162,1.5543407201766968
24712,1.5509440898895264
104340,1.530657410621643
12056,1.321372151374817
16298,1.271754264831543
105374,1.2319180965423584
84424,1.1543270349502563
29556,1.098545789718628
9883,1.0042266845703125
