Index,Activation Value
44569,0.02647561952471733
1859,0.016207735985517502
24298,0.015891356393694878
8080,0.01511653047055006
1909,0.013165761716663837
58249,0.011234959587454796
36473,0.008727136999368668
53579,0.008726174011826515
54138,0.008250842802226543
7783,0.0075077274814248085
