Index,Activation Value
45858,0.04191923514008522
11450,0.041461098939180374
39837,0.040899068117141724
43115,0.03769775852560997
38340,0.036194831132888794
14960,0.035977553576231
22080,0.03520408645272255
51769,0.03446878865361214
44964,0.034344326704740524
773,0.034322790801525116
