Index,Activation Value
36173,0.012978867627680302
52683,0.010560892522335052
13090,0.010228441096842289
54956,0.006003329064697027
29450,0.005886774510145187
73855,0.005701396148651838
56725,0.005303279962390661
3082,0.004852973856031895
104002,0.0029116489458829165
86756,0.001485769054852426
