Index,Activation Value
9049,2.191680908203125
39169,2.152703046798706
59924,1.9741058349609375
42905,1.6638848781585693
331,1.4940834045410156
7145,1.3104701042175293
27569,1.2898614406585693
34992,1.247719168663025
44719,1.204803705215454
47709,1.1810799837112427
