Index,Activation Value
33336,0.006730038672685623
83828,0.004353100899606943
60631,0.0038712017703801394
52683,0.003609440056607127
12589,0.0015506132040172815
12064,0.001075213891454041
95312,0.000998375122435391
13090,0.0008137647528201342
87126,0.0006365275476127863
32638,0.0004783249460160732
