Index,Activation Value
33336,0.09844019263982773
62757,0.06354442238807678
64204,0.04508059099316597
39257,0.044253427535295486
17335,0.042352188378572464
52183,0.03872816637158394
28910,0.038045890629291534
103825,0.035604044795036316
7334,0.03525903448462486
6375,0.03282974287867546
