Index,Activation Value
31723,0.06275539845228195
15111,0.05422164872288704
57892,0.053730372339487076
21565,0.05307804420590401
17999,0.04948826879262924
47264,0.047213103622198105
36625,0.045176852494478226
31213,0.03977067396044731
49043,0.03772083669900894
15598,0.03683703765273094
