Index,Activation Value
28115,0.6896732449531555
34096,0.318072110414505
94951,0.30480560660362244
81623,0.013695219531655312
