Index,Activation Value
53579,0.06258748471736908
21467,0.05657464265823364
38924,0.05571349337697029
26778,0.043747592717409134
58249,0.04101429879665375
8080,0.03490254282951355
33011,0.03456542640924454
8019,0.032325152307748795
44569,0.029910510405898094
27547,0.028709260746836662
