Index,Activation Value
38127,0.031178807839751244
218,0.016593601554632187
14721,0.014028630219399929
773,0.007373085245490074
4987,0.007117130793631077
13158,0.006160901393741369
51769,0.005389699712395668
4049,0.00509309209883213
40729,0.004503092262893915
27252,0.004325471352785826
