Index,Activation Value
15397,0.18658673763275146
7145,0.1654752641916275
38127,0.165164053440094
38247,0.16238339245319366
31723,0.1414606124162674
39547,0.11857220530509949
42296,0.11566685140132904
58398,0.11503390967845917
24567,0.1148524358868599
36944,0.11196073889732361
