Index,Activation Value
56855,0.010430310852825642
53579,0.006710684392601252
8396,0.006453865673393011
36212,0.006109118461608887
21467,0.004830201622098684
8080,0.003940501715987921
27547,0.003266600426286459
29340,0.0029689990915358067
32727,0.0027046266477555037
54138,0.0026426375843584538
