Index,Activation Value
96758,0.10663094371557236
70349,0.0825958177447319
13090,0.0771975964307785
52854,0.06776001304388046
88571,0.06149705871939659
104002,0.06067901477217674
14165,0.05865896865725517
76906,0.05604614317417145
44123,0.05560195446014404
68937,0.05285049229860306
