Index,Activation Value
36212,0.5595529079437256
8396,0.49153080582618713
29340,0.48123034834861755
56855,0.45781761407852173
25657,0.39212360978126526
4530,0.30875757336616516
38432,0.3028423488140106
27547,0.19626224040985107
55023,0.19535230100154877
38340,0.18247906863689423
