Index,Activation Value
38247,0.0358293242752552
33011,0.034054629504680634
45682,0.024078596383333206
47321,0.02056226134300232
773,0.019296009093523026
50478,0.01559988409280777
25544,0.015526893548667431
22737,0.012904882431030273
1909,0.012484734877943993
57413,0.012123296968638897
