Index,Activation Value
5319,1.7475996017456055
31684,0.937656044960022
8919,0.8053460121154785
13324,0.525299608707428
43857,0.3881029486656189
57486,0.3836589455604553
19957,0.3829538822174072
41691,0.29262396693229675
6311,0.26486149430274963
45979,0.19275131821632385
