Index,Activation Value
29450,0.0011773434234783053
14326,0.0011133793741464615
92307,0.000842000765260309
96065,0.0007344249752350152
42192,0.0006128412787802517
88295,0.00031273975037038326
95769,0.0002893059572670609
35254,0.0002822415845002979
87077,7.86205127951689e-05
