Index,Activation Value
21467,0.13422362506389618
32727,0.0898946151137352
8019,0.08366559445858002
27547,0.07336391508579254
54138,0.07303056865930557
38432,0.07279414683580399
9816,0.07166619598865509
36212,0.06975486874580383
43197,0.06556436419487
19868,0.056575555354356766
