Index,Activation Value
21467,0.19780969619750977
8019,0.13066622614860535
13743,0.10940006375312805
33011,0.1023038923740387
38432,0.09593561291694641
30430,0.08761654049158096
29465,0.0827830582857132
40678,0.08214541524648666
24298,0.08186277747154236
8080,0.08183468878269196
