Index,Activation Value
33934,0.3886304199695587
32204,0.3066670894622803
8763,0.22024816274642944
26568,0.20602166652679443
34535,0.17796601355075836
40576,0.14521652460098267
48131,0.04445994272828102
