Index,Activation Value
33336,0.046592578291893005
96758,0.04081706702709198
104537,0.038304951041936874
27438,0.02854103595018387
84018,0.021744076162576675
90842,0.015054832212626934
20663,0.014328769408166409
49456,0.011844534426927567
25887,0.010884535498917103
42482,0.010599510744214058
