Index,Activation Value
16107,0.017562182620167732
111011,0.008655053563416004
50022,0.0041201370768249035
26376,0.004108138848096132
59998,0.0022801198065280914
97407,0.00013661503908224404
