Index,Activation Value
99582,0.6454465985298157
48982,0.4040636122226715
99393,0.18494734168052673
27004,0.0023040466476231813
