Index,Activation Value
21467,0.06899421662092209
38924,0.06109531596302986
56855,0.060048751533031464
33011,0.05982830002903938
53579,0.05893874540925026
29340,0.055151861160993576
8396,0.054810408502817154
1909,0.051711305975914
26778,0.047037284821271896
58249,0.04653923213481903
