Index,Activation Value
38924,0.16782939434051514
21467,0.16142083704471588
53579,0.1392916440963745
8080,0.12472759932279587
44569,0.1213858351111412
8019,0.11945643275976181
24298,0.1185997724533081
58249,0.10032838582992554
33011,0.09957848489284515
1909,0.09936519712209702
