Index,Activation Value
1909,0.13522927463054657
33011,0.1317289024591446
58249,0.09718762338161469
38924,0.09017224609851837
36473,0.08785637468099594
26778,0.08651694655418396
18000,0.08371895551681519
53579,0.06891076266765594
13179,0.06836624443531036
59288,0.0663047730922699
