Index,Activation Value
100195,3.2190990447998047
38036,2.171447277069092
75902,2.1122119426727295
101647,2.055697441101074
43700,1.8879238367080688
30135,1.8565428256988525
89335,1.8562959432601929
96414,1.8484253883361816
18917,1.7435489892959595
32143,1.634892225265503
