Index,Activation Value
96205,0.8011378645896912
93728,0.6014226675033569
77177,0.4846554696559906
42221,0.4605565369129181
93198,0.3932837247848511
88825,0.30211517214775085
72370,0.289449542760849
84881,0.2864234745502472
7873,0.2524009644985199
8440,0.1695195734500885
