Index,Activation Value
40818,0.14080087840557098
31056,0.13235992193222046
15111,0.10301139950752258
2800,0.08222560584545135
41843,0.08163900673389435
41694,0.07774927467107773
14971,0.0758332684636116
33391,0.07447976619005203
59924,0.07358167320489883
6366,0.07072658091783524
