Index,Activation Value
16107,0.002550345379859209
52426,0.0007925787358544767
32638,0.0006214773748070002
103438,0.00042058731196448207
86118,0.00030474786763079464
105975,0.00022053493012208492
109825,8.90294904820621e-05
4825,2.1336638383218087e-05
