Index,Activation Value
59998,0.020449234172701836
52183,0.018464330583810806
107925,0.016711169853806496
7334,0.015067177824676037
107558,0.014972410164773464
71879,0.014493705704808235
62662,0.013758495450019836
46468,0.013074228540062904
17690,0.012636736035346985
36411,0.01203472912311554
