Index,Activation Value
36173,0.0006365764420479536
3311,0.0001437545142835006
