Index,Activation Value
64204,0.03428512439131737
107995,0.024950843304395676
16107,0.023982513695955276
71879,0.022981174290180206
71676,0.021987201645970345
100224,0.021784216165542603
55779,0.021012132987380028
97156,0.0202005784958601
48820,0.01979532279074192
82475,0.019655780866742134
