Index,Activation Value
38924,0.08514922112226486
21467,0.07460778951644897
29340,0.06996770948171616
56855,0.06805936992168427
26778,0.06611118465662003
33011,0.06275250017642975
53579,0.061816900968551636
8396,0.05572417378425598
36212,0.05297088995575905
58249,0.04945617541670799
