Index,Activation Value
61068,0.38868647813796997
12358,0.1435757875442505
