Index,Activation Value
96758,0.014473728835582733
16107,0.01273989025503397
110712,0.011759493499994278
36173,0.01095499750226736
71812,0.009821079671382904
49456,0.009759325534105301
4738,0.00892544910311699
33336,0.008652777411043644
62757,0.007922844029963017
59998,0.00775334145873785
