Index,Activation Value
25800,0.046038929373025894
21565,0.045710403472185135
36625,0.03951823338866234
31904,0.0361076258122921
36944,0.034928224980831146
15111,0.0325714536011219
53187,0.03197220712900162
14971,0.03158174827694893
11450,0.030779633671045303
56786,0.030171705409884453
