Index,Activation Value
111011,0.04414389654994011
59998,0.02366727963089943
38228,0.023331889882683754
12344,0.021584458649158478
27438,0.02128390595316887
19627,0.019731761887669563
14326,0.015391582623124123
44123,0.014556300826370716
70776,0.013740853406488895
42493,0.012741966173052788
