Index,Activation Value
56855,0.00422842288389802
8396,0.0009694125619716942
29340,0.0009194156154990196
36212,0.0006433750968426466
19868,3.455488331383094e-05
