Index,Activation Value
7145,0.11369355767965317
43164,0.11007971316576004
41694,0.09567201882600784
4987,0.09403795748949051
59924,0.08116653561592102
25216,0.07690529525279999
9084,0.07554325461387634
25802,0.07015998661518097
43838,0.06969209015369415
56786,0.06903866678476334
