Index,Activation Value
100460,0.5812352895736694
31823,0.4959148168563843
44235,0.37067246437072754
10988,0.3677021563053131
31768,0.3663282096385956
109749,0.36530426144599915
100743,0.31411439180374146
86108,0.29216018319129944
41219,0.28454992175102234
91799,0.26748618483543396
