Index,Activation Value
14960,0.013769778423011303
5556,0.0130464481189847
45858,0.010452392511069775
7145,0.008770016022026539
18622,0.008696231059730053
773,0.008459970355033875
5319,0.008259489201009274
25544,0.008038634434342384
2656,0.007188409101217985
9049,0.006329979747533798
