Index,Activation Value
36288,0.4467393159866333
48110,0.11796130239963531
