Index,Activation Value
43054,0.07021552324295044
3689,0.04390130937099457
24409,0.04090448096394539
21019,0.03555135056376457
4055,0.03366044908761978
38127,0.03213530033826828
37711,0.031792689114809036
45538,0.031171521171927452
36625,0.028677409514784813
4481,0.026453888043761253
