Index,Activation Value
13090,0.14893241226673126
88571,0.14660458266735077
14165,0.08767248690128326
70349,0.07862326502799988
95312,0.07340078800916672
52854,0.06783603131771088
103694,0.06385644525289536
54896,0.0626043975353241
56725,0.0598938949406147
111478,0.05816501006484032
