Index,Activation Value
38340,0.017969051375985146
38127,0.017204662784934044
13743,0.014903167262673378
44208,0.01041158102452755
25800,0.010364447720348835
53589,0.00950962956994772
42599,0.008808924816548824
17134,0.008071647956967354
7783,0.007634391076862812
14509,0.007543040905147791
