Index,Activation Value
88571,0.003469034330919385
7334,0.0008844311232678592
