Index,Activation Value
64204,0.14235982298851013
33336,0.12222255021333694
88571,0.09964098036289215
25849,0.09685417264699936
70349,0.0956655889749527
111154,0.09368840605020523
52008,0.08947508037090302
52683,0.08266959339380264
15706,0.0807788223028183
100195,0.07792378962039948
