Index,Activation Value
21467,0.0073888651095330715
38924,0.0037248716689646244
53579,0.003217078046873212
44569,8.901186811272055e-05
