Index,Activation Value
16807,0.009501349180936813
27789,0.00766285415738821
107995,0.005524307955056429
76906,0.00440872460603714
42192,0.0026989623438566923
90842,0.0020288610830903053
43807,0.001055580796673894
85185,0.0008160125580616295
8251,0.00025063910288736224
75310,0.00014738085155840963
