Index,Activation Value
56855,0.032190244644880295
38127,0.027403851971030235
53582,0.0262213796377182
15670,0.024117063730955124
7125,0.024006415158510208
29340,0.019302736967802048
58198,0.017620647326111794
47380,0.01747038960456848
54900,0.016682572662830353
3400,0.015476081520318985
