Index,Activation Value
49271,0.065864697098732
57496,0.0640350729227066
14433,0.06319939345121384
36103,0.061823777854442596
27408,0.05973843112587929
31465,0.05530849099159241
42849,0.05513249710202217
33809,0.05344462767243385
44665,0.05329176038503647
24898,0.052499737590551376
