Index,Activation Value
38924,0.030900470912456512
8080,0.024445518851280212
43197,0.02264084666967392
32727,0.022561851888895035
21467,0.02128947339951992
53589,0.020377326756715775
45313,0.01968386396765709
56855,0.019494326785206795
9816,0.019053665921092033
30430,0.017432067543268204
