Index,Activation Value
35831,0.061254337430000305
49804,0.05927056819200516
24235,0.04916098713874817
31474,0.04111083596944809
104537,0.03960000351071358
35254,0.035122066736221313
41552,0.032115638256073
53502,0.031064318493008614
67666,0.027245493605732918
55426,0.026843201369047165
