Index,Activation Value
28425,0.18053287267684937
99629,0.11492495983839035
107995,0.08833964169025421
55779,0.08658147603273392
36173,0.08338193595409393
101572,0.08075892925262451
52426,0.0779104232788086
28910,0.07715418934822083
30787,0.07646354287862778
49456,0.07240840047597885
