Index,Activation Value
8080,0.05591519922018051
24298,0.049614109098911285
8019,0.045685190707445145
53579,0.038604795932769775
21467,0.03852514550089836
33011,0.038271259516477585
9816,0.0374363511800766
27547,0.0372697077691555
54138,0.03713034838438034
44569,0.03577413409948349
