Index,Activation Value
28799,0.3365922272205353
86919,0.014158742502331734
