Index,Activation Value
28425,0.0022443195339292288
36173,0.0018572807312011719
12344,0.00024077827401924878
