Index,Activation Value
52683,0.0169674139469862
70349,0.013264916837215424
38228,0.008799039758741856
44123,0.008463722653687
15751,0.00833714846521616
46013,0.007623771205544472
111011,0.007449670694768429
17608,0.006853955332189798
55126,0.0062636430375278
88571,0.006238297559320927
