Index,Activation Value
13090,0.00893140397965908
52183,0.008047620765864849
95769,0.003514508018270135
56725,0.003232009243220091
36173,0.003052488900721073
97407,0.0027870982885360718
35254,0.0026442345697432756
29450,0.002552712569013238
62662,0.002490213606506586
104537,0.0024629058316349983
