Index,Activation Value
55399,0.7465034127235413
245,0.5981671214103699
51504,0.5082992315292358
21310,0.45723921060562134
93685,0.4109375476837158
95216,0.35728323459625244
46881,0.2273372858762741
71024,0.17263375222682953
5444,0.16573554277420044
109778,0.15336205065250397
