Index,Activation Value
11450,0.1227860227227211
25800,0.10703602433204651
42784,0.09626005589962006
34268,0.07644025981426239
50660,0.07136545330286026
30430,0.07049160450696945
32086,0.06863576918840408
7125,0.06661093235015869
6844,0.06235609948635101
30453,0.06173774227499962
