Index,Activation Value
102181,0.10270725935697556
71879,0.08503749966621399
22230,0.07428824156522751
59998,0.07097098231315613
75310,0.06261179596185684
31867,0.06012830510735512
107551,0.059721220284700394
8774,0.05793021619319916
53869,0.057297252118587494
24359,0.05647328495979309
