Index,Activation Value
36116,0.6828587651252747
49243,0.6644333600997925
45018,0.6597512364387512
59475,0.6316690444946289
49472,0.23695328831672668
