Index,Activation Value
53579,0.5181107521057129
38924,0.41090816259384155
58249,0.3972792625427246
33011,0.3911513090133667
21467,0.357051819562912
26778,0.321047306060791
59288,0.25253936648368835
56554,0.24749697744846344
42887,0.21441423892974854
18000,0.21119382977485657
