Index,Activation Value
28425,0.003285142593085766
13090,4.0350339986616746e-05
