Index,Activation Value
21467,0.191341832280159
24298,0.15427574515342712
19868,0.14140808582305908
8019,0.13449986279010773
45313,0.13234226405620575
27547,0.13110920786857605
53579,0.1269439160823822
32727,0.12426449358463287
30430,0.11901018768548965
42887,0.11624935269355774
