Index,Activation Value
32704,0.03330155462026596
58458,0.031711284071207047
52585,0.030129140242934227
52660,0.0277804434299469
27399,0.027663221582770348
32254,0.023203551769256592
28312,0.02257348969578743
22403,0.021780068054795265
21054,0.02174348197877407
18922,0.021094923838973045
