Index,Activation Value
42192,0.004855311941355467
87491,0.004545160569250584
52008,0.0013985411496832967
