Index,Activation Value
37498,0.1431659609079361
13090,0.11210287362337112
88937,0.1035885289311409
83828,0.10106486082077026
103824,0.09387937933206558
56725,0.09347955137491226
1267,0.0925448089838028
28425,0.08834272623062134
16158,0.08505454659461975
15751,0.08401699364185333
