Index,Activation Value
24298,0.4447925388813019
36473,0.3788790702819824
44569,0.2965547740459442
29340,0.2915639877319336
36212,0.2739224433898926
579,0.23334380984306335
54222,0.2331964075565338
17428,0.22703351080417633
29465,0.21514905989170074
8019,0.20591937005519867
