Index,Activation Value
88571,0.038618966937065125
14022,0.03195663169026375
28425,0.02650025673210621
87758,0.02569141425192356
27438,0.02568422071635723
104537,0.025521930307149887
73908,0.025125965476036072
70349,0.024811146780848503
92077,0.02437600865960121
6156,0.024163195863366127
