Index,Activation Value
25309,0.6652751564979553
74034,0.1410340666770935
64585,0.08201096951961517
22002,0.0761459544301033
