Index,Activation Value
6280,1.4669338464736938
55731,1.1805886030197144
38046,1.1040608882904053
57753,1.0813924074172974
30430,1.0424749851226807
19484,0.9720355868339539
58535,0.9599319100379944
3366,0.8815869688987732
53392,0.8707441687583923
11450,0.837345540523529
