Index,Activation Value
36173,0.0036507362965494394
28425,0.003291412489488721
104537,0.002511831233277917
52426,0.002402286743745208
99629,0.0023111992049962282
88571,0.0018385074799880385
17608,0.001153925433754921
87758,0.000989490537904203
17902,0.0009399985428899527
59998,0.0008863040711730719
