Index,Activation Value
38127,0.009566327556967735
4530,0.005554956384003162
36212,0.004871562588959932
25657,0.004059243015944958
8396,0.0021425108425319195
579,0.0009561809711158276
39450,0.0006333750789053738
48137,0.00047446743701584637
34397,0.0001644010335439816
43115,0.00014516999362967908
