Index,Activation Value
88571,0.026725677773356438
38274,0.020296944305300713
13090,0.01960449479520321
14022,0.017892563715577126
12589,0.016308898106217384
6156,0.016300341114401817
52426,0.015213144943118095
12,0.01493663340806961
80233,0.01468195766210556
62662,0.014575473964214325
