Index,Activation Value
37498,0.16123804450035095
13090,0.15210655331611633
56725,0.14667348563671112
60631,0.09891712665557861
86538,0.07922425121068954
97407,0.07718967646360397
7334,0.06388995051383972
19627,0.0588996484875679
33336,0.05482949689030647
4738,0.04535887390375137
