Index,Activation Value
42381,0.2347201704978943
50409,0.09102950990200043
37482,0.055845893919467926
