Index,Activation Value
26778,0.013538005761802197
56155,0.00917790737003088
57163,0.007587346248328686
43054,0.007198822684586048
38127,0.006006056442856789
29465,0.005985640455037355
33011,0.0052383067086339
47257,0.003995922859758139
27547,0.003960851579904556
22371,0.003083936171606183
