Index,Activation Value
56545,0.002067951951175928
44743,0.001267983578145504
