Index,Activation Value
43178,0.04019801691174507
16653,0.016766365617513657
50011,0.012967418879270554
2390,0.009110646322369576
34249,0.00906011089682579
29778,0.008471542038023472
4501,0.008281956426799297
35097,0.007917165756225586
23805,0.007694208528846502
38127,0.006987460423260927
