Index,Activation Value
59518,2.290262460708618
41694,1.9930700063705444
43064,1.7893589735031128
24852,1.7002803087234497
27741,1.6466737985610962
50623,1.5206226110458374
44491,1.4935309886932373
38518,1.3873099088668823
31308,1.3548877239227295
59608,1.3419075012207031
