Index,Activation Value
38127,0.045535482466220856
218,0.03759753704071045
31056,0.03421139344573021
31448,0.019924137741327286
24567,0.01852099969983101
54138,0.017739541828632355
40818,0.017056206241250038
37903,0.01669721119105816
6366,0.015546531416475773
51253,0.015229467302560806
