Index,Activation Value
20663,0.07810313999652863
6156,0.06327527016401291
36173,0.04678526520729065
24235,0.04426305368542671
34454,0.04400128126144409
36411,0.038894906640052795
15003,0.035907234996557236
64204,0.0357598140835762
22227,0.032327424734830856
107558,0.03048095293343067
