Index,Activation Value
1909,0.24718452990055084
36473,0.1941150426864624
24298,0.18891483545303345
44569,0.16740426421165466
1859,0.12091971188783646
13179,0.11848636716604233
18000,0.11828268319368362
8019,0.10754523426294327
8080,0.10469638556241989
31723,0.10465391725301743
