Index,Activation Value
36173,0.02557329460978508
28425,0.015587580390274525
62757,0.008282603695988655
61202,0.006414697505533695
65877,0.001877079950645566
9017,0.0013439644826576114
111665,0.0010732101509347558
101572,0.0005055309156887233
25849,0.00013738246343564242
50439,0.00013549027789849788
