Index,Activation Value
38247,0.17278534173965454
26937,0.12113259732723236
58963,0.08738569170236588
218,0.07806642353534698
56007,0.07379233837127686
6844,0.07053476572036743
39547,0.06918547302484512
42887,0.06694325059652328
25800,0.06413877010345459
19516,0.05998801067471504
