Index,Activation Value
21467,0.44176092743873596
36212,0.3155387043952942
53579,0.2720784544944763
38924,0.253503680229187
27547,0.252411812543869
45313,0.24849668145179749
29340,0.24392718076705933
8396,0.24095472693443298
38340,0.2298126220703125
38432,0.22278045117855072
