Index,Activation Value
11263,1.001004934310913
11051,0.9549241065979004
35194,0.3187869191169739
76740,0.2601999342441559
26718,0.03521529585123062
111478,0.011296119540929794
