Index,Activation Value
53579,0.03076913207769394
58249,0.02952391281723976
24298,0.02949732355773449
38924,0.02710764668881893
54138,0.02562001161277294
18000,0.024088537320494652
36473,0.023681461811065674
8080,0.023418135941028595
21467,0.02039053663611412
8019,0.019476190209388733
