Index,Activation Value
82475,0.0027800907846540213
34688,0.0007572873728349805
