Index,Activation Value
70349,0.007717991713434458
72094,0.0013899089535698295
59998,0.00019722443539649248
