Index,Activation Value
16107,0.10862066596746445
107558,0.07941928505897522
98149,0.07594615966081619
7866,0.0603007897734642
14022,0.05823050066828728
76906,0.05733508989214897
3082,0.052662622183561325
7106,0.04953542351722717
36119,0.04714226722717285
54956,0.04708635061979294
