Index,Activation Value
36173,0.12291338294744492
88571,0.11763817071914673
27789,0.10446764528751373
8774,0.0892399474978447
61123,0.08756183087825775
22230,0.08334934711456299
107551,0.08183090388774872
11313,0.07919324189424515
22092,0.07910232245922089
92077,0.07906840741634369
