Index,Activation Value
53579,0.04269896447658539
54138,0.0398351326584816
27547,0.03882896155118942
8080,0.03727240860462189
21467,0.03368352726101875
32727,0.03313799947500229
8019,0.03243067115545273
38432,0.032009102404117584
42887,0.028451064601540565
9816,0.028057223185896873
