Index,Activation Value
8396,0.25249913334846497
36212,0.24928085505962372
25657,0.18288713693618774
4530,0.17362309992313385
56855,0.1721029132604599
29340,0.14499710500240326
55023,0.12744510173797607
43115,0.11691943556070328
52440,0.10353695601224899
41844,0.1029021292924881
