Index,Activation Value
7145,0.17632077634334564
5556,0.11567167937755585
29475,0.09653151780366898
43178,0.0881737694144249
28855,0.08451161533594131
14756,0.08361949771642685
37711,0.08100695163011551
48477,0.07940073311328888
32604,0.07799525558948517
43075,0.0779929831624031
