Index,Activation Value
53579,0.17019732296466827
33011,0.16686215996742249
8080,0.15968060493469238
38924,0.14350557327270508
1909,0.1280827820301056
29340,0.12589681148529053
26778,0.12532423436641693
54138,0.1236271932721138
58249,0.11407902836799622
44569,0.11191080510616302
