Index,Activation Value
64204,0.029528353363275528
33336,0.027913028374314308
49456,0.026046738028526306
28910,0.023733465000987053
96758,0.021835144609212875
852,0.011753236874938011
107558,0.011425046250224113
83828,0.0099918432533741
88571,0.009143141098320484
60631,0.009085312485694885
