Index,Activation Value
96758,0.13307546079158783
27438,0.12040122598409653
36173,0.11413849145174026
33336,0.11232969909906387
66000,0.08182746171951294
111011,0.07091987133026123
56725,0.07043614983558655
49456,0.06742317974567413
59162,0.062075283378362656
13090,0.053691618144512177
