Index,Activation Value
29437,0.4465509057044983
18294,0.24453498423099518
46362,0.053536370396614075
