Index,Activation Value
104537,0.24023252725601196
92247,0.03220701962709427
