Index,Activation Value
38924,0.47797513008117676
21467,0.47312837839126587
53579,0.43350327014923096
38432,0.37133079767227173
33011,0.36926811933517456
8080,0.33854058384895325
1909,0.3207702934741974
44569,0.31937381625175476
27547,0.31827521324157715
58249,0.2836954891681671
