Index,Activation Value
32727,0.0011393656022846699
27547,0.0010268266778439283
36212,0.0010092424927279353
21467,0.0008948398754000664
8396,0.0006237372290343046
29340,0.00029169622575864196
