Index,Activation Value
38127,0.07884017378091812
218,0.03837192803621292
43054,0.02860730141401291
15397,0.027659675106406212
39547,0.025188634172081947
38247,0.023220710456371307
33333,0.022368377074599266
58963,0.022014033049345016
40818,0.021888045594096184
52382,0.019560664892196655
