Index,Activation Value
24298,0.13180749118328094
36473,0.10213650017976761
38127,0.08659445494413376
8019,0.08237335085868835
54138,0.06639906018972397
15111,0.06327041983604431
43197,0.05406449735164642
47009,0.053571853786706924
9816,0.0532887764275074
42887,0.05207404866814613
