Index,Activation Value
87768,0.9574918150901794
15413,0.9179937243461609
69146,0.6382771134376526
108345,0.5413335561752319
104775,0.3922919034957886
24443,0.36426857113838196
70567,0.3073999881744385
33661,0.2998877465724945
5563,0.20771867036819458
52621,0.18048551678657532
