Index,Activation Value
36473,0.20797908306121826
8396,0.20502522587776184
36212,0.2038922756910324
19868,0.2004765272140503
56855,0.19939573109149933
53589,0.18065103888511658
25657,0.1782594621181488
38340,0.15163995325565338
29340,0.1436055451631546
31736,0.1358230859041214
