Index,Activation Value
37498,0.049276601523160934
52183,0.038436468690633774
33336,0.03611446171998978
13090,0.03386922553181648
60631,0.03258100152015686
64204,0.020729947835206985
16158,0.01824800856411457
56725,0.01607608050107956
52426,0.015644961968064308
97407,0.012762618251144886
