Index,Activation Value
43054,0.12138886749744415
36875,0.12079044431447983
48137,0.09551608562469482
45858,0.09232921153306961
2059,0.08474933356046677
31056,0.08373843133449554
16261,0.08345677703619003
2656,0.08254880458116531
47257,0.08253765851259232
42784,0.08243563771247864
