Index,Activation Value
21467,0.06942646205425262
36212,0.06840497255325317
53579,0.06427014619112015
56855,0.06256985664367676
24298,0.062495581805706024
8396,0.06133054196834564
44569,0.0530659444630146
36473,0.05173172056674957
29340,0.04838613420724869
8080,0.04687608778476715
