Index,Activation Value
47360,0.09787523001432419
32757,0.08835773169994354
52735,0.0841473862528801
31213,0.08343429863452911
36793,0.08199059218168259
50204,0.0800781324505806
44208,0.07946950197219849
22886,0.07674473524093628
25802,0.07422465831041336
35426,0.07185173779726028
