Index,Activation Value
72094,0.01645178347826004
103694,0.009033828042447567
35254,0.008906377479434013
36533,0.004698054399341345
54956,0.004416554234921932
73908,0.004245833493769169
14326,0.003660142421722412
27818,0.003245743690058589
7334,0.0026078284718096256
14022,0.0024636597372591496
