Index,Activation Value
13090,0.10990412533283234
67013,0.08497728407382965
49456,0.08109292387962341
3082,0.0799858570098877
28910,0.07857748866081238
55040,0.07719659805297852
41210,0.06909404695034027
63037,0.06555541604757309
52183,0.06130471080541611
34454,0.05957965925335884
