Index,Activation Value
33607,0.018419960513710976
55867,0.009284904226660728
28561,0.007987182587385178
51614,0.0065625933930277824
27771,0.005902109667658806
16258,0.005742210894823074
13604,0.00425559189170599
22080,0.004250359255820513
34211,0.0036941671278327703
49883,0.0030798339284956455
