Index,Activation Value
38924,0.043534450232982635
26778,0.03098565898835659
53579,0.02446494624018669
36473,0.019265269860625267
1909,0.018122117966413498
58249,0.014497394673526287
8019,0.012574291788041592
24298,0.011907659471035004
21467,0.011824381537735462
33011,0.010875021107494831
