Index,Activation Value
21467,0.011488395743072033
38924,0.0033336891792714596
53579,0.001822492340579629
