Index,Activation Value
8080,0.004628551192581654
24298,0.003967474680393934
21467,0.001729335985146463
