Index,Activation Value
3184,2.240314245223999
22416,2.205735921859741
50459,2.0329744815826416
50478,2.012953281402588
8760,2.0098912715911865
16999,1.812443494796753
2265,1.8084555864334106
44110,1.7390296459197998
43739,1.659837007522583
25591,1.6466310024261475
