Index,Activation Value
97967,0.3493897318840027
111874,0.2061668187379837
105857,0.11153671890497208
54547,0.0942477360367775
73435,0.019996272400021553
78375,0.00774567062035203
