Index,Activation Value
88571,0.16085673868656158
18680,0.10925859212875366
87758,0.09951452910900116
852,0.09672114253044128
4738,0.0745781660079956
100884,0.07377497851848602
95496,0.06915462762117386
107558,0.06346090137958527
7334,0.0629643052816391
88295,0.06135346367955208
