Index,Activation Value
111056,0.05739086866378784
87077,0.04825796186923981
71879,0.04795842245221138
47884,0.04694170504808426
52847,0.04340171441435814
88407,0.03910908102989197
92547,0.037708234041929245
88384,0.037197668105363846
67831,0.0370948426425457
107558,0.03465110436081886
