Index,Activation Value
14721,0.8981419801712036
28923,0.5870377421379089
21576,0.5411625504493713
47818,0.46493178606033325
16549,0.42390790581703186
42343,0.38416990637779236
20837,0.3383682072162628
5858,0.17882516980171204
29360,0.17064347863197327
24188,0.10537424683570862
