Index,Activation Value
38924,0.08641454577445984
58249,0.08008742332458496
24298,0.07791994512081146
53579,0.0714145302772522
36473,0.0709606483578682
1909,0.06944611668586731
33011,0.06610949337482452
8019,0.06512594223022461
29340,0.05257952958345413
26778,0.0507197231054306
