Index,Activation Value
38127,0.051341574639081955
13743,0.034105416387319565
21565,0.031258806586265564
7444,0.022409694269299507
32727,0.020321333780884743
25657,0.020311633124947548
45313,0.019953135401010513
40668,0.018719660118222237
14706,0.01706334576010704
815,0.015291099436581135
