Index,Activation Value
53715,1.8725312948226929
32698,1.723723292350769
14165,1.5569690465927124
70349,1.0099502801895142
42310,0.5287567377090454
79824,0.4837951362133026
50638,0.35479357838630676
16567,0.3435002565383911
55126,0.3345082104206085
716,0.28404501080513
