Index,Activation Value
43054,0.2791833281517029
36625,0.2269076704978943
51614,0.17668864130973816
11478,0.17053699493408203
4055,0.1554674208164215
52382,0.15545052289962769
47264,0.15369118750095367
29340,0.15318825840950012
25227,0.1513008028268814
45538,0.14837844669818878
