Index,Activation Value
12344,0.11384183168411255
21549,0.10661052912473679
14022,0.09934042394161224
17690,0.09523085504770279
14983,0.09245562553405762
73306,0.09100808203220367
103694,0.08782780170440674
27818,0.07970190048217773
90710,0.07769325375556946
73908,0.07584323734045029
