Index,Activation Value
29340,0.1092197597026825
36212,0.09364242106676102
24298,0.08446668833494186
36473,0.08101484924554825
8396,0.0622367262840271
56855,0.04916278272867203
53579,0.04620509222149849
21467,0.045139431953430176
25657,0.04488256573677063
27547,0.04394497722387314
