Index,Activation Value
40920,0.5490256547927856
54001,0.48633038997650146
50116,0.4010879397392273
58859,0.17196157574653625
28408,0.07530300319194794
50290,0.05402116850018501
35867,0.0005837189382873476
