Index,Activation Value
38924,0.14752642810344696
33011,0.07872352749109268
4191,0.057362645864486694
43415,0.057345230132341385
18816,0.05652730539441109
56554,0.050760675221681595
4511,0.050457026809453964
43541,0.04824431240558624
2800,0.045909300446510315
27801,0.04555331543087959
