Index,Activation Value
53579,4.099929332733154
38924,3.5264103412628174
1909,3.27567195892334
58249,2.950465679168701
21467,2.415966033935547
33011,2.006226062774658
26778,1.534339189529419
59288,1.530659556388855
38247,1.5134451389312744
56554,1.4495747089385986
