Index,Activation Value
36625,0.1950620859861374
15111,0.18243522942066193
36944,0.16405406594276428
57892,0.1575121432542801
25227,0.14160889387130737
14971,0.14040537178516388
21565,0.1313161849975586
35473,0.12917175889015198
15598,0.12739022076129913
47264,0.1243581473827362
