Index,Activation Value
12344,0.024295015260577202
87758,0.02331753633916378
62757,0.0209637600928545
16107,0.019906815141439438
47586,0.01731320098042488
4738,0.015156308189034462
868,0.013324671424925327
14983,0.013256105594336987
52491,0.012659694068133831
59998,0.01198046188801527
