Index,Activation Value
35254,0.14428995549678802
2915,0.09941310435533524
27191,0.09544894844293594
59080,0.09088052064180374
31581,0.08418936282396317
110975,0.0796789824962616
105073,0.074294812977314
95769,0.06893832236528397
56519,0.06703750789165497
8127,0.06551261246204376
