Index,Activation Value
2800,0.12053804099559784
38247,0.09159103780984879
54927,0.08345308154821396
13179,0.06949122250080109
10226,0.06010318920016289
39812,0.05690457671880722
17076,0.050586193799972534
16469,0.05011467635631561
40169,0.04834282770752907
26568,0.04290733113884926
