Index,Activation Value
56725,0.013321347534656525
13090,0.011003649793565273
70349,0.009783889167010784
37498,0.008877275511622429
3082,0.008639899082481861
18680,0.005781891755759716
60631,0.005768718663603067
49456,0.00508858310058713
7351,0.004718618933111429
107558,0.004523626063019037
