Index,Activation Value
108688,0.057817939668893814
12589,0.057189904153347015
107925,0.05610528215765953
87077,0.04641261324286461
36421,0.040459636598825455
8826,0.040114451199769974
31914,0.037863001227378845
87491,0.034849051386117935
100195,0.03427513688802719
90842,0.03412789851427078
