Index,Activation Value
20348,2.661543369293213
51163,2.268888235092163
18735,1.9383962154388428
32454,1.4961450099945068
36329,1.2842881679534912
44735,1.2433505058288574
17076,1.1816033124923706
4440,1.090509057044983
16061,1.0436298847198486
572,1.0307896137237549
