Index,Activation Value
15598,0.15316034853458405
36944,0.14968615770339966
49406,0.13386090099811554
8080,0.12481271475553513
36625,0.12450193613767624
54138,0.12278527021408081
20435,0.1226099357008934
4055,0.12177085131406784
27547,0.12149591743946075
54705,0.12117832154035568
