Index,Activation Value
91875,0.009519370272755623
16089,0.006800419185310602
107551,0.006582734175026417
592,0.005219370126724243
8774,0.00495426170527935
64204,0.003956794273108244
103991,0.0036935475654900074
59162,0.00311140064150095
28425,0.0030992815736681223
75310,0.002843023044988513
