Index,Activation Value
88571,0.09692954272031784
82590,0.08305729180574417
17902,0.08027416467666626
25849,0.07672678679227829
4825,0.0752096176147461
62662,0.0750560536980629
70349,0.0718446746468544
6156,0.06954839825630188
95769,0.0687292292714119
86118,0.06804657727479935
