Index,Activation Value
33011,0.0358276404440403
32727,0.02739071659743786
1909,0.02678268402814865
36212,0.021556029096245766
18000,0.021454988047480583
36473,0.019053198397159576
27547,0.01819891482591629
24298,0.01655472256243229
41844,0.01643751934170723
44569,0.015751006081700325
