Index,Activation Value
31723,0.18021687865257263
15397,0.17539633810520172
9049,0.15356236696243286
7145,0.13746371865272522
38127,0.13591477274894714
11450,0.1299629807472229
50144,0.12623023986816406
36944,0.124701127409935
6473,0.11048808693885803
57892,0.10964951664209366
