Index,Activation Value
38924,0.20848938822746277
21467,0.16339628398418427
53579,0.16052217781543732
26778,0.15595000982284546
36212,0.14367316663265228
54138,0.12239425629377365
8080,0.11058026552200317
58249,0.1075073853135109
38127,0.09074225276708603
8396,0.08951237052679062
