Index,Activation Value
57551,0.06279284507036209
31022,0.05917435884475708
53589,0.056449223309755325
14826,0.05433352664113045
19868,0.04498717933893204
38340,0.04451283439993858
34961,0.04206458479166031
32727,0.039777740836143494
45313,0.03806581348180771
54621,0.03228439763188362
