Index,Activation Value
34367,0.16621777415275574
36784,0.13066920638084412
45299,0.09439709037542343
15822,0.08310624212026596
48383,0.05873899161815643
26973,0.029784908518195152
52665,0.028627097606658936
50144,0.013112304732203484
