Index,Activation Value
21467,0.2838931679725647
53579,0.2770719826221466
36212,0.2754412293434143
8396,0.21013818681240082
25657,0.1988852620124817
38924,0.1921367347240448
19868,0.17089048027992249
38340,0.1683613508939743
53589,0.16604414582252502
56855,0.16060912609100342
