Index,Activation Value
70349,0.029319368302822113
80233,0.02797621861100197
20663,0.026659470051527023
6156,0.020938565954566002
88571,0.019351106137037277
17902,0.017409300431609154
100195,0.016467787325382233
12344,0.016143223270773888
84018,0.015318433754146099
104537,0.015314717777073383
