Index,Activation Value
92077,0.027978012338280678
72094,0.02762860246002674
111011,0.02705368585884571
14326,0.020315924659371376
4738,0.020262693986296654
105073,0.018484286963939667
19627,0.01714620739221573
73908,0.01703815348446369
38228,0.01672500930726528
47586,0.015203677117824554
