Index,Activation Value
21467,0.004941913764923811
8080,0.0012351599289104342
54138,0.00011793247540481389
