Index,Activation Value
33011,0.11990056931972504
58249,0.10786217451095581
38924,0.10425695776939392
53579,0.10177977383136749
27547,0.09855560213327408
21467,0.08850878477096558
9816,0.08157289773225784
54138,0.07401261478662491
8080,0.07392232865095139
32727,0.07312017679214478
