Index,Activation Value
30000,0.025196565315127373
34710,0.006066317204385996
