Index,Activation Value
21467,0.3046831786632538
38924,0.24863201379776
38127,0.18641658127307892
38340,0.18239381909370422
38247,0.17667776346206665
53579,0.16164444386959076
33011,0.15732060372829437
44569,0.13378942012786865
32727,0.13295511901378632
39547,0.12499403208494186
