Index,Activation Value
44208,0.13788683712482452
47257,0.12292826920747757
38127,0.12087518721818924
58963,0.11728814244270325
4055,0.11123143881559372
56273,0.10937459021806717
54927,0.10918213427066803
45682,0.10579109191894531
3932,0.10221279412508011
41843,0.09767540544271469
