Index,Activation Value
53579,0.011837461963295937
58249,0.011067839339375496
8019,0.010750249959528446
30430,0.010645199567079544
24298,0.009472552686929703
8080,0.006911951117217541
44569,0.006561074871569872
18000,0.006429727654904127
25800,0.005355736240744591
9816,0.004419880453497171
