Index,Activation Value
53579,0.057982709258794785
38924,0.05325621739029884
58249,0.03520241379737854
26778,0.03467308729887009
24298,0.02593914233148098
33011,0.024706238880753517
8080,0.02272076904773712
18000,0.02112676575779915
21467,0.018139738589525223
38432,0.014733388088643551
