Index,Activation Value
27547,0.003723819274455309
56855,0.003518422832712531
8396,0.0029842937365174294
36212,0.001793829957023263
29340,0.001249205321073532
38432,0.00014671660028398037
