Index,Activation Value
88295,0.09892166405916214
18680,0.08777619153261185
7351,0.08772142231464386
14022,0.06901867687702179
7334,0.06786788254976273
11918,0.06190193444490433
4825,0.06057259440422058
16107,0.05145224556326866
81123,0.04961738362908363
54156,0.046559590846300125
