Index,Activation Value
35684,2.4297547340393066
38764,1.589208722114563
13411,1.3843398094177246
16673,1.3328967094421387
9498,1.2522224187850952
44036,1.200207233428955
41410,1.149917483329773
1693,1.1062159538269043
39445,1.008097767829895
36685,1.001541256904602
