Index,Activation Value
33336,0.021918529644608498
103825,0.02175532653927803
27438,0.02152402512729168
88295,0.020588207989931107
7334,0.020166032016277313
36173,0.01699056848883629
52683,0.01680140569806099
92077,0.01503035333007574
42812,0.014051937498152256
66289,0.013685072772204876
