Index,Activation Value
30430,0.026352139189839363
47257,0.025405054911971092
25800,0.023647308349609375
34961,0.018289141356945038
33607,0.01724262535572052
47900,0.017212631180882454
24588,0.01562635600566864
57551,0.014844310469925404
51614,0.014554078690707684
13604,0.014352306723594666
