Index,Activation Value
40678,0.02165060117840767
38247,0.016706695780158043
43115,0.01593472994863987
56554,0.005087095312774181
43415,0.003560045501217246
13098,0.003438288811594248
36598,0.0031912908889353275
13743,0.0013411439722403884
15272,0.0012813764624297619
54694,0.0012059233849868178
