Index,Activation Value
57551,0.009952993132174015
38340,0.005840713158249855
56554,0.0056821005418896675
14826,0.005556872580200434
27683,0.005507058929651976
41844,0.005038178060203791
13743,0.004138334654271603
10570,0.003956841304898262
38247,0.0036291435826569796
43054,0.0032672889064997435
