Index,Activation Value
28425,0.005307215265929699
36173,0.004862827714532614
27438,0.0008337160106748343
