Index,Activation Value
38924,0.028211643919348717
21467,0.025845704600214958
29340,0.019574660807847977
56855,0.017896708101034164
58249,0.017054414376616478
53579,0.01652558147907257
8396,0.014330703765153885
36212,0.012399740517139435
55023,0.01203079055994749
36473,0.01120694074779749
