Index,Activation Value
38924,0.04439781233668327
58249,0.027885720133781433
36473,0.020137425512075424
1909,0.016342351213097572
53579,0.015673549845814705
26778,0.01530290674418211
43054,0.01247814204543829
56554,0.012168828397989273
24298,0.009917124174535275
8080,0.008151654154062271
