Index,Activation Value
28910,0.1624794453382492
52183,0.1407850980758667
13090,0.11586905270814896
60631,0.08943881094455719
56725,0.07995111495256424
29372,0.07490361481904984
83828,0.07210320234298706
33336,0.07019603997468948
86538,0.061814963817596436
96758,0.054933100938797
