Index,Activation Value
53579,0.013861743733286858
38924,0.013162779621779919
1909,0.00534402672201395
14186,0.0026042975950986147
40818,0.0011157771805301309
26778,0.0008124799933284521
