Index,Activation Value
88571,0.13886988162994385
25849,0.12886697053909302
13090,0.1156829372048378
70349,0.09781070798635483
56725,0.09466560184955597
17902,0.08956103026866913
59162,0.0893874391913414
27438,0.08733638375997543
14022,0.08551107347011566
33336,0.08481554687023163
