Index,Activation Value
38924,0.01330761518329382
21467,0.012579511851072311
58249,0.009243722073733807
54138,0.0071747079491615295
53579,0.004235866945236921
8019,0.0028213891200721264
8080,0.0015587256057187915
26778,0.0014290021499618888
43197,0.0006541262846440077
18000,0.00057315977755934
