Index,Activation Value
25657,0.21920594573020935
51614,0.1928281933069229
41844,0.1801152229309082
45313,0.17915889620780945
19868,0.17857712507247925
54138,0.17793036997318268
52440,0.16986721754074097
44269,0.16869643330574036
19339,0.16300436854362488
9107,0.15793420374393463
