Index,Activation Value
104537,0.028304526582360268
90842,0.02087000198662281
35913,0.02086377516388893
67013,0.020652147009968758
16107,0.02031888999044895
14326,0.01797790639102459
7334,0.016121959313750267
14165,0.014693870209157467
6786,0.014689107425510883
8826,0.014032961800694466
