Index,Activation Value
7334,0.09184452891349792
18680,0.08680037409067154
48473,0.0793428122997284
90842,0.07922521978616714
61123,0.07888916879892349
107995,0.0775560587644577
76906,0.07330148667097092
103694,0.07087939232587814
88295,0.06810788065195084
73782,0.06683844327926636
