Index,Activation Value
24298,0.26444941759109497
38432,0.24954754114151
17939,0.21514378488063812
18000,0.2121235728263855
8349,0.18932682275772095
54138,0.18078528344631195
11257,0.17870701849460602
13743,0.17355547845363617
44743,0.16603562235832214
8080,0.15780973434448242
