Index,Activation Value
56554,0.10781931132078171
38247,0.10462771356105804
58249,0.08236431330442429
44208,0.06659552454948425
36473,0.06637362390756607
54927,0.0643743947148323
58963,0.058257363736629486
45682,0.05250793695449829
34091,0.052259478718042374
39547,0.05201425403356552
