Index,Activation Value
7145,0.21600596606731415
11257,0.15139470994472504
9049,0.12220650166273117
54138,0.10359741002321243
15111,0.09837747365236282
16261,0.09804502874612808
48137,0.09800723940134048
38127,0.09299422055482864
12474,0.09280133247375488
43481,0.09228599816560745
