Index,Activation Value
32727,0.1081697940826416
42887,0.087459035217762
9816,0.08316168934106827
27547,0.07944880425930023
45313,0.06864018738269806
19868,0.06850560754537582
27683,0.06571005284786224
8396,0.062056444585323334
56855,0.060459937900304794
55023,0.06019362062215805
