Index,Activation Value
31723,0.018201269209384918
28561,0.01797974854707718
56007,0.014790751971304417
5476,0.013693522661924362
29778,0.01260724663734436
4501,0.008503315970301628
15748,0.006869957782328129
44387,0.006663207430392504
47247,0.006566622760146856
26029,0.006090955808758736
