Index,Activation Value
16107,0.11179791390895844
48529,0.0917242094874382
80813,0.08609829097986221
104537,0.075468048453331
20663,0.07408872246742249
35254,0.07053837180137634
42482,0.06732606887817383
107925,0.06727328896522522
59080,0.06344260275363922
87126,0.062341880053281784
