Index,Activation Value
24298,0.06186215579509735
36473,0.05387092009186745
41843,0.04901185631752014
44208,0.04739674553275108
8019,0.0407237783074379
18000,0.03566181659698486
1909,0.03393828496336937
1859,0.033475685864686966
8080,0.03141661360859871
59981,0.029787087813019753
