Index,Activation Value
12344,0.025842711329460144
7351,0.01822410151362419
104537,0.016825847327709198
87758,0.014829280786216259
9293,0.011151866056025028
868,0.009648197330534458
52491,0.007321337703615427
3082,0.00711449608206749
54105,0.007018903270363808
25887,0.006736627779901028
