Index,Activation Value
107995,0.02484934963285923
75921,0.011245553381741047
52847,0.006026892922818661
42812,0.0036863721907138824
64204,0.003310252446681261
48529,0.0023470206651836634
59080,0.001395043800584972
8251,0.00047002770588733256
