Index,Activation Value
21467,0.508037269115448
33011,0.43606990575790405
27547,0.4273054897785187
36212,0.4072808623313904
8396,0.3991117775440216
8080,0.3778555691242218
9816,0.3707452416419983
56855,0.3676724433898926
8019,0.3547739088535309
26778,0.31775808334350586
