Index,Activation Value
27818,0.00968353170901537
87491,0.007720938418060541
62757,0.006716171279549599
2279,0.006391513627022505
55426,0.003200498642399907
46013,0.0027772432658821344
49591,0.0025447814259678125
60476,0.001745525049045682
31830,0.0016566819977015257
63480,0.0012916502309963107
