Index,Activation Value
21467,0.002595097292214632
53579,0.0009378808317705989
