Index,Activation Value
38274,0.08843835443258286
44818,0.07943464815616608
25887,0.07621340453624725
17608,0.07560046762228012
3311,0.06669725477695465
52491,0.06298399716615677
50022,0.06283456832170486
88295,0.06133786961436272
7351,0.05820512771606445
87657,0.05646578222513199
