Index,Activation Value
38924,0.014525668695569038
33011,0.008594844490289688
8396,0.005099696572870016
58249,0.00479970732703805
56855,0.004664969630539417
29465,0.004403337370604277
34961,0.003476465819403529
53582,0.00315465428866446
56554,0.0029106726869940758
28312,0.0013446352677419782
