Index,Activation Value
40378,0.614691436290741
1487,0.2687338590621948
