Index,Activation Value
107995,0.02345767244696617
76908,0.022507715970277786
99629,0.013532167300581932
8774,0.012241513468325138
107551,0.01137708779424429
7942,0.010686132125556469
50983,0.00957216415554285
73782,0.009481550194323063
9293,0.008587747812271118
93685,0.00847152154892683
