Index,Activation Value
33011,0.005323655903339386
29340,0.004579499829560518
58249,0.0029782943893224
54138,0.0018478685524314642
56855,0.0017118483083322644
8396,0.001247716718353331
53579,9.154421422863379e-05
