Index,Activation Value
36212,0.030378038063645363
4530,0.026505574584007263
43115,0.02528214268386364
25657,0.024784089997410774
48680,0.019098658114671707
13411,0.018909011036157608
3829,0.017846668139100075
6799,0.017334703356027603
13473,0.0171202365309
27203,0.01698746532201767
