Index,Activation Value
42887,0.10159628838300705
27547,0.0868501365184784
53579,0.08431039750576019
19868,0.08191821724176407
8080,0.07972338050603867
58249,0.07698877900838852
9816,0.06949792802333832
54138,0.06701802462339401
39547,0.05561026930809021
1909,0.05404960736632347
