Index,Activation Value
29340,0.038577593863010406
56855,0.03638622537255287
36212,0.03334023803472519
8396,0.031024254858493805
33011,0.027085326611995697
26778,0.023671124130487442
59288,0.019876649603247643
25657,0.017492040991783142
53579,0.017167091369628906
27547,0.01688152179121971
