Index,Activation Value
92077,0.003367895493283868
37498,0.0029112522024661303
55426,0.0027032222133129835
16107,0.0021379138343036175
59998,0.0016411602264270186
7334,0.0012352518970146775
28910,0.0008611425873823464
14983,0.0006041564047336578
51766,0.0005256562726572156
72094,0.0005176609265618026
