Index,Activation Value
49406,0.17135809361934662
7783,0.17064590752124786
28312,0.1647067815065384
56096,0.1525084525346756
4817,0.1515064537525177
37903,0.14459306001663208
12929,0.14300213754177094
17052,0.14196638762950897
48137,0.1352757066488266
19491,0.13508425652980804
