Index,Activation Value
7125,0.009212164208292961
38249,0.006820168346166611
34150,0.003296984126791358
29778,2.611463969515171e-06
