Index,Activation Value
16807,0.07731178402900696
67509,0.0757070928812027
59998,0.0748593658208847
7106,0.06945809721946716
28425,0.06422291696071625
27818,0.06303127855062485
55426,0.06083289533853531
16158,0.058961763978004456
38228,0.05854019895195961
92547,0.05794538930058479
