Index,Activation Value
36212,0.03277350962162018
38432,0.019209908321499825
21467,0.018530812114477158
16549,0.0164398942142725
53589,0.012321341782808304
41843,0.01230818685144186
2800,0.010931259952485561
15758,0.009133157320320606
40484,0.008982362225651741
59060,0.00766011094674468
