Index,Activation Value
13090,0.15453223884105682
88571,0.08613934367895126
52683,0.08401220291852951
1267,0.0798223465681076
28910,0.07593803107738495
36173,0.07542978972196579
15751,0.07228044420480728
42192,0.0635078176856041
55040,0.057310111820697784
70349,0.04874902218580246
