Index,Activation Value
72094,0.08415794372558594
12344,0.0721060186624527
110712,0.06353205442428589
49804,0.054215721786022186
41552,0.051885928958654404
10580,0.04779215529561043
46383,0.0439186654984951
852,0.04260016977787018
94318,0.04109524190425873
57877,0.03988044708967209
