Index,Activation Value
21403,1.600899338722229
94015,1.2457436323165894
42465,1.0635374784469604
12952,0.5347305536270142
22616,0.5278365015983582
86702,0.42636531591415405
73389,0.3604298532009125
107592,0.24660596251487732
27798,0.22706858813762665
100034,0.15615993738174438
