Index,Activation Value
43054,0.015658725053071976
36625,0.008180104196071625
39547,0.007814323529601097
51614,0.007677473593503237
9816,0.00723331468179822
38247,0.007148421835154295
44269,0.005910824052989483
7683,0.005473143421113491
26937,0.00516511220484972
43197,0.005160660482943058
