Index,Activation Value
53579,0.022513872012495995
38924,0.017442116513848305
21467,0.01728023588657379
44569,0.012863603420555592
33011,0.010351521894335747
26778,0.004821563605219126
19868,0.004733155947178602
57551,0.004614123608916998
51614,0.002436912152916193
14826,0.0020050504244863987
