Index,Activation Value
21467,0.0004132787580601871
36473,5.6621272960910574e-05
