Index,Activation Value
21467,0.0028752924408763647
8080,0.001290337648242712
27547,0.0010973818134516478
53579,0.0007029936532489955
32727,0.0005985122406855226
38432,0.0005011145258322358
18000,0.00043783101136796176
54138,0.00040945352520793676
44569,0.00039453463978134096
13743,0.0002450632455293089
