Index,Activation Value
31022,0.021829308941960335
35033,0.017876718193292618
29465,0.017692966386675835
59868,0.013884799554944038
56273,0.005645813886076212
54900,0.005183974280953407
26174,0.004941991530358791
41246,0.00484746927395463
18899,0.003868559841066599
19365,0.003475757548585534
