Index,Activation Value
33420,0.06486476957798004
1280,0.05594586580991745
41410,0.05542118847370148
52310,0.055284157395362854
16469,0.05395666882395744
50938,0.05384859815239906
14915,0.051429834216833115
4987,0.049996133893728256
10382,0.04866443946957588
20957,0.04696604982018471
