Index,Activation Value
52426,0.2034943550825119
93685,0.07610224187374115
24235,0.07600412517786026
16107,0.0611451230943203
84018,0.059104904532432556
88384,0.04974439740180969
12942,0.04960303381085396
2871,0.048718735575675964
21437,0.04851536452770233
81637,0.04810882359743118
