Index,Activation Value
26778,0.5246920585632324
21467,0.5124178528785706
38924,0.47496193647384644
27547,0.4623819887638092
53579,0.4466079771518707
8080,0.4105663597583771
29340,0.40271756052970886
56855,0.40162572264671326
36212,0.3604867160320282
8396,0.358055055141449
