Index,Activation Value
36473,0.00030141419847495854
26937,1.8734648620011285e-05
