Index,Activation Value
52426,0.028508374467492104
27789,0.011604351922869682
54956,0.009008216671645641
67509,0.008114497177302837
26233,0.007916726171970367
42812,0.0059389835223555565
49456,0.0055380407720804214
27912,0.005435064435005188
41210,0.005285847000777721
71843,0.0044307587668299675
