Index,Activation Value
16549,0.19603270292282104
773,0.17964905500411987
39837,0.11405300348997116
14960,0.10668974369764328
59924,0.10066244751214981
44964,0.09763951599597931
4394,0.09378737956285477
7444,0.09168671071529388
56554,0.09124456346035004
45858,0.088251031935215
