Index,Activation Value
2347,0.47399333119392395
37711,0.14206866919994354
20999,0.07953260838985443
35274,0.07885067164897919
