Index,Activation Value
52848,1.750482201576233
17038,1.7330917119979858
28223,1.404274821281433
44710,1.4037013053894043
2354,1.0438711643218994
23103,0.8288619518280029
31328,0.8099146485328674
36853,0.806715190410614
44784,0.7990223169326782
3878,0.7805589437484741
