Index,Activation Value
36173,0.01761075109243393
73855,0.007722087670117617
41210,0.007021042983978987
44123,0.006604434922337532
96243,0.005629237275570631
7106,0.004466036334633827
29450,0.0010417572921141982
16838,0.0006817943067289889
34454,0.00056563870748505
69534,0.0005341112264432013
