Index,Activation Value
17608,1.7781025171279907
34987,0.44968727231025696
22975,0.4426237940788269
88571,0.3540796637535095
68169,0.24481268227100372
81263,0.15229040384292603
22202,0.14777934551239014
71289,0.10719957202672958
76522,0.09755512326955795
38952,0.04870752990245819
