Index,Activation Value
19627,0.07166612148284912
38228,0.07095402479171753
111011,0.06086872145533562
20663,0.05905415862798691
12,0.05864192172884941
34454,0.055228061974048615
42493,0.05494961515069008
38274,0.051198139786720276
44818,0.04984450340270996
107558,0.047825176268815994
