Index,Activation Value
56855,0.317056268453598
9816,0.2932133674621582
43197,0.26992863416671753
54138,0.22991004586219788
29465,0.2245604544878006
8396,0.19656969606876373
41844,0.1917017698287964
42192,0.1914040893316269
42887,0.1770954579114914
45313,0.1685349941253662
