Index,Activation Value
33336,0.015139199793338776
52183,0.01245961058884859
64204,0.011430012993514538
41162,0.011292901821434498
45447,0.011091729626059532
17335,0.01038970984518528
61123,0.010327151045203209
83828,0.01016425620764494
70776,0.009228193201124668
7682,0.009189021773636341
