Index,Activation Value
21467,0.05752601474523544
32727,0.047420550137758255
38924,0.041930314153432846
24298,0.036464255303144455
36473,0.035898029804229736
56855,0.033922065049409866
18000,0.03221653774380684
38432,0.03108922764658928
53579,0.029291950166225433
4987,0.02868225798010826
