Index,Activation Value
111011,0.14855849742889404
87200,0.08361752331256866
59998,0.08213116228580475
27438,0.07643282413482666
71153,0.06568938493728638
852,0.06565243750810623
56725,0.06470964103937149
32638,0.0633431002497673
48473,0.06306502223014832
92881,0.06220710650086403
