Index,Activation Value
48529,0.08423498272895813
4738,0.08089250326156616
59998,0.06583835184574127
8251,0.06111050397157669
104002,0.05317271873354912
35913,0.04970837011933327
108688,0.049345992505550385
111011,0.046127982437610626
19627,0.04361094906926155
5317,0.041642893105745316
