Index,Activation Value
58249,0.010448669083416462
8080,0.010328637436032295
53579,0.00983066763728857
27547,0.009686671197414398
38247,0.007478594779968262
43054,0.004514873027801514
38924,0.004338174592703581
44569,0.003511551534757018
1909,0.0030439328402280807
1859,0.0018064428586512804
