Index,Activation Value
19589,2.064478874206543
48455,1.2957442998886108
35657,1.292066216468811
54025,1.2427499294281006
35855,1.1220967769622803
33857,1.0496857166290283
33092,1.0327364206314087
31902,0.9905815124511719
30178,0.963727593421936
56221,0.8846700191497803
