Index,Activation Value
37903,0.005816054064780474
34268,0.005228473339229822
26957,0.0039709946140646935
5319,0.0008935959776863456
