Index,Activation Value
21467,0.2549649178981781
56855,0.20352762937545776
29340,0.19655472040176392
8396,0.19112084805965424
36212,0.18270984292030334
27547,0.14508700370788574
38432,0.1398923546075821
53579,0.13518132269382477
25657,0.12869197130203247
8080,0.12766924500465393
