Index,Activation Value
2800,2.1573803424835205
27838,1.4450509548187256
34268,1.1216847896575928
30845,0.9728174805641174
14196,0.8755967020988464
24342,0.8277515172958374
6303,0.6964806914329529
42419,0.6587913632392883
6513,0.5591316223144531
32244,0.5322446823120117
