Index,Activation Value
33037,0.7325698733329773
91122,0.34274235367774963
103849,0.18491682410240173
5523,0.17852050065994263
23523,0.1183888241648674
