Index,Activation Value
29340,0.2429126799106598
17428,0.2361302226781845
54222,0.22697722911834717
36473,0.20782683789730072
24298,0.20093123614788055
24565,0.18221087753772736
56007,0.17637532949447632
22371,0.17144973576068878
10570,0.16249202191829681
14196,0.16130100190639496
