Index,Activation Value
14022,0.12879976630210876
73908,0.11982674896717072
28910,0.11926969140768051
52183,0.1187770888209343
12344,0.11700268089771271
103694,0.1134118065237999
7866,0.11136626452207565
63170,0.10424695163965225
7351,0.10385487228631973
14983,0.10214398056268692
