Index,Activation Value
92077,0.13270092010498047
90842,0.11801379173994064
107925,0.10791368782520294
7351,0.10426308959722519
12,0.10304875671863556
12344,0.09970327466726303
7334,0.09589677304029465
54156,0.09339764714241028
52491,0.09209112077951431
6156,0.09112560749053955
