Index,Activation Value
39450,0.15848934650421143
47321,0.13806234300136566
34397,0.13080506026744843
6190,0.12969855964183807
48137,0.12876997888088226
7921,0.12720879912376404
35684,0.12134256213903427
49213,0.11818553507328033
50478,0.11773932725191116
14196,0.11168602108955383
