Index,Activation Value
28312,0.04393111169338226
10570,0.04326994717121124
14196,0.03239601105451584
37903,0.031100502237677574
39450,0.029596693813800812
49406,0.028603678569197655
48137,0.028235366567969322
56007,0.028082454577088356
56545,0.02423369698226452
54227,0.02341943234205246
