Index,Activation Value
10317,2.2660508155822754
34067,1.7446242570877075
41240,0.8318077921867371
2129,0.7610620856285095
49180,0.7529953122138977
48992,0.7496230602264404
9100,0.6510074734687805
999,0.6415054202079773
30380,0.5945211052894592
30646,0.41752001643180847
