Index,Activation Value
52683,0.005041600205004215
107558,0.004426952451467514
90842,0.0034647914581000805
16089,0.0032476235646754503
76908,0.0031147701665759087
48529,0.003102929564192891
37498,0.002956369426101446
40355,0.0029492543544620275
80813,0.0029066833667457104
20663,0.0027790714520961046
