Index,Activation Value
49406,0.02539152093231678
4817,0.025263717398047447
38924,0.019579868763685226
20435,0.018129656091332436
12929,0.017119603231549263
10080,0.01595122553408146
56855,0.015262400731444359
14186,0.014721306040883064
7783,0.012518435716629028
19491,0.012168945744633675
