Index,Activation Value
12344,0.020008733496069908
22227,0.01806381531059742
48529,0.01754484325647354
20663,0.017074307426810265
27912,0.01629629358649254
29450,0.014694204553961754
90842,0.014221339486539364
107925,0.013874003663659096
25887,0.013826527632772923
59998,0.013603493571281433
