Index,Activation Value
27547,0.11887295544147491
9816,0.11874702572822571
24298,0.11266155540943146
8019,0.10664399713277817
44569,0.09770756214857101
36212,0.09365614503622055
53579,0.09332975000143051
21467,0.08798778057098389
33011,0.08311586081981659
8080,0.07952757179737091
