Index,Activation Value
98584,0.19266919791698456
25706,0.06315897405147552
