Index,Activation Value
79396,0.801109254360199
43941,0.49848783016204834
96469,0.295484721660614
88639,0.028662867844104767
