Index,Activation Value
28699,0.5755838751792908
1732,0.4486919641494751
65382,0.4308438003063202
51080,0.3830448091030121
104588,0.2614270746707916
76952,0.2443942278623581
74409,0.2111099511384964
53785,0.19264408946037292
67582,0.15003450214862823
27726,0.14354358613491058
