Index,Activation Value
28425,0.14099036157131195
108688,0.11398059874773026
28910,0.11160856485366821
56725,0.10397254675626755
36173,0.08940064907073975
49456,0.08761600404977798
45447,0.08578807860612869
52183,0.07871469855308533
91875,0.0744170993566513
86756,0.07201914489269257
