Index,Activation Value
24298,0.22589360177516937
56855,0.17327946424484253
8080,0.17043834924697876
8019,0.17027831077575684
54138,0.16985401511192322
36212,0.1650547981262207
44569,0.1633981317281723
36473,0.1633848398923874
9816,0.1585540771484375
32727,0.14668802917003632
