Index,Activation Value
32604,0.03050895966589451
22362,0.025044206529855728
27771,0.02295169234275818
31904,0.020167000591754913
15670,0.019795585423707962
14147,0.018259745091199875
40678,0.017890263348817825
19868,0.01406894437968731
39547,0.013552584685385227
48477,0.013223357498645782
