Index,Activation Value
7145,0.07325977087020874
8396,0.05858609825372696
36212,0.05020472779870033
56855,0.04166394844651222
55625,0.03732186555862427
43164,0.03630045801401138
55023,0.03582525625824928
59924,0.03571576625108719
43054,0.030512355268001556
39207,0.029801728203892708
