Index,Activation Value
44569,0.008827794343233109
36625,0.007814000360667706
29340,0.006368083879351616
56032,0.006143258884549141
8019,0.00553551921620965
51614,0.00451121898368001
44743,0.004368938039988279
12023,0.004339173436164856
22371,0.004029407631605864
579,0.0038694406393915415
