Index,Activation Value
53579,0.46529290080070496
38924,0.4280252754688263
58249,0.38756078481674194
26778,0.31574034690856934
33011,0.2881930470466614
56554,0.22329045832157135
38247,0.19294367730617523
26559,0.1884554624557495
21467,0.15572848916053772
1909,0.13207827508449554
