Index,Activation Value
36212,0.035624489188194275
8396,0.027094341814517975
4530,0.025656085461378098
56855,0.021929427981376648
14721,0.019944822415709496
43054,0.01947215385735035
38247,0.019169893115758896
13179,0.01753482222557068
9049,0.013826596550643444
24702,0.012791751883924007
