Index,Activation Value
38924,0.0037283424753695726
53579,0.0017284575151279569
26778,0.0016113155288621783
58249,0.0004028180264867842
