Index,Activation Value
49406,0.024724557995796204
55454,0.01989142596721649
4055,0.017537178471684456
19491,0.01639818586409092
5300,0.0162787064909935
20435,0.016224879771471024
21298,0.014850861392915249
3086,0.012600960209965706
15598,0.01224549114704132
3057,0.011710702441632748
