Index,Activation Value
38127,0.1644706130027771
43054,0.15495732426643372
27547,0.13671424984931946
9816,0.1319919377565384
43197,0.11219584196805954
42887,0.11068882793188095
2390,0.10691048204898834
5319,0.09573056548833847
23367,0.09273136407136917
8080,0.08926250785589218
