Index,Activation Value
30430,0.07605763524770737
3366,0.027225643396377563
47711,0.018296238034963608
8396,0.01662391796708107
33607,0.015150507912039757
55731,0.010114532895386219
27771,0.008774715475738049
31022,0.00837523303925991
38764,0.007966827601194382
43220,0.007387163583189249
