Index,Activation Value
35684,0.05533595755696297
24567,0.05126533657312393
13995,0.04827520251274109
36598,0.04636469855904579
35823,0.04547691345214844
25800,0.04089370369911194
44036,0.03952330723404884
22494,0.037804339081048965
7444,0.0377705916762352
58963,0.0354851558804512
