Index,Activation Value
88937,0.07765024155378342
12589,0.06135203316807747
73855,0.057223692536354065
44818,0.055662527680397034
38274,0.05133635550737381
55779,0.049130018800497055
3082,0.048495177179574966
100136,0.04697927087545395
96287,0.045050669461488724
104702,0.04496832191944122
