Index,Activation Value
8019,0.05878924950957298
9816,0.05693179368972778
43197,0.05137528106570244
13743,0.04913930222392082
14721,0.042182259261608124
45313,0.04193081706762314
24298,0.03982909768819809
30430,0.03725847974419594
29465,0.03602141514420509
8080,0.03525369241833687
