Index,Activation Value
55426,0.0923609733581543
21549,0.07610166817903519
41552,0.07293388992547989
61123,0.06217272952198982
62662,0.059157226234674454
49804,0.057849448174238205
63669,0.05694502592086792
47448,0.056633830070495605
42482,0.05658005550503731
73782,0.05547688156366348
