Index,Activation Value
102891,0.8816811442375183
70094,0.8755384087562561
110807,0.8694502711296082
82368,0.8538434505462646
53739,0.843245804309845
47399,0.7913304567337036
5283,0.789280891418457
68535,0.7727806568145752
52988,0.7481850385665894
3532,0.7450858354568481
