Index,Activation Value
104537,0.038389019668102264
13090,0.03712921962141991
852,0.03629019483923912
56725,0.0355624184012413
3082,0.031351007521152496
88295,0.027098510414361954
12589,0.025154320523142815
104002,0.023526903241872787
38228,0.023122798651456833
1021,0.02264939248561859
