Index,Activation Value
3647,0.3095538318157196
49160,0.05376897007226944
22816,0.038128022104501724
49709,0.03674573451280594
