Index,Activation Value
96758,0.09642941504716873
66000,0.0865761935710907
21437,0.06750807166099548
33336,0.06699589639902115
75310,0.06643906980752945
48473,0.06515048444271088
1267,0.06400476396083832
42812,0.058431871235370636
592,0.05803018435835838
103438,0.056583911180496216
