Index,Activation Value
12344,0.016115443781018257
65958,0.01431233249604702
104537,0.014260160736739635
20663,0.01359520386904478
41210,0.011589255183935165
87758,0.010431104339659214
95769,0.008742540143430233
28910,0.005496163386851549
29450,0.005374349188059568
83828,0.005174238700419664
