Index,Activation Value
13090,0.008931257762014866
88571,0.005451353266835213
36173,0.0053688534535467625
6156,0.0047940840013325214
33336,0.004419735167175531
16107,0.003958606626838446
14022,0.0038341800682246685
14983,0.0035613535437732935
92077,0.0032276520505547523
7866,0.0032203395385295153
