Index,Activation Value
24298,0.0016057775355875492
36212,0.0009048553183674812
38432,0.0006289340672083199
