Index,Activation Value
92077,0.12149505317211151
90842,0.10898066312074661
67433,0.08711066842079163
29450,0.08188734948635101
12,0.08106029033660889
61123,0.07737981528043747
27789,0.07574187219142914
55426,0.07557770609855652
12344,0.07471107691526413
95769,0.07032858580350876
