Index,Activation Value
70098,0.09958820790052414
91599,0.01888364367187023
