Index,Activation Value
38127,0.011861126869916916
4055,0.007962582632899284
39787,0.00684115057811141
36944,0.006743280682712793
15598,0.0061175404116511345
7145,0.0056422799825668335
15397,0.005566764622926712
25605,0.005274930503219366
58398,0.0049651856534183025
4162,0.004564942792057991
