Index,Activation Value
7145,0.041805315762758255
24702,0.03357730805873871
9049,0.02782754972577095
37410,0.02021634764969349
53582,0.019184308126568794
59924,0.01896493323147297
24565,0.01804279163479805
49213,0.01801151968538761
11257,0.017867369577288628
2792,0.017274612560868263
