Index,Activation Value
56855,0.4088248312473297
36212,0.4017881453037262
8396,0.3803492784500122
38432,0.31663569808006287
29340,0.2627594769001007
57551,0.2608293294906616
25657,0.2587968409061432
21467,0.2574968636035919
53589,0.2555866837501526
19868,0.2552201747894287
