Index,Activation Value
39812,0.0108792744576931
56481,0.0064920419827103615
10183,0.006328764837235212
26174,0.005855895113199949
34620,0.005095744971185923
18311,0.0016341571463271976
33333,0.0012909009819850326
59981,0.001229831832461059
34156,0.0007141255191527307
52855,0.0007119729998521507
