Index,Activation Value
592,0.013072391040623188
42812,0.012767491862177849
75310,0.009799670428037643
107558,0.007987895049154758
48304,0.0075988732278347015
67509,0.007087326142936945
48699,0.006867258343845606
46866,0.006720390170812607
95058,0.006517117377370596
55426,0.006513753440231085
