Index,Activation Value
56725,0.056722577661275864
70349,0.02866961807012558
13090,0.02502969652414322
28425,0.019824719056487083
60631,0.019746974110603333
88571,0.019317474216222763
104537,0.018269769847393036
17902,0.01571470871567726
96758,0.015661874786019325
49456,0.010128906928002834
