Index,Activation Value
12344,0.14426200091838837
87758,0.13418111205101013
16107,0.1304721087217331
3082,0.12774641811847687
59998,0.1247829869389534
72094,0.12070988118648529
14022,0.11261625587940216
73908,0.10992272943258286
7351,0.10810356587171555
14983,0.09772947430610657
