Index,Activation Value
13090,0.045752305537462234
28425,0.03210387006402016
36173,0.0229249969124794
33336,0.022556131705641747
52183,0.019214605912566185
37498,0.0172303207218647
70349,0.017185267060995102
19627,0.017044296488165855
56725,0.016847532242536545
107925,0.016382338479161263
