Index,Activation Value
100195,0.0587722584605217
63669,0.05448491498827934
29372,0.05218876525759697
22092,0.05025617405772209
62757,0.04228456690907478
59041,0.03734992444515228
38274,0.03674861043691635
76908,0.03608290106058121
16107,0.031421415507793427
24684,0.03137503191828728
