Index,Activation Value
44208,0.14940476417541504
2800,0.13846439123153687
53589,0.09287885576486588
30845,0.0908380076289177
21565,0.08264366537332535
43115,0.07388155162334442
43178,0.07364970445632935
15706,0.07009411603212357
47900,0.06961169838905334
38432,0.0692777931690216
