Index,Activation Value
28425,0.014790032990276814
56725,0.012878128327429295
28910,0.010142055340111256
60631,0.009065105579793453
13090,0.008465380407869816
52183,0.0079581867903471
37498,0.006008370779454708
33336,0.004775928799062967
95769,0.004547953139990568
49456,0.0037926905788481236
