Index,Activation Value
27438,0.02619270794093609
96758,0.0250374898314476
96065,0.021049179136753082
55426,0.01747738942503929
111011,0.01746196113526821
2871,0.014723146334290504
16107,0.012977669946849346
92077,0.011383640579879284
7351,0.009093133732676506
59080,0.008547373116016388
