Index,Activation Value
13090,0.02771018259227276
52426,0.0209686029702425
70349,0.01534399762749672
56725,0.01397545263171196
12344,0.013043575920164585
90842,0.01011361088603735
17608,0.01001437846571207
7351,0.009783709421753883
87758,0.007394764572381973
60631,0.006935423705726862
