Index,Activation Value
96758,0.02283443696796894
13090,0.010045516304671764
17608,0.0031658955849707127
15751,0.0023750048130750656
109813,0.0008907802985049784
95980,0.00014939710672479123
