Index,Activation Value
21467,0.028237171471118927
29340,0.016086895018815994
38924,0.01321458350867033
26778,0.013206698931753635
30430,0.010443411767482758
47257,0.009615900926291943
19868,0.0090593621134758
38432,0.00847595650702715
38340,0.00801765639334917
56855,0.007338840048760176
