Index,Activation Value
88571,0.021305758506059647
35254,0.019848883152008057
104537,0.011311527341604233
72094,0.007982967421412468
62757,0.004535634070634842
71153,0.0042943647131323814
17902,0.0036057482939213514
107925,0.0034320151899009943
76906,0.0026854784227907658
73908,0.002674038289114833
