Index,Activation Value
26778,0.016362151131033897
33011,0.01314480323344469
53579,0.01312437653541565
38924,0.011243835091590881
13179,0.006719239521771669
1909,0.005050882697105408
8080,0.0030611169058829546
