Index,Activation Value
38924,0.023432167246937752
26778,0.022851651534438133
27547,0.013715970329940319
32727,0.01098175160586834
29340,0.01029723510146141
38432,0.009260274469852448
48137,0.009166624397039413
19701,0.008382594212889671
4055,0.008332923986017704
58458,0.007890001870691776
