Index,Activation Value
55426,0.0066738370805978775
62757,0.004842835012823343
35254,0.0035643531009554863
70349,0.0032298199366778135
852,0.0029755032155662775
18680,0.0028640120290219784
87077,0.0028400118462741375
86756,0.0025382526218891144
48473,0.0025380600709468126
7334,0.0024944713804870844
