Index,Activation Value
20435,0.031230757012963295
32704,0.02519102767109871
52585,0.020680204033851624
22353,0.01989639364182949
27399,0.019692840054631233
21191,0.019208256155252457
48137,0.018183564767241478
58458,0.017736762762069702
56096,0.01657383143901825
11257,0.01601099595427513
