Index,Activation Value
852,0.08298362791538239
107925,0.06677097827196121
93685,0.06011723354458809
3878,0.059960998594760895
27191,0.05207527056336403
44123,0.050586212426424026
16107,0.044201213866472244
87077,0.0424606055021286
90842,0.04179248586297035
2915,0.04095393046736717
