Index,Activation Value
24298,0.1495714634656906
8019,0.11249051988124847
36473,0.09825285524129868
44569,0.09447601437568665
32727,0.07452984899282455
45313,0.06784456223249435
42887,0.06469690799713135
8080,0.053840357810258865
1859,0.045515578240156174
53579,0.04375539720058441
