Index,Activation Value
23695,0.7904233336448669
5333,0.6549525856971741
16783,0.6057299971580505
6074,0.5351590514183044
68104,0.5310011506080627
112278,0.5069236159324646
49661,0.46899840235710144
107706,0.45317819714546204
94316,0.4166773855686188
79824,0.3058922290802002
