Index,Activation Value
50875,0.9657184481620789
44028,0.48872801661491394
17003,0.46556633710861206
57436,0.46192631125450134
29376,0.3790304958820343
2934,0.3591356575489044
77466,0.3252583146095276
35602,0.3012143075466156
97287,0.2952291965484619
112545,0.2683860957622528
