Index,Activation Value
27438,0.004805362783372402
852,0.003496164223179221
35254,0.0024105641059577465
48529,0.002148403786122799
3082,0.002083857310935855
87126,0.0018471988150849938
39257,0.0017801736248657107
70349,0.0017341909697279334
54956,0.001444317284040153
80813,0.0014096996746957302
