Index,Activation Value
110712,0.08400999009609222
67013,0.07190502434968948
109813,0.06938457489013672
30064,0.0628165528178215
101572,0.05913018435239792
27912,0.05907687917351723
73213,0.05534334480762482
36536,0.051808591932058334
39257,0.05008389800786972
78653,0.048347923904657364
