Index,Activation Value
48477,0.025072798132896423
9049,0.024197809398174286
47380,0.023320382460951805
16403,0.01988951675593853
51614,0.019334355369210243
20999,0.01900118589401245
50011,0.01784951612353325
23805,0.01709783636033535
47257,0.01665913313627243
43075,0.015667954459786415
