Index,Activation Value
36212,0.010589607991278172
1909,0.006400435697287321
8396,0.0060144760645926
25657,0.005220330785959959
56855,0.005141750443726778
8019,0.005088006146252155
53579,0.005075003486126661
13743,0.0034586843103170395
44569,0.0033589585218578577
21467,0.0031844705808907747
