Index,Activation Value
26778,0.295788049697876
38924,0.2789473831653595
31736,0.18824635446071625
30430,0.1631200611591339
52440,0.14729878306388855
19339,0.1249324232339859
13604,0.1162533238530159
57551,0.11546296626329422
23805,0.11494863778352737
3004,0.11067688465118408
