Index,Activation Value
24298,0.11356868594884872
54138,0.10656368732452393
8019,0.10629686713218689
8080,0.1041521206498146
45313,0.09456761181354523
38924,0.09116818755865097
32727,0.0863189622759819
33011,0.08487161248922348
43197,0.08438476920127869
38340,0.0821656808257103
