Index,Activation Value
21467,0.04079464450478554
27547,0.028584878891706467
8080,0.028378482908010483
8019,0.027065834030508995
24298,0.025687385350465775
36473,0.020829465240240097
32727,0.020756768062710762
45313,0.019571667537093163
9816,0.018834060057997704
38432,0.016202162951231003
