Index,Activation Value
21467,0.19949565827846527
33011,0.1678691804409027
53579,0.14997033774852753
38924,0.13586954772472382
56855,0.13540510833263397
8396,0.12840282917022705
36212,0.11889024823904037
29340,0.11000768095254898
58249,0.1096721962094307
38432,0.10251929610967636
