Index,Activation Value
24298,0.12625285983085632
38924,0.11438357084989548
26778,0.09588994830846786
33011,0.09381445497274399
26937,0.08944716304540634
8019,0.08924981206655502
38247,0.0855320617556572
42887,0.08464312553405762
58249,0.08453547209501266
8080,0.08301366120576859
