Index,Activation Value
71879,0.010116820223629475
48820,0.00888920109719038
111478,0.005811866372823715
61123,0.005766725167632103
92077,0.004987557418644428
18680,0.00473855622112751
90842,0.003973489627242088
107925,0.0033752683084458113
107558,0.0018136887811124325
91342,0.0006199226481840014
