Index,Activation Value
70776,0.08873626589775085
11313,0.08399594575166702
75921,0.07605331391096115
21549,0.07599567621946335
104002,0.07306837290525436
52847,0.07210420817136765
80813,0.06718048453330994
72597,0.06269364058971405
62662,0.062010154128074646
22227,0.06190706044435501
