Index,Activation Value
35254,0.09057537466287613
6156,0.08312991261482239
21549,0.060329604893922806
104537,0.058923326432704926
62662,0.057158321142196655
88546,0.055840689688920975
12344,0.05411762744188309
29450,0.05218546837568283
17690,0.05056365579366684
22092,0.047616276890039444
