Index,Activation Value
35254,0.10330905765295029
36173,0.10317917913198471
37498,0.09574182331562042
64204,0.09448318928480148
82590,0.08826783299446106
99629,0.08757604658603668
33336,0.08392277359962463
52183,0.0823645144701004
28425,0.08045932650566101
87200,0.07544700801372528
