Index,Activation Value
889,0.7511841058731079
100894,0.4005982279777527
41235,0.14003723859786987
35649,0.026462098583579063
