Index,Activation Value
8019,0.04530941694974899
8080,0.04398982971906662
24298,0.04360251501202583
44569,0.039588626474142075
27547,0.03356548771262169
38432,0.02734769694507122
53579,0.02718990109860897
9816,0.02463463321328163
38924,0.021897422149777412
54138,0.02160743437707424
