Index,Activation Value
43115,0.04110432788729668
47257,0.03267072141170502
31723,0.027942175045609474
52440,0.025881601497530937
20435,0.024880658835172653
28855,0.02383124828338623
10272,0.023744327947497368
21191,0.023502768948674202
22353,0.023119842633605003
23998,0.022798815742135048
