Index,Activation Value
8396,0.07498311996459961
25657,0.06383370608091354
56855,0.06270762532949448
36212,0.05999196320772171
7145,0.0539214126765728
57551,0.05238189920783043
53589,0.04984636977314949
4530,0.04741320013999939
28855,0.04574704170227051
42773,0.04562951251864433
