Index,Activation Value
72094,0.022214461117982864
43807,0.007702696602791548
42192,0.007586203049868345
23276,0.007475825026631355
98149,0.007300137542188168
109825,0.006872132420539856
67800,0.006776978727430105
78974,0.006554394494742155
66289,0.005682932212948799
6156,0.005575316026806831
