Index,Activation Value
53579,0.04007218778133392
38924,0.03973045200109482
26778,0.028833655640482903
58249,0.0218054186552763
8080,0.016321804374456406
38340,0.014604351483285427
27547,0.012423580512404442
32727,0.011333123780786991
44569,0.011187145486474037
56855,0.008179438300430775
