Index,Activation Value
54187,0.365890771150589
23242,0.3509664237499237
39406,0.2993389070034027
5474,0.14458680152893066
19491,0.06237630918622017
58896,0.04411871358752251
42419,0.014256532303988934
