Index,Activation Value
81024,0.6352351307868958
68417,0.5670543909072876
52654,0.298993319272995
94447,0.06858951598405838
106444,0.005528538953512907
