Index,Activation Value
65960,1.7244092226028442
105335,0.5032424330711365
99822,0.3247051537036896
2431,0.1278175562620163
