Index,Activation Value
84018,0.09914864599704742
59998,0.09346822649240494
104002,0.08774711936712265
27191,0.08579181879758835
12589,0.08084698766469955
66000,0.08053609728813171
27789,0.07493750751018524
59080,0.07412116229534149
71879,0.07112900167703629
16107,0.06557117402553558
