Index,Activation Value
31056,0.13256795704364777
47257,0.11599959433078766
32757,0.11519423127174377
28855,0.10725703090429306
14721,0.09936793893575668
33333,0.09408549219369888
5319,0.09102791547775269
40818,0.0901590883731842
58963,0.08828452974557877
43115,0.08619268238544464
