Index,Activation Value
21565,2.6872167587280273
15111,1.907365322113037
47264,1.6415187120437622
35473,1.6109503507614136
14682,1.1889115571975708
50934,1.1667249202728271
38945,1.127709150314331
53814,1.1167550086975098
17999,1.1147611141204834
50864,1.1101003885269165
