Index,Activation Value
21467,0.14059993624687195
8080,0.12609684467315674
53579,0.12045744806528091
24298,0.11268722265958786
26778,0.11088605970144272
8019,0.10590948164463043
1909,0.10063803195953369
38924,0.0981535091996193
33011,0.09004112333059311
44569,0.07947373390197754
