Index,Activation Value
32757,0.12475449591875076
43178,0.12014785408973694
2800,0.09993086755275726
29465,0.09716150909662247
3204,0.08847853541374207
47257,0.08327561616897583
28855,0.08006588369607925
7125,0.07378382980823517
39207,0.07226715236902237
37085,0.0643373429775238
