Index,Activation Value
22362,2.6159634590148926
32604,2.458054542541504
14147,2.173344135284424
16403,1.9362685680389404
48477,1.921317458152771
34520,1.8482121229171753
56298,1.828094244003296
4135,1.8110909461975098
47380,1.708985447883606
25282,1.6848875284194946
