Index,Activation Value
53579,0.014371469616889954
24298,0.010640284977853298
33011,0.010029853321611881
21467,0.009970425628125668
38924,0.009653733111917973
26778,0.009436420165002346
1909,0.008414211682975292
54138,0.007942800410091877
58249,0.007490572985261679
8019,0.005740560125559568
