Index,Activation Value
28425,0.12030618637800217
64204,0.10117875784635544
6156,0.10040313005447388
73908,0.08619072288274765
87491,0.08404848724603653
92077,0.08393207937479019
63170,0.08358462899923325
14983,0.08282285928726196
12,0.08234057575464249
26058,0.08214461803436279
