Index,Activation Value
8396,0.07666619122028351
56855,0.06707461178302765
29340,0.06694450229406357
36212,0.06559709459543228
25657,0.042541928589344025
9107,0.04049167409539223
2792,0.035134293138980865
55023,0.034200236201286316
24565,0.03344748914241791
3004,0.027088075876235962
