Index,Activation Value
4738,0.10328924655914307
72094,0.09250135719776154
87758,0.08473380655050278
12,0.08354862779378891
95496,0.07837114483118057
6156,0.07288801670074463
43955,0.06968884915113449
29372,0.0678911805152893
63669,0.06555984914302826
15037,0.06475035101175308
