Index,Activation Value
19627,0.10056137293577194
1267,0.07115364819765091
12,0.06968329101800919
92547,0.06434312462806702
7351,0.06417717784643173
107925,0.062461111694574356
90842,0.0545027032494545
14326,0.04995785653591156
111478,0.0442185252904892
55040,0.04381824657320976
