Index,Activation Value
53579,0.5006232857704163
38924,0.4804232716560364
8080,0.44941771030426025
26778,0.39702171087265015
21467,0.3787061870098114
58249,0.37698453664779663
32727,0.35538387298583984
54138,0.3518340587615967
27547,0.33822768926620483
24298,0.31583186984062195
