Index,Activation Value
39812,0.11296730488538742
38127,0.10123991966247559
33333,0.09745077043771744
44937,0.09175857156515121
31056,0.07863422483205795
24934,0.07776971906423569
34446,0.07401438802480698
4581,0.07324299216270447
40818,0.07175575941801071
1838,0.06996896862983704
