Index,Activation Value
36944,0.09420017898082733
27840,0.09081196039915085
50864,0.0833362564444542
35473,0.08262846618890762
3086,0.0803963840007782
46600,0.07941091060638428
37410,0.07882393896579742
16931,0.07718032598495483
49135,0.07587131857872009
33277,0.07578030228614807
