Index,Activation Value
52183,0.0036848378367722034
13090,0.002658558776602149
33336,0.0012572495033964515
