Index,Activation Value
6786,2.1288528442382812
30064,1.933899164199829
67013,1.8099591732025146
30016,1.4739078283309937
110609,1.3071441650390625
93904,1.2470672130584717
68297,1.2130662202835083
59162,1.0043672323226929
72142,0.9264730215072632
33336,0.8764260411262512
