Index,Activation Value
36212,0.15064576268196106
56855,0.14010050892829895
8396,0.1229814663529396
25657,0.1009075716137886
53589,0.09520849585533142
21467,0.09432438015937805
38340,0.09022882580757141
33607,0.07690931856632233
57551,0.07607089728116989
29340,0.07031261920928955
