Index,Activation Value
43054,0.08810155838727951
36473,0.07904195785522461
1909,0.07593101263046265
24298,0.07271593064069748
38924,0.07063651084899902
53579,0.07022223621606827
8080,0.06317129731178284
1859,0.05348622053861618
44569,0.05275977402925491
54138,0.04481268674135208
