Index,Activation Value
33607,0.006465308368206024
51614,0.004645319655537605
13743,0.0045227655209600925
30430,0.002197581110522151
38432,0.0019207815639674664
31736,0.0012158507015556097
28855,0.0006469904910773039
47257,0.0006054854020476341
58963,9.705568663775921e-05
44269,6.489050429081544e-05
