Index,Activation Value
38924,0.48967111110687256
53579,0.42159876227378845
24298,0.420555979013443
36473,0.41316428780555725
1909,0.3527839779853821
33011,0.33588287234306335
26778,0.3160178065299988
58249,0.3147984445095062
13179,0.293758749961853
44569,0.26300346851348877
