Index,Activation Value
3082,0.10080605000257492
7351,0.10049226880073547
52491,0.08274371176958084
87758,0.081183061003685
74354,0.07349102199077606
868,0.07132013142108917
6156,0.06270113587379456
12344,0.06155046820640564
25887,0.05999547615647316
88546,0.05997876822948456
