Index,Activation Value
72094,0.02884136699140072
88571,0.021051155403256416
70349,0.017810778692364693
17902,0.01725815050303936
97407,0.01260675024241209
7334,0.012248975224792957
14022,0.009854746051132679
104537,0.00805226806551218
28910,0.006717358715832233
27438,0.006366494111716747
