Index,Activation Value
56725,0.0011841154191643
60631,0.0011756058083847165
28425,0.0008449943270534277
