Index,Activation Value
53579,0.06280957907438278
38924,0.058989208191633224
36212,0.05886184796690941
38432,0.052877672016620636
8080,0.04870540648698807
21467,0.045038025826215744
8396,0.04429691284894943
29340,0.041163597255945206
27547,0.03972398489713669
26778,0.03803247958421707
