Index,Activation Value
3916,0.8004729151725769
12497,0.12503185868263245
52387,0.0444243885576725
17396,0.034908752888441086
