Index,Activation Value
110036,0.7578456401824951
40119,0.5810904502868652
20237,0.425504207611084
45021,0.4079348146915436
71793,0.4018074572086334
77543,0.3713662028312683
83705,0.3269181549549103
62286,0.3113577961921692
76453,0.18538789451122284
13113,0.1748044788837433
