Index,Activation Value
55023,0.22043710947036743
17428,0.20537208020687103
9107,0.19771479070186615
54222,0.18712347745895386
56855,0.17242085933685303
56007,0.1683243364095688
3004,0.16093216836452484
8396,0.15790815651416779
31736,0.15771864354610443
52440,0.15750788152217865
