Index,Activation Value
1909,0.060777802020311356
33011,0.05435493588447571
13179,0.04574288800358772
56554,0.041077036410570145
7783,0.031255681067705154
25800,0.03015870600938797
59288,0.030122172087430954
34212,0.02979181706905365
18000,0.028262510895729065
56545,0.027810491621494293
