Index,Activation Value
30430,0.055778514593839645
38127,0.053024083375930786
13743,0.04405837506055832
58249,0.03401569277048111
42296,0.0334966778755188
38247,0.030315769836306572
40678,0.02997165359556675
56554,0.02978491596877575
38046,0.025689952075481415
54944,0.025381071493029594
