Index,Activation Value
21467,0.09226766973733902
24298,0.08539563417434692
8019,0.08149886131286621
53579,0.0814739316701889
8080,0.07448795437812805
38924,0.07106677442789078
44569,0.0702851340174675
54138,0.06657009571790695
56855,0.0650734081864357
8396,0.05903784558176994
