Index,Activation Value
52426,0.10704516619443893
12,0.09082945436239243
852,0.09071528166532516
14326,0.06869334727525711
111665,0.06224239617586136
107995,0.06218258664011955
95496,0.059916902333498
22202,0.05858653038740158
56266,0.05769062042236328
89026,0.057085949927568436
