Index,Activation Value
21467,0.04187723621726036
38432,0.018279695883393288
8080,0.01197331678122282
44569,0.010873179882764816
38127,0.009569479152560234
1909,0.00851950328797102
27547,0.008407365530729294
53579,0.008080358617007732
33011,0.00739071611315012
24565,0.0069576045498251915
