Index,Activation Value
66000,0.05331391841173172
7682,0.04101736471056938
70776,0.030728906393051147
27789,0.02571856416761875
27858,0.022656897082924843
29372,0.02084772288799286
99629,0.019256558269262314
93969,0.01891636662185192
6375,0.018303049728274345
52183,0.01758941262960434
