Index,Activation Value
55426,0.07665124535560608
80813,0.07315876334905624
107551,0.0649464875459671
29372,0.061841681599617004
2279,0.061712756752967834
72094,0.05952576547861099
92077,0.05768796056509018
53869,0.05533980950713158
103991,0.05427040159702301
26012,0.05225653946399689
