Index,Activation Value
20417,1.2947860956192017
54547,1.0459673404693604
43287,0.7399498224258423
24435,0.6443439722061157
66704,0.49712538719177246
69889,0.3435187339782715
52727,0.2213989496231079
