Index,Activation Value
21467,0.051639873534440994
38924,0.03656299039721489
29340,0.034960851073265076
26778,0.03311527892947197
53579,0.03166927397251129
43054,0.02926664613187313
56855,0.02776031196117401
38432,0.025105491280555725
8080,0.02452961355447769
33011,0.02078062854707241
