Index,Activation Value
9049,0.2196127325296402
29340,0.19620931148529053
19868,0.19519147276878357
20635,0.18946006894111633
31723,0.18877364695072174
7145,0.18753713369369507
38924,0.18749156594276428
59924,0.1845845878124237
33011,0.1828881800174713
36625,0.16923251748085022
