Index,Activation Value
88571,0.01117925625294447
52426,0.010950172320008278
42812,0.009248602204024792
59998,0.005858482792973518
592,0.00495367543771863
24604,0.003541122656315565
91430,0.0034407952334731817
107551,0.0024446395691484213
111478,0.0022213661577552557
16107,0.0020236445125192404
