Index,Activation Value
34237,1.0813038349151611
35494,1.041273593902588
95113,0.8694610595703125
61841,0.8617528676986694
2780,0.7517716884613037
24228,0.7238059639930725
90898,0.6614813208580017
11279,0.5806977152824402
13435,0.5273809432983398
74288,0.49054139852523804
