Index,Activation Value
37498,0.08672753721475601
64204,0.07587511837482452
52426,0.07572830468416214
70349,0.07061780989170074
17902,0.06212243065237999
36173,0.04333530738949776
100195,0.03765750303864479
94111,0.035077668726444244
80813,0.026777921244502068
60631,0.026044093072414398
