Index,Activation Value
9816,0.32828643918037415
38432,0.31267717480659485
30430,0.3054032325744629
27547,0.28632527589797974
43197,0.26755350828170776
19868,0.26147401332855225
42887,0.2596265971660614
32727,0.2591300308704376
21467,0.2468949258327484
8019,0.23842595517635345
