Index,Activation Value
16549,0.016248581930994987
32604,0.012288898229598999
1909,0.01040947437286377
16196,0.009742164053022861
13179,0.007022643927484751
823,0.00564731378108263
57453,0.00543037336319685
22362,0.004414278548210859
10027,0.0042191362008452415
56298,0.00373146403580904
