Index,Activation Value
31723,0.20831860601902008
36625,0.19482862949371338
31056,0.17725743353366852
4055,0.16988733410835266
15111,0.1554703265428543
40818,0.15283162891864777
13411,0.14887265861034393
7145,0.14875973761081696
11478,0.1419323831796646
36944,0.14116570353507996
