Index,Activation Value
59322,0.13128182291984558
48781,0.0853256806731224
