Index,Activation Value
53579,0.22171451151371002
36473,0.19494327902793884
21467,0.18174244463443756
38432,0.16961902379989624
28561,0.16154411435127258
38924,0.15172378718852997
8396,0.15130384266376495
24298,0.1414719521999359
13604,0.12528541684150696
31736,0.1217368021607399
