Index,Activation Value
7145,0.042100273072719574
43054,0.03885660693049431
21467,0.031558580696582794
59924,0.024207644164562225
2354,0.023228654637932777
10570,0.017472490668296814
4930,0.01732693798840046
24702,0.017297133803367615
39547,0.01615891046822071
23665,0.014272329397499561
