Index,Activation Value
1909,0.07754281163215637
36473,0.07201532274484634
13179,0.05527903512120247
24298,0.04786422848701477
22371,0.03276832401752472
17428,0.03238378092646599
10570,0.02799026109278202
33011,0.027378704398870468
54222,0.025703473016619682
56032,0.024842776358127594
