Index,Activation Value
25706,0.20504426956176758
19622,0.0939352884888649
63151,0.06554272025823593
