Index,Activation Value
35925,0.5409887433052063
54669,0.3564567565917969
40272,0.27283382415771484
29899,0.25910285115242004
28903,0.1715453714132309
48200,0.11121179908514023
59725,0.05802908167243004
39345,0.04205966740846634
11076,0.022095639258623123
4735,0.020822392776608467
