Index,Activation Value
61123,0.017969584092497826
44123,0.01724463887512684
48473,0.014120955020189285
27438,0.013622427359223366
104537,0.013094756752252579
96758,0.012989388778805733
27191,0.011749990284442902
37498,0.011606651358306408
101572,0.01047672238200903
24235,0.009525599889457226
