Index,Activation Value
24298,0.49921780824661255
8080,0.4880507290363312
1909,0.4821580648422241
44569,0.479939341545105
21467,0.4025171101093292
38924,0.39772340655326843
18000,0.35599759221076965
8019,0.3444649279117584
53579,0.3399447202682495
1859,0.33961546421051025
