Index,Activation Value
52491,0.08127505332231522
7351,0.06018562987446785
80233,0.05403565615415573
47586,0.04663188382983208
60631,0.044402848929166794
24604,0.043221719563007355
88384,0.04307514801621437
87491,0.04100431501865387
7682,0.03944532573223114
110712,0.03753043711185455
