Index,Activation Value
19868,0.016691043972969055
27547,0.009704300202429295
32727,0.009106600657105446
26778,0.007682161405682564
33011,0.006314737256616354
36212,0.00623419089242816
57892,0.005432010628283024
8019,0.003953783307224512
9816,0.003866783808916807
38247,0.0031771045178174973
