Index,Activation Value
56855,0.3089461624622345
29340,0.2873479127883911
55023,0.26608985662460327
36212,0.2292349934577942
8396,0.22518260776996613
53582,0.20129959285259247
27683,0.1552944779396057
7125,0.1499665230512619
7145,0.14940829575061798
9057,0.13403713703155518
