Index,Activation Value
21467,0.014567683450877666
773,0.012636382132768631
53589,0.0087065314874053
33011,0.005067006219178438
51614,0.004337632562965155
13743,0.003947820048779249
38432,0.0035203227307647467
32696,0.0024336345959454775
19868,0.0022829065565019846
30430,0.002247427823022008
