Index,Activation Value
43054,0.16639390587806702
17366,0.14702549576759338
19868,0.136195570230484
773,0.13469207286834717
27569,0.12301444262266159
32704,0.11940021812915802
16261,0.11908452957868576
39547,0.11795031279325485
58458,0.11737725138664246
7783,0.11533500999212265
