Index,Activation Value
52426,0.11082286387681961
84018,0.10264956206083298
107925,0.08680263161659241
87758,0.08636026084423065
11313,0.08275365084409714
82590,0.0799022987484932
7334,0.07822022587060928
70776,0.07366742193698883
12344,0.06588114798069
104537,0.06559636443853378
