Index,Activation Value
53579,0.13533982634544373
26778,0.13480763137340546
33011,0.12724249064922333
38924,0.10829730331897736
21467,0.10298502445220947
58249,0.08561909198760986
27547,0.07972248643636703
42887,0.07643261551856995
9816,0.07404094189405441
8080,0.0730738490819931
