Index,Activation Value
3665,0.4010430574417114
10539,0.337252676486969
32815,0.2619251310825348
15368,0.2559504806995392
34231,0.2444138079881668
53317,0.23646891117095947
11034,0.23531602323055267
36088,0.23397719860076904
12306,0.17344246804714203
32731,0.16405661404132843
