Index,Activation Value
36212,0.08029387146234512
8396,0.07133769989013672
56855,0.06525023281574249
4530,0.06249644234776497
25657,0.053069327026605606
55023,0.04628479480743408
38340,0.04594215750694275
26937,0.034114181995391846
38432,0.033445436507463455
43115,0.027980532497167587
