Index,Activation Value
13485,0.8103005886077881
35483,0.6605677604675293
72767,0.6523057222366333
89280,0.515857458114624
2388,0.45320016145706177
18255,0.4308546781539917
35673,0.4013335108757019
18894,0.3973439037799835
18879,0.2847514748573303
21609,0.21008463203907013
