Index,Activation Value
38924,0.41097795963287354
21467,0.3044009506702423
53579,0.293026864528656
58249,0.275302916765213
29340,0.23609189689159393
38432,0.22249995172023773
54138,0.20930172502994537
8080,0.20538119971752167
36212,0.19743594527244568
26778,0.17999687790870667
