Index,Activation Value
16107,0.001009425614029169
70520,0.00031614990439265966
112335,0.00031554719316773117
45447,7.968309546413366e-06
