Index,Activation Value
21467,0.6097908020019531
53579,0.5327371954917908
1909,0.5309110283851624
24298,0.5067234635353088
36473,0.48255133628845215
8080,0.46594473719596863
38924,0.44503873586654663
44569,0.43771860003471375
33011,0.4330163300037384
29340,0.3898032605648041
