Index,Activation Value
29340,0.09813506156206131
4191,0.09476367384195328
24565,0.09429589658975601
36625,0.08595523238182068
53582,0.08544328063726425
24567,0.08232930302619934
10570,0.08138459920883179
11478,0.07954678684473038
18255,0.0778806135058403
48131,0.07678110152482986
