Index,Activation Value
27820,0.34721463918685913
24900,0.26704269647598267
20391,0.13827084004878998
42207,0.08280002325773239
45530,0.06428442150354385
52381,0.037942707538604736
31617,0.027196701616048813
