Index,Activation Value
88571,0.09853765368461609
13090,0.09599371999502182
37498,0.07862572371959686
27438,0.06988225132226944
54896,0.06986868381500244
52854,0.06349430978298187
56725,0.0634307786822319
83828,0.05690828338265419
52683,0.056598395109176636
63669,0.05278269201517105
