Index,Activation Value
42887,0.056261759251356125
45313,0.04216824844479561
31022,0.04009793698787689
27547,0.038624107837677
30430,0.035817500203847885
9816,0.033868249505758286
32727,0.025913391262292862
27683,0.020982608199119568
34961,0.01991117186844349
43197,0.01693442463874817
