Index,Activation Value
13655,0.0059547037817537785
773,0.005814813543111086
25800,0.004642551764845848
59069,0.004465554375201464
32140,0.003644949523732066
39450,0.0035775413271039724
4417,0.0034985581878572702
34397,0.0034013984259217978
9769,0.003345562145113945
33122,0.003210767637938261
