Index,Activation Value
71879,0.12681765854358673
96758,0.09788237512111664
64204,0.09556902945041656
17902,0.09147154539823532
17608,0.08993886411190033
33336,0.08586348593235016
110063,0.08206027001142502
28910,0.08013636618852615
75188,0.07943715900182724
88571,0.07500255852937698
