Index,Activation Value
56855,0.02591531164944172
29340,0.024944964796304703
8396,0.022180160507559776
33011,0.01910947635769844
36212,0.011367782019078732
55023,0.009135137312114239
1909,0.006812696810811758
25657,0.006573602091521025
59288,0.0019847338553518057
13179,0.0013952684821560979
