Index,Activation Value
19627,0.0020584368612617254
4738,0.0005428583826869726
44123,0.0004838327586185187
