Index,Activation Value
1909,0.3176219165325165
18000,0.2669001817703247
33011,0.218468576669693
53579,0.21102622151374817
19701,0.2106979638338089
59288,0.20439618825912476
42887,0.17956802248954773
25800,0.16891515254974365
56505,0.1556157022714615
8019,0.15384794771671295
