Index,Activation Value
7145,0.06947082281112671
1909,0.05907208472490311
14706,0.054409824311733246
33011,0.05332115292549133
31723,0.04955713450908661
51614,0.04234713688492775
9049,0.04109876975417137
36944,0.040462855249643326
15598,0.03920508176088333
49043,0.03874842822551727
