Index,Activation Value
13090,0.0011582552688196301
70349,0.0002853909390978515
