Index,Activation Value
33607,0.005249528214335442
58249,0.004714749287813902
47257,0.0015296463388949633
44269,0.001442127046175301
1909,0.00117879721801728
17939,0.0011133168591186404
41410,0.0007522670784965158
43054,0.0006081640021875501
51614,0.0005610885564237833
36473,0.000493426457978785
