Index,Activation Value
29465,0.23504343628883362
36212,0.17861101031303406
29340,0.16590039432048798
38432,0.15732212364673615
8396,0.15145044028759003
43197,0.15006418526172638
11450,0.13908617198467255
8019,0.1326916217803955
13655,0.122709259390831
9816,0.12060849368572235
