Index,Activation Value
38924,0.07012636214494705
38340,0.035865604877471924
21467,0.02796691469848156
33011,0.02751980721950531
36944,0.026468101888895035
26778,0.02259458601474762
53579,0.019099092110991478
36625,0.018833132460713387
58249,0.01703413389623165
13743,0.013241853564977646
