Index,Activation Value
52426,0.02506641484797001
28910,0.020738638937473297
36173,0.019444920122623444
59998,0.018444528803229332
33336,0.01493083592504263
37498,0.014115356840193272
60631,0.01338530145585537
49456,0.012594847939908504
52183,0.012410149909555912
99629,0.010496453382074833
