Index,Activation Value
7145,0.008158533833920956
31723,0.004886967595666647
59924,0.0034669821616262197
