Index,Activation Value
9816,0.23589879274368286
43197,0.19953987002372742
8019,0.1699313521385193
27547,0.16045112907886505
32727,0.15681257843971252
42887,0.14828476309776306
56505,0.1360560655593872
38432,0.13388100266456604
30430,0.1337425857782364
19868,0.1310274302959442
