Index,Activation Value
36212,0.0029318698216229677
8396,0.0005522372084669769
