Index,Activation Value
82055,0.17372626066207886
84112,0.08119901269674301
