Index,Activation Value
70349,0.013041254132986069
88571,0.0055853878147900105
84018,0.003363329218700528
105073,0.0032641924917697906
14165,0.0018285340629518032
14049,0.0007959880749695003
