Index,Activation Value
27438,0.03188081458210945
52426,0.02502281591296196
13090,0.023961933329701424
9293,0.01804502308368683
59162,0.0164047721773386
25849,0.015096090734004974
88571,0.013738631270825863
852,0.010775535367429256
52683,0.009809917770326138
7106,0.008926867507398129
