Index,Activation Value
13090,0.10613351315259933
28425,0.08853122591972351
70776,0.08625106513500214
100136,0.08109387755393982
33336,0.07474147528409958
63669,0.07232174277305603
11313,0.07032693922519684
87126,0.06972093880176544
110712,0.06866905838251114
52426,0.0678112581372261
