Index,Activation Value
21467,1.990958571434021
36212,1.6044466495513916
29340,1.312678337097168
8396,1.124640941619873
21287,1.0847517251968384
19868,1.0078346729278564
4530,0.9546307921409607
2354,0.7204457521438599
45313,0.7008799910545349
38340,0.6887524724006653
