Index,Activation Value
59998,0.014524792321026325
107558,0.013231676071882248
48529,0.008226926438510418
88295,0.0010772788664326072
