Index,Activation Value
107558,0.10163531452417374
16158,0.06229742616415024
52491,0.05946749448776245
88295,0.056811172515153885
22092,0.056402821093797684
56725,0.05631411820650101
52426,0.05120643973350525
67013,0.049699585884809494
105975,0.0467056930065155
19627,0.04643281176686287
