Index,Activation Value
96758,0.15271911025047302
60631,0.10404542833566666
33336,0.10047944635152817
64204,0.0942738950252533
49456,0.08248861134052277
57225,0.07721837610006332
28910,0.0712025910615921
24604,0.06770064681768417
28425,0.06758514046669006
40315,0.055980294942855835
