Index,Activation Value
56725,0.03819447383284569
13090,0.035815395414829254
33336,0.03562361001968384
70349,0.031378958374261856
60631,0.029095157980918884
17902,0.026655713096261024
52183,0.025951411575078964
83828,0.024692697450518608
88937,0.0185265950858593
59998,0.017719732597470284
