Index,Activation Value
3932,0.13216544687747955
5319,0.12595990300178528
5556,0.11883645504713058
16549,0.107334204018116
39837,0.09086234122514725
773,0.09039574861526489
6844,0.07953407615423203
18255,0.07731486111879349
13995,0.07331424206495285
44964,0.07102521508932114
