Index,Activation Value
13090,0.006035160273313522
70349,0.0008678802405484021
52426,0.0006896093254908919
