Index,Activation Value
107925,0.12005826085805893
7351,0.10500279814004898
12,0.10371170192956924
6156,0.08347420394420624
80813,0.08203744888305664
30064,0.07386748492717743
74354,0.07313874363899231
55426,0.07283080369234085
87491,0.07234151661396027
4141,0.0722258910536766
