Index,Activation Value
87758,0.11828646808862686
4738,0.10238491743803024
97828,0.08924715965986252
12344,0.08784762024879456
73501,0.07720771431922913
90842,0.06652286648750305
868,0.06625722348690033
103008,0.06478634476661682
71812,0.06270661950111389
95496,0.06166087090969086
