Index,Activation Value
24298,0.1398642212152481
44569,0.10394863784313202
8019,0.10098369419574738
36473,0.07193347811698914
32727,0.0657905861735344
8080,0.06543533504009247
36212,0.06321197748184204
38432,0.06261581182479858
38127,0.0618072971701622
54138,0.05946708098053932
