Index,Activation Value
41966,1.2166635990142822
28150,1.163197636604309
899,0.9462504386901855
50724,0.8700078129768372
16662,0.7353246808052063
9057,0.6392577290534973
6591,0.6022281050682068
2327,0.5944807529449463
11145,0.5797872543334961
2057,0.5797193050384521
