Index,Activation Value
36173,0.14575277268886566
28425,0.1358678787946701
101572,0.10076367110013962
28910,0.10014895349740982
52426,0.07917110621929169
88571,0.06937867403030396
852,0.06763208657503128
110712,0.066574826836586
17608,0.06514769047498703
13090,0.063545361161232
