Index,Activation Value
21467,0.44184789061546326
38432,0.31618890166282654
29340,0.30552032589912415
43197,0.21483083069324493
54138,0.21089141070842743
8019,0.20501039922237396
24298,0.17451907694339752
8396,0.16998258233070374
24565,0.16962814331054688
56855,0.16598501801490784
