Index,Activation Value
33011,0.006796910893172026
38924,0.00678207678720355
26778,0.003319270210340619
29340,0.002305687637999654
56855,0.0020061822142452
58249,0.0018632624996826053
