Index,Activation Value
7921,0.021645380184054375
32254,0.021430132910609245
16261,0.020036771893501282
35684,0.019333738833665848
22403,0.01666279137134552
44719,0.016294138506054878
38848,0.015970371663570404
32086,0.015575947239995003
29744,0.015277322381734848
2059,0.014902458526194096
