Index,Activation Value
48473,0.021805161610245705
111011,0.02136942185461521
73782,0.016846807673573494
36173,0.01682005077600479
71879,0.01440820936113596
108688,0.014190489426255226
27438,0.013410194776952267
7114,0.013246328569948673
73501,0.01320787612348795
67013,0.01206961926072836
