Index,Activation Value
32727,0.010044688358902931
45313,0.009376902133226395
41844,0.007310549728572369
38340,0.00576124107465148
13743,0.005101834889501333
36212,0.004331222269684076
1909,0.003469463437795639
57551,0.002806440694257617
17939,0.0022094659507274628
38432,0.0021101937163621187
