Index,Activation Value
87126,0.006341362372040749
101647,0.006036560982465744
89335,0.005911380983889103
31728,0.005441560875624418
62757,0.004103962332010269
7306,0.003765739966183901
7362,0.003265166189521551
66371,0.0030914524104446173
8251,0.0030831042677164078
6040,0.0026529543101787567
