Index,Activation Value
53579,0.031478170305490494
21467,0.02975124679505825
26778,0.027904286980628967
38432,0.018572423607110977
38924,0.014926300384104252
42887,0.014485242776572704
27547,0.012976487167179585
44569,0.01173176895827055
9816,0.007126845419406891
53582,0.006160343531519175
