Index,Activation Value
40678,0.01941245049238205
32727,0.019265374168753624
9816,0.019107269123196602
43197,0.018181612715125084
45313,0.016555292531847954
27547,0.015666067600250244
29465,0.014381332322955132
19868,0.014276514761149883
41844,0.013524043373763561
13743,0.012915212661027908
