Index,Activation Value
52539,0.31066134572029114
36674,0.11937557905912399
8184,0.009820858016610146
