Index,Activation Value
35254,0.08263735473155975
27789,0.07546582818031311
66000,0.07172919064760208
54956,0.062160272151231766
6017,0.05036616697907448
17902,0.050164323300123215
27818,0.04773060604929924
109700,0.03663146495819092
9293,0.03283363953232765
45447,0.032183125615119934
