Index,Activation Value
30469,0.6576480269432068
66195,0.5060195922851562
47629,0.49465247988700867
42955,0.38887426257133484
71843,0.3140517473220825
85413,0.2612035870552063
4141,0.23027805984020233
57266,0.2078084945678711
46537,0.12475119531154633
15089,0.08855494111776352
