Index,Activation Value
72094,0.07956236600875854
12344,0.0794154703617096
14022,0.07442472130060196
52491,0.07140763103961945
88937,0.06733592599630356
59998,0.06685667484998703
8774,0.06421701610088348
22230,0.06294108927249908
12,0.06264623999595642
27789,0.06153775379061699
