Index,Activation Value
13090,0.00901166070252657
56725,0.0025228769518435
37498,0.0009725757408887148
