Index,Activation Value
773,0.028952978551387787
7145,0.009297533892095089
36875,0.0031810617074370384
16549,0.0018351031467318535
37903,5.875949136679992e-05
