Index,Activation Value
2070,0.5397424101829529
51090,0.012365569360554218
