Index,Activation Value
21467,0.04343293234705925
44569,0.03752189129590988
53579,0.03147992119193077
27547,0.026255974546074867
38432,0.025317296385765076
32727,0.016512013971805573
8080,0.015501633286476135
9816,0.012165645137429237
1909,0.01119145005941391
53589,0.011127348989248276
