Index,Activation Value
73782,0.0027383342385292053
90842,0.00250115804374218
63669,0.0023392748553305864
44818,0.0022774343378841877
67013,0.0022394652478396893
48473,0.002132958732545376
14165,0.0021056111436337233
53715,0.001958537846803665
74354,0.0019224475836381316
85314,0.0017809475539252162
