Index,Activation Value
10570,0.22024664282798767
17428,0.1699499934911728
24298,0.1486584097146988
36473,0.1358058750629425
20435,0.1148296371102333
2800,0.11442778259515762
14040,0.11357419937849045
49406,0.10955175757408142
28312,0.10622484982013702
27399,0.099286288022995
