Index,Activation Value
101572,1.5044496059417725
33900,1.1063904762268066
65014,0.901652991771698
7082,0.8635449409484863
103645,0.6112624406814575
72353,0.5736495852470398
50121,0.5657237768173218
33427,0.4855726659297943
6970,0.47919782996177673
90793,0.43575364351272583
