Index,Activation Value
36212,0.023903192952275276
25657,0.019433598965406418
38340,0.019277004525065422
58249,0.018888115882873535
38127,0.018649902194738388
33011,0.018630193546414375
21467,0.018557092174887657
8080,0.016965681686997414
1909,0.016532080247998238
8019,0.014596309512853622
