Index,Activation Value
38127,0.26294732093811035
27547,0.25429049134254456
8080,0.2503795921802521
26778,0.2218903750181198
1909,0.22084087133407593
33011,0.20616450905799866
32727,0.1960429847240448
44569,0.1949499547481537
51614,0.18495486676692963
59288,0.18062855303287506
