Index,Activation Value
56032,0.12178802490234375
2390,0.11764812469482422
52855,0.08695971220731735
56545,0.07382143288850784
9480,0.0735875815153122
3300,0.0734395757317543
25881,0.07008206844329834
16196,0.0694175660610199
45512,0.06540082395076752
26973,0.06537199765443802
