Index,Activation Value
33011,0.428587406873703
26778,0.29521095752716064
53589,0.21883870661258698
19868,0.2077822983264923
45313,0.20296192169189453
773,0.20212888717651367
42887,0.1892184019088745
34961,0.16954320669174194
21467,0.16182303428649902
16549,0.15929816663265228
