Index,Activation Value
13090,0.056175414472818375
27438,0.035388603806495667
88571,0.023453472182154655
52683,0.022847818210721016
20663,0.019243711605668068
107995,0.019157523289322853
22227,0.018025662750005722
60880,0.017114225775003433
12344,0.01686195284128189
852,0.016381949186325073
