Index,Activation Value
12344,0.025800084695219994
12,0.021168209612369537
104537,0.020311959087848663
87758,0.01710917055606842
19627,0.01690562069416046
111011,0.015563664957880974
25887,0.012760843150317669
14326,0.011828642338514328
15037,0.01053968071937561
79383,0.008790643885731697
