Index,Activation Value
12344,0.13010364770889282
87758,0.10297997295856476
88571,0.1017441526055336
93685,0.09950468689203262
13090,0.0988408550620079
25849,0.09464529156684875
852,0.0841086283326149
72094,0.08331099152565002
74354,0.07918763160705566
70349,0.07708315551280975
