Index,Activation Value
15598,0.10868839919567108
51614,0.10671697556972504
43054,0.10424873977899551
15397,0.09908047318458557
2354,0.09867968410253525
6473,0.08663077652454376
52735,0.08656041324138641
36944,0.08504590392112732
24409,0.0838572159409523
3932,0.07685931026935577
