Index,Activation Value
28855,0.1553114950656891
51614,0.10456278175115585
33607,0.09129641950130463
37085,0.0880003497004509
44269,0.07989739626646042
31904,0.07517853379249573
22080,0.0748642310500145
9516,0.07300978899002075
46203,0.07175672799348831
16258,0.07053804397583008
