Index,Activation Value
66000,1.9508438110351562
94111,1.4193161725997925
6375,1.181117296218872
64204,0.975831151008606
33336,0.8883081078529358
96758,0.8252063989639282
54730,0.6072401404380798
81123,0.5804125666618347
81138,0.5562866926193237
40315,0.494598388671875
