Index,Activation Value
88571,0.027085822075605392
60631,0.02664785087108612
13090,0.025774380192160606
54896,0.0210458654910326
56725,0.017502887174487114
18680,0.015197177417576313
62757,0.013863297179341316
37498,0.01345458347350359
17902,0.01072297990322113
70776,0.009531205520033836
