Index,Activation Value
43054,0.2219284623861313
24409,0.18617534637451172
52585,0.1837133914232254
20435,0.1715187281370163
21191,0.15929213166236877
22353,0.1553584337234497
38127,0.1531085968017578
27399,0.1527937352657318
56096,0.1503104865550995
19491,0.1471557319164276
