Index,Activation Value
5333,1.4862043857574463
53869,1.472186803817749
84696,1.2221205234527588
79084,1.1823922395706177
78120,0.863751232624054
45608,0.855414092540741
12016,0.6240127086639404
64343,0.6048742532730103
40839,0.3125205934047699
52977,0.28975576162338257
