Index,Activation Value
73189,1.4504852294921875
73705,0.9866514801979065
69878,0.9443455338478088
6481,0.8585240244865417
78763,0.6096847057342529
35030,0.6086497902870178
51567,0.5500137209892273
55779,0.2899564802646637
98813,0.20803356170654297
7036,0.19848212599754333
