Index,Activation Value
22015,0.0029743583872914314
33670,0.0017241262830793858
49832,0.001388020347803831
9390,0.0008614312973804772
2800,0.0008575147949159145
36459,0.0004486279794946313
