Index,Activation Value
86717,2.2567596435546875
99607,1.3797639608383179
41346,1.3777211904525757
87758,1.35771906375885
25489,1.1120939254760742
39456,1.0729198455810547
80813,1.0559214353561401
96007,1.0258376598358154
1491,0.9873982667922974
20030,0.9813641309738159
