Index,Activation Value
54219,1.4122310876846313
23070,1.381119966506958
52988,1.1996433734893799
7027,1.132987380027771
51654,1.0709565877914429
60187,1.067881464958191
88559,1.0452896356582642
72650,1.0177110433578491
27159,1.0095428228378296
87464,0.9786428809165955
