Index,Activation Value
112737,1.7856286764144897
11742,1.5956907272338867
8923,1.5444388389587402
49795,1.4134025573730469
1324,1.4089194536209106
11770,1.1387536525726318
109059,1.1143507957458496
80914,0.9245359301567078
23410,0.7929530739784241
58102,0.7506067156791687
