Index,Activation Value
48346,1.9677588939666748
50873,1.7923047542572021
18541,1.7760664224624634
21161,1.7435699701309204
21311,1.6816372871398926
51688,1.5881445407867432
31311,1.5579942464828491
38371,1.533623456954956
16198,1.4154359102249146
12497,1.4082659482955933
