Index,Activation Value
64204,0.10413981974124908
92547,0.07020846754312515
87200,0.06765222549438477
95769,0.062226660549640656
36533,0.061410777270793915
52847,0.058737486600875854
110712,0.05618530884385109
111056,0.05564354732632637
9293,0.05465259775519371
98149,0.05317841097712517
