Index,Activation Value
43054,0.14605894684791565
31684,0.11456308513879776
8302,0.09276717156171799
26518,0.09061630815267563
47264,0.08892422914505005
2354,0.08600457012653351
18297,0.07875864952802658
18255,0.06744147837162018
3932,0.06517945975065231
50700,0.06292091310024261
