Index,Activation Value
36473,0.1780172437429428
17939,0.16025228798389435
44743,0.13623587787151337
11257,0.12538252770900726
49406,0.11693328619003296
23998,0.11650566756725311
14186,0.11615850031375885
38247,0.10907788574695587
4817,0.10830222070217133
11306,0.10299072414636612
