Index,Activation Value
51614,0.0007018998730927706
25657,0.00020388697157613933
33607,0.00014283059863373637
