Index,Activation Value
38924,0.01856197975575924
53579,0.017847107723355293
24298,0.012947713024914265
21467,0.010824423283338547
36473,0.010308382101356983
8080,0.010272460989654064
58249,0.008697071112692356
8019,0.0078032491728663445
26778,0.006289963610470295
54138,0.005936361383646727
