Index,Activation Value
29340,0.0685243159532547
56855,0.050685588270425797
36212,0.046581875532865524
24298,0.042262639850378036
8396,0.03840108588337898
54138,0.034187715500593185
21467,0.03373713791370392
38432,0.031415827572345734
8019,0.025907162576913834
36473,0.02555983141064644
