Index,Activation Value
102181,0.08847567439079285
87126,0.07789056748151779
2915,0.06870856136083603
96654,0.06735950708389282
110108,0.06671415269374847
27191,0.06087161600589752
95693,0.05984828248620033
23410,0.05979665368795395
61123,0.05758483335375786
6786,0.05263395980000496
