Index,Activation Value
8080,0.05122347176074982
24298,0.040887728333473206
56855,0.039008233696222305
8396,0.03717667981982231
29340,0.03581349924206734
8019,0.03208231180906296
53579,0.03121027536690235
18000,0.03076600842177868
54138,0.03075590915977955
44569,0.029139500111341476
