Index,Activation Value
13090,0.028422091156244278
28425,0.017598560079932213
48473,0.016876457259058952
89243,0.015311814844608307
110712,0.01419429387897253
47167,0.014094424434006214
93685,0.012783770449459553
8897,0.01159161701798439
83828,0.011105796322226524
24604,0.011043203063309193
