Index,Activation Value
39837,0.11346150934696198
57496,0.0796692743897438
14433,0.07745668292045593
26568,0.07729745656251907
49271,0.0764760822057724
2390,0.07601298391819
27408,0.07367365062236786
10226,0.07356700301170349
36103,0.07314656674861908
26196,0.07046368718147278
