Index,Activation Value
83828,0.019603949040174484
19627,0.008108846843242645
48473,0.00767825311049819
37498,0.006904253736138344
50439,0.006743067875504494
21437,0.006348383612930775
33336,0.0045316279865801334
35254,0.004254702012985945
44818,0.0034556526225060225
13090,0.0026277934666723013
