Index,Activation Value
29340,0.024470625445246696
56855,0.024011241272091866
8396,0.019909260794520378
55023,0.012559383176267147
43054,0.012010572478175163
44569,0.009995751082897186
59924,0.00908331573009491
49043,0.007359355688095093
14971,0.00705551914870739
15111,0.0070440745912492275
