Index,Activation Value
38924,0.024824874475598335
21467,0.022107327356934547
26778,0.02139822207391262
24298,0.02110823430120945
36473,0.019022876396775246
8080,0.015461741015315056
53579,0.014740699902176857
33011,0.014298920519649982
43054,0.014050884172320366
54138,0.011981966905295849
