Index,Activation Value
8774,2.206334352493286
8344,2.162304639816284
7306,2.0905001163482666
44123,2.023344039916992
34839,1.9812606573104858
77822,1.9487099647521973
19467,1.9153045415878296
9778,1.8419004678726196
107551,1.8357900381088257
7942,1.8023600578308105
