Index,Activation Value
38924,0.03664509952068329
9816,0.030629785731434822
42887,0.019447999075055122
14465,0.017074882984161377
19701,0.014941009692847729
39547,0.014485827647149563
55867,0.014359833672642708
26957,0.01374755334109068
20982,0.012565159238874912
14186,0.012156386859714985
