Index,Activation Value
9057,0.8154556155204773
22731,0.5628976225852966
