Index,Activation Value
33336,0.02767602726817131
36173,0.02642064355313778
54492,0.014541175216436386
71879,0.01350355800241232
75921,0.012448839843273163
84018,0.01231649424880743
37498,0.011979848146438599
59998,0.011734593659639359
111011,0.011523626744747162
95769,0.011347862891852856
