Index,Activation Value
71812,0.006683484185487032
98149,0.0041413563303649426
73782,0.0018304446712136269
96758,0.0015979389427229762
22230,0.0006458080606535077
