Index,Activation Value
104537,0.032324254512786865
111011,0.02878820151090622
88571,0.02143537625670433
87758,0.020565448328852654
592,0.020151343196630478
53869,0.019807375967502594
72094,0.018655644729733467
17902,0.017120417207479477
92077,0.01705504208803177
7351,0.016013091430068016
