Index,Activation Value
29340,0.2523866891860962
26778,0.2386634796857834
55023,0.16544677317142487
8080,0.16083280742168427
56855,0.15986838936805725
42887,0.1575234979391098
36212,0.14630430936813354
33011,0.14293909072875977
7145,0.1376807540655136
7125,0.1345423310995102
