Index,Activation Value
12,0.14927035570144653
90842,0.10565467923879623
6156,0.09611266106367111
44818,0.08871331065893173
18680,0.08792314678430557
107925,0.08322374522686005
27438,0.0816209614276886
80813,0.08032426983118057
67433,0.07989362627267838
14326,0.07842478901147842
