Index,Activation Value
7145,0.18236567080020905
56032,0.1343449205160141
17428,0.1295822411775589
9049,0.12947742640972137
773,0.12425453960895538
31723,0.12009155005216599
27840,0.10247883945703506
22335,0.09984573721885681
37903,0.09655570238828659
47009,0.0954497903585434
