Index,Activation Value
38340,0.019266584888100624
38432,0.018805619329214096
32727,0.009153188206255436
29465,0.007381351199001074
19868,0.0073728603310883045
25657,0.007334948517382145
43197,0.00711038475856185
41844,0.006957711651921272
59981,0.0063301557675004005
42649,0.005996755324304104
