Index,Activation Value
107949,0.7891994714736938
106000,0.5732909440994263
16510,0.3869887590408325
108207,0.37466251850128174
43955,0.37092483043670654
82043,0.30829352140426636
102342,0.25234097242355347
32032,0.22777457535266876
1507,0.21887697279453278
66314,0.17987225949764252
