Index,Activation Value
36212,0.027062196284532547
21467,0.022588646039366722
38340,0.02199339121580124
25657,0.021692311391234398
41844,0.02018313854932785
8396,0.019291676580905914
45313,0.019199790433049202
13743,0.01901281625032425
32727,0.018660759553313255
38432,0.018376227468252182
