Index,Activation Value
25849,0.07052750885486603
16107,0.06515981256961823
19627,0.06441786885261536
90842,0.062238696962594986
107925,0.05883163958787918
91875,0.057400546967983246
13090,0.05651002377271652
89243,0.05033707618713379
32638,0.05003352090716362
15751,0.048621755093336105
