Index,Activation Value
57551,0.2846660017967224
32727,0.273481160402298
19868,0.26451578736305237
45313,0.25872549414634705
43197,0.25438496470451355
9816,0.2380022555589676
53589,0.2296636402606964
4902,0.21137800812721252
34961,0.2052299976348877
36212,0.2036489099264145
