Index,Activation Value
59435,0.6697254180908203
89362,0.5805441737174988
17924,0.5213898420333862
9086,0.37630701065063477
17507,0.3268614411354065
17457,0.18483534455299377
49855,0.13677014410495758
59020,0.1342235803604126
93226,0.0692458376288414
14672,0.018411440774798393
