Index,Activation Value
18899,1.0679599046707153
13788,0.6234220862388611
5011,0.4660392105579376
28310,0.42402997612953186
57791,0.391806960105896
17923,0.3853543996810913
59901,0.3545270264148712
32410,0.34541380405426025
42417,0.3263969123363495
23175,0.3194831311702728
