Index,Activation Value
28910,2.2305796146392822
96750,1.6829992532730103
43910,1.553064227104187
15751,1.5014312267303467
37263,1.2132724523544312
95693,1.0511490106582642
65484,1.0446631908416748
49456,1.010891079902649
16807,0.9490367770195007
81847,0.8738526701927185
