Index,Activation Value
7334,0.01961609348654747
95769,0.018490266054868698
9293,0.015617531724274158
27912,0.015085415914654732
107995,0.01422872580587864
70776,0.012804793193936348
54156,0.011721998453140259
105073,0.011682424694299698
36398,0.011575870215892792
47586,0.01023787073791027
