Index,Activation Value
44208,1.4701014757156372
56273,0.4788382649421692
13995,0.4268631041049957
4107,0.41359981894493103
30741,0.37403708696365356
18255,0.27770721912384033
20428,0.20331239700317383
11257,0.08575376868247986
41644,0.027655955404043198
9049,0.007913622073829174
