Index,Activation Value
32604,0.024241749197244644
14147,0.020404774695634842
22362,0.01695185713469982
26518,0.01571575738489628
8302,0.012423583306372166
4135,0.010491808876395226
28987,0.00969501119107008
17968,0.008123812265694141
44310,0.008104524575173855
4511,0.007735113147646189
