Index,Activation Value
28408,0.9744963049888611
8179,0.3426222801208496
