Index,Activation Value
108688,0.01705240271985531
59162,0.009944630786776543
12942,0.009209332056343555
13090,0.008066796697676182
9293,0.00695672957226634
52847,0.003906429745256901
31227,0.003816308220848441
96758,0.003612607717514038
35254,0.003466198220849037
60631,0.0034266726579517126
