Index,Activation Value
13090,0.009075373411178589
56725,0.0009381741983816028
