Index,Activation Value
20663,0.10616439580917358
3082,0.08475971221923828
22230,0.07905185967683792
76908,0.06771775335073471
80233,0.0676090344786644
70349,0.0658644288778305
78437,0.062468867748975754
107925,0.05996154993772507
50983,0.05816161260008812
21175,0.057366758584976196
