Index,Activation Value
9049,0.12269403040409088
15111,0.10644681751728058
18517,0.08933455497026443
43054,0.0848458930850029
40818,0.07983469218015671
42296,0.07328333705663681
52857,0.07272331416606903
39547,0.07045882195234299
31786,0.06964641809463501
25802,0.06917200237512589
