Index,Activation Value
21467,0.08137980848550797
53579,0.05922757834196091
8080,0.054407235234975815
27547,0.05414531007409096
38432,0.05316814035177231
36212,0.050902217626571655
56855,0.049373429268598557
33011,0.04699466750025749
8396,0.04483621567487717
38924,0.0444340854883194
