Index,Activation Value
51614,0.08364593982696533
8396,0.08219732344150543
56855,0.07631611078977585
31736,0.06998633593320847
33607,0.06132034957408905
29340,0.06010998412966728
36212,0.05737867206335068
44269,0.05686110258102417
25657,0.05357270687818527
7683,0.046865057200193405
