Index,Activation Value
36625,0.048532355576753616
4055,0.046726714819669724
36944,0.04495153948664665
14971,0.04087073728442192
39787,0.03972232714295387
16549,0.033487990498542786
15111,0.03306365758180618
25227,0.031139863654971123
11478,0.030580395832657814
6466,0.0298417117446661
