Index,Activation Value
51614,0.015525080263614655
56481,0.014731600880622864
7125,0.013678780756890774
56273,0.010001417249441147
34961,0.00897776149213314
30430,0.008860266767442226
19339,0.008466915227472782
30511,0.007943575270473957
18736,0.007783432025462389
14756,0.005779421888291836
