Index,Activation Value
107925,0.03113163448870182
90842,0.023240331560373306
18680,0.018836913630366325
104537,0.01749548874795437
52183,0.0162334181368351
37498,0.014983325265347958
63669,0.014083439484238625
29372,0.013854016549885273
12,0.013725426979362965
108542,0.013058113865554333
