Index,Activation Value
48473,0.10293519496917725
12344,0.1024508997797966
24235,0.09012056887149811
73782,0.08244024962186813
24604,0.06681451201438904
7106,0.06513608247041702
19530,0.06361737102270126
6156,0.05682569369673729
67433,0.0562363900244236
80813,0.0559232272207737
