Index,Activation Value
36625,0.0034874072298407555
39787,0.0012225672835484147
4055,0.001068911049515009
45538,0.0007385421195067465
