Index,Activation Value
27936,0.8076118230819702
51194,0.6588560342788696
7737,0.5355912446975708
70508,0.5269986987113953
10510,0.5038867592811584
86203,0.1836128830909729
67683,0.015504628419876099
103844,0.0026305196806788445
