Index,Activation Value
55426,0.02377437613904476
71543,0.02362951822578907
7106,0.022240862250328064
28425,0.02175920270383358
19530,0.020580854266881943
89457,0.01752602495253086
852,0.016989465802907944
107558,0.01644396036863327
73501,0.014814292080700397
27438,0.012964281253516674
