Index,Activation Value
44743,0.1144290566444397
49406,0.11089569330215454
4817,0.09756539762020111
3366,0.09667433053255081
11306,0.09093883633613586
56545,0.0859876349568367
23998,0.08551927655935287
8127,0.08321328461170197
566,0.08217759430408478
14186,0.08204303681850433
