Index,Activation Value
93044,0.6414317488670349
48061,0.45776358246803284
60551,0.39299070835113525
47838,0.26781079173088074
2870,0.11794812977313995
82043,0.014184331521391869
105527,0.007160155568271875
