Index,Activation Value
92077,0.015573379583656788
104537,0.01275680959224701
56725,0.005272878333926201
16158,0.005132110323756933
87077,0.004325051326304674
55779,0.0030639225151389837
93685,0.0028006895445287228
62662,0.0023065712302923203
37498,0.00221379566937685
23276,0.001899626455269754
