Index,Activation Value
57903,0.9831594228744507
79207,0.943362832069397
38937,0.9418344497680664
91380,0.894119143486023
88115,0.6937772631645203
59476,0.6644423007965088
58339,0.543425440788269
88861,0.5191136598587036
59445,0.5054708123207092
67441,0.36251145601272583
