Index,Activation Value
41843,0.07322468608617783
51769,0.06575267016887665
34446,0.06204177066683769
25800,0.049712084233760834
4417,0.04813837260007858
3366,0.046304620802402496
44208,0.045052412897348404
47711,0.04254543408751488
27088,0.04224008694291115
49875,0.041812386363744736
