Index,Activation Value
56855,0.3985319137573242
8396,0.35242003202438354
8080,0.345951110124588
18000,0.331598699092865
26778,0.28672289848327637
55023,0.2845531105995178
25657,0.2760303318500519
1909,0.2540864050388336
59288,0.2492656707763672
33011,0.24623194336891174
