Index,Activation Value
48346,0.18738307058811188
21311,0.16692093014717102
21019,0.1574522703886032
50,0.15691153705120087
31311,0.14510218799114227
16198,0.14456778764724731
8768,0.14141367375850677
30999,0.140863835811615
13248,0.13763098418712616
18541,0.13742074370384216
