Index,Activation Value
72094,0.15791107714176178
13090,0.13135777413845062
28425,0.09617237001657486
12344,0.07668715715408325
7334,0.0714554488658905
19627,0.06944284588098526
52847,0.06778796017169952
3082,0.06018679961562157
87758,0.054642073810100555
4738,0.05028640478849411
