Index,Activation Value
28425,0.13835014402866364
107558,0.13620445132255554
52183,0.1221301406621933
35254,0.09932681918144226
49456,0.09442026913166046
107551,0.09155084192752838
28910,0.0900394394993782
8774,0.08974629640579224
110712,0.0896773412823677
36173,0.08507148921489716
