Index,Activation Value
39207,0.015690680593252182
29340,0.015412375330924988
24565,0.015186484903097153
28561,0.014428199268877506
31736,0.012729846872389317
43415,0.009743300266563892
53582,0.009463137947022915
8396,0.008034015074372292
22678,0.006248912308365107
19339,0.0053358846344053745
