Index,Activation Value
3413,1.9200857877731323
24472,1.433334469795227
29017,1.0868722200393677
10952,0.8882984519004822
74133,0.8878633379936218
111291,0.8800228238105774
111796,0.8622879385948181
17574,0.8569075465202332
43165,0.8193537592887878
55940,0.7294599413871765
