Index,Activation Value
38924,0.5145038366317749
26778,0.3908606171607971
53579,0.32542145252227783
58249,0.29222986102104187
21467,0.23556753993034363
36212,0.2341354787349701
33011,0.19566945731639862
55023,0.16716694831848145
1909,0.15712188184261322
39547,0.14505888521671295
