Index,Activation Value
36473,1.5796467065811157
24298,0.304189532995224
17428,0.16451618075370789
8080,0.11298110336065292
