Index,Activation Value
29340,0.019619248807430267
36212,0.01590619422495365
21467,0.015393287874758244
8396,0.014117646031081676
54138,0.013157309964299202
56855,0.011968706734478474
38127,0.008376725018024445
8080,0.00806443765759468
38432,0.006172192748636007
24298,0.0023750942200422287
