Index,Activation Value
15003,0.056876249611377716
30064,0.054192449897527695
52683,0.04978175088763237
3878,0.046949874609708786
13090,0.04123062640428543
12942,0.0404835045337677
75921,0.03946135565638542
55426,0.039061613380908966
111154,0.03854867070913315
67013,0.03814561665058136
