Index,Activation Value
53507,0.8008012175559998
48687,0.49448734521865845
91380,0.3578377962112427
93720,0.25933948159217834
25950,0.1439743936061859
