Index,Activation Value
47257,0.1703070104122162
58963,0.1525459587574005
46490,0.10946636646986008
33607,0.10241980105638504
3204,0.0941237360239029
43115,0.09126890450716019
44249,0.08811111748218536
36356,0.08679469674825668
27840,0.08089585602283478
13100,0.07810738682746887
