Index,Activation Value
29340,0.005885767750442028
56096,0.000480067974422127
773,0.00035171816125512123
19868,0.0002919407852459699
