Index,Activation Value
26778,0.4027082920074463
33011,0.3672962486743927
38924,0.3476105332374573
27547,0.29530414938926697
53579,0.2858934700489044
773,0.22972619533538818
8080,0.22371461987495422
38432,0.21767915785312653
21467,0.21005070209503174
8019,0.2073587030172348
