Index,Activation Value
53579,0.5661153197288513
38924,0.5289271473884583
24298,0.4241549074649811
58249,0.4135317802429199
36473,0.37818238139152527
26778,0.32941579818725586
44569,0.3011602759361267
21467,0.2945443093776703
56554,0.2783726155757904
8080,0.24973200261592865
