Index,Activation Value
36173,0.1208796426653862
81123,0.10336257517337799
96758,0.09961183369159698
49456,0.08999520540237427
28425,0.08149581402540207
56725,0.08129245787858963
16089,0.08048712462186813
70349,0.07851924002170563
88571,0.07837384194135666
96065,0.06959190219640732
