Index,Activation Value
43054,0.09860911965370178
2354,0.08493075519800186
5319,0.060731880366802216
3300,0.05772292613983154
4791,0.051931679248809814
47976,0.05075181648135185
34904,0.05041123554110527
25802,0.048395559191703796
9057,0.046690162271261215
6830,0.04668337479233742
