Index,Activation Value
773,0.05793792009353638
18000,0.03599556162953377
1909,0.03038289025425911
17939,0.02503112144768238
39837,0.02286393567919731
51351,0.02115292102098465
56505,0.02082877606153488
24565,0.020333709195256233
25800,0.02010737732052803
24409,0.019554896280169487
