Index,Activation Value
100014,0.7430238723754883
28225,0.5486152768135071
95720,0.2973789572715759
28065,0.15541042387485504
75409,0.06601119786500931
80948,0.06504519283771515
82168,0.049062326550483704
352,0.03344995155930519
81797,0.027213415130972862
73501,0.021950095891952515
