Index,Activation Value
24298,0.027491966262459755
36473,0.017187869176268578
54138,0.012147507630288601
54222,0.010794879868626595
36625,0.0066850269213318825
43054,0.006499510258436203
35684,0.006374146323651075
8019,0.006312663201242685
579,0.006130686495453119
4055,0.00495034409686923
