Index,Activation Value
90842,0.03715309873223305
59998,0.029569098725914955
12344,0.023633474484086037
49456,0.022187337279319763
87758,0.017483456060290337
14022,0.01667594164609909
103694,0.016294069588184357
12,0.015495513565838337
19627,0.015066579915583134
37498,0.01483963243663311
