Index,Activation Value
107995,0.02568449266254902
102181,0.019811755046248436
14022,0.01859525591135025
29450,0.018066924065351486
111011,0.017643997445702553
7334,0.01677767001092434
96758,0.015589868649840355
90710,0.014115752652287483
7351,0.01383883599191904
12942,0.013764601200819016
