Index,Activation Value
32727,0.18910013139247894
38924,0.18598514795303345
56855,0.18288756906986237
29340,0.1749270111322403
53579,0.1679765284061432
8396,0.1607351005077362
33011,0.15717028081417084
26778,0.15642045438289642
27547,0.15048716962337494
36212,0.14427323639392853
