Index,Activation Value
53579,0.009866689331829548
21467,0.009366774000227451
38924,0.008444963954389095
26778,0.004489486571401358
56855,0.0038132367189973593
27547,0.0034159172791987658
33011,0.002736301627010107
58249,0.0013725048629567027
8080,0.0013584591215476394
8396,0.0007950111175887287
