Index,Activation Value
15111,0.2165456861257553
36625,0.1641976535320282
57892,0.1521366685628891
22371,0.1498507857322693
47264,0.14755378663539886
36944,0.14558477699756622
8349,0.13629576563835144
14971,0.13119184970855713
54222,0.1289614588022232
17428,0.12825073301792145
