Index,Activation Value
21467,0.16469751298427582
53579,0.12443137168884277
33011,0.1170276403427124
38924,0.10138433426618576
38432,0.09495072811841965
1909,0.08940966427326202
30430,0.07405204325914383
27547,0.07377169281244278
773,0.07256679981946945
58249,0.06368142366409302
