Index,Activation Value
53579,0.026920979842543602
38924,0.022066492587327957
21467,0.021998567506670952
58249,0.02074950560927391
38127,0.013973084278404713
38247,0.010217191651463509
26937,0.01011140737682581
26778,0.009890911169350147
26559,0.00976527202874422
39547,0.006885031703859568
