Index,Activation Value
67509,0.00850161537528038
64204,0.0005949843325652182
