Index,Activation Value
15751,0.0846925601363182
59998,0.07105216383934021
27438,0.063507080078125
22230,0.06166558712720871
20663,0.058378539979457855
111011,0.05385993421077728
95693,0.05287124961614609
31199,0.0473865382373333
56725,0.04690823704004288
98149,0.04688100144267082
