Index,Activation Value
56855,0.4274224638938904
29340,0.39933156967163086
8396,0.3589347302913666
53579,0.33153000473976135
27547,0.31957364082336426
8080,0.3155280649662018
38924,0.301604688167572
36212,0.2899927794933319
55023,0.2868361175060272
58249,0.2785709500312805
