Index,Activation Value
27547,0.3342808187007904
53579,0.30932775139808655
8080,0.30927252769470215
29340,0.274123877286911
21467,0.254817932844162
58249,0.24601967632770538
9816,0.20747289061546326
38924,0.2033044695854187
38127,0.19499851763248444
18000,0.18959367275238037
