Index,Activation Value
104537,0.07881906628608704
28910,0.07086055725812912
99629,0.06647437065839767
101850,0.05791734904050827
60476,0.05692557245492935
39257,0.05119118094444275
93685,0.04787551239132881
12942,0.044216450303792953
24235,0.04069751501083374
46930,0.04037055745720863
