Index,Activation Value
1909,0.37209221720695496
58249,0.35183754563331604
53579,0.3509986102581024
33011,0.3369070887565613
38924,0.2875435948371887
26778,0.28261029720306396
18000,0.2800253629684448
56554,0.2468593865633011
59288,0.22061240673065186
26559,0.21747943758964539
