Index,Activation Value
38127,0.25205153226852417
15397,0.24201950430870056
36625,0.20805120468139648
40818,0.2055419683456421
15111,0.1945805698633194
31056,0.19107705354690552
33333,0.18273039162158966
57892,0.17550347745418549
47264,0.174388587474823
42599,0.17221589386463165
