Index,Activation Value
58249,0.35096442699432373
53579,0.31504225730895996
38924,0.29546716809272766
26778,0.24931630492210388
18000,0.21470308303833008
56554,0.2094690203666687
36473,0.2016831785440445
1909,0.17764560878276825
17428,0.1712626814842224
33011,0.1664767861366272
