Index,Activation Value
51614,0.02841726504266262
59868,0.023408912122249603
44743,0.01843281090259552
33607,0.0184029508382082
28561,0.01831153780221939
57551,0.01699490286409855
42773,0.015696432441473007
12023,0.015276719816029072
16956,0.014916982501745224
42784,0.014764543622732162
