Index,Activation Value
35254,0.0879768431186676
88571,0.0878722071647644
64204,0.06717424839735031
110975,0.043945107609033585
96758,0.041794080287218094
27438,0.039898693561553955
66000,0.03475308045744896
81123,0.03206866979598999
70349,0.030399812385439873
111011,0.02757430262863636
