Index,Activation Value
97892,1.4969651699066162
46073,1.0348988771438599
59998,0.9204272031784058
87126,0.7182868123054504
25293,0.7028446197509766
48264,0.6934285759925842
68728,0.486563503742218
13652,0.4338015019893646
110733,0.4328206479549408
76521,0.3406944274902344
