Index,Activation Value
38924,0.23537534475326538
38432,0.22023163735866547
36212,0.2202206552028656
29340,0.21636193990707397
56855,0.21552088856697083
24298,0.21275010704994202
21467,0.16826710104942322
43115,0.16740868985652924
14196,0.1652717888355255
26778,0.15931791067123413
