Index,Activation Value
111011,0.002093646442517638
33336,0.00012364737631287426
