Index,Activation Value
28599,2.0650851726531982
87014,2.0544795989990234
27789,1.6779961585998535
23410,1.6205384731292725
38476,1.5655566453933716
45056,1.5228825807571411
39095,1.5190961360931396
71028,1.4615886211395264
30920,1.454023838043213
102015,1.4058811664581299
