Index,Activation Value
21467,0.010766621679067612
27547,0.003982555586844683
32727,0.0010339156724512577
18000,0.0005217598518356681
8080,0.00019254113431088626
1859,4.2215120629407465e-05
