Index,Activation Value
38247,0.19470056891441345
58249,0.15775494277477264
38924,0.1533997803926468
8019,0.14685039222240448
53579,0.13370022177696228
24298,0.13208504021167755
56554,0.11694072186946869
56545,0.11101192235946655
17428,0.11087048798799515
26778,0.10668589174747467
