Index,Activation Value
70349,0.11535631865262985
88571,0.105698361992836
107558,0.10563337057828903
17608,0.10287334024906158
17902,0.08266384154558182
53715,0.07726115733385086
62757,0.07429300993680954
38274,0.07300233840942383
44818,0.0690728947520256
43247,0.06169408559799194
