Index,Activation Value
21467,0.016024276614189148
38340,0.001090097357518971
