Index,Activation Value
59998,0.11182674765586853
16107,0.08575242757797241
73501,0.0779380202293396
16158,0.06098764389753342
96654,0.06098754331469536
102181,0.0602019764482975
8790,0.05947274714708328
101572,0.055616412311792374
716,0.04867672547698021
35254,0.048487916588783264
