Index,Activation Value
48137,0.046957630664110184
32704,0.04213367775082588
28312,0.04135698452591896
34397,0.038839831948280334
42296,0.038558393716812134
39450,0.03758546710014343
58458,0.03742218017578125
52585,0.03217703476548195
18517,0.031035082414746284
31786,0.030307523906230927
