Index,Activation Value
23276,2.60107159614563
43467,1.2798237800598145
86887,0.9791962504386902
30493,0.9257252216339111
69936,0.9238505959510803
68619,0.8972834944725037
5211,0.8297091722488403
77804,0.7972298860549927
53756,0.7913711071014404
101974,0.763449490070343
