Index,Activation Value
38924,0.051106031984090805
26778,0.03287192061543465
58249,0.028325602412223816
56554,0.02662152424454689
15670,0.01115634385496378
39547,0.010424704290926456
31056,0.00888613797724247
2354,0.006261303089559078
33011,0.005816997494548559
1838,0.005704390350729227
