Index,Activation Value
107925,0.025891106575727463
90842,0.021581904962658882
56725,0.009694184176623821
19627,0.009115846827626228
92876,0.008042024448513985
89903,0.007042023818939924
17335,0.006018534768372774
70520,0.0034143172670155764
47167,0.003402888076379895
18680,0.002667991677299142
