Index,Activation Value
35831,1.035809874534607
15526,0.9827486872673035
109303,0.9778084754943848
92627,0.7413628697395325
84164,0.6977862119674683
66923,0.677459180355072
52780,0.6737452149391174
37662,0.5983735918998718
64904,0.5855220556259155
89788,0.5613007545471191
