Index,Activation Value
36473,0.0411326065659523
579,0.024988101795315742
45538,0.007266933098435402
44036,0.007258378900587559
9351,0.006360073573887348
38371,0.005584416911005974
56155,0.005062294192612171
1693,0.0049119251780211926
46700,0.003957349341362715
3829,0.0031219092197716236
