Index,Activation Value
33011,0.4168572723865509
26778,0.3666532337665558
1909,0.3505730628967285
38924,0.3244742751121521
44569,0.32155799865722656
36473,0.29424336552619934
24298,0.2804490923881531
38127,0.23317258059978485
8080,0.23255163431167603
1859,0.22930677235126495
