Index,Activation Value
47009,0.01412975788116455
10226,0.005427727475762367
43054,0.003624518634751439
25544,0.002994425594806671
35684,0.0018083926988765597
39837,0.0005162220331840217
10570,0.0001020557465380989
