Index,Activation Value
107558,0.013520289212465286
16959,0.005633603315800428
8252,0.005195280071347952
102181,0.0050027319230139256
47884,0.004435211420059204
111056,0.004239601548761129
23276,0.0038020757492631674
98149,0.003673289902508259
27912,0.0036645482759922743
32558,0.0011715319706127048
