Index,Activation Value
21467,0.06568672508001328
38924,0.05207536369562149
53579,0.04889433830976486
1909,0.04472032189369202
8080,0.04039905220270157
58249,0.03824043273925781
18000,0.03179941326379776
40678,0.03176082298159599
38432,0.026896027848124504
54138,0.022868314757943153
