Index,Activation Value
22787,1.9549363851547241
55008,1.5362881422042847
44088,1.1641756296157837
42010,1.1598221063613892
41721,1.0425503253936768
46512,1.0207308530807495
1437,0.9945834875106812
27973,0.9837644100189209
16796,0.9357943534851074
48485,0.9169849157333374
