Index,Activation Value
20435,0.22351613640785217
31723,0.19733692705631256
56096,0.19393856823444366
52585,0.18881484866142273
28312,0.18599417805671692
22371,0.18156245350837708
4817,0.18115969002246857
49406,0.18011873960494995
21191,0.1750623881816864
57413,0.17108497023582458
