Index,Activation Value
60631,0.00416527409106493
13090,0.000875578261911869
33336,0.0004959439975209534
52183,8.682129555381835e-05
