Index,Activation Value
31723,0.05494759604334831
57892,0.05253792181611061
15111,0.05052033066749573
31056,0.0478423535823822
36625,0.04371568560600281
40818,0.043283723294734955
17999,0.04293021187186241
36944,0.04119998216629028
4055,0.04114576056599617
48346,0.03981928899884224
