Index,Activation Value
108214,1.0689697265625
40479,1.0414135456085205
67983,0.7690945863723755
108879,0.5743674039840698
15571,0.546230137348175
72888,0.5315241813659668
22151,0.5285147428512573
111820,0.5213103890419006
25706,0.42965635657310486
50104,0.3545804023742676
