Index,Activation Value
52426,0.04424688592553139
96758,0.020986055955290794
6156,0.01930725760757923
16107,0.01856447011232376
71879,0.015574011951684952
13090,0.012811939232051373
49456,0.011702505871653557
55779,0.00990789383649826
7866,0.007919827476143837
88571,0.007353881374001503
