Index,Activation Value
29450,0.1270829737186432
95769,0.08588414639234543
31199,0.08022413402795792
28910,0.06855005025863647
88571,0.06600139290094376
4984,0.06591838598251343
16158,0.06475513428449631
102181,0.06449214369058609
28425,0.06427160650491714
75996,0.0633588507771492
