Index,Activation Value
13743,0.06871041655540466
38340,0.054793089628219604
45313,0.05205652862787247
30430,0.03838639333844185
36212,0.030686069279909134
4902,0.02466125786304474
38127,0.019910795614123344
30511,0.018693573772907257
32727,0.017258567735552788
26937,0.013858197256922722
