Index,Activation Value
90842,0.10753156989812851
108542,0.10309527069330215
86118,0.0996457114815712
71879,0.08766987919807434
59080,0.08617287129163742
70349,0.08001212030649185
107558,0.07314562052488327
70776,0.071864053606987
17902,0.07081737369298935
25849,0.07026860117912292
