Index,Activation Value
29340,0.07486847788095474
56855,0.04891721159219742
26778,0.047800518572330475
38924,0.047331202775239944
8396,0.04474363848567009
36212,0.04228805750608444
38432,0.04196249321103096
2792,0.025988318026065826
53582,0.025868086144328117
58249,0.024616630747914314
