Index,Activation Value
13090,0.08070800453424454
104537,0.049877312034368515
60631,0.0476711131632328
56725,0.0451524592936039
37498,0.04510756954550743
88571,0.044813014566898346
70349,0.04434778168797493
64204,0.042269378900527954
83828,0.0422229990363121
49456,0.036661770194768906
