Index,Activation Value
5084,0.6682966947555542
49243,0.4856971800327301
55599,0.2991284430027008
8078,0.08072150498628616
