Index,Activation Value
75956,1.469326138496399
2342,1.32284677028656
6017,1.0424615144729614
29966,0.9052308201789856
53623,0.7439874410629272
47926,0.3062720000743866
26519,0.29059579968452454
68370,0.20320113003253937
79176,0.12766659259796143
44190,0.12641817331314087
