Index,Activation Value
853,0.4718012809753418
80753,0.45985299348831177
44667,0.393281489610672
40815,0.3731602728366852
27629,0.321580171585083
50118,0.11137007921934128
99011,0.040347032248973846
29356,0.021778861060738564
