Index,Activation Value
13090,0.0034444157499819994
70349,0.0004973455797880888
