Index,Activation Value
7444,0.011257492937147617
45313,0.001664023264311254
2800,0.0015744465636089444
