Index,Activation Value
110712,0.07101970911026001
82475,0.06856279820203781
100195,0.0629364624619484
22202,0.06220370903611183
52854,0.061230648308992386
42812,0.06071663647890091
41162,0.058895789086818695
107925,0.058745548129081726
107995,0.056076887995004654
38274,0.05387910455465317
