Index,Activation Value
36473,0.021126018837094307
33011,0.01614736020565033
44569,0.01020156592130661
1909,0.005196710582822561
24298,0.005039214622229338
