Index,Activation Value
59998,0.12278221547603607
13090,0.10775820165872574
12589,0.09253235906362534
70349,0.08951308578252792
109700,0.06438302993774414
87077,0.05855443701148033
88571,0.05850981920957565
80233,0.057791851460933685
7351,0.057698216289281845
111478,0.05687370523810387
