Index,Activation Value
53579,0.679150402545929
8080,0.6621416211128235
33011,0.6428164839744568
44569,0.6304916739463806
38924,0.6206915378570557
24298,0.5846138000488281
1909,0.5605322122573853
26778,0.5395216941833496
58249,0.46064743399620056
18000,0.44220149517059326
