Index,Activation Value
24298,0.006485846824944019
8019,0.003276190487667918
9816,0.0025606458075344563
27547,0.0017405785620212555
