Index,Activation Value
15267,1.696818232536316
34088,0.8275687098503113
40614,0.74733567237854
33583,0.5870263576507568
2073,0.4139719009399414
12327,0.39512503147125244
55688,0.38561806082725525
27776,0.35867226123809814
19127,0.3433212637901306
58969,0.3209008574485779
