Index,Activation Value
16107,0.029650559648871422
59998,0.026762213557958603
70776,0.025203559547662735
22092,0.02210177294909954
88295,0.017664460465312004
100136,0.016365081071853638
52183,0.01627192273736
6156,0.01587987318634987
107558,0.014669830910861492
37498,0.013805302791297436
