Index,Activation Value
109527,0.43405845761299133
70512,0.3996603488922119
96152,0.3989589512348175
8252,0.3772386908531189
