Index,Activation Value
52683,0.06322701275348663
95312,0.062300972640514374
66000,0.051395565271377563
59998,0.0486164391040802
88571,0.04784662276506424
111478,0.04377560317516327
70349,0.04085244983434677
15706,0.040840547531843185
25849,0.040638744831085205
59080,0.029126321896910667
