Index,Activation Value
102277,1.2108434438705444
6335,0.9740601778030396
76024,0.9145833253860474
40030,0.41762039065361023
108324,0.39638620615005493
47625,0.33765003085136414
17902,0.3058696389198303
34267,0.30395394563674927
52072,0.29199638962745667
53715,0.2726130187511444
