Index,Activation Value
21467,0.01851828582584858
33011,0.016836419701576233
24298,0.010853128507733345
9816,0.009593306109309196
27547,0.00956921000033617
44569,0.00770760141313076
13179,0.007596772164106369
1909,0.007565451320260763
36473,0.006224858108907938
8019,0.0056935446336865425
