Index,Activation Value
5319,0.1494898796081543
32604,0.14712578058242798
59924,0.14519241452217102
14147,0.13722659647464752
27840,0.13179796934127808
22362,0.12358368188142776
21565,0.11997082084417343
47264,0.11841101199388504
16931,0.11783864349126816
45682,0.11210960149765015
