Index,Activation Value
88571,0.10988359898328781
54896,0.09803646802902222
12,0.08881917595863342
107995,0.07581077516078949
44818,0.06366537511348724
21437,0.05954539030790329
42192,0.059368617832660675
55426,0.05909039080142975
110712,0.056933846324682236
34454,0.053977977484464645
