Index,Activation Value
88571,0.0020493543706834316
13090,0.0018799317767843604
60631,0.0016968086129054427
