Index,Activation Value
70349,0.09568952023983002
852,0.09103409200906754
52426,0.09005100280046463
107925,0.08804524689912796
81123,0.06179839000105858
44818,0.05433236435055733
39998,0.052632126957178116
88407,0.05262419208884239
38228,0.050795361399650574
42493,0.04799278825521469
