Index,Activation Value
56889,0.08873622864484787
27683,0.07461006939411163
10317,0.06891240924596786
36054,0.059985365718603134
52142,0.05912049859762192
24588,0.05695663392543793
15758,0.05476882681250572
34067,0.05050492286682129
47900,0.04992077499628067
1661,0.04922220855951309
