Index,Activation Value
21467,0.929628849029541
8080,0.06237253546714783
