Index,Activation Value
38924,0.008961634710431099
26778,0.007164961192756891
53589,0.0048180995509028435
53579,0.004052943084388971
24565,0.003355553839355707
56855,0.0025135588366538286
8396,0.002444680780172348
579,0.0018975536804646254
13604,0.00023361123749054968
16258,0.0002147720952052623
