Index,Activation Value
62662,0.09412066638469696
67509,0.08076319098472595
108688,0.0800214633345604
71879,0.07772564142942429
12344,0.07533545047044754
6156,0.07322081178426743
90842,0.07073161751031876
52491,0.06628358364105225
4825,0.06456968933343887
74354,0.06241632252931595
