Index,Activation Value
92077,0.11289151012897491
90842,0.10557489097118378
92876,0.06767130643129349
47448,0.061927083879709244
18680,0.05940495803952217
67509,0.05713808164000511
87077,0.05586949363350868
54156,0.0542876273393631
6156,0.05188301205635071
14326,0.051266804337501526
