Index,Activation Value
51351,1.1217290163040161
20342,0.8298800587654114
5553,0.7178292274475098
43320,0.650027334690094
12496,0.637774646282196
13324,0.4846324920654297
31215,0.4842417240142822
50924,0.40784984827041626
19858,0.29089072346687317
61,0.22605246305465698
