Index,Activation Value
17428,0.003072562161833048
56545,0.0016130945878103375
28312,0.0010500894859433174
44208,0.0008097922545857728
