Index,Activation Value
16807,1.0885001420974731
27817,0.9432902932167053
3309,0.7619490027427673
55841,0.6907514333724976
96654,0.640983521938324
85305,0.5256376266479492
50931,0.43864232301712036
93685,0.42834407091140747
67435,0.41285833716392517
69423,0.23627077043056488
