Index,Activation Value
53579,0.1805381327867508
38924,0.16613905131816864
8080,0.1626545637845993
26778,0.14742997288703918
9816,0.14716024696826935
54138,0.14464128017425537
27547,0.14040343463420868
8019,0.12461194396018982
42887,0.11763609945774078
18000,0.11467554420232773
