Index,Activation Value
24409,0.003013284644111991
6844,0.0025250304024666548
13248,0.00047885821550153196
