Index,Activation Value
33011,0.014066871255636215
13179,0.0019214024068787694
