Index,Activation Value
21467,0.45941802859306335
53579,0.3812275826931
8080,0.3762779235839844
26778,0.36111220717430115
38924,0.3244330585002899
1909,0.29510271549224854
36473,0.28888121247291565
24298,0.288488507270813
18000,0.28835058212280273
38432,0.262628436088562
