Index,Activation Value
33336,0.1578054130077362
64204,0.15013614296913147
111011,0.12042922526597977
70349,0.10051208734512329
6375,0.07111236453056335
66000,0.06102095916867256
27438,0.05728152021765709
94111,0.04624543711543083
10755,0.04550652205944061
96758,0.04185463860630989
