Index,Activation Value
88571,0.019239919260144234
13090,0.010155089199543
852,0.009638011455535889
14326,0.0011038274969905615
