Index,Activation Value
28425,0.02414018288254738
36173,0.019546568393707275
13090,0.01789991185069084
16807,0.01694341003894806
37498,0.01437858771532774
56725,0.014095338992774487
33336,0.013612047769129276
16158,0.011740492656826973
59162,0.010936440899968147
52683,0.010301989503204823
