Index,Activation Value
68656,1.0931648015975952
62306,0.999252438545227
112042,0.7380038499832153
53784,0.5180620551109314
2887,0.36881592869758606
100855,0.34486979246139526
37329,0.3135874569416046
4546,0.19844543933868408
1905,0.03185436502099037
