Index,Activation Value
36212,0.06032422184944153
55023,0.044770192354917526
29340,0.04307626932859421
56855,0.03743467852473259
8396,0.03539414703845978
53579,0.03261653706431389
21467,0.03246951103210449
25657,0.021982120350003242
45858,0.015304380096495152
53582,0.014998831786215305
