Index,Activation Value
773,0.0030771607998758554
43197,0.0030459619592875242
27547,0.002395689720287919
30430,0.0022014810238033533
19339,0.0017199843423441052
19868,0.0017155150417238474
9816,0.0015843503642827272
13743,0.001454743673093617
40678,0.0014342573704198003
56481,0.0012626973912119865
