Index,Activation Value
10994,1.4880231618881226
26306,0.5137021541595459
58003,0.2710939943790436
44690,0.21185962855815887
55060,0.16979162395000458
49418,0.14832760393619537
26290,0.005359412636607885
