Index,Activation Value
38924,0.10350637882947922
26778,0.09282781183719635
54138,0.09127318859100342
58249,0.07588738948106766
8080,0.07575191557407379
8019,0.061228279024362564
24298,0.053170256316661835
53579,0.053097326308488846
18000,0.05105725675821304
27547,0.040725160390138626
