Index,Activation Value
24298,0.018829740583896637
36473,0.01624995656311512
27547,0.004873433616012335
11257,0.003473026445135474
36625,0.0026339897885918617
44569,0.002632644958794117
36944,0.0021988973021507263
579,0.0011199312284588814
8019,0.00036757555790245533
