Index,Activation Value
37498,0.20639488101005554
33336,0.13040269911289215
16158,0.1176617369055748
36173,0.10834632813930511
52426,0.10480371862649918
38228,0.10108175128698349
30064,0.09403082728385925
852,0.09213893860578537
64204,0.09210512787103653
59162,0.08659635484218597
