Index,Activation Value
43054,0.14001618325710297
773,0.12623178958892822
42296,0.11152355372905731
37903,0.10741986334323883
16549,0.09768647700548172
45682,0.09732680767774582
48137,0.0956830233335495
28312,0.09282190352678299
7783,0.09146657586097717
34397,0.0863562822341919
