Index,Activation Value
22362,0.01878543570637703
32604,0.013984684832394123
47257,0.011422197334468365
51769,0.010689526796340942
4135,0.008593522012233734
43115,0.008578789420425892
58963,0.007091667968779802
19365,0.004693201277405024
31904,0.004661157727241516
28561,0.003800587262958288
