Index,Activation Value
88571,0.10316331684589386
70349,0.0953548327088356
17902,0.060713183134794235
14165,0.05133267119526863
96654,0.046324051916599274
101572,0.0451095812022686
67013,0.04427291452884674
8897,0.04351022094488144
95312,0.04243140295147896
112731,0.04030856117606163
