Index,Activation Value
21467,0.028429463505744934
53579,0.02804645523428917
38924,0.027239840477705002
8080,0.019207365810871124
27547,0.01822696253657341
33011,0.018074076622724533
26778,0.015551665797829628
38432,0.015171041712164879
54138,0.013060323894023895
58249,0.012971773743629456
