Index,Activation Value
9049,0.015412552282214165
56032,0.008124809712171555
41005,0.007015028968453407
56007,0.004876174032688141
15111,0.0031575949396938086
39041,0.0030672429129481316
14465,0.0030212183482944965
53809,0.002396075055003166
54076,0.0013400117168202996
10317,0.001061568851582706
