Index,Activation Value
44208,0.15809641778469086
51614,0.14436715841293335
29465,0.09252529591321945
55625,0.08072342723608017
45682,0.08058376610279083
1976,0.07287877798080444
41843,0.07177276909351349
33607,0.07108283787965775
54927,0.06543638557195663
8302,0.06216256320476532
