Index,Activation Value
24565,0.148264080286026
53582,0.13739867508411407
2800,0.13587512075901031
44208,0.1269201934337616
54927,0.12386579066514969
29340,0.1222836971282959
3004,0.10269820690155029
40169,0.10021775215864182
55023,0.09753356128931046
45682,0.09346470236778259
