Index,Activation Value
98276,0.2101592868566513
50592,0.1871270090341568
75508,0.1462595909833908
