Index,Activation Value
58249,0.09757830947637558
33011,0.0915025919675827
38924,0.08455151319503784
26778,0.07521785795688629
44569,0.059958506375551224
53579,0.05542410537600517
14147,0.05479540303349495
29340,0.05133085697889328
56554,0.048680610954761505
36473,0.04841519147157669
