Index,Activation Value
52848,0.270819753408432
4424,0.24762433767318726
19832,0.0450110100209713
