Index,Activation Value
33011,0.04240938648581505
26778,0.023913919925689697
38924,0.02271871827542782
25800,0.02254878543317318
773,0.01984567940235138
53579,0.015088292770087719
39837,0.013535191304981709
24567,0.010770062915980816
56554,0.010622099041938782
51406,0.008124018087983131
