Index,Activation Value
38247,0.044933419674634933
56554,0.03649967536330223
42296,0.03209526836872101
27683,0.029779288917779922
2800,0.02771027386188507
32757,0.02739284373819828
29465,0.027118822559714317
51769,0.026678944006562233
9049,0.024744778871536255
43178,0.02431085705757141
