Index,Activation Value
24298,8.362703323364258
32727,7.63466215133667
21467,7.523123741149902
8019,7.511848449707031
8080,7.309913158416748
54138,7.174446105957031
53579,7.117839336395264
45313,6.568026065826416
36212,6.505117893218994
41844,6.502183437347412
