Index,Activation Value
36212,0.03182699903845787
29340,0.031736232340335846
56855,0.026579638943076134
24298,0.019675670191645622
8396,0.018229633569717407
30430,0.016657086089253426
33011,0.013952185399830341
38127,0.013614966534078121
773,0.01143560092896223
17428,0.010975390672683716
