Index,Activation Value
38924,0.004690263886004686
53579,0.004299051593989134
21467,0.0025308667682111263
24298,0.0018791697220876813
33011,0.0015251559671014547
36212,0.0014287037774920464
56855,0.0013631305191665888
8080,0.0011749609839171171
29340,0.0011131193023175001
8396,0.0010963407112285495
