Index,Activation Value
55426,0.015316515229642391
101572,0.011600570753216743
95769,0.003999324515461922
111154,0.0028875558637082577
29372,0.0013732215156778693
20663,0.001277897972613573
42482,0.0012404195731505752
