Index,Activation Value
107925,0.06634537875652313
62662,0.053067464381456375
36411,0.05084346607327461
111154,0.05007641389966011
3309,0.049021534621715546
34393,0.04756323620676994
63037,0.046860117465257645
17690,0.04628065600991249
88384,0.046223029494285583
25024,0.04563140496611595
