Index,Activation Value
29340,0.29591384530067444
56855,0.1874067336320877
36212,0.15965238213539124
8396,0.15079936385154724
38127,0.15042155981063843
4530,0.11611154675483704
16061,0.09016859531402588
53582,0.08538694679737091
46682,0.07797621190547943
52106,0.07781123369932175
