Index,Activation Value
26778,0.14437246322631836
44569,0.12275238335132599
33011,0.10944356769323349
38924,0.10576190054416656
53579,0.10389500856399536
773,0.0844772607088089
24298,0.08323877304792404
1909,0.07529626041650772
16549,0.06436491757631302
8080,0.06283210217952728
