Index,Activation Value
64204,0.09053416550159454
33336,0.06627606600522995
36398,0.06509451568126678
46383,0.06292134523391724
28910,0.06128717213869095
6375,0.05644827336072922
24235,0.05464520677924156
88273,0.053343553096055984
16959,0.05008768290281296
84018,0.0496988445520401
