Index,Activation Value
78653,1.7771552801132202
16107,1.5188289880752563
39330,1.1354446411132812
104537,0.5807337164878845
28343,0.4515279233455658
63802,0.44353199005126953
58741,0.4044564366340637
25059,0.23769445717334747
84018,0.20899951457977295
