Index,Activation Value
35408,1.1234204769134521
44387,1.1084433794021606
15748,1.0710681676864624
25809,1.0200766324996948
45485,0.9052914977073669
8403,0.8812979459762573
48992,0.864287257194519
38114,0.832379162311554
55564,0.7481640577316284
38245,0.7015267610549927
