Index,Activation Value
55599,1.1192620992660522
33391,0.1984703242778778
49043,0.1657688319683075
