Index,Activation Value
96758,0.0850914716720581
22202,0.08203195780515671
73501,0.06746212393045425
8251,0.06493937969207764
27789,0.06375313550233841
71153,0.06226146221160889
111056,0.06183238700032234
2279,0.057743340730667114
47884,0.05648452416062355
87200,0.053956370800733566
