Index,Activation Value
104537,0.09938433021306992
7351,0.08363797515630722
70776,0.0648648589849472
12,0.062489528208971024
11313,0.05725392326712608
7334,0.05453864112496376
18680,0.05286209285259247
107558,0.05276111885905266
36398,0.05271576717495918
41346,0.04496349021792412
