Index,Activation Value
18318,1.1190626621246338
28695,1.0584462881088257
15811,1.05414617061615
59771,0.8874540328979492
29672,0.8557811379432678
17552,0.7013334631919861
54927,0.6794627904891968
1752,0.6565992832183838
50437,0.5891056060791016
29888,0.5571019649505615
