Index,Activation Value
59288,0.01023606862872839
13179,0.005723202135413885
57163,0.005642806179821491
7145,0.00528112193569541
18000,0.0051973555237054825
1909,0.004013899713754654
58249,0.004006245639175177
15397,0.0038081035017967224
36625,0.003573609283193946
47264,0.0027146253269165754
