Index,Activation Value
36212,0.28351515531539917
36473,0.27417418360710144
24298,0.2597472667694092
8396,0.2312706857919693
53579,0.21305876970291138
38924,0.20620600879192352
38432,0.2047194391489029
29340,0.19440948963165283
30430,0.19197380542755127
26778,0.17923787236213684
