Index,Activation Value
90842,0.03180159628391266
64204,0.02930576354265213
13090,0.02491164207458496
107925,0.022592341527342796
12,0.01676863245666027
66000,0.01664542406797409
12344,0.015899978578090668
33336,0.015177656896412373
19627,0.014346364885568619
28425,0.01264022383838892
