Index,Activation Value
19868,0.11629634350538254
56855,0.10900267958641052
29340,0.10662730783224106
53589,0.09703900665044785
8396,0.09424115717411041
21467,0.07797537744045258
36212,0.07692538946866989
30430,0.07377713918685913
13743,0.06760834902524948
31736,0.06473704427480698
