Index,Activation Value
21467,0.20467917621135712
38924,0.1668829470872879
53579,0.15303364396095276
8080,0.12625347077846527
38432,0.11726055294275284
26778,0.1050700843334198
33011,0.08899831771850586
24298,0.08544732630252838
58249,0.07213307172060013
8019,0.06874725222587585
