Index,Activation Value
13090,0.012079751119017601
52683,0.009793123230338097
96758,0.0076453592628240585
67013,0.007493866141885519
3878,0.00702968193218112
109813,0.0064450278878211975
66371,0.005391698330640793
11374,0.0039739226922392845
110091,0.0032787760719656944
93137,0.00321914697997272
