Index,Activation Value
36173,0.10416679084300995
67013,0.0763263925909996
9293,0.06953594088554382
110712,0.05645279586315155
102181,0.054693352431058884
66371,0.05116613954305649
30064,0.04892635717988014
1021,0.046053119003772736
67509,0.04590470343828201
27438,0.045257776975631714
