Index,Activation Value
60631,0.0028763972222805023
13090,0.001876760390587151
28425,0.0018366670701652765
56725,0.0016797117423266172
70349,0.0015489378711208701
37498,0.0011005009291693568
