Index,Activation Value
26778,0.007927525788545609
33011,0.0018459147540852427
