Index,Activation Value
24298,0.16088655591011047
8019,0.14393332600593567
12023,0.11320824176073074
29465,0.10698629915714264
17939,0.1025834009051323
56505,0.10195182263851166
22371,0.10046076774597168
8349,0.09557382762432098
54222,0.08732227236032486
36473,0.08087985962629318
