Index,Activation Value
26778,0.004968587774783373
33011,0.004516367334872484
53579,0.004480637144297361
38924,0.004207718186080456
27547,0.002463067416101694
44569,0.001998209860175848
1909,0.0013976518530398607
58249,0.00028895336436107755
8080,0.00017153365479316562
9816,7.095927867339924e-05
