Index,Activation Value
70349,0.02768545225262642
95312,0.019440360367298126
52683,0.018143093213438988
111478,0.01689440943300724
35254,0.014857474714517593
36173,0.013134904205799103
32638,0.012512494809925556
108759,0.012353562749922276
66000,0.012172354385256767
16089,0.011992131359875202
