Index,Activation Value
1838,0.07212305068969727
18899,0.0701693743467331
17134,0.0632084533572197
54621,0.06166603043675423
24565,0.05772344768047333
43541,0.05599987134337425
20982,0.052340153604745865
55625,0.05229388549923897
52106,0.050699833780527115
1693,0.050408363342285156
