Index,Activation Value
88571,0.008175790309906006
90842,0.00010039743210654706
