Index,Activation Value
28425,0.043080832809209824
70349,0.03477999195456505
37498,0.033265382051467896
13090,0.033223945647478104
72094,0.03242615982890129
56725,0.027552373707294464
111011,0.027073519304394722
90842,0.020944561809301376
52183,0.020180879160761833
38228,0.020128164440393448
