Index,Activation Value
13090,0.0034168732818216085
33336,0.002077764365822077
