Index,Activation Value
11450,0.031508903950452805
22362,0.026859110221266747
32604,0.02644413150846958
23400,0.019831012934446335
13158,0.01756533421576023
26174,0.017513638362288475
9893,0.016899459064006805
34212,0.01602630689740181
40580,0.015346243046224117
14147,0.014492887072265148
