Index,Activation Value
29340,0.557837963104248
36212,0.5280771255493164
56855,0.5105354189872742
8396,0.44144773483276367
27547,0.3532903492450714
32727,0.34886103868484497
53579,0.32253754138946533
58249,0.3173651099205017
26778,0.3089843690395355
45313,0.29461556673049927
