Index,Activation Value
27124,0.4578556716442108
42887,0.10922570526599884
8210,0.07279587537050247
5312,0.04323587194085121
