Index,Activation Value
38924,0.019963303580880165
58249,0.010181455872952938
49406,0.00671510212123394
8080,0.005660690367221832
38127,0.005614710971713066
24298,0.004629991017282009
36473,0.0046195234172046185
38247,0.004157889634370804
53579,0.0036456503439694643
59288,0.001962075475603342
