Index,Activation Value
6017,2.068434953689575
83503,1.9529271125793457
95576,1.779021143913269
16908,1.545353651046753
50051,1.4355145692825317
76906,1.3361124992370605
111023,1.1928428411483765
20378,1.1752346754074097
78415,1.1132526397705078
71355,1.1040034294128418
