Index,Activation Value
55023,0.008799100294709206
56855,0.004164075944572687
43197,0.0017093159258365631
53582,0.0012232493609189987
