Index,Activation Value
72094,0.017329826951026917
101572,0.012542841024696827
56725,0.012176784686744213
52426,0.011119846254587173
111154,0.009175349026918411
53869,0.008741885423660278
110712,0.00846826657652855
48473,0.005663345102220774
19627,0.005434559658169746
86538,0.004119000397622585
