Index,Activation Value
33011,0.003311707405373454
58249,0.00020907966245431453
