Index,Activation Value
107995,0.01596754416823387
59162,0.003527122549712658
36173,0.003463709494099021
74413,0.0026926768478006124
105492,0.001001556869596243
