Index,Activation Value
21467,0.120872862637043
38432,0.08240744471549988
56855,0.06580041348934174
27547,0.0649215430021286
8396,0.06157711148262024
38340,0.059849973767995834
32727,0.05781816691160202
53589,0.053694020956754684
36212,0.05280885100364685
19868,0.05068572610616684
