Index,Activation Value
53579,0.30717653036117554
38924,0.273506760597229
8019,0.23991551995277405
21467,0.23365646600723267
24298,0.231069877743721
26778,0.22531341016292572
8080,0.22303050756454468
27547,0.21171124279499054
9816,0.18894970417022705
58249,0.18131664395332336
