Index,Activation Value
43197,0.005068138241767883
36473,0.0011148168705403805
56855,0.0004651686467695981
