Index,Activation Value
26778,0.39059537649154663
8396,0.37407639622688293
38924,0.36423763632774353
56855,0.35842961072921753
21467,0.3440304398536682
36212,0.31547924876213074
54138,0.3053545653820038
19868,0.2959560751914978
18000,0.2888886332511902
58249,0.2878292202949524
