Index,Activation Value
32727,0.016724104061722755
8019,0.015131429769098759
42887,0.013418519869446754
9816,0.01252357754856348
36473,0.01144599448889494
24298,0.011242483742535114
43197,0.009654398076236248
773,0.009288550354540348
48137,0.008675073273479939
43054,0.008249299600720406
