Index,Activation Value
51614,0.01274359505623579
28561,0.012384509667754173
33607,0.01164690125733614
218,0.01069485954940319
47900,0.008955797180533409
38247,0.00882147066295147
50011,0.008792391046881676
44269,0.00859229639172554
36473,0.008412494324147701
35684,0.00802530162036419
