Index,Activation Value
83828,0.10241284966468811
22092,0.08800380676984787
2915,0.08660288155078888
61123,0.08639951795339584
47448,0.08621534705162048
6156,0.08355206251144409
54956,0.08249533176422119
21549,0.0810687243938446
51766,0.07411259412765503
60631,0.07055248320102692
