Index,Activation Value
1021,0.06897477060556412
52854,0.050156157463788986
17608,0.048628270626068115
25887,0.04393109306693077
101572,0.03941505774855614
66000,0.038602314889431
68937,0.03442547470331192
110712,0.032234277576208115
8251,0.027761882171034813
107558,0.026665957644581795
