Index,Activation Value
88571,0.008713838644325733
107995,0.003332335501909256
49456,0.0026510979514569044
80813,0.002525449264794588
17608,0.002385949483141303
13090,0.0023197701666504145
70349,0.001418468775227666
36173,0.0012897494016215205
12942,0.0011607982451096177
52683,0.0010784161277115345
