Index,Activation Value
54491,1.5576940774917603
71563,1.3592052459716797
85042,1.3399698734283447
55426,1.268413782119751
17097,1.051754355430603
5635,0.8501655459403992
71179,0.5899906754493713
94954,0.5629753470420837
19470,0.5480576157569885
26400,0.5187108516693115
