Index,Activation Value
9293,0.09047029167413712
73579,0.060269229114055634
29623,0.05594341829419136
100195,0.055292364209890366
85185,0.05357459932565689
101572,0.05238627269864082
82590,0.050511039793491364
68381,0.04970415681600571
35831,0.04765905439853668
16089,0.04679948836565018
