Index,Activation Value
27438,0.07787780463695526
111011,0.07747799158096313
54956,0.07431575655937195
32638,0.06450057029724121
62662,0.06353309005498886
35913,0.06042344495654106
88937,0.05995436757802963
8826,0.05894570052623749
67509,0.05864918231964111
35254,0.05794078856706619
