Index,Activation Value
56855,0.37166640162467957
8396,0.2826501727104187
36212,0.2578822076320648
29340,0.1861967146396637
28312,0.17825175821781158
42296,0.1742725968360901
31736,0.16516263782978058
48137,0.15037252008914948
53582,0.14474347233772278
24565,0.14425013959407806
