Index,Activation Value
53579,1.3285683393478394
38924,1.1640057563781738
33011,0.9696494340896606
21467,0.9600001573562622
58249,0.8853018283843994
8080,0.878071665763855
1909,0.8591275215148926
26778,0.8244365453720093
24298,0.725010871887207
44569,0.725006639957428
