Index,Activation Value
33666,1.3240821361541748
67188,1.2252256870269775
100462,0.8875355124473572
10912,0.6725526452064514
47423,0.38959136605262756
111073,0.38074594736099243
105760,0.3762177526950836
82729,0.298076331615448
98215,0.27452078461647034
54034,0.23236942291259766
