Index,Activation Value
32727,0.06339580565690994
22371,0.04439317062497139
27547,0.0405438095331192
7145,0.03507464751601219
40678,0.027974551543593407
8019,0.02503901906311512
9816,0.020961550995707512
5476,0.01813906989991665
3525,0.018073827028274536
56855,0.017113903537392616
