Index,Activation Value
12788,0.22229650616645813
21467,0.0035654688253998756
