Index,Activation Value
24298,0.005125716794282198
8019,0.0035053356550633907
38924,0.0014114456716924906
9049,0.001118738204240799
51614,0.00015083581092767417
