Index,Activation Value
40891,1.2733134031295776
76699,1.1746200323104858
8252,0.9533719420433044
80832,0.8577989935874939
65373,0.8243071436882019
108324,0.7514581680297852
105112,0.7045500874519348
33427,0.6627249717712402
2834,0.6195128560066223
93740,0.5719305276870728
