Index,Activation Value
73782,0.09409058839082718
48473,0.06338024884462357
104537,0.060175035148859024
107925,0.051977574825286865
60631,0.050882432609796524
29372,0.04915038123726845
96758,0.04766738787293434
2915,0.044736169278621674
26012,0.044131770730018616
66000,0.04247499629855156
