Index,Activation Value
38924,0.08302900940179825
33011,0.07908156514167786
53579,0.07639852166175842
21467,0.06361005455255508
56855,0.06316632032394409
29340,0.0621316023170948
26778,0.06156262755393982
58249,0.05806391313672066
8396,0.048514146357774734
1909,0.038208555430173874
