Index,Activation Value
28910,0.018428780138492584
66000,0.013078498654067516
31199,0.01030465867370367
107551,0.00950427632778883
8774,0.009082597680389881
55040,0.008044865913689137
55105,0.00780188012868166
73782,0.00755491154268384
7942,0.007461093366146088
34454,0.007314890623092651
