Index,Activation Value
53245,0.15879684686660767
101209,0.13391055166721344
