Index,Activation Value
21532,0.01403949037194252
13910,0.013011820614337921
14433,0.011964130215346813
52310,0.010980992577970028
35367,0.010737987235188484
38764,0.010547066107392311
12944,0.010283387266099453
47726,0.00991581566631794
36685,0.009675553999841213
39787,0.009598237462341785
