Index,Activation Value
56855,0.02393791638314724
36212,0.023358043283224106
25657,0.015344180166721344
8396,0.01489115972071886
55023,0.014371970668435097
29340,0.013536093756556511
38432,0.013059091754257679
21467,0.01261076144874096
38340,0.008318179287016392
24298,0.0075680529698729515
