Index,Activation Value
37498,0.018132394179701805
52183,0.015977807343006134
52683,0.01459167804569006
12589,0.014131426811218262
55040,0.01211285125464201
13090,0.011780240572988987
7682,0.010759255848824978
25887,0.009153761900961399
89243,0.00878584012389183
107558,0.007494266144931316
