Index,Activation Value
33011,0.05525210499763489
9816,0.044396236538887024
26778,0.04289202019572258
32727,0.04164452850818634
45313,0.036629658192396164
27547,0.033477820456027985
39547,0.028664404526352882
3004,0.028643159195780754
53579,0.028150657191872597
55867,0.025021979585289955
