Index,Activation Value
21467,0.464889794588089
38924,0.4636441171169281
53579,0.36537420749664307
58249,0.31478968262672424
26778,0.26347145438194275
19868,0.23295490443706512
43054,0.225347638130188
8080,0.20886442065238953
38247,0.19473211467266083
44569,0.1918528974056244
