Index,Activation Value
24298,0.25130486488342285
36473,0.23301871120929718
20435,0.13879063725471497
55023,0.1214551106095314
4817,0.12135930359363556
32704,0.11704403162002563
58458,0.11216596513986588
579,0.11112693697214127
52585,0.105376698076725
49406,0.10450629144906998
