Index,Activation Value
67509,3.0986030101776123
62662,2.837632656097412
34393,2.155487060546875
4825,2.125553846359253
18680,1.7678688764572144
81290,1.7202868461608887
52345,1.6931886672973633
92169,1.6525064706802368
32700,1.5892232656478882
9424,1.5863608121871948
