Index,Activation Value
26778,0.022611236199736595
29340,0.021697424352169037
24565,0.014572960324585438
33011,0.014123588800430298
53582,0.013277629390358925
21467,0.011325892060995102
8396,0.010553732514381409
53579,0.010253865271806717
56855,0.009495383128523827
30430,0.007717049214988947
