Index,Activation Value
107995,0.12399991601705551
36173,0.09821305423974991
12589,0.08973889797925949
28425,0.08790247142314911
70776,0.07656249403953552
108542,0.06435658782720566
22230,0.061358742415905
11313,0.05842532590031624
61123,0.05798174813389778
39257,0.05794082581996918
