Index,Activation Value
59998,0.06492430716753006
52426,0.05919118970632553
28910,0.05465548858046532
104537,0.053948987275362015
52854,0.05074648559093475
84018,0.047310344874858856
3082,0.04368801414966583
99629,0.04235338047146797
49456,0.04156570881605148
52183,0.03544816002249718
