Index,Activation Value
28312,0.1751866489648819
7783,0.1550024300813675
37903,0.14716601371765137
24567,0.14483098685741425
15598,0.14446192979812622
58458,0.14245106279850006
36944,0.14010386168956757
20435,0.13841116428375244
15397,0.13184304535388947
52585,0.12924236059188843
