Index,Activation Value
51614,0.18391963839530945
33607,0.12199936807155609
44269,0.10594572126865387
14721,0.10456226766109467
57551,0.10172246396541595
56155,0.10122095793485641
9057,0.10024410486221313
7683,0.09759630262851715
43197,0.09680101275444031
29465,0.0898360162973404
