Index,Activation Value
31723,0.009659158065915108
7145,0.00849392730742693
9049,0.005162546876817942
48137,0.0035948429722338915
43054,0.0032293975818902254
36944,0.0027641765773296356
22371,0.002687617437914014
773,0.0025077045429497957
54222,0.0024758432991802692
21565,0.0020203818567097187
