Index,Activation Value
53579,0.6998246908187866
38924,0.6595975160598755
26778,0.6139891743659973
58249,0.49849891662597656
21467,0.4648541510105133
8080,0.45135167241096497
33011,0.3933582305908203
24298,0.3871760964393616
27547,0.33500367403030396
8019,0.3310745060443878
