Index,Activation Value
16158,0.07389437407255173
86756,0.07344485819339752
88937,0.07282602041959763
592,0.06717686355113983
76908,0.05631410330533981
48304,0.05508877709507942
100740,0.05485544726252556
78437,0.05117969214916229
46866,0.05062156543135643
25107,0.050517674535512924
