Index,Activation Value
21467,0.0037818034179508686
38924,0.001802429324015975
