Index,Activation Value
29340,0.03630296140909195
8396,0.035051822662353516
56855,0.03235497325658798
27547,0.026382634416222572
36212,0.025046011433005333
9816,0.022956164553761482
55023,0.019716624170541763
32727,0.01922779716551304
42887,0.017953308299183846
45313,0.015492979437112808
