Index,Activation Value
56855,0.0026341357734054327
29340,0.0013084844686090946
8396,0.0005707982927560806
