Index,Activation Value
96758,0.01956903748214245
34454,0.003112184815108776
