Index,Activation Value
17428,0.04917236417531967
45682,0.0411982461810112
39450,0.040552929043769836
28312,0.03577539697289467
26073,0.034450601786375046
56273,0.028553692623972893
41843,0.02838941104710102
22737,0.027810195460915565
48137,0.026160985231399536
45858,0.02406606450676918
