Index,Activation Value
24565,0.14577990770339966
53582,0.13946186006069183
7145,0.12404748797416687
28561,0.11322689801454544
29340,0.0948643684387207
31736,0.08199624717235565
26174,0.07738764584064484
54927,0.07675288617610931
16469,0.07545626163482666
2792,0.07105173915624619
