Index,Activation Value
54138,0.004326334688812494
8080,0.0023313388228416443
27547,0.0018283704994246364
53579,0.0017861006781458855
38432,0.000846356968395412
26778,0.000831873039714992
21467,0.0007752455421723425
8019,0.0003581458004191518
