Index,Activation Value
8080,0.008088055066764355
27547,0.00769390631467104
53579,0.006434781476855278
38432,0.005936013534665108
18000,0.00534902373328805
21467,0.0048453486524522305
32727,0.004554255865514278
33011,0.004258190747350454
9816,0.0035710991360247135
13743,0.003169810399413109
