Index,Activation Value
59616,0.12331704795360565
29065,0.06695028394460678
