Index,Activation Value
10416,0.7199847102165222
106196,0.4019530415534973
111154,0.3627951741218567
6375,0.3255925476551056
24235,0.2791242003440857
67195,0.1163448691368103
877,0.0785716250538826
108607,0.06914281100034714
46740,0.025429029017686844
81138,0.008022459223866463
