Index,Activation Value
43178,0.01645401492714882
24567,0.010014310479164124
58963,0.007428855635225773
46490,0.005984290968626738
2398,0.005084428936243057
53119,0.001399142318405211
28855,0.0009394634398631752
3204,0.00019703400903381407
