Index,Activation Value
30430,0.28187647461891174
13743,0.1885439157485962
38432,0.17811910808086395
31022,0.16174976527690887
38340,0.15760034322738647
29465,0.14850060641765594
45313,0.14255386590957642
33607,0.1358634978532791
41843,0.1330278217792511
57551,0.13271567225456238
