Index,Activation Value
42887,0.048413291573524475
9816,0.03840526565909386
43197,0.037987615913152695
34961,0.03652776777744293
24588,0.03516590967774391
566,0.02958354912698269
15758,0.02714746817946434
8019,0.025357628241181374
9187,0.02295590750873089
19701,0.02169831097126007
