Index,Activation Value
53579,0.035450804978609085
38924,0.031201977282762527
58249,0.03049418330192566
21467,0.02838028594851494
29340,0.019885651767253876
33011,0.018730761483311653
56855,0.016280945390462875
8396,0.014310392551124096
36212,0.013600247912108898
1909,0.012418588623404503
