Index,Activation Value
33011,0.05663181096315384
26778,0.05254242196679115
38924,0.051778871566057205
21467,0.05092461779713631
53579,0.0434989333152771
8080,0.036935772746801376
38432,0.034697432070970535
54138,0.02928183786571026
27547,0.02511635608971119
9816,0.023979848250746727
