Index,Activation Value
12344,0.009713723324239254
62662,0.009154458530247211
18680,0.008883760310709476
49456,0.008709091693162918
88937,0.006955300457775593
96065,0.006564802955836058
14983,0.006460240110754967
11313,0.005403563845902681
34393,0.004790455102920532
93364,0.00428053829818964
