Index,Activation Value
27547,0.03557128459215164
8080,0.03538545221090317
53579,0.03480347990989685
32727,0.027077456936240196
56855,0.02486814185976982
38924,0.02348431944847107
21467,0.02309253439307213
8396,0.022607168182730675
36212,0.02235906943678856
54138,0.0201493538916111
