Index,Activation Value
104537,0.09071501344442368
852,0.07870370149612427
100884,0.07667374610900879
6550,0.06816361099481583
88571,0.06652188301086426
111011,0.06613350659608841
50439,0.06337914615869522
73464,0.059387363493442535
103824,0.059149179607629776
25440,0.058440662920475006
