Index,Activation Value
8396,0.04269987717270851
36212,0.04162843897938728
56855,0.0407102070748806
25657,0.03554896265268326
38432,0.03541216254234314
8080,0.03413593769073486
21467,0.029758291319012642
33011,0.02900288812816143
53589,0.027634315192699432
31736,0.02527063898742199
