Index,Activation Value
21467,0.055240754038095474
56855,0.049536723643541336
8396,0.044777631759643555
53579,0.04198860749602318
26778,0.040222253650426865
36212,0.03833921626210213
27547,0.035266730934381485
8080,0.03410179167985916
38924,0.03248957544565201
38432,0.03158571943640709
