Index,Activation Value
56725,0.0947166308760643
88571,0.08671633154153824
67013,0.08643332123756409
22202,0.0665927603840828
52683,0.06154768913984299
96065,0.05942658334970474
1267,0.052111171185970306
54896,0.05125056952238083
49456,0.05108855664730072
6786,0.05062516778707504
