Index,Activation Value
17902,0.07180894166231155
71879,0.06758146733045578
55779,0.05804893746972084
24604,0.05548733100295067
93685,0.0553138442337513
76908,0.04641275480389595
14022,0.04558154568076134
7682,0.04077524319291115
7866,0.03787346929311752
35254,0.03742637485265732
