Index,Activation Value
45313,0.005863639526069164
13743,0.005199383478611708
57551,0.0027830793987959623
30430,0.002542070345953107
25657,0.0023151999339461327
56481,0.0016400744207203388
34961,0.001543559948913753
30511,0.0009237592457793653
38340,0.0005350084393285215
53589,0.00042686503729783
