Index,Activation Value
87077,2.032005548477173
92195,1.646631121635437
12837,1.5268645286560059
109363,1.3589218854904175
91690,1.2143259048461914
102219,1.069516897201538
99291,1.0152885913848877
17106,0.9850854873657227
84446,0.971178412437439
19804,0.9020025730133057
