Index,Activation Value
56855,0.007338108494877815
8396,0.006808740086853504
36212,0.004188193939626217
29340,0.0032993080094456673
21467,0.002616358222439885
25657,0.001843619393184781
41844,0.0006957835867069662
53589,0.0005617999122478068
