Index,Activation Value
96758,0.05636293441057205
12,0.04946553334593773
29372,0.04098038375377655
52426,0.03110635094344616
33336,0.026899904012680054
111011,0.024362096562981606
9017,0.02185131050646305
26012,0.020158136263489723
27438,0.017484815791249275
62757,0.01674721948802471
