Index,Activation Value
8349,0.031856194138526917
22371,0.02580781653523445
43115,0.023217426612973213
17939,0.02081931009888649
11478,0.020132489502429962
11257,0.017732711508870125
48137,0.01732373982667923
36625,0.016856174916028976
54705,0.016784684732556343
28312,0.015997447073459625
