Index,Activation Value
87758,0.10175015032291412
52491,0.0965617373585701
35831,0.08474139124155045
6156,0.07882584631443024
107558,0.0780496671795845
77595,0.07640406489372253
74354,0.0723055973649025
7351,0.06544116139411926
8914,0.0627628043293953
868,0.061048801988363266
