Index,Activation Value
16549,0.019285893067717552
3689,0.013156989589333534
10382,0.012487680651247501
43594,0.012352995574474335
9498,0.010030516423285007
23751,0.00918239913880825
25087,0.008295801468193531
49164,0.007910321466624737
38917,0.007729026488959789
8302,0.007506886031478643
