Index,Activation Value
33336,0.07481218129396439
49456,0.06393515318632126
27438,0.05194856598973274
28910,0.04394262656569481
96758,0.04283909499645233
67013,0.04212673380970955
41210,0.04207881540060043
62402,0.04069794714450836
112731,0.03887627273797989
52183,0.038481518626213074
