Index,Activation Value
29340,0.14028525352478027
53582,0.06964751332998276
33011,0.06329760700464249
56855,0.055301979184150696
38924,0.053682636469602585
8396,0.05298950895667076
55023,0.04890551045536995
36212,0.04879913479089737
24565,0.039165277034044266
58249,0.035513050854206085
