Index,Activation Value
36212,0.070428766310215
33011,0.06693859398365021
38432,0.05831681564450264
38340,0.05723974481225014
8396,0.05364665389060974
29340,0.04934416338801384
45313,0.04915587604045868
13743,0.04908396303653717
18000,0.044786106795072556
56855,0.04314444586634636
