Index,Activation Value
29340,0.14406438171863556
14196,0.0834023579955101
31723,0.07866492867469788
38127,0.07365129142999649
24565,0.07331802695989609
34367,0.07141184061765671
9049,0.06835082173347473
2792,0.0664999857544899
11257,0.06585061550140381
4055,0.06525186449289322
