Index,Activation Value
26937,0.002562415786087513
14196,0.000516720290761441
