Index,Activation Value
36473,0.030178051441907883
24298,0.028230225667357445
56855,0.027770021930336952
54138,0.020235329866409302
43197,0.020069392397999763
8396,0.018474342301487923
29340,0.017126156017184258
9816,0.014195270836353302
38432,0.013658777810633183
58249,0.012207604013383389
