Index,Activation Value
36212,0.005415057297796011
8080,0.004429452121257782
56855,0.0038903469685465097
8396,0.003108841134235263
38432,0.0027396308723837137
21467,0.0025348663330078125
27547,0.0023168802727013826
44569,0.002192283980548382
53579,0.0009988165693357587
54138,0.000612350704614073
