Index,Activation Value
36212,0.5451534986495972
38432,0.462155818939209
56855,0.4409152865409851
8396,0.4083242118358612
29340,0.374615341424942
27547,0.3623921871185303
38340,0.3623899817466736
25657,0.3318997919559479
45313,0.32973426580429077
32727,0.31901979446411133
