Index,Activation Value
4825,0.01456109993159771
105073,0.009971625171601772
8251,0.00708157941699028
66000,0.006006632000207901
8826,0.005769807379692793
36533,0.005518028046935797
36421,0.005442142020910978
89903,0.005210082978010178
35913,0.0052025397308170795
105112,0.00397016666829586
