Index,Activation Value
8080,0.2086094170808792
53579,0.16030769050121307
44569,0.1400856077671051
54138,0.12728069722652435
27547,0.12683576345443726
8019,0.12265288829803467
42887,0.1146688312292099
33011,0.11238843947649002
24298,0.10844553261995316
18000,0.10587329417467117
