Index,Activation Value
56057,1.2236053943634033
7296,0.571035623550415
41336,0.5576345920562744
42391,0.5295819640159607
52528,0.4794081747531891
93996,0.4265523850917816
42982,0.4248737394809723
36983,0.3208264112472534
29215,0.3144967555999756
95889,0.2950064539909363
