Index,Activation Value
53589,0.0015544741181656718
25657,0.0007720543071627617
