Index,Activation Value
13090,0.006382294464856386
28910,0.0042816586792469025
56725,0.003177652833983302
52183,0.002224551048129797
28425,0.0014165989123284817
