Index,Activation Value
39547,0.013034641742706299
8019,0.012044432573020458
24298,0.010614919476211071
36473,0.007152862846851349
20435,0.005712740123271942
38247,0.004647691734135151
58249,0.00451244879513979
4817,0.004331938922405243
49406,0.00429060822352767
43054,0.0033569643273949623
