Index,Activation Value
36173,0.04848909378051758
28910,0.04513687267899513
56725,0.0332927405834198
27438,0.029784299433231354
28425,0.026981517672538757
35254,0.0263754241168499
13090,0.02432967722415924
104537,0.023887410759925842
111011,0.02232915349304676
49456,0.01951812021434307
