Index,Activation Value
21467,0.3683330714702606
53579,0.3457849323749542
38924,0.32512566447257996
8080,0.26249465346336365
1909,0.2547953724861145
33011,0.23650029301643372
24298,0.2226872742176056
26778,0.2209974080324173
44569,0.21905851364135742
58249,0.1904905140399933
