Index,Activation Value
29340,0.39869749546051025
56855,0.37389639019966125
55023,0.2784605920314789
24565,0.27560457587242126
8396,0.24702799320220947
53582,0.23939041793346405
31736,0.20866943895816803
9107,0.1979285031557083
25657,0.193365216255188
2792,0.1766960173845291
