Index,Activation Value
110063,0.06669990718364716
97336,0.06566327065229416
95115,0.06472045183181763
39127,0.06463362276554108
16807,0.0544440895318985
105810,0.052550774067640305
107551,0.05242621898651123
81064,0.052218273282051086
107995,0.051710255444049835
4765,0.05028045177459717
