Index,Activation Value
13090,0.03719606250524521
12344,0.03240714594721794
70349,0.029048118740320206
28425,0.028911054134368896
56725,0.01763084903359413
15003,0.016811257228255272
88571,0.015801500529050827
72094,0.015058236196637154
14022,0.012344254180788994
14326,0.012091516517102718
