Index,Activation Value
17205,1.1730495691299438
35055,1.1560773849487305
852,0.795707106590271
67853,0.7627661228179932
33659,0.6657238602638245
91122,0.507304310798645
46113,0.4239470958709717
30285,0.4168528914451599
23523,0.3130582869052887
18313,0.27327534556388855
