Index,Activation Value
38127,0.03177674487233162
17428,0.03051752783358097
1909,0.02328832820057869
54222,0.021704548969864845
8349,0.021586790680885315
26073,0.019730692729353905
11257,0.019625386223196983
5476,0.018985960632562637
21467,0.016351867467164993
15111,0.013691166415810585
