Index,Activation Value
13090,0.14535632729530334
56725,0.1429956704378128
96758,0.12329549342393875
36173,0.11673789471387863
70349,0.1068548783659935
32638,0.10224783420562744
88571,0.0961923599243164
89243,0.08591891825199127
95312,0.07886714488267899
27858,0.07695204764604568
