Index,Activation Value
36473,0.009827252477407455
24298,0.009409518912434578
7145,0.0008914010250009596
