Index,Activation Value
36173,0.026546970009803772
104537,0.022251268848776817
91875,0.0170308705419302
101572,0.015631701797246933
47884,0.013959405943751335
16807,0.013548532500863075
17608,0.012884827330708504
42812,0.01234153937548399
27191,0.01232342142611742
35254,0.01203104853630066
