Index,Activation Value
99629,0.0017164580058306456
59998,0.0016500181518495083
55426,0.001225459505803883
29450,0.0008692396804690361
97407,0.0006326506263576448
70776,0.00011856471246574074
61123,8.25079987407662e-05
21549,1.5243282177834772e-05
