Index,Activation Value
7444,0.03146298974752426
7125,0.01953362487256527
24567,0.014419304206967354
14509,0.012387711554765701
44208,0.012238039635121822
53582,0.01206748653203249
7145,0.00958646647632122
24702,0.00910584069788456
18215,0.009099944494664669
31448,0.008982487954199314
