Index,Activation Value
56554,0.025143954902887344
33391,0.023302292451262474
40818,0.02150052972137928
6366,0.02068871259689331
1909,0.020013412460684776
18000,0.019794464111328125
26568,0.01816362515091896
31056,0.017356133088469505
6844,0.015854354947805405
58458,0.015492510981857777
