Index,Activation Value
28425,0.07477667182683945
25887,0.07474607229232788
27438,0.07359840720891953
111011,0.07345615327358246
21549,0.07249350845813751
107558,0.07000447809696198
20457,0.0600079782307148
8062,0.05838176980614662
13469,0.05564628168940544
99492,0.05506109073758125
