Index,Activation Value
70874,0.5644949078559875
95431,0.5035293102264404
26237,0.20293498039245605
80513,0.08028978109359741
19275,0.029769528657197952
