Index,Activation Value
33630,0.742296040058136
30839,0.6086209416389465
11823,0.5775437951087952
65027,0.03322220593690872
