Index,Activation Value
24298,0.2993721067905426
44569,0.2944246232509613
21467,0.266949325799942
36473,0.23464423418045044
36212,0.23292718827724457
56855,0.21102865040302277
53579,0.20045818388462067
8396,0.20043978095054626
8080,0.19822783768177032
29340,0.1961773931980133
