Index,Activation Value
7145,0.005631833802908659
773,0.0035810344852507114
