Index,Activation Value
48820,0.3035227060317993
12724,0.06568125635385513
18444,0.054302334785461426
19174,0.030599404126405716
3732,0.016283230856060982
58130,0.010139936581254005
