Index,Activation Value
24430,1.0257012844085693
20348,0.3599289059638977
