Index,Activation Value
28425,0.20354782044887543
36173,0.14874331653118134
96758,0.11487887054681778
104537,0.08797731250524521
35254,0.07509346306324005
53869,0.07284503430128098
99629,0.07145411521196365
81123,0.06886555254459381
107551,0.06827916949987411
93685,0.06432048976421356
