Index,Activation Value
64204,0.00322645902633667
63669,0.002561933593824506
29372,0.002403861377388239
26012,0.0018311603926122189
96065,0.001808007713407278
