Index,Activation Value
36212,0.013808459974825382
8080,0.012101825326681137
56855,0.010535534471273422
8396,0.010342382825911045
44569,0.008577609434723854
32727,0.007809376809746027
9816,0.006583053153008223
25657,0.0062863328494131565
27547,0.006027269177138805
38432,0.005759831517934799
