Index,Activation Value
53377,1.1401021480560303
22230,1.024314284324646
29137,0.8267306089401245
48264,0.5789892077445984
75884,0.5747452974319458
95961,0.5564007759094238
8914,0.3957453668117523
91024,0.3770235776901245
77308,0.3489390015602112
30267,0.2914268374443054
