Index,Activation Value
21467,0.10417523980140686
38924,0.0987868383526802
33011,0.08390629291534424
53579,0.08187352120876312
38127,0.06250328570604324
38432,0.05632118880748749
58249,0.05347831919789314
28561,0.048417940735816956
38247,0.04836651682853699
38340,0.04471879079937935
