Index,Activation Value
29340,0.25561800599098206
44569,0.14688733220100403
43178,0.13325531780719757
29465,0.11612618714570999
56855,0.10373345762491226
24565,0.09717881679534912
17950,0.07980523258447647
36212,0.0768979862332344
4191,0.07395174354314804
53582,0.07008327543735504
