Index,Activation Value
56032,0.20727631449699402
56545,0.191447451710701
17428,0.18540902435779572
14196,0.1853296011686325
49406,0.1545744240283966
20435,0.14917916059494019
52855,0.1363488733768463
19491,0.129850372672081
7783,0.12687794864177704
22335,0.1256171315908432
