Index,Activation Value
100136,0.007676882669329643
36173,0.00693607097491622
72094,0.006132129579782486
108688,0.005859217140823603
73908,0.005228898022323847
111154,0.005051799584180117
88384,0.005042368546128273
87200,0.0045237429440021515
8062,0.0035995899233967066
107558,0.003527002641931176
