Index,Activation Value
6678,0.8299787640571594
72625,0.661024272441864
11024,0.5146113634109497
112220,0.47021710872650146
96351,0.46393147110939026
54624,0.33021676540374756
110865,0.2736656665802002
47390,0.27258533239364624
23093,0.228559210896492
101024,0.012468659318983555
