Index,Activation Value
78160,0.5762166976928711
63235,0.49706512689590454
35798,0.3909509778022766
60326,0.36173921823501587
32131,0.23541982471942902
23846,0.2103499323129654
98644,0.19506466388702393
90208,0.18990151584148407
98715,0.13899342715740204
25841,0.12607087194919586
