Index,Activation Value
25227,0.004019277635961771
24567,0.0032267719507217407
36625,0.003027420025318861
11373,0.0018751906463876367
34027,0.0018281806260347366
15598,0.001385340467095375
27840,0.0013794820988550782
11478,0.0013508190168067813
48131,0.0012023961171507835
55264,0.001131073571741581
