Index,Activation Value
66990,0.6840111017227173
63382,0.07688356190919876
