Index,Activation Value
13090,0.004770935047417879
70349,0.004388289991766214
28425,0.0016888135578483343
