Index,Activation Value
56855,0.20160144567489624
29340,0.1942833513021469
8396,0.1898060292005539
36212,0.16677427291870117
38432,0.16250233352184296
44569,0.16224630177021027
24298,0.14659862220287323
54138,0.14626511931419373
8080,0.14484284818172455
27547,0.14003263413906097
