Index,Activation Value
107558,0.03416072577238083
52683,0.03414386883378029
38274,0.018733620643615723
592,0.016454800963401794
59998,0.01630360446870327
67433,0.016178704798221588
75310,0.01598985865712166
1267,0.01590927317738533
14326,0.015540076419711113
89243,0.014795730821788311
