Index,Activation Value
71879,0.010772383771836758
72094,0.008178764022886753
21175,0.0065888590179383755
86118,0.004358857404440641
88295,0.0037607394624501467
96758,0.0030366305727511644
4738,0.0025566332042217255
38684,0.0025049541145563126
66000,0.0021476540714502335
15233,0.0020060790702700615
