Index,Activation Value
36473,0.06406377255916595
773,0.05079459398984909
27771,0.03744734078645706
30430,0.030177392065525055
57551,0.02873997576534748
39837,0.026619281619787216
43178,0.023717720061540604
13743,0.02283358946442604
33607,0.0226910263299942
38340,0.019924137741327286
