Index,Activation Value
37498,0.0971616804599762
25887,0.0932968482375145
12,0.08457592874765396
28425,0.07276426255702972
76908,0.07197507470846176
67433,0.06272540241479874
33336,0.06187509372830391
30064,0.06178409978747368
16158,0.06128402426838875
107604,0.05871810019016266
