Index,Activation Value
53579,0.7754716277122498
38924,0.6821973323822021
26778,0.6020143032073975
58249,0.5731393694877625
1909,0.5674357414245605
33011,0.5610771179199219
8080,0.5215787291526794
18000,0.471584290266037
36473,0.45824140310287476
21467,0.45115286111831665
