Index,Activation Value
83828,0.09182783216238022
111011,0.0783129408955574
20663,0.07487504929304123
75310,0.07102265954017639
88937,0.0690053254365921
88384,0.06775908172130585
21437,0.06746236979961395
22227,0.06714241951704025
592,0.06600327044725418
38228,0.06295458972454071
