Index,Activation Value
47264,0.10234693437814713
7145,0.08925770223140717
14147,0.088510662317276
43164,0.08298908174037933
59924,0.08287838101387024
4581,0.07159025967121124
39207,0.06817270815372467
15111,0.06666979938745499
14682,0.06474145501852036
14971,0.06163660064339638
