Index,Activation Value
42296,0.16556169092655182
48137,0.16542120277881622
39450,0.15871845185756683
14196,0.15293855965137482
28312,0.14778245985507965
56096,0.13709305226802826
59069,0.13220053911209106
34397,0.1311884969472885
24565,0.13086971640586853
32140,0.12532976269721985
