Index,Activation Value
92077,0.007421532180160284
13090,0.006691696122288704
66000,0.003731079865247011
97407,0.0020818726625293493
90842,0.0018913482781499624
7334,0.0006272536120377481
8897,0.000588890805374831
