Index,Activation Value
85369,2.1731483936309814
41162,2.1130311489105225
40415,1.5649563074111938
108959,1.4261908531188965
2196,1.394744873046875
74718,1.308010458946228
81580,1.286588430404663
102680,1.282798409461975
105938,1.26969575881958
3724,1.2356855869293213
