Index,Activation Value
7054,0.010344813577830791
3904,0.0012827659957110882
18236,0.00043044533231295645
