Index,Activation Value
3787,0.12652893364429474
38094,0.11657756567001343
66672,0.08067154884338379
30449,0.061945751309394836
