Index,Activation Value
13248,0.017172973603010178
33077,0.015051264315843582
14756,0.010003743693232536
36598,0.00951436348259449
48383,0.008657493628561497
13981,0.008073448203504086
28748,0.007050680462270975
21486,0.006410202477127314
8768,0.006365105975419283
55034,0.006145129445940256
