Index,Activation Value
38069,1.2665550708770752
27067,0.6072390079498291
25882,0.5934534668922424
35831,0.5518915057182312
95391,0.3194315731525421
24119,0.25837773084640503
36713,0.24491934478282928
44060,0.1508021056652069
51555,0.13663658499717712
33368,0.09860831499099731
