Index,Activation Value
60631,0.07395024597644806
71879,0.05287150666117668
3082,0.04916730150580406
12,0.04513341933488846
99629,0.04438662901520729
24919,0.04044757038354874
97828,0.03957781195640564
55779,0.03244129940867424
4738,0.03165040537714958
7351,0.02759375609457493
