Index,Activation Value
19868,0.2506725788116455
27683,0.1766347587108612
29340,0.1696208119392395
53589,0.16091662645339966
36212,0.11566460132598877
32727,0.0884096547961235
33011,0.08528231829404831
27547,0.083499014377594
16549,0.0767081156373024
7444,0.0752483606338501
