Index,Activation Value
19868,0.0658576563000679
32727,0.058931395411491394
52440,0.0499066598713398
41844,0.04454335942864418
28561,0.03617122769355774
36212,0.035220421850681305
44743,0.03146365284919739
36473,0.030436772853136063
53589,0.029962195083498955
19339,0.02945699170231819
