Index,Activation Value
7145,0.1973542869091034
4987,0.15342868864536285
13158,0.13212886452674866
30999,0.11250163614749908
25657,0.10924918949604034
18541,0.10303419083356857
21161,0.10175811499357224
53407,0.10120950639247894
38924,0.09453947842121124
27252,0.09355155378580093
