Index,Activation Value
38924,0.045426055788993835
21467,0.04383308067917824
53579,0.04322189465165138
27547,0.03635194152593613
8080,0.032875508069992065
38432,0.03193125128746033
29340,0.025719868019223213
26778,0.024758053943514824
54138,0.023055680096149445
58249,0.020370494574308395
