Index,Activation Value
12589,0.06378237903118134
42482,0.061811413615942
54156,0.05730361491441727
11313,0.05631884187459946
6156,0.05318000912666321
14379,0.04953925311565399
93137,0.04931449890136719
88546,0.04454176500439644
93364,0.04383423179388046
70520,0.04316508397459984
