Index,Activation Value
102181,0.09810029715299606
9293,0.07729900628328323
22202,0.07309149205684662
108688,0.06882694363594055
12942,0.06262620538473129
8251,0.06031431257724762
59998,0.0600796639919281
73381,0.05837971717119217
80233,0.05680246278643608
98129,0.054158374667167664
