Index,Activation Value
54222,0.0589260496199131
12023,0.056822460144758224
17428,0.05604546144604683
56007,0.054679252207279205
10570,0.05422108620405197
56032,0.046895962208509445
22335,0.04325157776474953
59981,0.04205061122775078
22371,0.04008707031607628
579,0.039465729147195816
