Index,Activation Value
55023,0.15370915830135345
17728,0.1485150158405304
29340,0.141228586435318
53582,0.1259768158197403
9057,0.1213734820485115
15598,0.11873060464859009
37379,0.1139952689409256
21165,0.10412333160638809
17950,0.10211057960987091
2390,0.10187292844057083
