Index,Activation Value
108688,0.020850790664553642
60631,0.01639374904334545
20663,0.01292482204735279
6156,0.012617303058505058
111478,0.010099288076162338
70349,0.00995108112692833
107995,0.009804067201912403
88571,0.009694528765976429
22227,0.008681437000632286
52683,0.008526758290827274
