Index,Activation Value
38247,0.17213954031467438
39837,0.11943493783473969
45858,0.10786713659763336
773,0.1013636663556099
2656,0.09577693790197372
6844,0.09375393390655518
44964,0.09271422028541565
54927,0.08833253383636475
2390,0.07787280529737473
16673,0.07289830595254898
