Index,Activation Value
34212,0.005940407980233431
55625,0.004817641340196133
