Index,Activation Value
21467,0.4057658016681671
53579,0.3245852589607239
38432,0.3078337609767914
38924,0.2674311101436615
8080,0.24398168921470642
38127,0.23401150107383728
58249,0.22865521907806396
27547,0.18018770217895508
36212,0.1788163036108017
30430,0.1714383065700531
