Index,Activation Value
35684,0.023188574239611626
48680,0.016715191304683685
55134,0.015890762209892273
5300,0.010176519863307476
9453,0.009615924209356308
29478,0.009254182688891888
19931,0.008454776369035244
13158,0.007816934958100319
14242,0.007573525886982679
4987,0.00732434494420886
