Index,Activation Value
28425,0.03426387533545494
90842,0.02972964197397232
56725,0.02955571562051773
64204,0.02883804589509964
92077,0.027942437678575516
33336,0.027942266315221786
27438,0.025851184502243996
95769,0.024577954784035683
49456,0.024429069831967354
104002,0.024068176746368408
