Index,Activation Value
32727,0.020982738584280014
41844,0.018005581572651863
33011,0.01687820628285408
52440,0.016683313995599747
45313,0.013519014231860638
53579,0.01289526466280222
7683,0.012328005395829678
26778,0.011635852046310902
57551,0.011191745288670063
44569,0.011110096238553524
