Index,Activation Value
31904,0.01333252340555191
26559,0.007401185110211372
26778,0.006147707346826792
4440,0.0036581719759851694
22813,0.0034565965179353952
13179,0.0012047415366396308
50700,0.0010637793457135558
