Index,Activation Value
13090,0.05044620856642723
52183,0.045826710760593414
28425,0.04518092796206474
36173,0.036053333431482315
852,0.03364453837275505
97407,0.03130540996789932
99629,0.02927742898464203
96758,0.029214125126600266
111011,0.026187153533101082
49456,0.024263599887490273
