Index,Activation Value
21467,0.46696844696998596
53579,0.4012199938297272
38924,0.39760661125183105
44569,0.2592574656009674
58249,0.24972094595432281
43054,0.22763560712337494
26778,0.2061699628829956
54138,0.1987614780664444
19868,0.1902870535850525
39547,0.1882145255804062
