Index,Activation Value
28018,0.6493778824806213
53201,0.5856910347938538
17554,0.5676963329315186
15637,0.5512843728065491
51661,0.5400285720825195
35738,0.5131667852401733
52257,0.49070218205451965
50402,0.4207073152065277
31362,0.4142167568206787
37913,0.34587669372558594
