Index,Activation Value
87207,1.2812175750732422
36533,0.9812816381454468
109288,0.8048343062400818
9797,0.6792871952056885
80751,0.5970404148101807
23210,0.5784540176391602
28530,0.24892663955688477
72523,0.21472014486789703
109432,0.11010522395372391
