Index,Activation Value
773,0.007223066408187151
43178,0.0028543455991894007
28855,0.0015193044673651457
42296,0.0008305779774673283
5556,0.00033410059404559433
58963,0.00013409486564341933
