Index,Activation Value
29450,0.08919376879930496
3311,0.07091227918863297
73855,0.06882580369710922
87491,0.06667164713144302
111056,0.06615573912858963
67831,0.0626804456114769
110063,0.06249562278389931
7682,0.05967867746949196
91104,0.05518309026956558
91875,0.05364922806620598
