Index,Activation Value
36212,0.04618818685412407
8396,0.04395590350031853
56855,0.04380684718489647
27547,0.04143499955534935
21467,0.038525886833667755
29340,0.03515119478106499
38432,0.03074234165251255
32727,0.03059307113289833
38924,0.02859528362751007
33011,0.027329066768288612
