Index,Activation Value
45682,0.13434849679470062
13179,0.1264401525259018
22737,0.10440374910831451
773,0.10212912410497665
33011,0.08639638125896454
56273,0.08441444486379623
7783,0.08140892535448074
24567,0.08050534874200821
15397,0.07638759166002274
14196,0.07434527575969696
