Index,Activation Value
8396,0.02124684303998947
56855,0.020213792100548744
36212,0.016096612438559532
25657,0.013985777273774147
29340,0.011927750892937183
21467,0.0100881177932024
9816,0.009684421122074127
57551,0.009099030867218971
55023,0.008039368316531181
29465,0.008022541180253029
