Index,Activation Value
76907,0.9799672961235046
58987,0.5510379672050476
6813,0.4608185887336731
99518,0.40456560254096985
61452,0.3113994002342224
63333,0.2863556146621704
60362,0.24826253950595856
97822,0.14080725610256195
69591,0.1301344633102417
71077,0.12531767785549164
