Index,Activation Value
70349,0.02720354124903679
87758,0.02516409382224083
104537,0.020961293950676918
72094,0.019758379086852074
67509,0.019053975120186806
62757,0.018276864662766457
13090,0.016698665916919708
108542,0.0160374753177166
62662,0.015712322667241096
3082,0.015047265216708183
