Index,Activation Value
43054,0.07815594971179962
38127,0.05940255522727966
7145,0.053612206131219864
31723,0.052570659667253494
9049,0.050168830901384354
24702,0.04512403532862663
4987,0.04080955684185028
11478,0.03949642926454544
20635,0.0394488126039505
15111,0.03555979207158089
