Index,Activation Value
16549,0.16733503341674805
49406,0.16668638586997986
56096,0.14758078753948212
20435,0.1474296748638153
773,0.14741645753383636
4817,0.14027701318264008
28312,0.13909749686717987
19491,0.13799582421779633
7783,0.136980339884758
52585,0.1343453973531723
