Index,Activation Value
75002,0.4889499843120575
95498,0.2698667049407959
2034,0.2578471004962921
64863,0.19205166399478912
106304,0.1478416472673416
46237,0.14082768559455872
21865,0.10641764849424362
39549,0.0901203528046608
110935,0.08713649958372116
73297,0.0369718037545681
