Index,Activation Value
9187,0.1656533032655716
54222,0.125314399600029
1202,0.12494398653507233
35033,0.12016649544239044
47257,0.11400999873876572
29465,0.11152797937393188
12023,0.10655739903450012
9049,0.09945888072252274
50144,0.0945645123720169
579,0.08830626308917999
