Index,Activation Value
36212,0.13381531834602356
33011,0.12951576709747314
32727,0.12438394874334335
56855,0.12094679474830627
8080,0.11554194986820221
38432,0.11328309774398804
27547,0.1111658364534378
8396,0.10618602484464645
45313,0.0996110737323761
21467,0.09523972868919373
