Index,Activation Value
7145,0.020390478894114494
2390,0.009034238755702972
31904,0.005960655398666859
38247,0.004188298713415861
31684,0.003445245325565338
14465,0.0020211334340274334
49271,0.0020070355385541916
57496,0.0019094358431175351
24702,0.0014338236069306731
31448,0.0010623709531500936
