Index,Activation Value
8080,0.11564474552869797
54138,0.09156741201877594
18000,0.06605327129364014
59288,0.05561039224267006
38924,0.05347392335534096
1909,0.053412165492773056
1859,0.051997460424900055
8019,0.05161667242646217
26778,0.04885950684547424
42887,0.042593639343976974
