Index,Activation Value
24298,0.0889606922864914
36473,0.06298656761646271
44569,0.060176752507686615
38924,0.04536120593547821
38247,0.043148867785930634
1909,0.03748920559883118
43178,0.03678690642118454
39547,0.03339432552456856
29340,0.030355272814631462
56155,0.028468752279877663
