Index,Activation Value
39565,0.4523877799510956
30000,0.4277147948741913
79737,0.41529104113578796
41075,0.37459561228752136
97829,0.34848248958587646
88519,0.3333883285522461
57009,0.327659010887146
82120,0.30983054637908936
45108,0.2749137282371521
39309,0.25919732451438904
