Index,Activation Value
26233,2.1365113258361816
66862,1.9781793355941772
66195,1.6691645383834839
71843,1.5683903694152832
24584,1.3625825643539429
12579,1.3435003757476807
42487,1.1599119901657104
82823,1.150524377822876
31875,1.1050224304199219
4738,1.0517311096191406
