Index,Activation Value
21467,0.5984021425247192
54138,0.38662126660346985
38924,0.38399824500083923
53579,0.3803917467594147
24298,0.3629007339477539
58249,0.32773664593696594
1909,0.32205018401145935
38432,0.2677159607410431
44569,0.25868114829063416
8080,0.2543032169342041
