Index,Activation Value
23367,0.08370096981525421
56032,0.07661367952823639
43620,0.07620181143283844
52106,0.0743277296423912
41564,0.07143092900514603
35367,0.07090684026479721
25802,0.07003763318061829
3689,0.06732325255870819
32194,0.06705552339553833
20544,0.0665142759680748
