Index,Activation Value
48818,1.643747329711914
9100,0.5606381893157959
20686,0.5208183526992798
218,0.5194941163063049
33311,0.3764415383338928
48992,0.2461562305688858
59632,0.16149075329303741
55400,0.13976532220840454
2129,0.11615581810474396
8213,0.08744551241397858
