Index,Activation Value
107925,0.10550440847873688
107995,0.08905138075351715
95115,0.08154183626174927
21437,0.07056619971990585
90842,0.06624321639537811
36421,0.0645754486322403
8826,0.06335623562335968
76696,0.06143388897180557
44818,0.06113642081618309
37498,0.060610704123973846
