Index,Activation Value
14326,0.09507066756486893
12,0.08199567347764969
44123,0.0764349102973938
52854,0.07392263412475586
95786,0.06894411891698837
87758,0.06765010207891464
76298,0.06763911247253418
107558,0.06701764464378357
36411,0.06439115852117538
12344,0.06325220316648483
