Index,Activation Value
21467,0.13589656352996826
36212,0.12314609438180923
29340,0.12268038094043732
8396,0.1099090427160263
56855,0.10323170572519302
38340,0.08370894938707352
38924,0.08205440640449524
53579,0.07044908404350281
53582,0.06925715506076813
43054,0.06462536752223969
