Index,Activation Value
24298,0.4258599281311035
33011,0.42068812251091003
36473,0.2721521556377411
8019,0.26433393359184265
1909,0.23968228697776794
18000,0.22879748046398163
42887,0.21166284382343292
13179,0.19929486513137817
566,0.18543075025081635
9816,0.1751536726951599
