Index,Activation Value
15111,0.038572292774915695
36625,0.033669792115688324
33391,0.03233953192830086
40818,0.0283507052809
14971,0.027852408587932587
31056,0.024349484592676163
27840,0.02432633750140667
50934,0.024146346375346184
49043,0.02027883753180504
13496,0.019131813198328018
