Index,Activation Value
88991,0.3349533677101135
101526,0.0780327245593071
