Index,Activation Value
38274,0.012962492182850838
110712,0.011983112432062626
44818,0.01137047354131937
21549,0.011161020956933498
3311,0.010102332569658756
90842,0.00853606779128313
31199,0.008188989944756031
32672,0.008185588754713535
19627,0.008172886446118355
24684,0.007515571545809507
