Index,Activation Value
36625,0.09242452681064606
28312,0.08100375533103943
21565,0.07624004781246185
20435,0.07608746737241745
4055,0.07349008321762085
35473,0.07187500596046448
14971,0.07064326107501984
42296,0.06930430233478546
47264,0.06915134936571121
56096,0.06785054504871368
