Index,Activation Value
5403,1.215785264968872
97634,0.8120335340499878
92368,0.7395907044410706
26706,0.7242864370346069
72370,0.6875089406967163
30100,0.6026690602302551
36805,0.5655293464660645
102454,0.5213683843612671
2034,0.4925081431865692
96075,0.4521945118904114
