Index,Activation Value
43197,0.010913539677858353
36625,0.008459602482616901
22371,0.006162373814731836
32727,0.004655415192246437
54222,0.0037786017637699842
47257,0.002954108640551567
21565,0.0029203929007053375
29465,0.0027151168324053288
47264,0.0026996529195457697
56155,0.00254961964674294
