Index,Activation Value
70349,0.10865224897861481
87491,0.08346299082040787
52683,0.0822397992014885
86756,0.07200679928064346
111478,0.06726483255624771
87200,0.06704162806272507
27818,0.06516575813293457
71153,0.06496759504079819
107604,0.05787597969174385
93685,0.05671452730894089
