Index,Activation Value
53579,0.04718911647796631
21467,0.0434870570898056
8080,0.04344906285405159
1909,0.03137236461043358
24298,0.028539644554257393
38924,0.023882102221250534
54138,0.023301029577851295
38432,0.019283242523670197
58249,0.01917886734008789
44569,0.017988691106438637
