Index,Activation Value
38924,0.007232371252030134
58249,0.0040897042490541935
26778,0.0032162447459995747
33011,0.00039970880607143044
53579,0.00038342163315974176
