Index,Activation Value
28561,0.11897965520620346
47257,0.09370821714401245
29340,0.08800411224365234
18899,0.08346349000930786
36875,0.07896914333105087
58219,0.07014790177345276
24565,0.06194664537906647
1437,0.05480138957500458
2398,0.053848281502723694
43178,0.05295040085911751
