Index,Activation Value
96758,0.121411994099617
80233,0.09379281848669052
49456,0.09263408929109573
34454,0.08420400321483612
12344,0.07204196602106094
25887,0.07176757603883743
86208,0.07012420147657394
83828,0.06979534775018692
33336,0.06949467211961746
28910,0.06791424751281738
