Index,Activation Value
27406,0.4588978588581085
20901,0.277878999710083
13529,0.19584152102470398
