Index,Activation Value
70349,0.12518328428268433
52683,0.10085099190473557
111478,0.08047544956207275
25849,0.07806393504142761
13090,0.07745188474655151
95769,0.07710385322570801
75996,0.07631509751081467
77289,0.06628284603357315
48473,0.06620193272829056
95312,0.06462187319993973
