Index,Activation Value
48473,0.10763698071241379
59998,0.0915004312992096
107558,0.07969967275857925
107551,0.07864873111248016
16107,0.07346075773239136
21437,0.07145840674638748
73782,0.07029612362384796
78437,0.07014428824186325
103991,0.06773591041564941
6156,0.06596223264932632
