Index,Activation Value
21467,0.05589486286044121
36212,0.03890910744667053
38432,0.03600526601076126
30430,0.025229275226593018
8396,0.023136194795370102
38340,0.02202283963561058
13743,0.02012091875076294
27547,0.019062839448451996
56855,0.01891440525650978
29340,0.018152160570025444
