Index,Activation Value
21467,0.028375430032610893
8396,0.022530565038323402
38432,0.021579498425126076
56855,0.021551955491304398
36212,0.02096649259328842
53589,0.02060399390757084
53579,0.018937235698103905
25657,0.017287299036979675
57551,0.014072354882955551
41844,0.013414804823696613
