Index,Activation Value
55780,1.0211050510406494
112477,0.7739113569259644
1076,0.6137081384658813
79166,0.5567639470100403
112578,0.47865331172943115
85900,0.38631898164749146
20589,0.21054744720458984
111255,0.208171084523201
4350,0.1643371433019638
25427,0.1490313857793808
