Index,Activation Value
21467,0.037152595818042755
53579,0.03641806170344353
8080,0.03515611216425896
38924,0.027916764840483665
58249,0.027502400800585747
27547,0.0251298975199461
1909,0.01995287649333477
18000,0.01825309544801712
38432,0.01733550801873207
36212,0.016798434779047966
