Index,Activation Value
1021,0.018692320212721825
88571,0.01680474728345871
62757,0.01581569015979767
6156,0.014285211451351643
22092,0.014188115485012531
65993,0.01318182423710823
49456,0.013028229586780071
43807,0.0107875382527709
71812,0.00968851987272501
19627,0.009408063255250454
