Index,Activation Value
33011,0.0389070101082325
38924,0.024431899189949036
26778,0.022137951105833054
53579,0.017145222052931786
21467,0.016748085618019104
38432,0.011430962942540646
56855,0.00781932007521391
29340,0.00701105035841465
8396,0.005973912309855223
58249,0.00570727838203311
