Index,Activation Value
4738,0.01899724453687668
62757,0.017255714163184166
7334,0.01723339594900608
90842,0.015823526307940483
82475,0.0148320896551013
56519,0.014827914535999298
65993,0.01394979190081358
11313,0.013810032978653908
24604,0.012519048526883125
36533,0.012515654787421227
