Index,Activation Value
38247,0.01688891462981701
27683,0.011105860583484173
41844,0.0110595328733325
32727,0.010151864029467106
14826,0.008226534351706505
57551,0.006747792940586805
6190,0.0065833693370223045
48137,0.005933841224759817
20435,0.0058171688579022884
49213,0.005755719728767872
