Index,Activation Value
24298,0.029714351519942284
8019,0.028005458414554596
38432,0.026404501870274544
21467,0.023663092404603958
36212,0.020021814852952957
54138,0.018144121393561363
36473,0.017365774139761925
43197,0.016894491389393806
8396,0.016714120283722878
27547,0.016069691628217697
