Index,Activation Value
38432,0.054029759019613266
38924,0.05326756089925766
53579,0.051960207521915436
8080,0.046069398522377014
44569,0.04513470456004143
21467,0.04487636685371399
38340,0.04187026992440224
33011,0.036198653280735016
18000,0.03470776975154877
26778,0.03455451875925064
