Index,Activation Value
19339,0.00480212178081274
31736,0.0022056621965020895
14826,0.0016445426736027002
19868,0.0008419048972427845
52440,0.0006633634329773486
53589,0.0005401067901402712
