Index,Activation Value
12344,0.021518319845199585
35254,0.008104798384010792
37498,0.006930326111614704
74354,0.005462626926600933
105073,0.005020360928028822
61123,0.004624202381819487
6156,0.0045744492672383785
62662,0.0045611802488565445
868,0.004064986482262611
36411,0.0040068901143968105
