Index,Activation Value
56982,0.3495371639728546
24723,0.270381361246109
49758,0.2420792281627655
54693,0.15095022320747375
26128,0.14099621772766113
43217,0.07004233449697495
8764,0.06894027441740036
28535,0.03470645472407341
