Index,Activation Value
38453,1.1461056470870972
60600,1.0458083152770996
46398,0.9466661214828491
65194,0.9393424987792969
38779,0.8264008164405823
29744,0.7926141023635864
52426,0.745421290397644
48801,0.7411128878593445
13875,0.7216600179672241
77432,0.6013337969779968
