Index,Activation Value
103824,1.6486396789550781
83828,1.484513521194458
50439,1.1369491815567017
57225,1.1029438972473145
83838,0.8541398644447327
32920,0.5803618431091309
18354,0.5791192650794983
49865,0.48738813400268555
35553,0.31742504239082336
52183,0.31496962904930115
