Index,Activation Value
13090,0.007882779464125633
52183,0.00728690205141902
37498,0.0068965028040111065
16107,0.0039407843723893166
83828,0.0035839457996189594
56725,0.003462105058133602
28425,0.003441337263211608
96758,0.0032599999103695154
97407,0.003047457430511713
12589,0.0029967776499688625
