Index,Activation Value
15670,0.023326724767684937
48477,0.019502168521285057
44208,0.01831892505288124
47380,0.016957195475697517
3689,0.016290606930851936
43164,0.014989717863500118
16403,0.014425914734601974
14915,0.01416066288948059
20999,0.013488379307091236
2891,0.011055069044232368
