Index,Activation Value
21467,0.02668134868144989
4417,0.016742613166570663
13743,0.014642709866166115
14147,0.01208567339926958
56554,0.011800666339695454
38340,0.011703023687005043
43541,0.00997153203934431
4191,0.008989257737994194
14756,0.007439939770847559
13248,0.006959226913750172
