Index,Activation Value
26778,0.000685874605551362
8019,0.0006199501221999526
24298,0.0003017227863892913
36473,0.00030141070601530373
18000,0.0002683966013137251
21467,0.00019750729552470148
38924,0.00019053352298215032
19868,0.0001845793885877356
8080,0.00018299254588782787
36212,0.0001523552491562441
