Index,Activation Value
773,0.07286664098501205
16549,0.06874837726354599
28312,0.05095364898443222
23805,0.047634612768888474
33607,0.047322798520326614
42296,0.04673248529434204
36875,0.046572551131248474
48137,0.04283380135893822
50256,0.04249151423573494
17950,0.04219076409935951
