Index,Activation Value
36212,0.017406633123755455
29340,0.011667588725686073
56855,0.010582502000033855
53579,0.007121154107153416
8396,0.004072653129696846
21467,0.0036296232137829065
8080,0.002242835471406579
