Index,Activation Value
76906,0.07084400951862335
82590,0.06324363499879837
55426,0.06199226528406143
21437,0.06052396073937416
107551,0.059269506484270096
71543,0.0582856610417366
35254,0.057676222175359726
91875,0.05414203181862831
55105,0.05411747097969055
60880,0.05250930041074753
