Index,Activation Value
38924,0.10321640223264694
29340,0.09624427556991577
26778,0.07448425143957138
27547,0.07338251173496246
33011,0.07126563042402267
56554,0.07033254951238632
53579,0.06866175681352615
32727,0.06346294283866882
58249,0.05634799227118492
59288,0.05496480315923691
