Index,Activation Value
38924,0.057967379689216614
53579,0.0409754142165184
56554,0.025817247107625008
58249,0.024896640330553055
38247,0.024233995005488396
26937,0.02168002352118492
18000,0.01581772044301033
50478,0.011376609094440937
17939,0.010842494666576385
1909,0.010173125192523003
