Index,Activation Value
25657,0.00558119872584939
12023,0.0038162353448569775
56155,0.0003846443723887205
47257,0.0002141105942428112
43178,6.296128412941471e-05
47264,2.012574623222463e-05
