Index,Activation Value
54134,0.9318305850028992
91773,0.5328617095947266
9196,0.06517212837934494
