Index,Activation Value
76170,0.7919705510139465
37841,0.244351327419281
