Index,Activation Value
1688,1.2578761577606201
31474,0.8136594295501709
43102,0.5396280884742737
90208,0.3089691698551178
68290,0.3008733093738556
29719,0.27631640434265137
73501,0.16797125339508057
90136,0.1368347406387329
