Index,Activation Value
25657,0.05158986523747444
8396,0.04607231169939041
43178,0.03756023943424225
45538,0.028054527938365936
42296,0.02759631723165512
3689,0.025995474308729172
47009,0.025736071169376373
12474,0.02518625371158123
44036,0.024953484535217285
11450,0.024550586938858032
