Index,Activation Value
36212,0.14861159026622772
21467,0.126206174492836
38432,0.12590302526950836
8396,0.11965696513652802
38340,0.10979006439447403
56855,0.10929630696773529
25657,0.10643268376588821
53579,0.1004868671298027
13743,0.08510605245828629
38924,0.08427262306213379
