Index,Activation Value
18004,0.36958566308021545
24860,0.3464634120464325
15699,0.2531256675720215
44060,0.009134568274021149
