Index,Activation Value
15111,0.017605125904083252
57180,0.0025665881112217903
40818,0.002213144674897194
59924,0.0020656404085457325
29465,0.0017652517417445779
14971,0.0008991969516500831
