Index,Activation Value
33607,0.08948466181755066
36625,0.08121376484632492
2390,0.08016418665647507
54405,0.06473730504512787
3932,0.06339482218027115
3300,0.06203513219952583
8302,0.0617598257958889
55625,0.058033525943756104
43178,0.055839281529188156
26518,0.055006712675094604
