Index,Activation Value
7145,0.10078567266464233
59924,0.08923620730638504
43164,0.07908282428979874
57180,0.07778124511241913
25800,0.07479391992092133
19484,0.07030545920133591
18622,0.06998056173324585
34446,0.06946717947721481
38046,0.06836670637130737
4417,0.06582842022180557
