Index,Activation Value
27547,0.07506957650184631
43178,0.05922919884324074
51769,0.04407043755054474
9049,0.04295972362160683
27771,0.040585748851299286
23805,0.039719924330711365
28855,0.03870564326643944
38340,0.03771468624472618
32727,0.03593066707253456
7444,0.0350368358194828
