Index,Activation Value
13090,0.04129128158092499
70349,0.02995964139699936
88571,0.029615866020321846
14983,0.027284100651741028
12344,0.023293737322092056
36173,0.023036165162920952
103694,0.01907500997185707
73908,0.018637102097272873
66289,0.01846076361835003
52183,0.015861336141824722
