Index,Activation Value
21467,0.09387326240539551
53579,0.08722617477178574
38924,0.07573527842760086
26778,0.061993975192308426
32727,0.05882025137543678
24298,0.05774470791220665
33011,0.05682266503572464
8080,0.05171254277229309
27547,0.051668912172317505
1909,0.051193151623010635
