Index,Activation Value
13179,0.025168202817440033
36473,0.01619654707610607
57163,0.013256052508950233
17428,0.006056368350982666
24298,0.005428450647741556
16549,0.004145708400756121
44569,0.003483549226075411
