Index,Activation Value
38924,0.2850235104560852
21467,0.24015843868255615
33011,0.23328828811645508
8396,0.23084594309329987
26778,0.21930736303329468
56855,0.21792817115783691
53579,0.1413741409778595
53589,0.138743057847023
36212,0.12972506880760193
38432,0.12957334518432617
