Index,Activation Value
15111,0.012514768168330193
54222,0.009622187353670597
10570,0.009270105510950089
40818,0.009225025773048401
56007,0.007909913547337055
38432,0.007680689916014671
36625,0.006407507229596376
20435,0.005898376926779747
4055,0.005702303722500801
58458,0.005694040562957525
