Index,Activation Value
32704,0.02301085740327835
13534,0.019058313220739365
58458,0.018066398799419403
4817,0.017903832718729973
20435,0.017332497984170914
35800,0.016768405213952065
22353,0.0167413130402565
34481,0.016508562490344048
16261,0.01631913147866726
21191,0.01587546616792679
