Index,Activation Value
58249,0.040754228830337524
21467,0.03947491571307182
53579,0.03937913477420807
8019,0.038508132100105286
24298,0.03720776364207268
38924,0.033916592597961426
54138,0.033671848475933075
8080,0.03284065052866936
1909,0.0321805477142334
18000,0.03203187882900238
