Index,Activation Value
56725,0.00974246859550476
96758,0.005841420032083988
104537,0.004605669528245926
12344,0.002971532056108117
110712,0.002428660402074456
60631,0.0021760587114840746
101572,0.0020783855579793453
52426,0.001954374834895134
92077,0.0015049715293571353
14022,0.0013183895498514175
