Index,Activation Value
56725,0.034838948398828506
55426,0.020928164944052696
90710,0.012091205455362797
8897,0.010171203874051571
89243,0.009282571263611317
108759,0.008720307610929012
29372,0.008298665285110474
27858,0.008203402161598206
13090,0.007839402183890343
11313,0.007179324980825186
