Index,Activation Value
34982,1.7087513208389282
98215,1.444658637046814
164,1.3756866455078125
39993,1.1837689876556396
102532,0.844343364238739
78163,0.8379133939743042
105094,0.7583351135253906
111363,0.7486856579780579
12801,0.7438531517982483
57237,0.6764802932739258
