Index,Activation Value
52183,0.03089982643723488
13090,0.030697468668222427
12589,0.029700979590415955
60631,0.026169445365667343
28910,0.023439979180693626
33336,0.020370634272694588
9293,0.020025627687573433
49456,0.018140606582164764
40355,0.01769031025469303
37498,0.016550250351428986
