Index,Activation Value
81547,0.17465908825397491
70338,0.09081800282001495
