Index,Activation Value
31723,0.021491805091500282
5319,0.004928221460431814
25562,0.0047006490640342236
53814,0.004455732647329569
38198,0.004154205787926912
9049,0.0041006626561284065
14682,0.003022806951776147
47721,0.0028594564646482468
15397,0.002473994856700301
53338,0.0008340841741301119
