Index,Activation Value
13090,0.005573858041316271
70349,0.004258432891219854
88571,0.0027625984512269497
49456,0.002427991246804595
12344,0.0009347564191557467
