Index,Activation Value
72510,1.061370611190796
1158,0.86475670337677
100107,0.6853992938995361
16807,0.6368291974067688
36990,0.6186850070953369
24049,0.5918014645576477
66305,0.5859780311584473
83853,0.5784833431243896
84998,0.5343547463417053
60610,0.4401455223560333
