Index,Activation Value
63542,1.3690189123153687
85413,0.5569264888763428
73389,0.5416200757026672
88815,0.4156076908111572
103455,0.4110506772994995
89624,0.24735364317893982
82033,0.10328548401594162
9581,0.043161556124687195
