Index,Activation Value
44569,0.06883780658245087
1909,0.0466834120452404
53579,0.04458891227841377
36473,0.03728961572051048
8396,0.03443238139152527
29465,0.03401629626750946
54222,0.031204430386424065
5476,0.030318286269903183
41844,0.02957323007285595
17428,0.02893032692372799
