Index,Activation Value
56855,0.04126211255788803
8396,0.03707504644989967
36212,0.036309272050857544
29340,0.02497021108865738
25657,0.016511989757418633
4530,0.010305790230631828
24565,0.007679714821279049
55023,0.006174011621624231
24298,0.0033234162256121635
53582,0.0013955575414001942
