Index,Activation Value
38432,0.017379101365804672
25657,0.017297957092523575
8396,0.017212310805916786
36212,0.01568291336297989
56855,0.015072247944772243
21467,0.013032335788011551
55023,0.00863561686128378
38340,0.007993294857442379
9107,0.006660508457571268
4530,0.005843468476086855
