Index,Activation Value
21467,0.8440797328948975
53579,0.8391349911689758
38924,0.820037841796875
26778,0.681699275970459
33011,0.6705021858215332
58249,0.6105533838272095
38432,0.5915671586990356
36212,0.5870985388755798
8080,0.5523961186408997
24298,0.5484887361526489
