Index,Activation Value
71879,0.08353453129529953
14022,0.074351966381073
52683,0.07064226269721985
32672,0.06865008920431137
93512,0.06637129932641983
26012,0.065104641020298
2871,0.06451993435621262
1267,0.0626404657959938
55779,0.05793655291199684
105975,0.056036368012428284
