Index,Activation Value
13090,0.022442733868956566
101572,0.02130258083343506
7866,0.01982840709388256
34454,0.01748926006257534
25849,0.016524964943528175
8251,0.014677940867841244
6786,0.013909493573009968
110712,0.013115370646119118
29450,0.01272983942180872
26058,0.01226459164172411
