Index,Activation Value
8080,0.044427137821912766
54138,0.03153110668063164
27547,0.030611541122198105
33011,0.030574120581150055
24298,0.03023732639849186
21467,0.030098972842097282
44569,0.02650451473891735
38924,0.02466808259487152
29340,0.023266496136784554
56855,0.022599445655941963
