Index,Activation Value
3082,0.003121901536360383
111154,0.0013349923538044095
