Index,Activation Value
56855,0.15684357285499573
21467,0.143720343708992
8396,0.12810304760932922
53579,0.1088450700044632
8080,0.10403678566217422
36212,0.09700644761323929
18000,0.09226925671100616
33011,0.08992885798215866
44569,0.08186377584934235
26778,0.08025892078876495
