Index,Activation Value
28312,0.14641591906547546
20435,0.13877201080322266
26937,0.13864456117153168
22371,0.13636775314807892
21565,0.13602323830127716
48137,0.13361194729804993
17939,0.13195347785949707
24298,0.13187173008918762
36473,0.13014939427375793
32704,0.12925264239311218
