Index,Activation Value
9293,0.021460726857185364
52426,0.01966157555580139
17335,0.01811051554977894
25887,0.0160831268876791
2871,0.015800144523382187
12344,0.012672670185565948
76906,0.012626715935766697
92077,0.011768176220357418
868,0.011507433839142323
25024,0.011449456214904785
