Index,Activation Value
107925,0.0976530984044075
20663,0.0775633230805397
2871,0.07682506740093231
72094,0.07333269715309143
84018,0.06978771090507507
27818,0.06713186204433441
12,0.06430500000715256
73306,0.06404363363981247
7351,0.059125497937202454
48529,0.0578896626830101
