Index,Activation Value
21467,0.36213138699531555
53589,0.3131219148635864
43054,0.2934538722038269
39547,0.2574463188648224
51614,0.224516823887825
17134,0.1771542727947235
38432,0.17125576734542847
19868,0.16791751980781555
57551,0.1536860466003418
30430,0.1525040566921234
