Index,Activation Value
1976,0.017695797607302666
9480,0.01664990745484829
16486,0.014606272801756859
52855,0.013964634388685226
59302,0.010819094255566597
33048,0.01045591477304697
56032,0.00980679877102375
9084,0.007878832519054413
21633,0.007628094870597124
18231,0.007396500091999769
