Index,Activation Value
27438,0.032700102776288986
13090,0.030490586534142494
96758,0.021256305277347565
7334,0.020773524418473244
33336,0.020142635330557823
60631,0.019655410200357437
54896,0.016309330239892006
72094,0.015033512376248837
111011,0.009189317002892494
103825,0.008347108028829098
