Index,Activation Value
52426,0.034610118716955185
27438,0.03338570147752762
13090,0.031902432441711426
7334,0.029098913073539734
80813,0.025791648775339127
96654,0.023668481037020683
70776,0.022847656160593033
107995,0.02277296967804432
46468,0.022580677643418312
70349,0.022400477901101112
