Index,Activation Value
52106,2.386776924133301
9263,1.9531581401824951
439,1.7944096326828003
20544,1.7605574131011963
29124,1.666696548461914
10089,1.6666911840438843
32194,1.6611027717590332
44189,1.6326502561569214
23367,1.5067757368087769
41564,1.460589051246643
