Index,Activation Value
66289,0.005625587888062
7334,0.0037176229525357485
48529,0.002520822687074542
72094,0.001659443136304617
86118,0.0011005843989551067
3082,7.171300239861012e-05
