Index,Activation Value
43054,0.19472894072532654
28312,0.14349886775016785
31723,0.1372542828321457
14147,0.13607604801654816
773,0.13165238499641418
57892,0.12125769257545471
38432,0.11894076317548752
21467,0.11617810279130936
20635,0.11446212977170944
16549,0.10471277683973312
