Index,Activation Value
70349,0.15338961780071259
13090,0.14370310306549072
52426,0.11630168557167053
28425,0.0897766649723053
36173,0.08875322341918945
24604,0.08561061322689056
88571,0.07009731233119965
37498,0.06776906549930573
56725,0.06596993654966354
54896,0.0628463625907898
