Index,Activation Value
5319,0.023431507870554924
34212,0.008723946288228035
43150,0.007329258136451244
36356,0.005787614732980728
13655,0.0038912270683795214
23805,0.0027627318631857634
59949,0.0011535094818100333
31022,0.0010517769260331988
36875,0.0007794172852300107
9648,0.0006504628108814359
