Index,Activation Value
51614,0.04872909560799599
41844,0.03878283500671387
7683,0.031830672174692154
45313,0.029994193464517593
52440,0.028809422627091408
44269,0.02757262997329235
41994,0.0250056404620409
33607,0.02489537186920643
13743,0.024292275309562683
14826,0.02385721169412136
