Index,Activation Value
107995,0.023615073412656784
110712,0.017568130046129227
16807,0.01352646667510271
59998,0.013253267854452133
6786,0.012666170485317707
98149,0.010560394264757633
54896,0.010399607941508293
28425,0.010395974852144718
73782,0.009396119974553585
7114,0.008256891742348671
