Index,Activation Value
1322,0.5600234270095825
43782,0.5065991282463074
4082,0.3262042999267578
39416,0.3016861379146576
43635,0.24888382852077484
20299,0.2386152148246765
27986,0.23594467341899872
20507,0.23494501411914825
55611,0.21653443574905396
46033,0.21479134261608124
