Index,Activation Value
58249,0.030037658289074898
38924,0.024457845836877823
53579,0.00997542031109333
29340,0.009570137597620487
26778,0.006929927505552769
44569,0.006443371064960957
8396,0.0038366999942809343
55023,0.002818237990140915
36212,0.002265580929815769
53582,0.002235346706584096
