Index,Activation Value
70776,0.09520894289016724
14022,0.07864925265312195
92077,0.07611263543367386
7334,0.07252789288759232
6156,0.07195141166448593
87758,0.07019218057394028
54156,0.06457187980413437
88546,0.0636812224984169
76298,0.06288954615592957
96758,0.06260514259338379
