Index,Activation Value
36212,0.0074069323018193245
56855,0.005901949480175972
8396,0.005865049082785845
58249,0.005623360630124807
26778,0.005602363962680101
53579,0.004439237527549267
38924,0.004281732253730297
29340,0.003883547615259886
33011,0.003779465099796653
27547,0.0026448997668921947
