Index,Activation Value
13090,0.1137232854962349
60631,0.08332673460245132
28910,0.07721007615327835
64204,0.07264870405197144
56725,0.06985924392938614
101572,0.06823229044675827
98149,0.05575853958725929
49456,0.053423698991537094
96758,0.052877433598041534
14022,0.05168721824884415
