Index,Activation Value
9049,0.029409058392047882
38924,0.026607902720570564
38432,0.021074658259749413
53582,0.02090904489159584
4191,0.02058331109583378
24565,0.020268287509679794
2891,0.01584503799676895
2800,0.013086186721920967
5556,0.012339231558144093
13411,0.012045769020915031
