Index,Activation Value
90842,0.0014011088060215116
107925,0.0007196011720225215
