Index,Activation Value
53579,0.30254870653152466
38924,0.3003803491592407
26778,0.23930515348911285
58249,0.2322029024362564
33011,0.23046965897083282
21467,0.18720115721225739
1909,0.1851300597190857
44569,0.15082557499408722
36212,0.1477164626121521
8080,0.14134521782398224
