Index,Activation Value
71932,1.3768559694290161
60631,1.2277030944824219
43,1.1232147216796875
52426,1.0693203210830688
2632,1.0441720485687256
56757,0.7982372045516968
24,0.5528106093406677
37498,0.49349653720855713
96758,0.4458302855491638
52183,0.22467482089996338
