Index,Activation Value
38127,0.2933511734008789
43178,0.15468135476112366
53589,0.13601301610469818
44208,0.13424989581108093
28312,0.1248689740896225
30430,0.12271466106176376
7921,0.1214747354388237
32254,0.11007874459028244
16261,0.10962554067373276
48137,0.105198934674263
