Index,Activation Value
55648,0.8476366400718689
49769,0.7905502319335938
102754,0.5375872254371643
62990,0.4388734996318817
85305,0.22563837468624115
106857,0.21330678462982178
107676,0.2096152901649475
50954,0.20948545634746552
60474,0.20267674326896667
56511,0.1627795547246933
