Index,Activation Value
59868,0.03349178284406662
21565,0.015621940605342388
8702,0.015404889360070229
55625,0.01260770857334137
53338,0.008901887573301792
38127,0.007330548949539661
26937,0.007305885199457407
19701,0.007298359181731939
59949,0.007099201902747154
59288,0.006950519047677517
