Index,Activation Value
70349,0.0706230103969574
67013,0.06138297915458679
96758,0.05837398022413254
26012,0.051474425941705704
27438,0.042227741330862045
25849,0.040599945932626724
55426,0.03871926665306091
1021,0.037035804241895676
95312,0.034603897482156754
30064,0.03262533247470856
