Index,Activation Value
70349,0.037417229264974594
13090,0.020859478041529655
97407,0.020567845553159714
49456,0.015964725986123085
60631,0.015403049997985363
16107,0.01323629543185234
28910,0.01207408681511879
25849,0.01173526793718338
96758,0.011689525097608566
112731,0.010559149086475372
