Index,Activation Value
44123,0.021145647391676903
20663,0.010745473206043243
110712,0.007920428179204464
102181,0.006506950594484806
101572,0.0053703985176980495
62662,0.004061195999383926
7334,0.0034051574766635895
3082,0.002813786966726184
17690,0.002789640100672841
46383,0.0026545149739831686
