Index,Activation Value
29340,0.15323035418987274
16261,0.15187424421310425
32704,0.14281219244003296
8261,0.142398864030838
32254,0.14237141609191895
27840,0.141537606716156
48137,0.1385226845741272
58458,0.1369965374469757
2059,0.13655684888362885
7921,0.13412007689476013
