Index,Activation Value
70349,0.15707644820213318
14165,0.10348954051733017
88571,0.09671685099601746
53715,0.07488388568162918
17608,0.07419424504041672
52683,0.0697130337357521
27912,0.06477869302034378
41552,0.06347788125276566
82475,0.059586454182863235
111011,0.049754004925489426
