Index,Activation Value
3082,0.0678447037935257
64204,0.0646127462387085
12,0.06302809715270996
29450,0.0589432418346405
27438,0.056817010045051575
14326,0.04925796017050743
66000,0.04279092326760292
24604,0.042351920157670975
35254,0.04143518581986427
55040,0.041044268757104874
