Index,Activation Value
62757,0.004591124597936869
70776,0.0034871913958340883
25887,0.003454740857705474
36173,0.003129896242171526
16959,0.003056464483961463
868,0.0019159603398293257
12344,0.0007774208206683397
109700,0.0002962929429486394
