Index,Activation Value
36473,0.019986530765891075
29340,0.019964084029197693
54138,0.014423485845327377
24298,0.012360773049294949
773,0.011935821734368801
56855,0.010324351489543915
1909,0.009959761053323746
8396,0.009526868350803852
36212,0.008844259195029736
36625,0.005926651880145073
