Index,Activation Value
49043,1.5579943656921387
14971,1.5162090063095093
15111,1.4259048700332642
15278,1.0828895568847656
33391,0.8780311942100525
9626,0.8191752433776855
21565,0.6535031199455261
6466,0.6437187790870667
20782,0.6339787244796753
6592,0.6090543866157532
