Index,Activation Value
49406,0.15741676092147827
38924,0.14730849862098694
4817,0.14400209486484528
26778,0.14231471717357635
43054,0.1351557970046997
33011,0.13503269851207733
20435,0.1282534897327423
12929,0.12443504482507706
38432,0.11885208636522293
52585,0.10481645911931992
