Index,Activation Value
36473,0.11278985440731049
11257,0.09370161592960358
28312,0.07747106999158859
48137,0.06754406541585922
12023,0.06325284391641617
22371,0.06098344549536705
579,0.060034822672605515
24298,0.05887710303068161
33391,0.05873313918709755
43178,0.057144809514284134
