Index,Activation Value
64204,0.0787401869893074
110712,0.07818951457738876
11313,0.0714702233672142
60631,0.06919536739587784
14165,0.06682376563549042
61123,0.06165628507733345
92547,0.060549139976501465
17608,0.05736701190471649
12344,0.0571252703666687
33336,0.0549667589366436
