Index,Activation Value
28910,0.20260930061340332
56725,0.1768753081560135
36173,0.163682222366333
28425,0.15784205496311188
33336,0.15298670530319214
49456,0.13722971081733704
83828,0.1339755654335022
13090,0.13202443718910217
37498,0.11630204319953918
67013,0.11462754756212234
