Index,Activation Value
21467,0.17059363424777985
30430,0.1584261804819107
38924,0.14670489728450775
38127,0.14579135179519653
42773,0.1254976987838745
28855,0.12495406717061996
16653,0.12367356568574905
13743,0.1168447732925415
28561,0.1164235845208168
43178,0.11326584964990616
