Index,Activation Value
21467,0.008746701292693615
38924,0.00862831249833107
8080,0.005286302417516708
53579,0.004770596977323294
26778,0.0038796127773821354
33011,0.0032943449914455414
27547,0.0020242431201040745
56855,0.001805066829547286
8396,0.000479529844596982
29340,0.0002520224661566317
