Index,Activation Value
21467,0.047488223761320114
44569,0.012397069483995438
53589,0.00803359504789114
30511,0.00774678960442543
55867,0.007434165570884943
1976,0.007332430221140385
31022,0.006861449684947729
19868,0.006770558655261993
32881,0.006680585909634829
1859,0.006587032228708267
