Index,Activation Value
12942,0.004811663646250963
31227,0.0036398409865796566
8914,0.0006753281340934336
