Index,Activation Value
53579,0.10253670066595078
8080,0.0857122465968132
54138,0.06950536370277405
21467,0.06206611543893814
1909,0.06078263744711876
40678,0.058831021189689636
38924,0.05265052616596222
33011,0.0501033291220665
38127,0.04830979183316231
27547,0.04672681540250778
