Index,Activation Value
84018,0.0017968124011531472
40315,0.0011635145638138056
86538,0.0006667489651590586
36173,3.158527033519931e-05
