Index,Activation Value
36212,0.5858095288276672
56855,0.5606321692466736
8396,0.53758704662323
9816,0.42474350333213806
29340,0.39690732955932617
38432,0.3913392722606659
8080,0.38461580872535706
27547,0.3722739517688751
30430,0.35777172446250916
42887,0.3574329912662506
