Index,Activation Value
60631,0.013819186016917229
30064,0.002112341346219182
12942,0.00048144315951503813
