Index,Activation Value
53579,0.0811704620718956
24298,0.07108927518129349
38924,0.06719610095024109
26778,0.06224226579070091
8080,0.060227882117033005
33011,0.05834387615323067
8019,0.057420678436756134
18000,0.054820466786623
36473,0.052621401846408844
54138,0.05221276357769966
