Index,Activation Value
67800,2.0920591354370117
47802,1.9167250394821167
4457,1.8008708953857422
101057,1.399410605430603
85905,1.3513678312301636
20289,1.2529892921447754
68565,1.2497602701187134
14253,1.1743695735931396
92384,1.1530202627182007
97342,1.0155839920043945
