Index,Activation Value
12344,0.1618598848581314
12,0.13203760981559753
107558,0.10533003509044647
87758,0.10119177401065826
74354,0.0855322778224945
3082,0.08534497022628784
7351,0.07399478554725647
30064,0.07016275823116302
54956,0.06977057456970215
868,0.06733445078134537
