Index,Activation Value
56855,0.14656171202659607
29340,0.1232968345284462
8396,0.12276758998632431
24565,0.10733792185783386
53582,0.10235337167978287
36212,0.08989281952381134
31736,0.08876188099384308
55023,0.07243963330984116
25657,0.056464191526174545
51614,0.0470396913588047
