Index,Activation Value
36173,0.059319328516721725
88571,0.025262653827667236
28425,0.025088202208280563
64204,0.01942104659974575
60631,0.01624908670783043
96758,0.014533176086843014
16107,0.014459578320384026
37498,0.014445217326283455
1267,0.01427896786481142
81123,0.010430808179080486
