Index,Activation Value
12344,0.15872052311897278
14022,0.11961862444877625
7866,0.09077764302492142
25887,0.08900834619998932
12,0.08864254504442215
103694,0.08403055369853973
14326,0.08142567425966263
74354,0.08052748441696167
7351,0.07852024585008621
11918,0.07694780081510544
