Index,Activation Value
48473,0.0830424427986145
6156,0.07107459753751755
1021,0.06282100081443787
86756,0.062402091920375824
27234,0.057503629475831985
29450,0.0573975034058094
73855,0.05356387794017792
82590,0.052707821130752563
93969,0.051551710814237595
22202,0.05126895010471344
