Index,Activation Value
24298,0.10576371103525162
8019,0.1056496724486351
44569,0.07518912851810455
55023,0.06835051625967026
1859,0.06507628411054611
8080,0.06503617018461227
29465,0.060685060918331146
54138,0.057972438633441925
22371,0.055607009679079056
56155,0.054651565849781036
