Index,Activation Value
53579,0.17310741543769836
27547,0.16168956458568573
8080,0.1497870236635208
38924,0.1391785889863968
21467,0.13339300453662872
9816,0.13047996163368225
54138,0.12637819349765778
26778,0.12212670594453812
38432,0.11492956429719925
42887,0.11330131441354752
