Index,Activation Value
57780,0.30070093274116516
31065,0.2026749700307846
