Index,Activation Value
852,0.0793018713593483
17608,0.06251956522464752
63037,0.06079113855957985
60763,0.059112485498189926
73306,0.0574425607919693
1267,0.05457128584384918
9293,0.05395793169736862
40355,0.05381597578525543
88571,0.05311260744929314
7682,0.051620397716760635
