Index,Activation Value
48137,0.08819353580474854
42296,0.08297967165708542
28312,0.08203940838575363
59069,0.07848629355430603
34397,0.06834855675697327
39450,0.06615545600652695
17728,0.06534329056739807
58458,0.0639127641916275
32704,0.06279092282056808
14186,0.05978725478053093
