Index,Activation Value
2390,0.00332955876365304
53404,0.0015124051133170724
56096,0.0014453538460657
6190,0.00010426557855680585
