Index,Activation Value
49380,4.528922080993652
43725,3.236431360244751
19426,3.224151611328125
32696,3.012195110321045
19393,3.0026254653930664
5478,2.850006580352783
12458,2.8090505599975586
50700,2.781252861022949
50912,2.742487907409668
465,2.6941819190979004
