Index,Activation Value
40862,0.0022616840433329344
8396,0.0018893842352554202
25544,0.00030253964359872043
45858,6.754066998837516e-05
