Index,Activation Value
92077,0.016022877767682076
70776,0.00881912000477314
107925,0.007826663553714752
13090,0.0064299744553864
7334,0.003628544742241502
110108,0.0031749808695167303
12,0.0027204439975321293
66289,0.00128082069568336
74413,0.001036368077620864
24684,0.0009492085664533079
