Index,Activation Value
111011,0.023328173905611038
70349,0.02286810241639614
29450,0.015907589346170425
38228,0.01575871743261814
54956,0.014956953004002571
35254,0.013433832675218582
89243,0.013061750680208206
82475,0.011954246088862419
852,0.011944219470024109
18680,0.01182908657938242
