Index,Activation Value
13090,0.0024615430738776922
28425,0.0002235290448879823
96758,0.00015522503235843033
52183,4.064579570695059e-06
