Index,Activation Value
104537,0.007102524861693382
19627,0.0014879332156851888
52426,0.0012745426502078772
28910,0.0009759936365298927
53869,0.0008774594753049314
87758,0.000875147816259414
20663,0.0008329324773512781
14326,0.0007710193167440593
99629,0.00042596759158186615
110712,0.0003147889510728419
