Index,Activation Value
26778,0.08619974553585052
38924,0.08327475935220718
53579,0.05697498843073845
21467,0.05027468875050545
32727,0.04776471108198166
45313,0.03842349722981453
8019,0.0381183847784996
8080,0.03511423617601395
43197,0.03325430676341057
19868,0.030972104519605637
