Index,Activation Value
7145,0.20226357877254486
38127,0.1822950690984726
13411,0.16041332483291626
21161,0.15442374348640442
17169,0.15074092149734497
44036,0.14565758407115936
41410,0.1456502228975296
35367,0.1431943029165268
27203,0.14213517308235168
6799,0.13537710905075073
