Index,Activation Value
12344,0.11977137625217438
14022,0.11558450758457184
7866,0.09595989435911179
6156,0.0899701714515686
92077,0.08509181439876556
87758,0.07812844216823578
44436,0.07468488067388535
14983,0.0734720528125763
25887,0.0715911015868187
73908,0.0709151178598404
