Index,Activation Value
44569,0.040627703070640564
27683,0.04059731587767601
41844,0.039021916687488556
51614,0.03347549960017204
43178,0.030695386230945587
59069,0.025557536631822586
35033,0.025529339909553528
7125,0.02437746711075306
29465,0.02402760274708271
28312,0.022771760821342468
