Index,Activation Value
90842,0.030019940808415413
4738,0.020372744649648666
19627,0.019189974293112755
7334,0.018599186092615128
7351,0.014649197459220886
18680,0.013903514482080936
107925,0.013670790940523148
95769,0.01361863687634468
70349,0.013175331987440586
25849,0.012087230570614338
