Index,Activation Value
53579,5.124167728354223e-06
38924,3.669736997835571e-06
33011,1.3004957963858033e-06
21467,4.657607064473268e-07
