Index,Activation Value
21467,0.5368325114250183
53579,0.4914610683917999
8080,0.44571298360824585
1909,0.4415777027606964
33011,0.4390397071838379
44569,0.43297433853149414
24298,0.40982285141944885
13743,0.39435139298439026
32727,0.3885122537612915
38924,0.38740551471710205
