Index,Activation Value
15602,0.6404753923416138
17446,0.4940031170845032
6168,0.4875796437263489
28585,0.3932701647281647
53962,0.17174260318279266
