Index,Activation Value
56725,0.0537744015455246
52183,0.04905087128281593
60631,0.04871290549635887
33336,0.046961843967437744
28425,0.04211302474141121
27438,0.03358296677470207
28910,0.033109039068222046
86538,0.031161552295088768
83828,0.03070998378098011
99629,0.02905188500881195
