Index,Activation Value
45682,0.0360771007835865
17428,0.031978536397218704
44208,0.0283801332116127
56273,0.028245819732546806
41843,0.02581833116710186
22737,0.02268730103969574
37903,0.02206290513277054
58916,0.020648054778575897
33011,0.01892162673175335
30999,0.01860150136053562
