Index,Activation Value
62757,1.3456451892852783
104002,1.090053677558899
93275,1.0753285884857178
8482,0.97245192527771
78974,0.882573127746582
58288,0.5535778403282166
6788,0.4431326985359192
109602,0.3502107560634613
53090,0.3297395408153534
23492,0.190180242061615
