Index,Activation Value
38340,0.05305689200758934
26778,0.052413299679756165
45313,0.04950398579239845
32727,0.04831480607390404
19868,0.04508102685213089
51614,0.03911872208118439
773,0.03851919248700142
39837,0.03405308723449707
38432,0.031656939536333084
21467,0.026976201683282852
