Index,Activation Value
36473,4.051568031311035
24298,2.4667770862579346
17428,2.302432060241699
18000,2.086402177810669
56505,1.911548137664795
8349,1.7671629190444946
10570,1.7642649412155151
33011,1.5216336250305176
8019,1.4637088775634766
26073,1.4521551132202148
