Index,Activation Value
38127,0.1345210075378418
31056,0.10433094203472137
54944,0.09055351465940475
39812,0.08892104029655457
40818,0.08152294158935547
33391,0.07373803853988647
4817,0.06749564409255981
7444,0.0623779296875
19701,0.057090874761343
7783,0.056352399289608
