Index,Activation Value
13090,0.06194613501429558
33336,0.03620291128754616
56725,0.0258187223225832
97407,0.025709208101034164
70349,0.02056809701025486
95312,0.016468612477183342
89243,0.014723422937095165
52183,0.011698937974870205
109813,0.011458745226264
8897,0.01139797456562519
