Index,Activation Value
33011,0.012515667825937271
38924,0.010330144315958023
38127,0.009569297544658184
51769,0.008925455622375011
53579,0.00883703213185072
1909,0.0076118046417832375
14826,0.007151936646550894
26778,0.006861671805381775
7145,0.006521286442875862
56554,0.00601552426815033
