Index,Activation Value
36473,0.0419108010828495
17428,0.03411734476685524
56032,0.03199685737490654
43054,0.027050212025642395
54222,0.02602623589336872
579,0.025359386578202248
56007,0.025285080075263977
10570,0.02474132925271988
52855,0.02435053512454033
9480,0.023227181285619736
