Index,Activation Value
41843,0.03790357708930969
7145,0.029759421944618225
28855,0.025701355189085007
54222,0.022834569215774536
44208,0.02153274416923523
26073,0.020502042025327682
17428,0.019070962443947792
43178,0.018463879823684692
56032,0.017533235251903534
14721,0.01729249581694603
