Index,Activation Value
95769,0.00645776093006134
64204,0.004677050281316042
