Index,Activation Value
21467,0.2267916202545166
38340,0.17610016465187073
38127,0.16604582965373993
32727,0.16077552735805511
27547,0.14665374159812927
26174,0.13552430272102356
11450,0.133571058511734
25800,0.1301383525133133
44189,0.12944214046001434
20544,0.12207816541194916
