Index,Activation Value
29623,2.771559715270996
58436,2.371983289718628
41716,1.837241291999817
73579,1.5989893674850464
112567,1.3282543420791626
44667,1.2371472120285034
86092,1.1564304828643799
28065,1.100003957748413
106453,1.0951260328292847
23123,0.9534112215042114
