Index,Activation Value
96758,0.11875943839550018
83828,0.11237059533596039
103824,0.0941460058093071
107558,0.0879916101694107
88295,0.08210272341966629
56725,0.07923009246587753
6156,0.07353115826845169
12344,0.06325230747461319
37498,0.061891112476587296
18272,0.059128403663635254
