Index,Activation Value
16807,0.05742345750331879
592,0.05490470677614212
16089,0.053781963884830475
4825,0.05351906642317772
29372,0.05264809727668762
9017,0.05157995969057083
26012,0.05011087656021118
48304,0.046698521822690964
52683,0.04644979164004326
59041,0.04638161137700081
