Index,Activation Value
44569,0.07773774862289429
8019,0.05799376592040062
56855,0.053436025977134705
41844,0.043218374252319336
8396,0.04236558452248573
45313,0.04157736524939537
27547,0.03600217029452324
25657,0.03515123203396797
43054,0.03512343019247055
16549,0.034434281289577484
