Index,Activation Value
13655,0.04353012517094612
30430,0.038747504353523254
59288,0.0343165397644043
3366,0.03379257395863533
11450,0.03348705172538757
9816,0.030318692326545715
14320,0.024138329550623894
4417,0.022759689018130302
218,0.02178911305963993
25800,0.02147415652871132
