Index,Activation Value
29372,0.008854882791638374
63669,0.007466771174222231
26012,0.005125939380377531
66289,0.0025383990723639727
52847,0.002344552194699645
20779,0.0013615242205560207
64204,0.0012185743544250727
