Index,Activation Value
6786,0.9028050899505615
55909,0.6652647852897644
10755,0.49386927485466003
88672,0.31329697370529175
64011,0.21789009869098663
72142,0.21027761697769165
70748,0.17795009911060333
