Index,Activation Value
44569,0.5997018218040466
21467,0.5321364998817444
53579,0.49310973286628723
24298,0.4899326264858246
38924,0.48076480627059937
8080,0.41577139496803284
1909,0.41403481364250183
8019,0.35463690757751465
1859,0.3525567948818207
36473,0.33904552459716797
