Index,Activation Value
33011,0.13593114912509918
53579,0.1328020542860031
38924,0.11271218210458755
44569,0.09286484122276306
1909,0.08631254732608795
58249,0.08580613136291504
21467,0.07985995709896088
36473,0.07958121597766876
26778,0.07819497585296631
13179,0.07510680705308914
