Index,Activation Value
53579,0.030539479106664658
24298,0.029930025339126587
33011,0.026024341583251953
8019,0.024189282208681107
8080,0.021483927965164185
36212,0.021433906629681587
54138,0.021068695932626724
9816,0.020761020481586456
26778,0.01967223547399044
38924,0.018874872475862503
