Index,Activation Value
12344,0.11384126543998718
14022,0.1050662025809288
103694,0.08035628497600555
67509,0.07428070157766342
3413,0.07300373166799545
73908,0.07261551171541214
15629,0.06852374225854874
7351,0.0657346248626709
7866,0.0653192549943924
11918,0.06318411976099014
