Index,Activation Value
33011,0.000725884863641113
8080,0.0003132701385766268
8396,0.0002978357078973204
44569,0.00017229547665920109
18000,8.289639663416892e-05
59288,2.5628538423916325e-05
