Index,Activation Value
16089,0.032113347202539444
35254,0.021943388506770134
52426,0.01979367434978485
2871,0.01647401601076126
66353,0.013433531858026981
108688,0.013179758563637733
22202,0.01255421619862318
87758,0.010351679287850857
22230,0.010056501254439354
65367,0.01003150176256895
