Index,Activation Value
38924,0.199409618973732
26778,0.13970057666301727
53579,0.12703503668308258
21467,0.12254621833562851
58249,0.12145866453647614
33011,0.09807901084423065
56855,0.09753081947565079
38432,0.08983926475048065
8396,0.08618731051683426
38340,0.08405011147260666
