Index,Activation Value
32727,0.030655546113848686
38924,0.025760412216186523
57551,0.025578321889042854
58249,0.02066139690577984
45313,0.020032908767461777
13743,0.01876370795071125
38340,0.018301595002412796
52440,0.01689961925148964
14826,0.01636766642332077
25657,0.015988390892744064
