Index,Activation Value
21467,0.09269923716783524
53589,0.0919269472360611
19868,0.08601046353578568
25657,0.07560385763645172
36212,0.07255677878856659
38432,0.06818606704473495
8396,0.06541892886161804
38924,0.06524542719125748
28561,0.05362666770815849
57551,0.053190261125564575
