Index,Activation Value
12109,0.27409401535987854
106263,0.21154193580150604
93127,0.18743684887886047
20989,0.18385164439678192
84190,0.16394686698913574
98997,0.12527874112129211
88510,0.1055670753121376
27355,0.08458900451660156
48336,0.06454522162675858
95518,0.05089345946907997
