Index,Activation Value
90832,0.3682534992694855
44667,0.2740570902824402
112567,0.2325124740600586
62863,0.17869187891483307
30593,0.16815920174121857
103460,0.016534950584173203
