Index,Activation Value
44667,1.1031099557876587
90785,0.33931922912597656
85185,0.16568005084991455
1825,0.13794788718223572
29356,0.12983496487140656
48123,0.12556107342243195
106510,0.1182616800069809
49574,0.1142914891242981
16090,0.013225321657955647
