Index,Activation Value
53579,0.001807596068829298
21467,0.0013211596524342895
38924,0.0006036595441401005
