Index,Activation Value
103825,0.07021711766719818
17608,0.06866918504238129
36398,0.0677429810166359
14022,0.06630036234855652
44818,0.06294142454862595
31914,0.06084761396050453
92077,0.05919782072305679
3311,0.05622750148177147
38274,0.055009420961141586
86756,0.054400552064180374
