Index,Activation Value
93685,0.06854061037302017
80233,0.06355659663677216
102181,0.0514444075524807
87491,0.04751840978860855
16807,0.040681809186935425
71180,0.03530151769518852
105112,0.03131210058927536
4765,0.028248412534594536
67831,0.02776642143726349
30030,0.02598182111978531
