Index,Activation Value
36212,0.662501335144043
56855,0.6430743336677551
8396,0.6377665996551514
29340,0.5759703516960144
38432,0.4409010708332062
25657,0.4090547561645508
21467,0.40272021293640137
19868,0.3576332926750183
38924,0.3568693697452545
4530,0.3544183075428009
