Index,Activation Value
53579,0.10838936269283295
38924,0.08614180982112885
26778,0.07098395377397537
58249,0.06369245052337646
14826,0.0562143549323082
21467,0.056134071201086044
7683,0.056110795587301254
9816,0.05160537362098694
30430,0.047546956688165665
27547,0.04686018079519272
