Index,Activation Value
21467,0.004136631730943918
36212,0.00346181052736938
