Index,Activation Value
21467,0.1730967015028
33011,0.1548757404088974
38432,0.14527222514152527
36212,0.14513453841209412
8396,0.12586767971515656
24298,0.12515538930892944
38340,0.1228296309709549
45313,0.12203972786664963
53589,0.12045504152774811
32727,0.11888131499290466
