Index,Activation Value
20235,2.6007816791534424
34547,2.5184574127197266
2789,2.330251693725586
11104,2.085932731628418
38783,1.9277957677841187
27477,1.9211015701293945
34604,1.8859243392944336
18816,1.8646748065948486
20616,1.8501827716827393
32782,1.843457579612732
