Index,Activation Value
49456,0.06793650984764099
97407,0.06491396576166153
15003,0.06441347301006317
48820,0.06328500062227249
17608,0.062373675405979156
75996,0.06154482066631317
53715,0.061405591666698456
16107,0.059100352227687836
17902,0.057593461126089096
112731,0.055027417838573456
