Index,Activation Value
28425,0.016348393633961678
9293,0.01206860039383173
93275,0.010255485773086548
107925,0.009778260253369808
54956,0.008630475960671902
92881,0.007664720993489027
4141,0.005485581699758768
105537,0.0053846510127186775
3311,0.005365955177694559
104002,0.005348087288439274
