Index,Activation Value
72094,0.14213718473911285
92077,0.10504107177257538
110108,0.07788529247045517
42476,0.07568798959255219
20535,0.07441793382167816
7334,0.0726531445980072
103825,0.07048269361257553
12344,0.06790741533041
27191,0.06662148237228394
70776,0.06582602113485336
