Index,Activation Value
7145,0.016506142914295197
9049,0.011442530900239944
59924,0.006781189236789942
34520,0.0035072644241154194
44569,0.0023377910256385803
20982,0.0022392021492123604
56095,0.0015649263514205813
