Index,Activation Value
36212,0.24450145661830902
8396,0.18580052256584167
19868,0.15921705961227417
56855,0.14942526817321777
29340,0.14116770029067993
25657,0.12702825665473938
53579,0.12091077119112015
55023,0.1088998019695282
4530,0.1083049476146698
25802,0.104984350502491
