Index,Activation Value
21467,0.4731703996658325
38924,0.4250912666320801
8019,0.3987381160259247
53579,0.39317935705184937
8080,0.35587558150291443
38432,0.3548142611980438
24298,0.3441341817378998
32727,0.33845826983451843
27547,0.31214794516563416
44569,0.28488099575042725
