Index,Activation Value
24298,0.012142705731093884
29465,0.010847845114767551
8019,0.008017046377062798
14706,0.0075920987874269485
31723,0.0074598821811378
36944,0.007257123477756977
27547,0.006551704369485378
27399,0.006247480865567923
7145,0.006139128934592009
20435,0.005689533427357674
