Index,Activation Value
36473,0.0968102440237999
24298,0.06298943608999252
44569,0.055746521800756454
27547,0.049733370542526245
8080,0.048204205930233
8019,0.03304045647382736
18000,0.03141389787197113
1859,0.030919184908270836
21467,0.030866127461194992
32727,0.029708493500947952
