Index,Activation Value
21467,0.02926012873649597
38432,0.014580602757632732
8080,0.01409251056611538
19868,0.012618530541658401
43054,0.012217674404382706
44569,0.011086106300354004
38340,0.010989035479724407
41844,0.009382067248225212
30430,0.008542834781110287
45313,0.00844136718660593
