Index,Activation Value
16549,0.02877246029675007
45858,0.028144491836428642
2656,0.023027190938591957
26518,0.02013329789042473
44964,0.01865164190530777
5476,0.018207840621471405
54927,0.01807558722794056
14465,0.01776021346449852
25087,0.017699668183922768
14960,0.016852524131536484
