Index,Activation Value
88571,0.15457861125469208
13090,0.11260313540697098
28425,0.10464346408843994
99629,0.09479079395532608
28910,0.09326285868883133
104537,0.08835471421480179
52183,0.08701223134994507
852,0.07987308502197266
6550,0.07946185022592545
100884,0.07557030022144318
