Index,Activation Value
52426,0.11008310317993164
14022,0.09072753041982651
7334,0.08925850689411163
44818,0.08755499124526978
107995,0.08682738244533539
12589,0.08587197959423065
91875,0.07992333918809891
14326,0.07981882989406586
67509,0.07916480302810669
107925,0.07899808138608932
