Index,Activation Value
26986,0.5781686902046204
5475,0.0033656260930001736
