Index,Activation Value
31904,0.17864245176315308
14721,0.11730514466762543
3932,0.11091549694538116
32604,0.08855791389942169
88,0.08597637712955475
14147,0.07769972831010818
54405,0.07769893854856491
11450,0.07695997506380081
49243,0.074753038585186
3829,0.06785807758569717
