Index,Activation Value
38247,0.07038835436105728
39547,0.06185778230428696
36944,0.060564640909433365
38127,0.06050800904631615
36625,0.05920542776584625
15397,0.05798929184675217
20435,0.05775565281510353
56855,0.05648568272590637
218,0.055867597460746765
58249,0.05569818615913391
