Index,Activation Value
28910,0.17975321412086487
13090,0.14430083334445953
852,0.1074557900428772
28425,0.1010361760854721
49456,0.09996838122606277
99629,0.09884009510278702
37498,0.08884777873754501
60631,0.08480124920606613
52183,0.08333969861268997
70349,0.08322650194168091
