Index,Activation Value
53579,0.030667375773191452
8019,0.02198198437690735
8080,0.020077120512723923
18000,0.01864032633602619
24298,0.016959767788648605
26778,0.012486396357417107
54138,0.00928586907684803
27547,0.008861255832016468
33011,0.007168647367507219
32727,0.0068896859884262085
