Index,Activation Value
12,0.07885928452014923
66000,0.06790035218000412
111011,0.06737679988145828
25887,0.0551924891769886
33336,0.04916554316878319
7351,0.04881817474961281
16089,0.04736655578017235
67433,0.04654272645711899
76908,0.04539542272686958
44818,0.0404263436794281
