Index,Activation Value
39547,0.004888370167464018
54222,0.004382625222206116
9816,0.0020800482016056776
5476,0.0016112853772938251
49406,0.0006415770621970296
56545,0.0006028395146131516
