Index,Activation Value
13090,0.028620988130569458
37498,0.017407873645424843
60631,0.014961708337068558
56725,0.007789292838424444
66000,0.007079117000102997
59998,0.006501128897070885
74331,0.00419093482196331
72094,0.003954194486141205
112731,0.00331688579171896
14326,0.0021248485427349806
