Index,Activation Value
102181,0.08751628547906876
60806,0.07119645178318024
12832,0.06379256397485733
19627,0.06357141584157944
7334,0.0634162500500679
62662,0.06237059086561203
3082,0.06147875636816025
71153,0.05855549871921539
29567,0.05800890922546387
88273,0.057939790189266205
