Index,Activation Value
19223,0.16309376060962677
26262,0.13824935257434845
41648,0.08850862830877304
3567,0.05835108831524849
78491,0.013316594064235687
