Index,Activation Value
21467,0.06989358365535736
38924,0.06165030226111412
58249,0.05500929802656174
48137,0.03948453068733215
16261,0.031729090958833694
28312,0.03141822665929794
42296,0.030798329040408134
56554,0.029841693118214607
34397,0.029001886025071144
12474,0.02804153598845005
