Index,Activation Value
715,0.20363454520702362
10910,0.01649872027337551
