Index,Activation Value
44569,0.07381478697061539
8019,0.06450004875659943
21467,0.06095010042190552
54138,0.060763824731111526
8080,0.05841204151511192
33011,0.05289747193455696
1859,0.052333228290081024
24298,0.04826022684574127
53579,0.04134582728147507
1909,0.03602005913853645
