Index,Activation Value
13090,0.0034266961738467216
60631,0.0005969483172520995
