Index,Activation Value
29340,0.1838308870792389
53582,0.1673344224691391
59924,0.14986105263233185
24565,0.13464385271072388
31736,0.10418027639389038
8302,0.10052422434091568
26518,0.09445029497146606
2792,0.08925525099039078
56855,0.08407791703939438
52735,0.08211328089237213
