Index,Activation Value
56855,0.008578052744269371
8396,0.007266272325068712
36212,0.007103826384991407
36473,0.006366577930748463
55023,0.004964353982359171
21467,0.00486995093524456
1909,0.004840296693146229
45313,0.004759601783007383
42887,0.004748794715851545
33011,0.004690210334956646
