Index,Activation Value
13090,0.04397069662809372
107925,0.0321572907269001
60631,0.03127030283212662
7351,0.0307461004704237
28910,0.030711250379681587
35254,0.02941623143851757
70349,0.028949588537216187
12,0.028295811265707016
44123,0.027090830728411674
90842,0.025087187066674232
