Index,Activation Value
48473,0.0017464731354266405
24235,0.0014547748723998666
