Index,Activation Value
99629,0.025165937840938568
7351,0.023456251248717308
61123,0.021115725859999657
70776,0.019920077174901962
28425,0.019318511709570885
49456,0.015868423506617546
28910,0.015359214507043362
52183,0.014735531061887741
11313,0.014390303753316402
59998,0.013693026266992092
