Index,Activation Value
24298,0.048161834478378296
8019,0.02978626824915409
36473,0.02862204797565937
44569,0.02785378135740757
54138,0.027764057740569115
8080,0.022959312424063683
1859,0.014912178739905357
53579,0.014231357723474503
1909,0.014010472223162651
18000,0.01152641698718071
