Index,Activation Value
36625,0.05301908403635025
20435,0.0495600551366806
36944,0.04459061473608017
4055,0.04444630444049835
27399,0.04086582362651825
52585,0.039252590388059616
58458,0.039032112807035446
48137,0.03819480538368225
32704,0.03766902908682823
15111,0.03751973435282707
