Index,Activation Value
53579,0.00393591308966279
8080,0.0009620184428058565
27547,0.0006081661558710039
