Index,Activation Value
107551,0.07757890969514847
25887,0.07448725402355194
107558,0.07156448066234589
8774,0.07150839269161224
852,0.06631212681531906
103991,0.06481453031301498
7942,0.06462045758962631
88937,0.060455381870269775
59998,0.06038563698530197
75310,0.0546320304274559
