Index,Activation Value
92077,0.011487007141113281
105073,0.007597265299409628
15037,0.006971506867557764
1267,0.006646476220339537
8826,0.004892543889582157
36421,0.004550697281956673
19627,0.004450174048542976
52426,0.004173663444817066
30755,0.00392847741022706
4738,0.0037964305374771357
