Index,Activation Value
27334,2.1928014755249023
102181,2.078136444091797
6173,2.009106397628784
96234,1.4292351007461548
89903,1.0633602142333984
96654,1.0411372184753418
110434,1.023551106452942
71061,0.999168872833252
22451,0.9453494548797607
93358,0.8708251714706421
