Index,Activation Value
65152,0.19442357122898102
88384,0.01159693393856287
