Index,Activation Value
1909,0.012057780288159847
38127,0.00877203606069088
59288,0.005693014711141586
29340,0.004404015373438597
7145,0.0032279957085847855
58249,0.002802313305437565
36212,0.0017606785986572504
56855,0.0017097585368901491
1859,0.0016751739894971251
36473,0.0016181847313418984
