Index,Activation Value
8019,0.05565399304032326
24298,0.0513896569609642
44569,0.045881327241659164
54138,0.045041296631097794
8080,0.04127936810255051
32727,0.03330141678452492
27547,0.030539749190211296
53579,0.02982856146991253
1859,0.02884545549750328
21467,0.02831079624593258
