Index,Activation Value
24298,0.023996684700250626
36473,0.020670032128691673
33011,0.015217870473861694
18000,0.011242191307246685
54138,0.007008057087659836
41843,0.006697445642203093
44743,0.006288585253059864
1909,0.005942096933722496
40818,0.0059072417207062244
49406,0.005453943740576506
