Index,Activation Value
55426,0.1050729975104332
29372,0.061271894723176956
25024,0.06112261116504669
63669,0.05664718151092529
74354,0.04524698480963707
91430,0.04419087618589401
26012,0.04245669022202492
6156,0.03827052563428879
82590,0.038212645798921585
17690,0.03764590620994568
