Index,Activation Value
96758,0.010763983242213726
12589,0.009080082178115845
101572,0.004446925595402718
81064,0.0037211712915450335
56725,0.002143787918612361
107925,0.0021029715426266193
42192,0.00028399063739925623
