Index,Activation Value
20435,0.2117682844400406
52585,0.18560244143009186
44743,0.18087664246559143
49406,0.1688963621854782
8349,0.16731546819210052
21191,0.16450349986553192
56096,0.16418969631195068
19701,0.1625010222196579
52382,0.16242924332618713
4817,0.16006092727184296
