Index,Activation Value
106722,0.5035430788993835
31078,0.17426005005836487
62882,0.10303442925214767
35087,0.04363616555929184
