Index,Activation Value
4191,0.02662203088402748
47264,0.023971449583768845
773,0.02100072056055069
58963,0.0170983225107193
31194,0.014211038127541542
14915,0.013938487507402897
8302,0.012251109816133976
26518,0.011731275357306004
3689,0.011399421840906143
33011,0.010063042864203453
