Index,Activation Value
59924,0.20030377805233002
7145,0.15052376687526703
31723,0.14319752156734467
43164,0.13679513335227966
43115,0.1341354101896286
9049,0.11720354855060577
14706,0.11335234344005585
31684,0.11151649802923203
11478,0.10968083888292313
53338,0.10816234350204468
