Index,Activation Value
90842,2.5050408840179443
19627,2.468635082244873
107925,2.39375638961792
56678,2.2586519718170166
88485,2.089845895767212
37871,1.9031157493591309
31914,1.8984425067901611
38274,1.8359620571136475
90755,1.8049472570419312
28664,1.7774810791015625
