Index,Activation Value
67509,0.022204317152500153
104537,0.010080138221383095
15751,0.009985337033867836
36398,0.009822258725762367
85185,0.009451824240386486
49456,0.009155696257948875
8914,0.008726620115339756
107558,0.008570699952542782
87491,0.008177871815860271
33336,0.007835670374333858
