Index,Activation Value
29340,0.01746954582631588
43178,0.010836601257324219
218,0.009572943672537804
38127,0.00778960669413209
56855,0.0063988398760557175
43054,0.006104970350861549
36212,0.006018849089741707
43164,0.004462128039449453
7125,0.004419070202857256
25800,0.004411690402776003
