Index,Activation Value
27547,0.01601141318678856
44569,0.012197992764413357
38432,0.009995836764574051
13743,0.008927940391004086
31736,0.008396394550800323
8080,0.007851216942071915
24298,0.007727623451501131
38340,0.007454931735992432
33607,0.007317117881029844
48137,0.007232693023979664
