Index,Activation Value
56855,0.13502760231494904
38764,0.12702801823616028
53582,0.12676888704299927
3689,0.1250380575656891
7125,0.11676248908042908
39247,0.10949471592903137
13179,0.10797861218452454
35367,0.10583289712667465
43164,0.10170793533325195
773,0.1008412092924118
