Index,Activation Value
8019,0.30481526255607605
21467,0.2956237494945526
24298,0.2595127522945404
44569,0.2281971424818039
1859,0.21236251294612885
8080,0.20272094011306763
47257,0.19691583514213562
53579,0.19041414558887482
32757,0.17980162799358368
218,0.17978176474571228
