Index,Activation Value
36473,0.055954594165086746
22371,0.03625050559639931
9049,0.03592671826481819
1909,0.029782576486468315
31723,0.02939489111304283
23444,0.02675762213766575
38924,0.02257731556892395
27801,0.02173261158168316
7444,0.02071988582611084
45538,0.020294111222028732
