Index,Activation Value
29465,0.01766672544181347
36212,0.014773981645703316
47257,0.012225435115396976
13743,0.012037882581353188
41844,0.010275138542056084
43115,0.009751793928444386
25657,0.008315807208418846
52440,0.008072933182120323
57551,0.007466980721801519
4530,0.004420948680490255
