Index,Activation Value
13743,0.17612673342227936
773,0.15206174552440643
53589,0.14611002802848816
57551,0.14208753407001495
56855,0.12945161759853363
54927,0.12888526916503906
38340,0.12668175995349884
39837,0.12381796538829803
16549,0.11833430081605911
43115,0.11557542532682419
