Index,Activation Value
21467,0.6377179622650146
8396,0.4727422297000885
36212,0.4436081647872925
56855,0.42593279480934143
38432,0.4258385896682739
38924,0.3973041772842407
19868,0.3846186697483063
53579,0.3768894076347351
8080,0.3757457435131073
26778,0.36285972595214844
