Index,Activation Value
24409,2.927777051925659
43054,2.92026686668396
32881,2.0896735191345215
4930,1.5786439180374146
19088,1.1448618173599243
2354,1.071030616760254
50938,0.9229644536972046
16469,0.9005635976791382
23665,0.5694392919540405
22813,0.49290379881858826
