Index,Activation Value
36212,0.008646746166050434
8396,0.00765543757006526
56855,0.006259621120989323
25657,0.0059019275940954685
51614,0.004293691832572222
52440,0.002963063772767782
53589,0.0026292328257113695
44269,0.0021873789373785257
30430,0.0012729823356494308
14826,0.0006802785210311413
