Index,Activation Value
21549,0.18824495375156403
47448,0.12504276633262634
70776,0.12059113383293152
101572,0.11458531767129898
40355,0.10354267805814743
62662,0.10102201998233795
11313,0.10087073594331741
61123,0.10017456859350204
67013,0.09661027789115906
108542,0.09480495005846024
