Index,Activation Value
21467,0.001951339771039784
33011,0.001479446655139327
38432,0.0013073498848825693
44569,0.0009646867983974516
8080,0.0009477951098233461
53579,0.0009325464488938451
24298,0.0007651633932255208
38924,0.0006838418776169419
26778,0.0005504640867002308
18000,0.00048775377217680216
