Index,Activation Value
37498,0.0312899574637413
60631,0.006939088925719261
36173,0.006901904940605164
56725,0.005692888516932726
16158,0.005625460296869278
67013,0.0032889798749238253
52426,0.002360592596232891
105073,0.000992276007309556
16107,0.0008911392651498318
86756,0.000848569325171411
