Index,Activation Value
37498,0.017207110300660133
13090,0.0132677610963583
12942,0.012918727472424507
99629,0.012053758837282658
58045,0.011788839474320412
100740,0.011497845873236656
592,0.011189032346010208
75310,0.010503820143640041
52183,0.01045218389481306
16807,0.010227177292108536
