Index,Activation Value
25802,0.06956668198108673
54927,0.06714977324008942
41694,0.06561639159917831
25624,0.0559852235019207
22757,0.050619203597307205
19589,0.050204746425151825
9084,0.04589546099305153
6366,0.04512062668800354
52977,0.04407515004277229
24876,0.04376921430230141
