Index,Activation Value
33011,0.07528748363256454
8080,0.06879261881113052
53579,0.06616853922605515
27547,0.06488998234272003
26778,0.061251167207956314
56855,0.059353116899728775
29340,0.05737047642469406
38924,0.05143151059746742
54138,0.050216443836688995
21467,0.04834168776869774
