Index,Activation Value
7334,0.08963274955749512
88571,0.08355021476745605
19627,0.08274301886558533
3082,0.07978124916553497
4264,0.07910852879285812
71879,0.07229168713092804
108688,0.07196180522441864
61123,0.06873741000890732
82590,0.06639982014894485
91430,0.06579428911209106
