Index,Activation Value
27789,0.004254422150552273
31227,0.00111197039950639
12942,0.001062998897396028
35254,0.0001097000713343732
