Index,Activation Value
29465,0.006721733137965202
33607,0.0050176274962723255
54222,0.0023291725665330887
28561,0.0021143495105206966
21565,0.0007101752562448382
28855,0.0005718610482290387
24565,0.0004219793772790581
43178,3.824611849267967e-05
