Index,Activation Value
8396,0.11586674302816391
56855,0.10719112306833267
2792,0.06454042345285416
29340,0.06344681233167648
4191,0.060103513300418854
53582,0.05771151930093765
51163,0.054935503751039505
43541,0.054031431674957275
45682,0.0537620447576046
18255,0.05041215196251869
