Index,Activation Value
44569,0.043335992842912674
38924,0.043097663670778275
56855,0.03731151670217514
24298,0.029626470059156418
8396,0.02838738262653351
1909,0.02682202123105526
36212,0.02674442157149315
26778,0.026569604873657227
8019,0.02557438053190708
53579,0.025068018585443497
