Index,Activation Value
36473,0.20918838679790497
44569,0.16328248381614685
1859,0.1307322084903717
17428,0.12327837198972702
56007,0.11177585273981094
579,0.09897836297750473
24298,0.09594602137804031
1976,0.09593287110328674
9480,0.0891585573554039
26073,0.0853622704744339
