Index,Activation Value
8396,0.0004172153421677649
36212,0.0002592288365121931
56855,0.00014102889690548182
