Index,Activation Value
29322,1.1503353118896484
66446,0.8595816493034363
82846,0.7091630697250366
54956,0.48507776856422424
112553,0.4847412407398224
47907,0.4696275293827057
87491,0.3852662146091461
62416,0.3373694121837616
23720,0.19249604642391205
111500,0.10863115638494492
