Index,Activation Value
27399,0.034694913774728775
58458,0.03148283064365387
7145,0.03082776628434658
20435,0.0292521845549345
32704,0.028935635462403297
54327,0.028101304545998573
26475,0.02736518904566765
6190,0.027258170768618584
21191,0.02656228467822075
32254,0.026541274040937424
