Index,Activation Value
71879,0.09743744879961014
66000,0.06784696131944656
55426,0.06540720909833908
103008,0.06462930887937546
64204,0.06387904286384583
55779,0.06328798830509186
111056,0.06321246922016144
72094,0.05996738746762276
12344,0.05828605592250824
47884,0.05599886178970337
