Index,Activation Value
73501,1.1201292276382446
104655,1.10316801071167
26376,0.9947183132171631
42981,0.7678794264793396
107676,0.6568805575370789
43102,0.6340412497520447
97691,0.6113791465759277
10388,0.4701251685619354
67625,0.29943305253982544
66575,0.2580970227718353
