Index,Activation Value
38924,0.06952119618654251
36473,0.06409992277622223
33011,0.061640363186597824
21467,0.06151699647307396
1909,0.0569232776761055
8080,0.051724836230278015
20435,0.048996008932590485
4817,0.046226970851421356
13179,0.04514924809336662
26778,0.0445091649889946
