Index,Activation Value
24716,0.44933846592903137
35279,0.34615203738212585
5300,0.0709039568901062
37901,0.0113525977358222
