Index,Activation Value
38127,0.24896955490112305
44569,0.21923938393592834
40678,0.17690753936767578
1859,0.1580236405134201
27547,0.15157479047775269
3366,0.147049680352211
55731,0.14195530116558075
8080,0.11147989332675934
11450,0.10695506632328033
9816,0.10463722050189972
