Index,Activation Value
101572,0.09764107316732407
27789,0.08390910923480988
88295,0.07339121401309967
73501,0.07130955904722214
4738,0.06651657074689865
52426,0.061639927327632904
107558,0.05896618217229843
110712,0.05627477541565895
103008,0.05550336092710495
65993,0.05347445607185364
