Index,Activation Value
33336,0.050915949046611786
59998,0.02461894415318966
12589,0.022667018696665764
6786,0.02240803651511669
64204,0.02183840423822403
22227,0.020768029615283012
54105,0.019054986536502838
8062,0.018826782703399658
30064,0.018296407535672188
52683,0.017654787749052048
