Index,Activation Value
4740,1.257947564125061
101850,1.220629096031189
57033,1.180964708328247
82828,0.9758799076080322
1001,0.950356125831604
6368,0.8838744759559631
36438,0.8748422265052795
80428,0.8533222079277039
39432,0.8289937973022461
37925,0.8218403458595276
