Index,Activation Value
38340,0.015861762687563896
38924,0.0072051663883030415
21467,0.005161710549145937
7145,0.00396534102037549
53589,0.00392496632412076
43054,0.00381404347717762
38432,0.003154183505102992
29340,0.0030084860045462847
36944,0.002986713545396924
13743,0.0022804937325417995
