Index,Activation Value
70349,0.015225798822939396
89243,0.013446510769426823
49456,0.012925018556416035
96758,0.012864489108324051
95312,0.00999071542173624
83828,0.009667228907346725
66000,0.005552293267101049
52683,0.00478195259347558
81123,0.004654713440686464
97407,0.004329901188611984
