Index,Activation Value
9816,0.026732584461569786
43197,0.026317153126001358
24298,0.025622446089982986
8019,0.025492552667856216
54138,0.021388307213783264
42887,0.016972575336694717
27547,0.016971392557024956
32727,0.015548900701105595
56505,0.013589194044470787
57163,0.01265757530927658
