Index,Activation Value
33011,0.2823564410209656
773,0.22239984571933746
38247,0.1785239428281784
39837,0.14036883413791656
19701,0.11646319180727005
13179,0.10877803713083267
44964,0.10273521393537521
56554,0.0981452614068985
45858,0.09592235088348389
18899,0.09223315864801407
