Index,Activation Value
51163,0.10392719507217407
32604,0.10212109982967377
44208,0.09716885536909103
34156,0.08314003050327301
44948,0.08281123638153076
56902,0.08011436462402344
27100,0.07657406479120255
22362,0.07543141394853592
4191,0.07520081102848053
3400,0.07504753023386002
