Index,Activation Value
28910,0.10630329698324203
107995,0.08346820622682571
107551,0.07589435577392578
104537,0.07412954419851303
92881,0.06976305693387985
55779,0.0697624459862709
8774,0.06967797875404358
56266,0.06962410360574722
52426,0.06816587597131729
9293,0.0672537162899971
