Index,Activation Value
32704,0.0021002481225878
48137,0.001965608913451433
773,0.00175276433583349
34397,0.0009161225170828402
32254,0.000176349189132452
43054,0.00010213720088358968
