Index,Activation Value
43164,0.08681683987379074
25544,0.05461645871400833
7145,0.053545549511909485
35367,0.0498124361038208
3400,0.048740047961473465
57009,0.04576563462615013
47407,0.045723605901002884
31684,0.0443592295050621
36875,0.0440257266163826
21161,0.04226524010300636
