Index,Activation Value
57892,0.040151678025722504
16549,0.03291347995400429
17999,0.026590676978230476
15111,0.025258852168917656
32661,0.02147870697081089
18760,0.021458880975842476
31213,0.020907999947667122
49256,0.020431971177458763
36944,0.020063135772943497
36625,0.0200075414031744
