Index,Activation Value
21467,0.1401267647743225
53579,0.09144794195890427
38924,0.06697523593902588
36212,0.06669920682907104
59288,0.04729443043470383
8080,0.04253155738115311
38432,0.04190903902053833
56855,0.04045095294713974
8396,0.040272656828165054
55023,0.03849440813064575
