Index,Activation Value
38924,3.751328229904175
58249,3.180699586868286
53579,2.814876079559326
38247,1.6444541215896606
1909,1.5077426433563232
26778,1.461806058883667
56554,1.3855946063995361
33011,1.354429841041565
8080,0.9598939418792725
36473,0.6948047876358032
