Index,Activation Value
12344,0.024344494566321373
52183,0.01983589120209217
59998,0.017313314601778984
31199,0.01704193837940693
91875,0.01691238395869732
82590,0.016302086412906647
22092,0.015695521607995033
103825,0.015407823957502842
73908,0.015167498961091042
88546,0.013997949659824371
