Index,Activation Value
36473,0.20543576776981354
32696,0.12180466204881668
59924,0.07699230313301086
17428,0.07415368407964706
5319,0.07100969552993774
5478,0.06878209859132767
465,0.05926131457090378
22737,0.05543798208236694
1909,0.053256772458553314
45682,0.051003824919462204
