Index,Activation Value
66000,0.09403979033231735
852,0.07455179840326309
110712,0.0660429447889328
67013,0.06097960099577904
33336,0.060774065554142
45447,0.05306072533130646
105073,0.04787798225879669
47884,0.04773402586579323
65993,0.04754599556326866
27328,0.046118635684251785
