Index,Activation Value
35168,0.3594559133052826
41289,0.341519832611084
16870,0.23090149462223053
12166,0.09434013813734055
37399,0.05213518813252449
28017,0.0011325631057843566
