Index,Activation Value
21467,0.1756819188594818
38432,0.14925308525562286
54138,0.14540602266788483
27547,0.1447141021490097
8080,0.14312545955181122
32727,0.12480967491865158
8019,0.11919198930263519
53579,0.11746075004339218
38924,0.11627276986837387
36212,0.11080344766378403
