Index,Activation Value
53579,0.6552112102508545
21467,0.6084823608398438
44569,0.602362871170044
38924,0.5931695103645325
8080,0.5824129581451416
27547,0.5667547583580017
8019,0.5182015895843506
9816,0.5058769583702087
24298,0.49025365710258484
26778,0.48911935091018677
