Index,Activation Value
58963,3.819899559020996
47639,3.5706379413604736
52977,3.0458590984344482
18379,2.8185949325561523
42289,2.789944887161255
46490,2.6329846382141113
42342,2.609675168991089
8635,2.488722324371338
57119,2.451331853866577
44249,2.4399445056915283
