Index,Activation Value
22813,0.011854547075927258
57009,0.008935743011534214
24934,0.008227752521634102
53314,0.005414336919784546
43150,0.00518505135551095
18164,0.004175183828920126
26568,0.0025142659433186054
50700,0.0023357903119176626
32696,0.0020640811417251825
16486,0.001914683380164206
