Index,Activation Value
67482,0.8706457614898682
3472,0.7830198407173157
54366,0.7741000056266785
84249,0.7471721172332764
73660,0.6436679363250732
73802,0.584504246711731
30458,0.33026614785194397
40947,0.33026397228240967
41336,0.24496780335903168
59090,0.21131666004657745
