Index,Activation Value
1909,0.23010048270225525
44569,0.2299249917268753
24298,0.22987790405750275
43054,0.21711574494838715
9816,0.21015392243862152
39547,0.18846306204795837
21161,0.18755967915058136
35684,0.18256819248199463
1859,0.17666567862033844
42887,0.17628668248653412
