Index,Activation Value
29340,0.004384689498692751
56855,0.003538150805979967
24298,0.0029277647845447063
21467,0.0024800559040158987
36212,0.0022196280770003796
8019,0.00195513223297894
8396,0.0009035238763317466
55023,0.000893382471986115
54138,0.0007838252931833267
29465,0.000424986588768661
