Index,Activation Value
38924,0.017162758857011795
53579,0.005134498700499535
45313,0.005112911574542522
38340,0.001809373963624239
56855,0.0006649061106145382
21467,0.000248827418545261
