Index,Activation Value
29340,0.08222780376672745
36212,0.07659541070461273
56855,0.0691077783703804
8396,0.061685677617788315
43115,0.034187935292720795
25657,0.03195181488990784
52440,0.026117581874132156
4530,0.024157648906111717
53582,0.024014050140976906
41844,0.022096697241067886
