Index,Activation Value
53579,0.009319203905761242
8080,0.008725031279027462
38924,0.007768680807203054
54138,0.0073194922879338264
33011,0.005457698833197355
21467,0.005226455628871918
8019,0.004127104766666889
24298,0.0036963389720767736
26778,0.003494004486128688
58249,0.003437591250985861
