Index,Activation Value
29340,0.2228650450706482
56855,0.21763044595718384
8396,0.19456477463245392
25657,0.1919681578874588
36473,0.19171126186847687
38924,0.18941769003868103
21467,0.16337214410305023
55023,0.16148225963115692
33011,0.1514180451631546
43178,0.13881435990333557
