Index,Activation Value
43054,0.1710834503173828
58963,0.13612201809883118
47257,0.12529516220092773
3204,0.090133897960186
46682,0.08405891060829163
21467,0.08395479619503021
46490,0.07944278419017792
56095,0.0787954181432724
28855,0.07110919803380966
773,0.07097724080085754
