Index,Activation Value
54138,0.07859920710325241
58249,0.06397954374551773
24298,0.05251846835017204
18000,0.03736817091703415
48137,0.03637339919805527
8080,0.03412647917866707
11257,0.033749524503946304
58458,0.033606547862291336
34397,0.03266853839159012
39450,0.03127909079194069
