Index,Activation Value
27789,1.2492398023605347
90032,0.6720686554908752
37327,0.007883998565375805
53531,0.0015224049566313624
