Index,Activation Value
28425,0.05830906704068184
96758,0.03880905732512474
99629,0.03203965723514557
49456,0.01688326522707939
81123,0.014219062402844429
27438,0.013832153752446175
13090,0.013458878733217716
59998,0.010845259763300419
55426,0.010179562494158745
28910,0.00930899940431118
