Index,Activation Value
28910,0.09993213415145874
70349,0.0990096777677536
92077,0.09048520773649216
88571,0.08665134012699127
17902,0.07718996703624725
15751,0.07383661717176437
103825,0.05868884176015854
66289,0.0548478364944458
6156,0.05029187723994255
21549,0.04802161827683449
