Index,Activation Value
12344,0.09267228096723557
87758,0.07917321473360062
71879,0.07139900326728821
90842,0.06640474498271942
70349,0.054477058351039886
8251,0.053782179951667786
19627,0.05055970698595047
3082,0.05052300542593002
73908,0.045371025800704956
7334,0.045282769948244095
