Index,Activation Value
9816,0.12023521214723587
42887,0.10067262500524521
32727,0.0830608457326889
53579,0.07510196417570114
27547,0.06782547384500504
43197,0.06575459986925125
45313,0.06451339274644852
19868,0.055618125945329666
8019,0.048754073679447174
42192,0.04277956858277321
