Index,Activation Value
38127,0.13244137167930603
48137,0.12440028786659241
58458,0.11891408264636993
39450,0.11412475258111954
38432,0.10518816858530045
43054,0.10362885147333145
32704,0.10331416130065918
34397,0.10177292674779892
27399,0.0949917659163475
39547,0.09340542554855347
