Index,Activation Value
24235,0.014097180217504501
111011,0.0077493148855865
42493,0.0048187063075602055
83828,0.0018658919725567102
27438,0.0012507060309872031
32638,0.00043713481863960624
