Index,Activation Value
56725,0.03019293211400509
52183,0.030138742178678513
13090,0.02239743433892727
36173,0.016513148322701454
37498,0.01465548761188984
33336,0.011349176056683064
28910,0.010065835900604725
97407,0.009346572682261467
60631,0.006722564809024334
51766,0.004962606821209192
