Index,Activation Value
48473,0.04939907789230347
101647,0.03894631192088127
100195,0.03445876017212868
67831,0.032411932945251465
36159,0.0317440927028656
60476,0.03145381063222885
93685,0.031245676800608635
70520,0.030711090192198753
89335,0.028834965080022812
47167,0.026880109682679176
