Index,Activation Value
21467,0.3663821220397949
38924,0.29826751351356506
27547,0.2603355050086975
9816,0.2598278522491455
45313,0.24593006074428558
19868,0.23798038065433502
36625,0.23257680237293243
36944,0.22745981812477112
30430,0.22610345482826233
53579,0.21517221629619598
