Index,Activation Value
14963,0.4401988089084625
7491,0.33399030566215515
8812,0.15313956141471863
52026,0.14745266735553741
41008,0.02345661073923111
12526,0.009767238050699234
