Index,Activation Value
103612,0.8154948949813843
60662,0.16762204468250275
97407,0.14139443635940552
