Index,Activation Value
92077,0.1584349423646927
90842,0.1537083089351654
14326,0.15293651819229126
12,0.15126754343509674
72094,0.13761891424655914
7334,0.13661526143550873
107925,0.12740091979503632
18680,0.12003938108682632
19627,0.11232743412256241
98149,0.10923135280609131
