Index,Activation Value
62757,0.00444425642490387
66575,0.00035099172964692116
