Index,Activation Value
33336,0.09590499848127365
12589,0.09209511429071426
13090,0.07847463339567184
80813,0.06992919743061066
37498,0.0666433796286583
6375,0.06108212471008301
14326,0.06090516224503517
60631,0.05840153247117996
56725,0.0568457655608654
22230,0.052170731127262115
