Index,Activation Value
36473,0.012750789523124695
38127,0.009365029633045197
15397,0.008299109525978565
27399,0.008064121939241886
56545,0.006968907546252012
57892,0.0068183718249201775
58458,0.006122061051428318
56007,0.005702122580260038
20435,0.005596517585217953
27840,0.005558899603784084
