Index,Activation Value
107925,0.014300688169896603
83828,0.010202927514910698
104537,0.010083709843456745
107558,0.009972400031983852
27818,0.008674317970871925
36533,0.00793694332242012
63669,0.007745326030999422
92547,0.007396933156996965
38274,0.007235673721879721
71153,0.0065882145427167416
