Index,Activation Value
7145,0.03268260136246681
31723,0.01848558522760868
9049,0.015029982663691044
6535,0.005927307531237602
53834,0.0028761306311935186
13604,0.002586975460872054
43164,0.0023418236523866653
31736,0.002214732114225626
