Index,Activation Value
29340,0.050047922879457474
25800,0.018593469634652138
8396,0.01386354211717844
6844,0.011999877169728279
55023,0.008680160157382488
24565,0.0067518651485443115
56855,0.00511967996135354
26568,0.0024708749260753393
18311,0.002300953259691596
40169,0.0013031144626438618
