Index,Activation Value
8019,0.36059653759002686
44569,0.3502937853336334
27547,0.3486424684524536
24298,0.32537195086479187
36625,0.3225277066230774
43197,0.30082884430885315
38432,0.30076271295547485
54138,0.2978684604167938
9816,0.2971944808959961
15111,0.29460448026657104
