Index,Activation Value
38924,0.00781136704608798
38432,0.005685923621058464
53579,0.004666092339903116
29340,0.0036584457848221064
8396,0.0031118548940867186
54138,0.0028888497035950422
56855,0.0026331255212426186
21467,0.0025878590531647205
38340,0.0018842853605747223
9816,0.0018449107883498073
