Index,Activation Value
36473,0.20268641412258148
55625,0.16629216074943542
24298,0.1341572403907776
17428,0.11968100070953369
1909,0.11940356343984604
11450,0.11666438728570938
24702,0.11656894534826279
59288,0.11455739289522171
26174,0.09179342538118362
15397,0.08993852883577347
