Index,Activation Value
88571,0.07671336829662323
55426,0.07383337616920471
42493,0.06322357058525085
104537,0.06294972449541092
716,0.060275495052337646
89243,0.06023591756820679
13090,0.06022510677576065
111478,0.059087660163640976
86118,0.05611937865614891
1267,0.05496116727590561
