Index,Activation Value
24298,0.04962236434221268
8019,0.04676097258925438
8080,0.043944548815488815
27547,0.04271102324128151
44569,0.04132245481014252
54138,0.039846938103437424
38432,0.037615906447172165
32727,0.037557318806648254
21467,0.03336210548877716
43197,0.03227865323424339
