Index,Activation Value
32757,0.04240979999303818
38127,0.0402531772851944
56855,0.03281087428331375
52382,0.032692234963178635
29465,0.02928660809993744
8396,0.026395097374916077
13743,0.026039108633995056
54138,0.025367945432662964
47257,0.022323481738567352
38432,0.021797731518745422
