Index,Activation Value
38247,0.08602578938007355
52106,0.08134399354457855
53582,0.0724225863814354
29029,0.06460320949554443
31021,0.06049065291881561
53579,0.05704431235790253
43541,0.05678087845444679
1333,0.0567406602203846
439,0.053601037710905075
32194,0.05204342305660248
