Index,Activation Value
13090,0.02877040207386017
56725,0.025203920900821686
108759,0.019170653074979782
109813,0.015302051790058613
67013,0.014321575872600079
59162,0.01269068568944931
37498,0.0101194242015481
852,0.009318762458860874
111478,0.009236827492713928
27438,0.008966791443526745
