Index,Activation Value
30430,0.027755362913012505
53579,0.025218011811375618
38432,0.022971564903855324
38127,0.01911400631070137
27547,0.018283279612660408
13743,0.014497202821075916
38340,0.013106436468660831
40678,0.01296455692499876
38924,0.011190636083483696
4902,0.01104029268026352
