Index,Activation Value
13090,0.03360333293676376
56725,0.03280225396156311
33336,0.0295866746455431
28425,0.026506563648581505
15003,0.01956656575202942
60631,0.019553815945982933
73782,0.018402546644210815
48473,0.017175421118736267
25849,0.014918695203959942
67509,0.014159607701003551
