Index,Activation Value
36173,0.11174320429563522
95769,0.06890544295310974
1267,0.06853041797876358
105975,0.04557532072067261
96065,0.03785407170653343
48820,0.037221621721982956
92547,0.03627322241663933
76908,0.03480367362499237
37498,0.033352937549352646
9293,0.03177182748913765
