Index,Activation Value
773,0.013275105506181717
36473,0.00270330929197371
24298,0.0017035268247127533
39837,0.000573272816836834
