Index,Activation Value
14826,0.11938591301441193
773,0.11651138961315155
24588,0.10923470556735992
57551,0.10712122172117233
27683,0.10408467054367065
53589,0.09901105612516403
19339,0.09854688495397568
22678,0.09736835956573486
15758,0.09656695276498795
36054,0.09126675873994827
