Index,Activation Value
73579,0.5547682642936707
23123,0.5504543781280518
110063,0.29996588826179504
16627,0.2027253955602646
29623,0.07802947610616684
48982,0.0337095707654953
49483,0.02977597527205944
