Index,Activation Value
64204,0.10233788192272186
24604,0.07103541493415833
104002,0.06974605470895767
17608,0.06633032858371735
28425,0.063874252140522
61202,0.0606878399848938
28910,0.058010343462228775
25024,0.05553538724780083
87126,0.05070886388421059
35831,0.0506240576505661
