Index,Activation Value
38127,0.2301805466413498
35684,0.15976890921592712
13411,0.15755990147590637
47009,0.14914683997631073
21161,0.14589963853359222
4987,0.14579346776008606
41410,0.1423315554857254
45538,0.14230667054653168
36685,0.14097952842712402
37711,0.13958610594272614
