Index,Activation Value
88571,2.246725559234619
17608,1.3913027048110962
53715,0.8006533980369568
14165,0.7461424469947815
48986,0.4949464797973633
76161,0.24532435834407806
70349,0.15106165409088135
101572,0.14288701117038727
290,0.11007251590490341
73501,0.093963123857975
