Index,Activation Value
62662,0.10956163704395294
87077,0.08720976114273071
96065,0.08321895450353622
87758,0.0701582133769989
24235,0.06955887377262115
92077,0.06918331235647202
11313,0.06621769815683365
36411,0.06548751890659332
6156,0.06282662600278854
47448,0.0623355396091938
