Index,Activation Value
28910,0.0012662922963500023
37498,0.0009999435860663652
28425,0.000544607755728066
52426,1.079339924103806e-07
