Index,Activation Value
36159,0.0007374779670499265
111478,0.000627727247774601
94608,0.0006084400229156017
103694,0.0006012571393512189
91983,0.0005839685327373445
68864,0.00054791453294456
100532,0.0005294936127029359
9265,0.00047867311513982713
79383,0.0004423830541782081
15629,0.0004383940249681473
