Index,Activation Value
38924,0.008381620049476624
53579,0.005445410497486591
29340,0.005292223300784826
58249,0.004472842440009117
36212,0.004201420582830906
33011,0.002445757621899247
56855,0.0023485280107706785
21467,0.0017938504461199045
8396,0.0005145575269125402
26778,0.000157080459757708
