Index,Activation Value
14022,0.02174476347863674
7334,0.017902394756674767
72094,0.017745807766914368
104537,0.015621677041053772
83828,0.015502977184951305
52183,0.013982427306473255
28425,0.013981723226606846
66000,0.013515344820916653
87758,0.013379615731537342
11918,0.011601200327277184
