Index,Activation Value
27438,0.13033835589885712
96758,0.1007605567574501
111011,0.09115932136774063
1267,0.0825556069612503
4738,0.07997694611549377
29372,0.06370145082473755
71932,0.06285683065652847
12064,0.06237219274044037
3082,0.05738184601068497
27789,0.056564997881650925
