Index,Activation Value
28172,0.6137454509735107
55110,0.474884033203125
30353,0.3998972773551941
31215,0.3687950670719147
24303,0.35762473940849304
50662,0.27855297923088074
29798,0.2283785194158554
13773,0.17979121208190918
24110,0.1753196269273758
15280,0.1686226725578308
