Index,Activation Value
10183,1.5787307024002075
41663,1.4018549919128418
7936,1.035255789756775
18311,0.8867743611335754
31306,0.8828746676445007
34076,0.8274053931236267
18629,0.7486587166786194
42410,0.7400802373886108
57657,0.6606246829032898
28426,0.6069887280464172
