Index,Activation Value
59069,0.01627672091126442
28312,0.015710968524217606
7783,0.013866222463548183
35968,0.0128822922706604
42296,0.012088301591575146
32140,0.009913173504173756
26568,0.00918827299028635
50256,0.007898377254605293
17728,0.007863963954150677
56096,0.0065617552027106285
