Index,Activation Value
20435,0.14783883094787598
52585,0.14717449247837067
22353,0.14325939118862152
21191,0.141129732131958
58458,0.127895325422287
56096,0.1232234463095665
59069,0.118959940969944
42296,0.11695407330989838
6844,0.11676467955112457
14971,0.11640651524066925
