Index,Activation Value
33336,0.17894290387630463
60631,0.1284347027540207
56725,0.12324615567922592
96758,0.10406450927257538
32638,0.09590914845466614
110063,0.08336133509874344
67013,0.08328859508037567
8897,0.08296605199575424
15003,0.07782784849405289
112731,0.0772765725851059
