Index,Activation Value
21467,0.3976295292377472
53579,0.3422413170337677
38924,0.2803593873977661
27547,0.2780003845691681
36473,0.2592291831970215
58249,0.24772506952285767
8080,0.21982434391975403
24298,0.2103351354598999
33011,0.19875937700271606
1909,0.194197878241539
