Index,Activation Value
38127,0.26384237408638
30430,0.23733291029930115
29465,0.20389887690544128
43178,0.19559991359710693
43197,0.1932695358991623
33607,0.19050084054470062
38432,0.18878459930419922
51614,0.1882706880569458
21467,0.1457967311143875
56855,0.14373448491096497
