Index,Activation Value
36212,0.06592968106269836
36944,0.06304347515106201
36625,0.060298219323158264
15598,0.057727519422769547
25087,0.0551593191921711
21467,0.052285559475421906
29340,0.05048117786645889
57892,0.04656800627708435
25605,0.04654557257890701
32727,0.04462149366736412
