Index,Activation Value
38924,0.004777729045599699
58249,0.0039023892022669315
53579,0.002270958386361599
26778,0.0004837675078306347
33011,1.951064041350037e-05
