Index,Activation Value
31736,0.009664625860750675
24565,0.007649609819054604
59475,0.0031438074074685574
53582,0.0026375120505690575
13324,0.002104884246364236
4441,0.0013597257202491164
49243,0.0011864962289109826
53993,0.0011096238158643246
54318,4.454684676602483e-05
