Index,Activation Value
21467,0.10595675557851791
38924,0.08003247529268265
38432,0.05547306686639786
26778,0.051615748554468155
38340,0.050554677844047546
58249,0.048814382404088974
36212,0.04710176959633827
53579,0.04489831253886223
19868,0.03429471701383591
4530,0.03155120089650154
