Index,Activation Value
33336,0.04867732152342796
52183,0.04166156053543091
60631,0.029931936413049698
28425,0.02497236616909504
70349,0.02095373347401619
13090,0.02069874294102192
96758,0.01900867372751236
37498,0.017515871673822403
49456,0.017135821282863617
52683,0.01688598468899727
