Index,Activation Value
37903,0.03927428647875786
7145,0.038516752421855927
28312,0.032758310437202454
7783,0.028296412900090218
43054,0.023672720417380333
15397,0.02111252397298813
773,0.017769191414117813
40818,0.01580841839313507
31723,0.014954503625631332
24567,0.0146188298240304
