Index,Activation Value
4055,0.1890275478363037
31723,0.1880321204662323
47009,0.18355610966682434
3689,0.17753277719020844
21019,0.1601579189300537
39787,0.1569984257221222
59924,0.15561749041080475
48346,0.1546044498682022
35684,0.15319643914699554
50,0.15279942750930786
