Index,Activation Value
88571,0.016748182475566864
70349,0.01196039654314518
75921,0.006480592302978039
852,0.005380447953939438
17608,0.004440658260136843
96758,0.0036625934299081564
81123,0.0021683007944375277
32638,0.0013493637088686228
93364,0.00036555033875629306
