Index,Activation Value
33336,0.1915750503540039
96758,0.12387960404157639
56725,0.09902249276638031
852,0.0946233943104744
12344,0.08491132408380508
6156,0.08404339104890823
37498,0.07561396807432175
81123,0.07501503080129623
36411,0.07388397306203842
27858,0.07230838388204575
