Index,Activation Value
85314,0.006456910632550716
95693,0.0032369878608733416
98149,0.0021664041560143232
96654,0.0013193937484174967
