Index,Activation Value
26937,0.16347457468509674
56855,0.11015469580888748
4930,0.10268432646989822
1838,0.09978865832090378
13411,0.09595055878162384
52440,0.0958329513669014
44036,0.09481833875179291
17134,0.09380228072404861
36944,0.09170858561992645
51614,0.08817283809185028
