Index,Activation Value
27438,0.1207791268825531
36173,0.09607259184122086
64204,0.08275927603244781
52426,0.07190776616334915
17608,0.06493626534938812
35254,0.05948967859148979
1267,0.05582895502448082
88571,0.05059841647744179
93685,0.04928193986415863
15706,0.04635525867342949
