Index,Activation Value
25800,0.11590272188186646
36473,0.11148633807897568
13179,0.09076295793056488
26073,0.07517407834529877
32757,0.07517292350530624
25802,0.074351966381073
47976,0.06127796322107315
41694,0.05983900651335716
14147,0.056627463549375534
9084,0.05640123412013054
