Index,Activation Value
67992,0.1834372729063034
51120,0.11079679429531097
