Index,Activation Value
28425,0.057342931628227234
56725,0.04308568313717842
16107,0.02738664112985134
52183,0.024271134287118912
13090,0.023596972227096558
28910,0.02309284172952175
99629,0.021604733541607857
97407,0.020548515021800995
36173,0.020285308361053467
54896,0.01960769295692444
