Index,Activation Value
38924,0.051361702382564545
53579,0.047122932970523834
58249,0.04351746663451195
44569,0.04115217551589012
1909,0.03791949152946472
24298,0.033589836210012436
8080,0.026980707421898842
38247,0.02658250741660595
26778,0.026535384356975555
33011,0.02620517835021019
