Index,Activation Value
82891,1.4400361776351929
67490,1.127899169921875
111513,1.0186346769332886
91598,0.9699658751487732
10190,0.8491337299346924
30276,0.779662549495697
101968,0.7590412497520447
85461,0.6535916924476624
3209,0.643365740776062
37755,0.6098524332046509
