Index,Activation Value
18295,1.3144748210906982
25565,1.1585034132003784
25424,1.0365543365478516
38371,1.0053439140319824
29166,0.9803532958030701
33525,0.9448705315589905
51651,0.9370794296264648
46315,0.9337528347969055
1286,0.8945090770721436
12866,0.8945074081420898
