Index,Activation Value
43115,0.018194427713751793
46682,0.016269225627183914
13743,0.015556015074253082
44743,0.01436510868370533
41994,0.01367214322090149
47257,0.013398795388638973
14196,0.012936023063957691
19491,0.011491494253277779
42773,0.011476372368633747
8449,0.010952726937830448
