Index,Activation Value
45313,0.007188757415860891
53589,0.004592989105731249
32727,0.0027473322115838528
41844,0.0017800196073949337
4055,0.0011925188591703773
36212,0.0011134311789646745
11478,0.0004939970094710588
