Index,Activation Value
10183,0.698085367679596
18311,0.2224704921245575
18629,0.13799330592155457
31306,0.08462183177471161
