Index,Activation Value
7106,0.007026748266071081
19530,0.005797949153929949
111011,0.005615985486656427
16107,0.0011684679193422198
