Index,Activation Value
8080,0.010235192254185677
27547,0.009889443404972553
21467,0.009390591643750668
54138,0.008693959563970566
53579,0.007746812421828508
38432,0.0068786293268203735
36212,0.004969674162566662
32727,0.004793944768607616
38924,0.004720741417258978
44569,0.004626692738384008
