Index,Activation Value
59998,0.12191233038902283
91875,0.09297138452529907
103694,0.08124649524688721
7351,0.07407509535551071
47586,0.06952295452356339
76906,0.06753786653280258
67013,0.06447159498929977
52491,0.06215636059641838
29372,0.05932281166315079
73908,0.058118417859077454
