Index,Activation Value
47257,0.17259415984153748
42773,0.1072029247879982
43178,0.10144056379795074
28855,0.10011988878250122
3525,0.09120277315378189
22080,0.08903113752603531
25657,0.08298204094171524
4530,0.08237909525632858
46682,0.08116120845079422
37085,0.07093048095703125
