Index,Activation Value
55023,0.05426257476210594
56855,0.045887332409620285
24565,0.045434705913066864
29340,0.04367360845208168
53582,0.04204952344298363
8396,0.04178421571850777
40169,0.032399293035268784
53407,0.030071647837758064
56607,0.026506390422582626
2792,0.018892358988523483
