Index,Activation Value
21467,0.010927758179605007
58249,0.004324004985392094
20435,0.0021018655970692635
56855,0.001504519023001194
54138,0.0012883672025054693
49406,0.0011702156625688076
56554,0.001026845769956708
38127,0.0002928408212028444
