Index,Activation Value
62463,1.3946125507354736
55571,1.2981598377227783
54389,1.157737374305725
18903,1.1427152156829834
65152,1.1166354417800903
75321,0.9849215149879456
79903,0.9640360474586487
24684,0.8921648859977722
81990,0.8635783195495605
75604,0.8631654381752014
