Index,Activation Value
5556,0.30870217084884644
18160,0.0332469679415226
58535,0.0035145445726811886
