Index,Activation Value
13090,0.1610681414604187
28910,0.15430767834186554
56725,0.1508336365222931
60631,0.11871220916509628
27438,0.08986552804708481
111011,0.08825843781232834
49456,0.0856659859418869
33336,0.08317438513040543
71932,0.08046973496675491
92077,0.07758913189172745
