Index,Activation Value
108542,0.08098883181810379
64204,0.0747542530298233
110712,0.06563924998044968
3082,0.06441480666399002
18680,0.0597979798913002
7334,0.05907450616359711
11313,0.05732984468340874
70776,0.054637521505355835
7351,0.05446252226829529
76298,0.051320407539606094
