Index,Activation Value
92,0.5469452142715454
45707,0.35242167115211487
24993,0.24971231818199158
32989,0.14402279257774353
32440,0.08475584536790848
59138,0.06240757554769516
22945,0.019448671489953995
6056,0.0029170378111302853
