Index,Activation Value
58249,0.02589971199631691
50873,0.019746875390410423
11257,0.01883035898208618
21161,0.017943670973181725
35684,0.0166607853025198
28522,0.013404084369540215
4987,0.01290486566722393
26073,0.012880349531769753
56554,0.012410835362970829
2800,0.010797897353768349
