Index,Activation Value
38924,0.045948438346385956
58249,0.02505755051970482
21467,0.024551643058657646
43054,0.017963169142603874
54138,0.014851664192974567
53589,0.014593644067645073
38247,0.014055862091481686
53579,0.01346389576792717
39547,0.012672564014792442
28312,0.011460804380476475
