Index,Activation Value
36212,0.5058498382568359
56855,0.5048934817314148
8080,0.4980800449848175
21467,0.4958716928958893
33011,0.4835684299468994
29340,0.48311465978622437
8396,0.463261216878891
8019,0.4002717137336731
24298,0.3985306918621063
27547,0.3916786313056946
