Index,Activation Value
57893,2.7694125175476074
110712,2.633030652999878
101572,2.555474042892456
105112,2.3717753887176514
32942,2.116931200027466
50954,2.0662856101989746
65373,2.0456151962280273
7082,1.990031123161316
96042,1.9115445613861084
42482,1.8899348974227905
