Index,Activation Value
12344,0.10462315380573273
70776,0.08032497763633728
46468,0.07714523375034332
7106,0.07486850023269653
21549,0.07008315622806549
17608,0.06861554831266403
71932,0.06643450260162354
24604,0.06616167724132538
19530,0.0644051805138588
11313,0.06330310553312302
