Index,Activation Value
107558,0.0021003319416195154
34454,0.000687864376232028
25849,0.0006796832312829792
92077,0.0005989697529003024
104002,0.00031294708605855703
78437,0.0002897959202528
91551,0.00014666102651972324
5420,0.00011749286932172254
75738,0.00011362371151335537
92547,5.269690154818818e-05
