Index,Activation Value
109358,0.6269411444664001
72991,0.5718300938606262
94475,0.4699503779411316
82043,0.3700754940509796
43604,0.23126189410686493
55396,0.16763052344322205
35980,0.09263873100280762
86558,0.029556015506386757
