Index,Activation Value
1909,0.1617564707994461
43178,0.15079234540462494
42649,0.14211392402648926
8261,0.11910833418369293
16261,0.11354661732912064
14721,0.11317853629589081
1859,0.1114703044295311
9351,0.105916827917099
56554,0.10533999651670456
2059,0.10314612835645676
