Index,Activation Value
17608,0.0008531257044523954
83828,0.0007400371832773089
101572,0.0005042747943662107
17902,0.00020525796571746469
59998,0.00010106672561960295
