Index,Activation Value
53589,0.05105109512805939
28561,0.041093628853559494
44269,0.023542502894997597
34397,0.022374959662556648
33607,0.022116128355264664
19339,0.02182125672698021
51769,0.021435877308249474
54222,0.021314870566129684
27399,0.019586730748414993
13604,0.019374487921595573
