Index,Activation Value
96758,0.047191888093948364
70349,0.039744552224874496
27438,0.038138166069984436
36173,0.03763514384627342
64204,0.024136969819664955
7106,0.021744903177022934
67013,0.020427798852324486
111478,0.02041861042380333
73306,0.02036258392035961
111011,0.019991621375083923
