Index,Activation Value
14165,0.0012265907134860754
8826,0.0011828301940113306
36421,0.000856524333357811
22230,0.0003465416084509343
