Index,Activation Value
35831,0.1043606549501419
107995,0.10171797126531601
62757,0.0890393927693367
91875,0.07397906482219696
92077,0.07188908755779266
73782,0.06696686148643494
63037,0.0649028941988945
64204,0.06410661339759827
35254,0.0637977123260498
47884,0.06374779343605042
