Index,Activation Value
24298,0.020734239369630814
8019,0.011376885697245598
44569,0.005229250993579626
36473,0.004082380328327417
4055,0.0008324141963385046
8080,0.00021018530242145061
