Index,Activation Value
21587,0.37717974185943604
106652,0.04604820907115936
