Index,Activation Value
13090,0.0052945599891245365
96758,0.0005129040800966322
