Index,Activation Value
16730,0.752093493938446
53885,0.7291747331619263
5319,0.6346866488456726
44,0.44480782747268677
3624,0.27643319964408875
20430,0.25331953167915344
51721,0.20362377166748047
34302,0.17094571888446808
37509,0.11969834566116333
47983,0.11202242225408554
