Index,Activation Value
105975,0.08422501385211945
36533,0.07092955708503723
86118,0.06091824546456337
42192,0.0561455674469471
97336,0.0554569810628891
93685,0.05475301668047905
64475,0.054575249552726746
18272,0.05436250567436218
6786,0.05372162163257599
19627,0.05360472574830055
