Index,Activation Value
80813,1.586999773979187
26793,1.1807162761688232
77887,0.8154786825180054
44785,0.6874053478240967
78045,0.421848863363266
56443,0.32342329621315
34743,0.22023382782936096
94865,0.2048691213130951
57063,0.0951661542057991
45964,0.04865815117955208
