Index,Activation Value
21467,0.7176929712295532
56855,0.6424368023872375
8396,0.5336350798606873
38924,0.5317855477333069
29340,0.5234344601631165
33011,0.5137290954589844
26778,0.4856562614440918
36212,0.4830341935157776
53579,0.47317224740982056
38432,0.4660574495792389
