Index,Activation Value
49456,0.010302518494427204
67013,0.009896800853312016
66000,0.009031936526298523
63669,0.008308565244078636
33336,0.007674366235733032
65993,0.007406267803162336
103824,0.007361309137195349
8252,0.006889816373586655
27912,0.004850074648857117
1021,0.004517314489930868
