Index,Activation Value
49406,0.002939322032034397
17366,0.0010571918683126569
17052,0.0005490043549798429
19491,0.0002785557007882744
14186,8.530972263542935e-05
3086,7.312333764275536e-05
27569,1.637780587770976e-05
