Index,Activation Value
8080,7.498906779801473e-05
30430,2.3107688321033493e-05
