Index,Activation Value
37747,0.06466586887836456
8302,0.057332515716552734
35684,0.055661920458078384
20957,0.05525117367506027
26518,0.05148418992757797
21565,0.05101354792714119
53421,0.047803618013858795
24934,0.04651928320527077
7369,0.04469897970557213
48680,0.043219372630119324
