Index,Activation Value
21467,0.01115255057811737
38924,0.0017227759817615151
