Index,Activation Value
30100,0.38481035828590393
40490,0.28214213252067566
64202,0.19554875791072845
104413,0.16662083566188812
41934,0.06763425469398499
2431,0.040931008756160736
