Index,Activation Value
21467,0.015006683766841888
44569,0.013389837928116322
1909,0.008423715829849243
773,0.007230962626636028
33011,0.006081618368625641
8080,0.0022864053025841713
7145,0.0015187234384939075
38340,0.0014130031922832131
53579,0.0011519641848281026
1859,0.0010699373669922352
