Index,Activation Value
87491,0.05214982479810715
44123,0.041893985122442245
66000,0.03535914421081543
62951,0.034310247749090195
85314,0.03273608162999153
65877,0.03087633103132248
27818,0.027816860005259514
104537,0.025368032976984978
95786,0.02387627586722374
12497,0.022314269095659256
