Index,Activation Value
71879,0.11033264547586441
90842,0.08363889902830124
29450,0.08361207693815231
93137,0.08041508495807648
66000,0.07792812585830688
107925,0.07557037472724915
54956,0.07514897733926773
852,0.0737452432513237
60806,0.06329421699047089
17608,0.06278014928102493
