Index,Activation Value
29340,0.07191618531942368
56855,0.03214213624596596
8396,0.030097154900431633
53582,0.02985283173620701
16956,0.028486473485827446
52186,0.027746964246034622
44743,0.027406688779592514
11257,0.024492336437106133
23194,0.023985236883163452
21298,0.02339591085910797
