Index,Activation Value
1267,0.015339291654527187
91875,0.009955279529094696
9293,0.008188346400856972
24604,0.006259789690375328
76908,0.0062547409906983376
6017,0.0038046957924962044
36173,0.0034578130580484867
12832,0.003449307754635811
54105,0.0033849969040602446
111478,0.0029179509729146957
