Index,Activation Value
7145,0.16122004389762878
24298,0.15374481678009033
773,0.14131593704223633
7125,0.10667552798986435
10570,0.10200130194425583
44569,0.09339994937181473
16549,0.08820945769548416
36473,0.08610589057207108
56007,0.08366254717111588
44208,0.08360245823860168
