Index,Activation Value
38924,0.06000284478068352
24298,0.0488288439810276
21467,0.04513996094465256
8019,0.04420308768749237
53579,0.04299650341272354
26778,0.04075012356042862
8080,0.03843458741903305
54138,0.03835783153772354
9816,0.037734631448984146
27547,0.035740479826927185
