Index,Activation Value
95769,0.031969815492630005
35254,0.026402326300740242
80233,0.02168031595647335
27912,0.021250644698739052
84018,0.021220531314611435
21437,0.017150627449154854
110063,0.01693270541727543
12344,0.015268627554178238
74331,0.014110523276031017
73855,0.01397717371582985
