Index,Activation Value
88571,0.092194102704525
108688,0.08917877078056335
36173,0.08700951933860779
110063,0.08262208104133606
107995,0.07862595468759537
104537,0.07544691115617752
90284,0.061629533767700195
86756,0.05813403055071831
87491,0.05666828155517578
110712,0.056382011622190475
