Index,Activation Value
58249,0.057251688092947006
38924,0.056663818657398224
53579,0.052341874688863754
39547,0.05078994855284691
27547,0.048750054091215134
26778,0.036011625081300735
42887,0.030934857204556465
54138,0.026476329192519188
8080,0.025356143712997437
56554,0.024601899087429047
