Index,Activation Value
24298,0.3377954661846161
36212,0.29664546251296997
8396,0.27142056822776794
56855,0.2710043787956238
36473,0.2365860939025879
17428,0.23243793845176697
29340,0.22864700853824615
54222,0.20159733295440674
56007,0.1971064656972885
1909,0.18563874065876007
