Index,Activation Value
56725,0.030475031584501266
13090,0.027910301461815834
52183,0.008507498539984226
34454,0.002930524293333292
