Index,Activation Value
9293,0.015026764012873173
90842,0.014431918039917946
111011,0.012153387069702148
33336,0.011127838864922523
61123,0.00909385085105896
52426,0.007849792018532753
27191,0.007806811016052961
7334,0.007562932092696428
868,0.007107313722372055
27234,0.00678285164758563
