Index,Activation Value
7444,1.773144245147705
31684,1.698528528213501
715,1.144809365272522
25132,0.6371447443962097
16663,0.5841577649116516
54076,0.5588504076004028
24449,0.5035533308982849
13019,0.4824160635471344
29312,0.4764099717140198
55713,0.44317638874053955
