Index,Activation Value
36473,0.011679557152092457
3086,0.004212317056953907
43054,0.00401144428178668
44743,0.0035670725628733635
24298,0.003175744554027915
19491,0.0031068266835063696
49406,0.002528977580368519
23998,0.0024212971329689026
20435,0.001594221219420433
16956,0.0015175968874245882
