Index,Activation Value
47434,1.7612470388412476
74060,1.6461464166641235
81386,1.5610971450805664
66093,1.3802950382232666
19903,1.2990937232971191
107522,1.25167715549469
43362,1.1952956914901733
103237,1.1415989398956299
266,1.1102975606918335
10220,1.0865646600723267
