Index,Activation Value
36213,1.9050291776657104
100368,1.0523728132247925
77602,0.9916399121284485
52621,0.9681253433227539
68693,0.9284775853157043
55062,0.8451513648033142
22186,0.5649774670600891
52640,0.5524089336395264
56154,0.4885462820529938
39628,0.4833110570907593
