Index,Activation Value
6156,0.010881432332098484
80233,0.007067639380693436
21437,0.006501880474388599
59998,0.0063484543934464455
33336,0.005038753151893616
52426,0.0023125377483665943
62796,0.0015863185981288552
4825,0.0012257611379027367
40355,0.0011533251963555813
53869,0.0005309717380441725
