Index,Activation Value
53579,0.044324759393930435
21467,0.04406309872865677
38924,0.0379817821085453
38432,0.024176688864827156
26778,0.022182919085025787
8080,0.02081865817308426
33011,0.019435308873653412
56855,0.018177568912506104
30430,0.016685673967003822
58249,0.015892961993813515
