Index,Activation Value
7125,0.007734367158263922
218,0.00631851376965642
4930,0.005167001858353615
46490,0.0029220853466540575
34156,0.0028658760711550713
54426,0.0028266320005059242
59868,0.002779534552246332
49599,0.0027685947716236115
56902,0.002654418582096696
23665,0.002566438866779208
