Index,Activation Value
44208,1.1542227268218994
11257,0.862043023109436
24298,0.7215093970298767
54227,0.6919845938682556
43564,0.5043126940727234
52586,0.43169304728507996
54138,0.3629951775074005
52416,0.28854188323020935
47328,0.2732373774051666
21777,0.1285223364830017
