Index,Activation Value
44356,0.15779444575309753
77651,0.07079150527715683
