Index,Activation Value
38924,0.056963030248880386
53579,0.04149514064192772
26778,0.04089878499507904
33011,0.039494629949331284
21467,0.030219197273254395
58249,0.021136008203029633
773,0.020679565146565437
1909,0.02027595043182373
44569,0.01487854216247797
13179,0.014662951231002808
