Index,Activation Value
88571,0.09436250478029251
17902,0.0937328189611435
70349,0.08238518983125687
59080,0.0802864357829094
108542,0.07794324308633804
34454,0.07555640488862991
25849,0.0679263323545456
13090,0.06503800302743912
61123,0.06169793754816055
107551,0.05816470831632614
