Index,Activation Value
24298,0.03006487525999546
54138,0.016385618597269058
43054,0.011918863281607628
36212,0.009975926950573921
15111,0.009577086195349693
57892,0.009068245999515057
8019,0.008965358138084412
56855,0.008733008988201618
36944,0.007570932619273663
36625,0.007564049679785967
