Index,Activation Value
27547,0.0632472038269043
9816,0.05293973907828331
8019,0.04236100986599922
42887,0.035618457943201065
44569,0.0328744575381279
54138,0.028164232149720192
38127,0.021422630175948143
43197,0.01981847733259201
27771,0.01655535027384758
51769,0.014407078735530376
