Index,Activation Value
56855,0.007154596038162708
15397,0.0064447056502103806
36944,0.004154114052653313
38127,0.0038166039157658815
20435,0.0024451331701129675
14971,0.0019468518439680338
49406,0.001605650526471436
4817,0.0015442571602761745
12929,0.0011989232152700424
15598,0.0009647518745623529
