Index,Activation Value
36212,0.04917120933532715
29340,0.04837416484951973
38432,0.041244540363550186
27547,0.04076680168509483
56855,0.03791307657957077
8396,0.0378483384847641
8080,0.03726529702544212
8019,0.025189148262143135
32727,0.023276442661881447
38340,0.022450407966971397
