Index,Activation Value
58862,1.3401274681091309
69715,0.9573197364807129
109057,0.8538134098052979
84293,0.7297216653823853
24721,0.6447431445121765
54423,0.5654855370521545
39111,0.5434824824333191
107210,0.5094407796859741
106183,0.45569682121276855
93017,0.44437259435653687
