Index,Activation Value
31022,0.005256331991404295
52585,0.004619533196091652
56505,0.004389066714793444
5556,0.004383303225040436
28312,0.004060078877955675
42296,0.004015340935438871
34212,0.0038785128854215145
59949,0.0038737270515412092
59069,0.003756460268050432
57413,0.003398244734853506
