Index,Activation Value
104537,0.0663658082485199
4738,0.05776594951748848
44060,0.054011568427085876
7351,0.0509205237030983
7106,0.050506263971328735
95496,0.04710104316473007
42168,0.04625709354877472
95435,0.0459679439663887
12,0.04586733877658844
111154,0.045790400356054306
