Index,Activation Value
35684,0.15853795409202576
36473,0.14935308694839478
30430,0.1372024267911911
25800,0.11219863593578339
41410,0.11167949438095093
4987,0.11006178706884384
17428,0.10823439806699753
3689,0.10136574506759644
21019,0.09512358158826828
35367,0.09512217342853546
