Index,Activation Value
42192,0.06987558305263519
6550,0.06849467009305954
52847,0.06669062376022339
12589,0.06408900022506714
55779,0.05712728947401047
111291,0.05574607476592064
65993,0.053637247532606125
16959,0.050983328372240067
103008,0.05077044293284416
29450,0.04932506009936333
