Index,Activation Value
35254,0.015408014878630638
59998,0.012994097545742989
40355,0.0067758820950984955
13090,0.0062044402584433556
28910,0.005200264975428581
6017,0.004612284246832132
20663,0.003808429930359125
95769,0.003195397090166807
52183,0.0017407345585525036
87491,0.0014632359379902482
