Index,Activation Value
19795,1.120551586151123
59597,1.0476280450820923
56352,1.0390833616256714
45415,0.7136242985725403
51342,0.6927988529205322
40386,0.581275999546051
30064,0.5375298857688904
46045,0.50470370054245
103264,0.37808898091316223
54400,0.35866689682006836
