Index,Activation Value
21467,0.03085385262966156
44569,0.016796838492155075
16549,0.013558076694607735
59288,0.010101085528731346
57163,0.0045164343900978565
8261,0.0043616569600999355
25538,0.004355615004897118
4377,0.0042448933236300945
20982,0.004210251849144697
53582,0.003247058717533946
