Index,Activation Value
7351,0.008404003456234932
74354,0.007193234749138355
101572,0.004149012733250856
52683,0.0037226604763418436
76906,0.0035677822306752205
4738,0.0031638098880648613
48529,0.002551318844780326
7682,0.0020335859153419733
25887,0.0018661650829017162
65993,0.0013417113805189729
