Index,Activation Value
24298,0.048753127455711365
9187,0.04412902519106865
17428,0.04352126270532608
36473,0.0432744137942791
29465,0.04291234910488129
9351,0.03813852369785309
54222,0.036075979471206665
579,0.033227261155843735
15111,0.03037188947200775
12023,0.027145614847540855
