Index,Activation Value
52426,0.018794648349285126
70776,0.018599815666675568
7682,0.01698172837495804
104002,0.016160087659955025
16089,0.01586637645959854
29623,0.01503100898116827
98149,0.015027283690869808
7351,0.014464142732322216
88384,0.014370881952345371
12942,0.013965747319161892
