Index,Activation Value
27789,0.09911152720451355
22227,0.0953390970826149
20663,0.09407191723585129
107551,0.07653632014989853
28425,0.07653339952230453
63669,0.07327654957771301
36173,0.07218840718269348
7942,0.06859137862920761
44123,0.06728015094995499
31728,0.06598754972219467
