Index,Activation Value
105492,0.27451997995376587
109915,0.2154736965894699
56549,0.1318703293800354
61804,0.11379528045654297
106725,0.044761937111616135
