Index,Activation Value
111011,0.04029209911823273
88571,0.03753799572587013
27438,0.027004042640328407
14022,0.026319554075598717
12344,0.026132404804229736
6156,0.02523711882531643
70349,0.024229664355516434
79383,0.024219151586294174
17902,0.023462213575839996
55426,0.022250112146139145
