Index,Activation Value
53579,0.22991321980953217
21467,0.22183074057102203
38924,0.17197450995445251
44569,0.15655392408370972
36212,0.15223094820976257
26778,0.1485116183757782
33011,0.14166736602783203
8396,0.1410568207502365
27547,0.12431643903255463
8080,0.12157165259122849
