Index,Activation Value
38924,5.3675856590271
53579,3.8018226623535156
26778,3.640359401702881
58249,3.035189390182495
33011,2.614684820175171
21467,2.4279491901397705
38247,2.0296225547790527
59288,1.8442226648330688
1909,1.6564513444900513
26559,1.537636399269104
