Index,Activation Value
31056,0.570594847202301
44955,0.3265950381755829
17968,0.19439254701137543
56729,0.19237060844898224
35841,0.11657071113586426
4129,0.021201148629188538
