Index,Activation Value
35254,0.04206208884716034
28910,0.03856450319290161
13090,0.031406037509441376
52183,0.027231890708208084
29372,0.026217972859740257
84018,0.025268327444791794
55426,0.022341804578900337
105073,0.020874207839369774
26012,0.02001630701124668
109700,0.01753835752606392
