Index,Activation Value
4055,0.162418395280838
36944,0.1460573822259903
7145,0.125631645321846
36625,0.11681533604860306
39787,0.11667080223560333
3829,0.11354666203260422
27203,0.1120857447385788
59924,0.10358782857656479
25605,0.10087248682975769
15598,0.0977245569229126
