Index,Activation Value
1976,0.08796977251768112
14264,0.05908600240945816
30053,0.058280784636735916
24876,0.056064631789922714
26531,0.054920777678489685
25624,0.054031386971473694
44985,0.05328549072146416
9390,0.052608054131269455
19951,0.05065355822443962
51368,0.049379728734493256
