Index,Activation Value
38127,0.26460975408554077
38247,0.23226046562194824
58249,0.19010785222053528
56554,0.13232068717479706
38924,0.12716440856456757
27771,0.12262073904275894
40678,0.11068768799304962
56273,0.09812167286872864
218,0.0976574644446373
43054,0.09517420083284378
