Index,Activation Value
104537,0.029536014422774315
20663,0.028733037412166595
25849,0.027646379545331
52683,0.026088444516062737
15751,0.022435449063777924
29450,0.019617754966020584
95312,0.017695477232336998
110063,0.015615150332450867
46013,0.014694031327962875
105112,0.014648014679551125
