Index,Activation Value
9057,0.02428794652223587
44189,0.02141757681965828
20544,0.021062536165118217
2891,0.020189927890896797
23367,0.019528795033693314
439,0.019489530473947525
13910,0.017938630655407906
2295,0.01589399203658104
41564,0.014598766341805458
29124,0.013702107593417168
