Index,Activation Value
29340,0.5919947028160095
56855,0.5323330163955688
36212,0.48404449224472046
8396,0.4713080823421478
21467,0.3794052004814148
25657,0.27043700218200684
33011,0.2650356888771057
53582,0.24927088618278503
4530,0.24464383721351624
55023,0.24383656680583954
