Index,Activation Value
8251,1.8066486120224
109825,1.438887357711792
108688,0.9886903762817383
13090,0.8211277723312378
78713,0.6930081248283386
30619,0.538673460483551
51766,0.25656065344810486
99026,0.21931326389312744
12190,0.18562251329421997
67831,0.10949410498142242
