Index,Activation Value
12344,0.08861785382032394
62757,0.08090576529502869
36173,0.08086664974689484
29450,0.07772071659564972
95769,0.07367298752069473
73855,0.07073943316936493
52854,0.06632804870605469
87758,0.05360312759876251
65081,0.04919787868857384
32558,0.04894981533288956
