Index,Activation Value
773,0.21376898884773254
16549,0.16548356413841248
36625,0.15294313430786133
36944,0.12958924472332
31056,0.1290874034166336
43054,0.12274183332920074
14147,0.1171724870800972
14960,0.10973601788282394
40818,0.10956533253192902
39787,0.10857110470533371
