Index,Activation Value
21467,0.25552234053611755
27547,0.23306889832019806
8080,0.22561857104301453
8019,0.2139369696378708
24298,0.2017744928598404
26778,0.19898512959480286
53579,0.19844284653663635
32727,0.19545453786849976
9816,0.19359232485294342
43197,0.19194835424423218
