Index,Activation Value
95769,0.10180202126502991
27438,0.10133714973926544
62757,0.08124461024999619
111011,0.07654441148042679
96065,0.07135985046625137
71879,0.0665842741727829
92307,0.057445134967565536
36533,0.05407213047146797
64204,0.051899734884500504
29450,0.051739297807216644
