Index,Activation Value
29340,0.05487916246056557
51614,0.05350053682923317
8396,0.04595188423991203
25657,0.041875358670949936
44269,0.03714113309979439
56855,0.03543458878993988
36212,0.03386353328824043
30430,0.03275146335363388
31736,0.032263755798339844
52440,0.031844694167375565
