Index,Activation Value
43054,0.1866951286792755
44208,0.15115977823734283
16403,0.13679039478302002
41843,0.12425628304481506
20999,0.11778119951486588
3689,0.11776067316532135
47380,0.1129811629652977
37711,0.11126437783241272
13473,0.10630366951227188
10085,0.10608110576868057
