Index,Activation Value
10326,0.3032771646976471
54927,0.2027057409286499
