Index,Activation Value
48137,0.002954592229798436
34397,0.002556087914854288
39450,0.0019009733805432916
42296,0.0012674762401729822
32704,0.0006092136609368026
