Index,Activation Value
24298,0.034567393362522125
36473,0.025399185717105865
44569,0.0170759204775095
38340,0.01598917506635189
29340,0.015547404065728188
26778,0.014859946444630623
54138,0.014828921295702457
36212,0.014301111921668053
8019,0.01407704409211874
38432,0.012639572843909264
