Index,Activation Value
109747,1.53645920753479
89500,0.5590511560440063
45139,0.48954805731773376
93659,0.4065222144126892
102976,0.3993644714355469
47466,0.3003990650177002
58642,0.2595742344856262
68476,0.2567139267921448
37142,0.22394268214702606
11313,0.17552055418491364
