Index,Activation Value
21467,0.7104972004890442
27547,0.4850035309791565
36212,0.4652475416660309
32727,0.4637452960014343
19868,0.4505341947078705
9816,0.44369104504585266
38432,0.40706995129585266
53589,0.40529584884643555
29340,0.39482858777046204
45313,0.38897356390953064
