Index,Activation Value
53579,0.4444606900215149
38924,0.3722001612186432
