Index,Activation Value
26778,0.1442861258983612
38924,0.10478628426790237
33011,0.1015261709690094
53579,0.09178593009710312
58249,0.06671752035617828
18000,0.05966036766767502
55023,0.05236096307635307
56855,0.05145929008722305
56554,0.04805373400449753
8396,0.04572024941444397
