Index,Activation Value
30880,0.8147128224372864
78385,0.574633002281189
22123,0.5191975831985474
12902,0.4774395525455475
22043,0.23189222812652588
62096,0.1804240345954895
87890,0.13641834259033203
101969,0.12829852104187012
80367,0.10228621959686279
24234,0.09629961103200912
