Index,Activation Value
53579,0.25125405192375183
33011,0.22231748700141907
38924,0.2103644758462906
44569,0.1961367130279541
58249,0.18800698220729828
56554,0.16603946685791016
1909,0.13715007901191711
59288,0.1281391978263855
1859,0.12602265179157257
38247,0.12042848020792007
