Index,Activation Value
3932,0.007247166708111763
18255,0.0036938984412699938
