Index,Activation Value
55426,0.0721425861120224
59998,0.06330007314682007
63669,0.05614132061600685
108542,0.055858492851257324
107558,0.0544312559068203
29372,0.05438852310180664
27191,0.053358662873506546
56519,0.05166333541274071
52426,0.05019804462790489
38779,0.04922815412282944
