Index,Activation Value
11257,0.2578492760658264
27399,0.23468182981014252
20435,0.20389510691165924
54222,0.19495628774166107
37410,0.19485026597976685
32704,0.1894630789756775
5476,0.18715035915374756
52585,0.18513281643390656
58458,0.18409068882465363
57413,0.18044401705265045
