Index,Activation Value
58249,0.019572380930185318
53579,0.01404422428458929
9816,0.00942370854318142
38924,0.009342269971966743
43054,0.008189735002815723
42887,0.0051877461373806
38127,0.0016730014467611909
8080,0.0004140179371461272
