Index,Activation Value
9967,1.6028214693069458
78473,1.2324117422103882
82704,1.1533639430999756
101215,0.7255986332893372
84347,0.7212910652160645
42246,0.6528250575065613
27089,0.49687665700912476
27351,0.41391462087631226
8593,0.40461862087249756
23080,0.37511828541755676
