Index,Activation Value
8080,0.3390227258205414
53579,0.2582870125770569
54138,0.224912628531456
38924,0.21388614177703857
24298,0.20638878643512726
8019,0.20169347524642944
44569,0.1854037344455719
27547,0.1753498613834381
33011,0.1604601889848709
1909,0.15426504611968994
