Index,Activation Value
20663,0.06600283831357956
110712,0.06340169906616211
66000,0.05993807315826416
33336,0.059727929532527924
85314,0.0582849346101284
101572,0.054988324642181396
70512,0.054582398384809494
102181,0.048653461039066315
50954,0.044510871171951294
64204,0.041171539574861526
