Index,Activation Value
13090,0.07281514257192612
28910,0.05194409191608429
52183,0.045292824506759644
56725,0.04233139380812645
104537,0.03625527024269104
36173,0.03560167923569679
28425,0.03436627611517906
49456,0.03419540822505951
107995,0.028539955615997314
107558,0.027607347816228867
