Index,Activation Value
38127,0.2836225926876068
43054,0.24973022937774658
36473,0.20589247345924377
773,0.16392403841018677
7145,0.16188372671604156
17428,0.11432947218418121
38247,0.10884803533554077
10226,0.10810656100511551
24409,0.10793241113424301
42649,0.10606704652309418
