Index,Activation Value
51614,0.012125176377594471
54694,0.007272182498127222
22678,0.004824616480618715
4930,0.0026573382783681154
54944,0.0021625973749905825
24934,0.0013411124236881733
