Index,Activation Value
18013,1.0728853940963745
17576,1.0292664766311646
38884,0.7221954464912415
27442,0.570027232170105
100981,0.40986937284469604
13525,0.40207144618034363
79707,0.34698158502578735
11929,0.24139656126499176
102026,0.24040085077285767
50620,0.22220127284526825
