Index,Activation Value
8019,0.17231181263923645
41843,0.1660587042570114
20435,0.1654854714870453
49406,0.15212704241275787
56096,0.15037402510643005
4817,0.1494656652212143
28312,0.14882895350456238
44743,0.14707525074481964
52585,0.1319693922996521
12929,0.12961119413375854
