Index,Activation Value
21467,0.2293245494365692
38924,0.22685593366622925
8080,0.22316153347492218
53579,0.22030094265937805
8019,0.21224291622638702
27547,0.20736156404018402
24298,0.19655726850032806
54138,0.1888846904039383
33011,0.18064580857753754
26778,0.17304851114749908
