Index,Activation Value
11314,0.09158066660165787
56007,0.08968155831098557
9480,0.08755567669868469
56545,0.0855397880077362
51614,0.07437702268362045
14040,0.06714507192373276
52855,0.06405697762966156
2390,0.059197891503572464
57009,0.0558970607817173
16486,0.055041491985321045
