Index,Activation Value
107995,0.10724581778049469
28910,0.10719571262598038
70776,0.0742901861667633
111011,0.07282570004463196
93969,0.07048936188220978
110712,0.06798933446407318
31199,0.06307206302881241
27328,0.06110828369855881
101572,0.05756694823503494
12,0.05708284676074982
