Index,Activation Value
38924,0.10894598811864853
26778,0.08814708143472672
53579,0.08338341861963272
58249,0.07592611014842987
1909,0.050750743597745895
27840,0.03614504262804985
21467,0.03598926588892937
4055,0.03217219561338425
33011,0.031211888417601585
56554,0.026914240792393684
