Index,Activation Value
27547,0.001704980619251728
8019,0.00023347460955847055
