Index,Activation Value
5659,0.6907272934913635
68827,0.5899772644042969
48240,0.5131039023399353
53074,0.47669652104377747
72576,0.4271809756755829
12268,0.4017416834831238
47105,0.35961130261421204
86777,0.3125116229057312
35854,0.31006309390068054
67664,0.2777397334575653
