Index,Activation Value
53579,0.005965736228972673
27547,0.002765235723927617
21467,0.002410016255453229
8080,0.0015571684343740344
38924,0.0005708722164854407
