Index,Activation Value
27726,1.167540192604065
74409,1.0871390104293823
77701,0.8893093466758728
58730,0.8212732672691345
54924,0.6724385023117065
5080,0.5800427794456482
84890,0.5493584871292114
1267,0.5225419402122498
106228,0.48183152079582214
63560,0.4225029945373535
