Index,Activation Value
22371,0.20196622610092163
54222,0.19026291370391846
31723,0.15173274278640747
44743,0.1510191559791565
49406,0.1461809128522873
8349,0.14521177113056183
37600,0.14009137451648712
19701,0.13490378856658936
56007,0.13322508335113525
25087,0.1311798393726349
