Index,Activation Value
38924,0.026497218757867813
1909,0.016332564875483513
58249,0.014224984683096409
8080,0.014127485454082489
26778,0.01361270621418953
53579,0.012007558718323708
33011,0.010601414367556572
44569,0.007859472185373306
21467,0.004362012725323439
59288,0.0036276569589972496
