Index,Activation Value
36173,0.028505392372608185
107925,0.027541831135749817
66000,0.02503827214241028
28910,0.024908265098929405
73855,0.024500876665115356
29450,0.021607767790555954
35254,0.02065970003604889
90842,0.02024678699672222
6156,0.01616901159286499
95769,0.015847930684685707
