Index,Activation Value
107925,0.02038722299039364
90842,0.01710701361298561
19627,0.015033227391541004
7682,0.008631727658212185
98862,0.005476999096572399
22202,0.005227054003626108
71879,0.0050989300943911076
109700,0.004654278513044119
42391,0.004175223875790834
12589,0.0036384479608386755
