Index,Activation Value
33011,0.07903950661420822
32727,0.07294348627328873
21467,0.07128093391656876
57551,0.07026302069425583
38340,0.06938378512859344
41844,0.0680621862411499
1909,0.06588010489940643
44569,0.05780520662665367
45313,0.05776233598589897
13179,0.05771539360284805
