Index,Activation Value
36473,0.22708450257778168
1909,0.19342394173145294
579,0.08767969161272049
57009,0.08519791066646576
29475,0.0778028592467308
13179,0.07259316742420197
17076,0.06516701728105545
35215,0.06395582854747772
59288,0.06259626150131226
18311,0.06183852255344391
