Index,Activation Value
13090,0.04712020978331566
56725,0.03428805246949196
12,0.028109341859817505
27438,0.027102313935756683
15751,0.026416637003421783
92881,0.026414237916469574
55426,0.026265401393175125
36173,0.025373008102178574
52426,0.024071840569376945
16807,0.02214694209396839
