Index,Activation Value
27547,0.23149316012859344
21467,0.22224822640419006
8080,0.2088426798582077
32727,0.20546942949295044
8019,0.19989310204982758
53579,0.19468238949775696
54138,0.18646599352359772
38432,0.17717353999614716
45313,0.17250065505504608
24298,0.16983188688755035
