Index,Activation Value
58288,1.7919129133224487
71368,1.4903457164764404
82683,1.2591065168380737
13559,0.936538577079773
104652,0.9074633121490479
7531,0.7275356650352478
35082,0.7208046317100525
57877,0.5874615907669067
41869,0.55079585313797
102466,0.47313451766967773
