Index,Activation Value
38924,0.12812550365924835
33011,0.11733490973711014
26778,0.110153429210186
21467,0.10220415890216827
8396,0.10113389790058136
53579,0.09726613014936447
36212,0.08808968961238861
56855,0.07986225932836533
19868,0.06586605310440063
58249,0.06116751208901405
