Index,Activation Value
60631,0.05897877737879753
56725,0.03372936323285103
70349,0.03251916915178299
33336,0.02929587848484516
52183,0.02544318325817585
18680,0.02321130782365799
37498,0.02309778518974781
13090,0.02174118533730507
107558,0.018816517665982246
28910,0.017301123589277267
