Index,Activation Value
55426,0.08178860694169998
8252,0.0812092274427414
35831,0.07815347611904144
96654,0.07685171067714691
102181,0.07311173528432846
47884,0.06939627230167389
76699,0.06517257541418076
44060,0.06461606919765472
8251,0.06362356245517731
1267,0.06276974827051163
