Index,Activation Value
36944,0.16133981943130493
36625,0.14579524099826813
21565,0.13341566920280457
15598,0.12419354915618896
25605,0.12063200771808624
4055,0.11587164551019669
15111,0.11501574516296387
42296,0.11190775036811829
17999,0.11070481687784195
57892,0.10671766847372055
