Index,Activation Value
21467,0.06761981546878815
53579,0.04871764034032822
56855,0.04428669810295105
8396,0.04247675836086273
36212,0.04159461334347725
38432,0.04146755114197731
38924,0.040528055280447006
58249,0.033644627779722214
38340,0.031220408156514168
26778,0.030700353905558586
