Index,Activation Value
56855,0.008555584587156773
36212,0.008360425010323524
38924,0.007428117096424103
8396,0.007422839757055044
58249,0.00572453998029232
53579,0.00534999743103981
21467,0.00480144377797842
24298,0.003408543998375535
26778,0.003064169315621257
29340,0.0029916181229054928
