Index,Activation Value
67013,1.443878173828125
31138,1.3248469829559326
49456,1.2017050981521606
28910,0.9723135232925415
42828,0.8364858031272888
51090,0.8081019520759583
30016,0.7473633885383606
109583,0.7354177236557007
3691,0.5963656902313232
3082,0.5723612308502197
