Index,Activation Value
33336,0.0012456338154152036
28425,0.0005115907406434417
70349,0.00041605974547564983
