Index,Activation Value
27329,0.12017321586608887
112599,0.026552261784672737
51708,0.01612839661538601
