Index,Activation Value
21467,0.6300520300865173
8080,0.42200860381126404
53579,0.41780757904052734
38924,0.4171634614467621
27547,0.3862093687057495
38127,0.34673941135406494
18000,0.3432609438896179
26778,0.3306184411048889
54138,0.32023587822914124
38432,0.31034091114997864
