Index,Activation Value
92547,0.06234130263328552
21437,0.06051737442612648
22230,0.05572493001818657
93969,0.05559542402625084
6786,0.05279019847512245
75310,0.049617618322372437
12064,0.044046834111213684
59998,0.04366045817732811
105810,0.04285426810383797
592,0.04168573394417763
