Index,Activation Value
38924,0.46909844875335693
53579,0.41362789273262024
58249,0.3610875606536865
21467,0.353752464056015
33011,0.2736506760120392
26778,0.24139851331710815
36473,0.220406636595726
8080,0.19302909076213837
18000,0.16497868299484253
24298,0.1519336998462677
