Index,Activation Value
21467,0.47646594047546387
38924,0.24258945882320404
36212,0.20760737359523773
38340,0.19752466678619385
33011,0.188559889793396
27547,0.18467772006988525
13743,0.18382585048675537
7145,0.14916449785232544
58249,0.13905328512191772
45313,0.13199512660503387
