Index,Activation Value
21467,0.05592154711484909
53579,0.05150202661752701
8080,0.045671869069337845
44569,0.043814659118652344
54138,0.043465130031108856
38924,0.04270973429083824
24298,0.0393332839012146
58249,0.03761830925941467
8019,0.03750345855951309
27547,0.030993279069662094
