Index,Activation Value
88546,0.0042115915566682816
90710,0.00404445780441165
47061,0.0034143286757171154
6156,0.0032653259113430977
8127,0.002517097629606724
92179,0.0024479972198605537
70776,0.001078570494428277
24604,0.0006165597587823868
89026,1.7236230632988736e-05
