Index,Activation Value
43707,0.644981324672699
41246,0.28800779581069946
56671,0.25751110911369324
41671,0.22333090007305145
12082,0.18332619965076447
52908,0.1541603058576584
58143,0.15010704100131989
6308,0.1319112479686737
46575,0.12552057206630707
11337,0.10406966507434845
