Index,Activation Value
52491,0.010277366265654564
3082,0.004470950458198786
7351,0.0019624042324721813
