Index,Activation Value
57679,1.192868709564209
12786,0.5402463674545288
98686,0.5232504606246948
101968,0.3868974447250366
79383,0.32070431113243103
77804,0.21710924804210663
92182,0.16735804080963135
28399,0.16131757199764252
13552,0.14982788264751434
30661,0.014152592048048973
