Index,Activation Value
57551,0.07283508032560349
34961,0.06469617784023285
53589,0.06003442034125328
24588,0.05696602910757065
7683,0.052986640483140945
30511,0.04920939728617668
47900,0.0480198860168457
14826,0.04736354947090149
23805,0.0463891439139843
44269,0.04219776764512062
