Index,Activation Value
43054,0.09320046007633209
58249,0.06356722861528397
38924,0.055105239152908325
38247,0.04509579390287399
38127,0.0392080657184124
39547,0.0299287848174572
36212,0.02822708711028099
8396,0.02678602933883667
7125,0.02641664631664753
14826,0.024882659316062927
