Index,Activation Value
92077,0.01590188778936863
11313,0.01358990091830492
93364,0.01204915251582861
62662,0.01139299850910902
36411,0.011176018975675106
47448,0.010653574950993061
104002,0.0094431908801198
7781,0.00873546302318573
103825,0.008416026830673218
7866,0.00821805838495493
