Index,Activation Value
33336,0.001768218819051981
13090,0.0013841084437444806
56725,0.0009719302761368454
70349,0.00015792640624567866
