Index,Activation Value
24298,0.23815050721168518
21467,0.22702786326408386
53579,0.22331345081329346
1909,0.21217012405395508
44569,0.21194276213645935
54138,0.19233475625514984
8080,0.19071361422538757
33011,0.18578140437602997
8019,0.176357239484787
36473,0.16902044415473938
