Index,Activation Value
21467,0.14191102981567383
24298,0.10253465920686722
38924,0.08485405147075653
53579,0.08120401948690414
38432,0.07037153095006943
8019,0.063071608543396
54138,0.06176510825753212
12023,0.05529417470097542
36473,0.05527910590171814
56155,0.03826162964105606
