Index,Activation Value
30064,0.08093370497226715
67013,0.07910822331905365
55040,0.06956235319375992
11374,0.06761010736227036
64204,0.06506650894880295
109813,0.05562451481819153
102181,0.04872330278158188
2279,0.04109971970319748
108759,0.04043518751859665
89903,0.04035870358347893
