Index,Activation Value
21467,0.07823868095874786
773,0.0395316556096077
44249,0.028270592913031578
1909,0.027446109801530838
38432,0.025156866759061813
53579,0.022477516904473305
58963,0.02069413848221302
13179,0.02068905532360077
36473,0.019344376400113106
34249,0.017485490068793297
