Index,Activation Value
37498,0.11445946246385574
52183,0.08857455849647522
56725,0.08444435149431229
51766,0.08143341541290283
97407,0.07946254312992096
13090,0.0790349617600441
2279,0.06600786745548248
83828,0.06464917957782745
103824,0.06357544660568237
76908,0.05458531528711319
