Index,Activation Value
4191,0.09555033594369888
28312,0.08934205025434494
14196,0.05918750911951065
17366,0.055447254329919815
43541,0.05360734835267067
16931,0.05205859616398811
51163,0.04610656574368477
43054,0.04480835422873497
27667,0.04442233219742775
9516,0.04375298321247101
