Index,Activation Value
107995,1.9209022521972656
98961,0.6013184785842896
97532,0.5939614772796631
101466,0.5784547924995422
31457,0.5204586982727051
59445,0.5158113241195679
34706,0.4883744418621063
100256,0.452540785074234
60687,0.25480204820632935
74918,0.22135761380195618
