Index,Activation Value
21467,0.46862348914146423
44569,0.4681300222873688
8080,0.4585062861442566
8019,0.3653183579444885
1859,0.36507242918014526
1909,0.3502027690410614
38924,0.32505500316619873
27547,0.30362820625305176
33011,0.2947821021080017
38127,0.2658238708972931
