Index,Activation Value
43054,0.1156400516629219
44208,0.10629952698945999
10183,0.08190391212701797
19701,0.08073659241199493
3689,0.07015030831098557
2390,0.06771981716156006
20982,0.06416326016187668
45682,0.06320907175540924
18311,0.062346432358026505
56095,0.061256617307662964
