Index,Activation Value
21467,0.07106861472129822
53579,0.048250529915094376
27547,0.026825005188584328
43178,0.026072168722748756
36212,0.020605826750397682
5319,0.020454952493309975
51769,0.01925460435450077
1909,0.01844647154211998
8080,0.01824053004384041
58249,0.01630430854856968
