Index,Activation Value
38924,0.029823243618011475
54138,0.01903286576271057
33011,0.01894998736679554
58249,0.018585192039608955
26778,0.017866745591163635
21467,0.013481277041137218
53579,0.011721978895366192
8080,0.006145365070551634
18000,0.005104353651404381
56855,0.002861380111426115
