Index,Activation Value
41843,0.07912836968898773
43115,0.07781150192022324
14196,0.07199709862470627
22214,0.07030713558197021
54131,0.06306442618370056
5556,0.05875808000564575
5478,0.05785847082734108
17366,0.05573064833879471
15758,0.05435436591506004
21161,0.05421661585569382
