Index,Activation Value
21467,0.060462336987257004
8080,0.058849263936281204
54138,0.04723114147782326
24298,0.04711741954088211
44569,0.04393007978796959
32727,0.0429726168513298
8019,0.035117924213409424
27547,0.03415466472506523
29340,0.03378577530384064
53579,0.029096320271492004
