Index,Activation Value
62111,0.9585545659065247
92881,0.5772879719734192
11392,0.5233029127120972
82010,0.41521155834198
71234,0.39526140689849854
108579,0.38502365350723267
41088,0.37500205636024475
28464,0.29385921359062195
90726,0.13315021991729736
59843,0.04361357167363167
