Index,Activation Value
37903,0.18790623545646667
49406,0.1698315292596817
54222,0.16304850578308105
17428,0.15956135094165802
7783,0.15650500357151031
4817,0.14497333765029907
17366,0.1436903178691864
12929,0.13742835819721222
56032,0.1339004933834076
20435,0.13171003758907318
