Index,Activation Value
7145,0.15112704038619995
36625,0.14001628756523132
21565,0.11065339297056198
9049,0.10184840857982635
28312,0.09958968311548233
43164,0.09879196435213089
31056,0.09654708206653595
7783,0.09431464970111847
25605,0.09364975243806839
36944,0.09343621134757996
