Index,Activation Value
57877,0.9830811619758606
74059,0.918369472026825
43941,0.8218870162963867
17398,0.7813096046447754
29679,0.7679935097694397
34710,0.7414329051971436
85567,0.5708797574043274
12270,0.5513714551925659
7313,0.5266063809394836
65150,0.47380390763282776
