Index,Activation Value
33336,0.03427918255329132
60631,0.031209703534841537
64204,0.02853839285671711
56725,0.019689785316586494
20663,0.019343946129083633
88571,0.017963912338018417
102181,0.017059721052646637
70349,0.016245298087596893
8774,0.01479995809495449
28425,0.014616250991821289
