Index,Activation Value
104537,0.011346036568284035
76908,0.0036739595234394073
110063,0.0023437063209712505
59998,0.0004136880161240697
