Index,Activation Value
77456,0.857288658618927
41669,0.48079341650009155
44814,0.1916830986738205
112267,0.0972307026386261
11229,0.07769785076379776
