Index,Activation Value
13090,0.0482710637152195
70349,0.039059195667505264
88571,0.030229754745960236
56725,0.029817424714565277
37498,0.028002960607409477
60631,0.019823286682367325
52183,0.01326037384569645
86538,0.01305171474814415
49456,0.009226645343005657
17902,0.008698146790266037
