Index,Activation Value
56855,0.12641312181949615
7125,0.08006696403026581
8396,0.07831130921840668
31736,0.07155545800924301
53589,0.06408920139074326
36212,0.06373009830713272
28561,0.06340354681015015
9969,0.055640809237957
15748,0.052780937403440475
44387,0.05138850584626198
