Index,Activation Value
1909,0.007991338148713112
44569,0.00709722051396966
38924,0.006807802710682154
24298,0.006797723937779665
53579,0.005776582285761833
26778,0.004376033321022987
21467,0.004340895917266607
33011,0.0042159827426075935
8080,0.0036902818828821182
54138,0.003329514293000102
