Index,Activation Value
21467,0.1553121656179428
44569,0.11320704221725464
24298,0.11076720803976059
36212,0.0952100157737732
56855,0.08814436942338943
8396,0.08046754449605942
13743,0.07459317147731781
8019,0.07235758751630783
27547,0.06914354860782623
38432,0.06904006749391556
