Index,Activation Value
45856,0.5290117859840393
22636,0.35952624678611755
