Index,Activation Value
21467,0.17650862038135529
36212,0.17629587650299072
8396,0.14725372195243835
25657,0.14720997214317322
56855,0.12188513576984406
38432,0.11405374854803085
38340,0.11339674890041351
4530,0.11322159320116043
27547,0.10793886333703995
41844,0.10252095758914948
