Index,Activation Value
92606,1.1834231615066528
81532,0.30047762393951416
9196,0.1759130209684372
88563,0.1516130566596985
94269,0.1252274215221405
93721,0.10459411144256592
42935,0.06744852662086487
57604,0.052127059549093246
