Index,Activation Value
38127,0.11919500678777695
45858,0.09584809839725494
25800,0.08606432378292084
2656,0.08186501264572144
33011,0.08139568567276001
39812,0.07982242852449417
44964,0.07858006656169891
773,0.07770052552223206
36598,0.07629922777414322
39837,0.07290935516357422
