Index,Activation Value
38924,0.2720523774623871
33011,0.2264106720685959
27840,0.15206699073314667
14196,0.14140674471855164
4055,0.13152462244033813
58249,0.1237083449959755
53579,0.11839140206575394
26778,0.1176576167345047
39787,0.11093896627426147
54222,0.11061418056488037
