Index,Activation Value
49188,0.7132934331893921
2404,0.2597559094429016
38823,0.0715484619140625
