Index,Activation Value
38127,0.16095492243766785
36625,0.14476285874843597
25227,0.13361860811710358
9049,0.11982260644435883
33333,0.11179334670305252
34027,0.10653550922870636
36944,0.10631442815065384
39812,0.10617364197969437
31056,0.10613398253917694
40818,0.10177996009588242
