Index,Activation Value
38924,0.05618097260594368
26778,0.05356616526842117
58249,0.0259102676063776
54927,0.012960115447640419
53579,0.012481301091611385
39547,0.01207937765866518
2800,0.009091426618397236
1838,0.006325907539576292
38247,0.006090936716645956
23665,0.00566963292658329
