Index,Activation Value
70349,0.008937817066907883
52183,0.008712029084563255
27438,0.006644886918365955
28910,0.005756803788244724
28425,0.005282554775476456
18680,0.005044551566243172
88571,0.005029691383242607
90842,0.004760922864079475
49456,0.004364212974905968
13090,0.0034679784439504147
