Index,Activation Value
8396,0.004701622296124697
56855,0.004155841656029224
25657,0.0020215727854520082
43197,0.0014696225989609957
36212,0.0011587098706513643
18000,0.00020292452245485038
