Index,Activation Value
5478,3.3976492881774902
41843,3.3576338291168213
44208,3.2658121585845947
56273,3.247143507003784
18899,2.9420928955078125
32696,2.782331705093384
465,2.649467706680298
22214,2.5687131881713867
42493,2.5265533924102783
19426,2.519667863845825
