Index,Activation Value
54138,0.3774188458919525
8080,0.3580603301525116
24298,0.3364947438240051
38924,0.3302299976348877
53579,0.3168904483318329
44569,0.27676546573638916
8019,0.27236440777778625
21467,0.26778629422187805
1909,0.21601563692092896
33011,0.20182132720947266
