Index,Activation Value
24235,0.11319917440414429
48473,0.08789173513650894
73782,0.07972605526447296
42493,0.0769655779004097
86756,0.07467774301767349
852,0.06717069447040558
24604,0.06289256364107132
93685,0.06044914573431015
98149,0.05848461762070656
73464,0.05548454448580742
