Index,Activation Value
26778,0.007628188002854586
44569,0.004732576664537191
41844,0.004000719636678696
43054,0.003664718009531498
19868,0.0032112766057252884
25657,0.002792403567582369
53589,0.0023272400721907616
31022,0.0022557759657502174
30430,0.0019758937414735556
53579,0.0010882446076720953
