Index,Activation Value
107995,0.09031873196363449
88571,0.08180789649486542
86118,0.07933266460895538
7682,0.07853423058986664
54105,0.07551755756139755
97892,0.0703635886311531
75188,0.061729904264211655
97407,0.0591910257935524
93969,0.05674472823739052
12942,0.056658294051885605
