Index,Activation Value
7125,0.010453994385898113
30845,0.009813368320465088
48383,0.00960935652256012
34150,0.004261118359863758
33077,0.004198535345494747
42192,0.002568490570411086
59247,0.002223654417321086
13473,0.002152457134798169
34961,0.002142735756933689
36075,0.0018176479497924447
