Index,Activation Value
12344,0.002046013018116355
70349,0.002003276953473687
88571,0.001282123732380569
37498,0.0003725919232238084
95769,0.00014099532563704997
