Index,Activation Value
18141,0.257302850484848
39365,0.08616451919078827
