Index,Activation Value
3082,0.11480642110109329
12344,0.09519682079553604
107558,0.0790218785405159
73782,0.06546308100223541
103694,0.06449849903583527
82475,0.06011826917529106
6156,0.057931333780288696
79383,0.056935809552669525
42812,0.055735375732183456
86756,0.05565762147307396
