Index,Activation Value
111665,0.01348806545138359
19627,0.012756533920764923
28425,0.011232144199311733
105073,0.011182297021150589
95115,0.009673316963016987
12942,0.008818194270133972
31227,0.008595902472734451
31199,0.007705143187195063
102708,0.007629568688571453
110712,0.006960973609238863
