Index,Activation Value
21467,0.5988871455192566
38432,0.44105035066604614
38340,0.4224174916744232
32727,0.4111884534358978
25657,0.30520913004875183
51614,0.2979632616043091
27547,0.28944775462150574
36212,0.2775784134864807
41844,0.26364755630493164
13743,0.2434774488210678
