Index,Activation Value
38247,0.01195497252047062
2390,0.011669070459902287
26778,0.005944668315351009
24565,0.0021091534290462732
54825,0.001424462185241282
53582,0.0013915455201640725
24409,0.001201470266096294
48738,0.0008742139907553792
16549,0.0005496583180502057
34901,1.2591011909535155e-05
