Index,Activation Value
53579,0.011395453475415707
1909,0.0084241246804595
