Index,Activation Value
24298,0.07336945086717606
53579,0.06486281752586365
38924,0.06221462041139603
21467,0.05304175987839699
8019,0.05097007006406784
44569,0.049953848123550415
32727,0.048056527972221375
26778,0.04711071774363518
8080,0.04664173349738121
27547,0.0458834245800972
