Index,Activation Value
10570,0.025161774829030037
7145,0.016450561583042145
38371,0.015224767848849297
56007,0.008734390139579773
9049,0.006677523255348206
33048,0.005764636676758528
54222,0.00544314319267869
43164,0.005417231936007738
7125,0.005125292111188173
36598,0.004222688265144825
