Index,Activation Value
38247,0.008692902512848377
38340,0.006919595878571272
21467,0.00655259657651186
27683,0.004352756310254335
29465,0.004081390798091888
47257,0.0038751475512981415
43197,0.0037393125239759684
43115,0.003499986371025443
25657,0.0026848362758755684
53589,0.0023103603161871433
