Index,Activation Value
11450,0.1631881147623062
29465,0.12261340022087097
14721,0.10702540725469589
1072,0.1054866835474968
19484,0.10269177705049515
8302,0.09985989332199097
15670,0.09652022272348404
26196,0.0938873291015625
23400,0.09268710017204285
36075,0.09029044955968857
