Index,Activation Value
19365,0.006314387079328299
31293,0.0030949662905186415
41881,0.002642592880874872
54532,0.0015719651710242033
5319,0.0007569965673610568
46264,0.0006245868862606585
40664,0.00023434453760273755
50700,0.00022208422888070345
