Index,Activation Value
101572,0.009357682429254055
36398,0.008806772530078888
80813,0.007384171709418297
96065,0.005991488695144653
46468,0.004339007660746574
59080,0.0034009511582553387
110063,0.0025893952697515488
93659,0.0023398560006171465
62319,0.002322778105735779
18680,0.0012803346617147326
