Index,Activation Value
21467,0.604703426361084
53579,0.49436062574386597
8080,0.4758286774158478
38432,0.4613572359085083
38924,0.44065767526626587
8019,0.41295161843299866
27547,0.40714937448501587
26778,0.40574324131011963
33011,0.3455088138580322
24298,0.3273853361606598
