Index,Activation Value
54138,0.05262460559606552
43197,0.048367537558078766
32727,0.045454975217580795
8019,0.04429733753204346
18000,0.040997497737407684
42887,0.04074959456920624
27547,0.039974939078092575
1859,0.03571149706840515
26559,0.03518153354525566
24298,0.03304329514503479
