Index,Activation Value
29340,0.20818094909191132
36212,0.19132520258426666
8396,0.1908298134803772
31736,0.17941370606422424
56855,0.17735934257507324
24565,0.1552838832139969
25657,0.1476982831954956
53582,0.1398628205060959
9107,0.13747911155223846
2792,0.13647004961967468
