Index,Activation Value
29340,0.3829452395439148
56855,0.370513379573822
36212,0.3291306495666504
8396,0.321667343378067
53579,0.24829557538032532
26778,0.22487911581993103
773,0.21589778363704681
30430,0.21320030093193054
25657,0.2034684121608734
51769,0.18805719912052155
