Index,Activation Value
28425,0.02631324902176857
110712,0.021167954429984093
36173,0.020224561914801598
52183,0.016326043754816055
4825,0.015096761286258698
70349,0.015079359523952007
96758,0.012554227374494076
52426,0.010254519060254097
27818,0.010220413096249104
52683,0.00999689381569624
