Index,Activation Value
13090,0.010415087454020977
56725,0.005336695350706577
33336,0.002907735761255026
83828,0.00287386542186141
12344,0.00019006620277650654
