Index,Activation Value
7145,0.017255855724215508
33011,0.004319313447922468
59924,0.0036762929521501064
9049,0.0028090530540794134
14706,0.002705192193388939
20635,0.0025883109774440527
54927,0.0018803479615598917
43164,0.000420332420617342
19868,0.00041021962533704937
773,4.222334973746911e-05
