Index,Activation Value
35032,1.7131768465042114
6665,1.3659374713897705
32730,1.3357441425323486
14465,1.3156871795654297
52450,1.2252869606018066
59246,1.1466084718704224
58109,1.109534740447998
43643,1.0464472770690918
20182,0.9763197898864746
8404,0.8821173906326294
