Index,Activation Value
33721,0.5965213775634766
57323,0.3912047743797302
29098,0.34410375356674194
50828,0.3426484167575836
12166,0.29646727442741394
56176,0.2849302887916565
29886,0.16756026446819305
57591,0.15430209040641785
33278,0.07215502113103867
20775,0.04662596434354782
