Index,Activation Value
38371,1.7384021282196045
15591,1.6270462274551392
44036,1.5766931772232056
22494,1.4863090515136719
26731,1.4452977180480957
55540,1.4350577592849731
38763,1.420643925666809
51010,1.4119641780853271
1654,1.4057047367095947
14828,1.4052412509918213
