Index,Activation Value
70381,0.889983057975769
74354,0.6809006333351135
12344,0.3440626859664917
89289,0.28212451934814453
76908,0.22011257708072662
60589,0.1685638725757599
40108,0.16556815803050995
7351,0.030530208721756935
103438,0.026842426508665085
