Index,Activation Value
16107,0.10943552851676941
105975,0.07119808346033096
40355,0.05358798801898956
61202,0.05173046886920929
110055,0.04764878377318382
111665,0.04709898680448532
88937,0.046479400247335434
25024,0.04568270593881607
4738,0.04435820132493973
81064,0.04284420609474182
