Index,Activation Value
64204,0.0891004428267479
42493,0.07930772751569748
96758,0.07795343548059464
33336,0.07742294669151306
80813,0.0714709535241127
108688,0.06827385723590851
28425,0.06250109523534775
111011,0.06047089025378227
44123,0.05947953835129738
107551,0.058308832347393036
