Index,Activation Value
51614,0.12015038728713989
31723,0.08730427920818329
40818,0.08329935371875763
28561,0.08161504566669464
56855,0.07996363192796707
14186,0.07084871828556061
7125,0.069269560277462
31215,0.06878653913736343
47257,0.06801295280456543
17366,0.06797441095113754
