Index,Activation Value
28910,0.10018380731344223
29450,0.07894817739725113
95769,0.07437027990818024
73855,0.07118766754865646
60763,0.05941013619303703
4491,0.0578964464366436
73501,0.055505380034446716
53715,0.050223223865032196
52854,0.04988253861665726
7682,0.049753814935684204
