Index,Activation Value
8396,0.02551262080669403
56855,0.02303946018218994
36212,0.02004493586719036
29340,0.011176425032317638
25657,0.0055899182334542274
4530,0.0052953241392970085
