Index,Activation Value
52426,0.06802141666412354
17608,0.06487935781478882
93969,0.060500212013721466
18471,0.05880723521113396
42812,0.05728772655129433
22230,0.05572906881570816
108688,0.055606409907341
7114,0.05356689170002937
55105,0.05338354781270027
50425,0.053185608237981796
