Index,Activation Value
95769,0.08321737498044968
66000,0.06522928923368454
96065,0.06277608126401901
92307,0.06244628503918648
48281,0.06123124063014984
4141,0.05845245346426964
108688,0.055104952305555344
16107,0.050015512853860855
110340,0.04962363839149475
23410,0.044458385556936264
