Index,Activation Value
32727,0.01731272041797638
27547,0.009257270954549313
38340,0.00907662883400917
28855,0.008549361489713192
13743,0.007214082404971123
57551,0.006780744064599276
33607,0.005499763879925013
7683,0.005254887044429779
41844,0.004810282029211521
43054,0.004211473744362593
