Index,Activation Value
33875,0.5417307615280151
39854,0.07051126658916473
