Index,Activation Value
84018,0.0025252969935536385
72696,0.001151164760813117
47149,0.00038298542494885623
24604,0.00035666421172209084
