Index,Activation Value
18272,0.003975457511842251
104537,0.0036483979783952236
