Index,Activation Value
58798,1.4051148891448975
111131,1.3908202648162842
29789,0.6581023931503296
64504,0.6313616037368774
35097,0.5407311320304871
80801,0.5203337669372559
55128,0.4946180284023285
78362,0.4577188491821289
77524,0.37118616700172424
2141,0.3594130277633667
