Index,Activation Value
102181,0.09853854775428772
52426,0.06704895943403244
80233,0.0634855329990387
107925,0.052372876554727554
90842,0.04961029440164566
105073,0.040253832936286926
84568,0.037744905799627304
17902,0.03654269501566887
61202,0.031041497364640236
96654,0.029364408925175667
