Index,Activation Value
54138,0.02259315364062786
24298,0.0190273430198431
8019,0.017247505486011505
8080,0.015564946457743645
26778,0.013039298355579376
27547,0.012492051348090172
33011,0.01228092797100544
42887,0.010398422367870808
773,0.008342871442437172
579,0.00743876164779067
