Index,Activation Value
36212,0.06369667500257492
45313,0.049774520099163055
29340,0.04428384453058243
25657,0.043820954859256744
41844,0.042848698794841766
56855,0.04090356081724167
8396,0.03616884723305702
14826,0.036129292100667953
32727,0.03178396448493004
52440,0.030820690095424652
