Index,Activation Value
13090,0.008800721727311611
36173,0.0028842128813266754
56725,0.00046312122140079737
