Index,Activation Value
33011,0.07218937575817108
38924,0.06461285799741745
53579,0.06411296129226685
1909,0.04762671887874603
58249,0.04062167927622795
26778,0.03964013233780861
21467,0.037534359842538834
44569,0.03602605685591698
27547,0.03476160764694214
13179,0.030164742842316628
