Index,Activation Value
21467,3.141968011856079
8080,2.4121322631835938
27547,2.3068761825561523
45313,1.9650245904922485
38432,1.8444191217422485
30430,1.5772007703781128
32727,1.5379117727279663
43197,1.3517128229141235
9816,1.2849245071411133
8019,1.178540825843811
