Index,Activation Value
12344,0.124534010887146
3082,0.09800824522972107
12,0.09731895476579666
14326,0.09454398602247238
54105,0.09030204266309738
86118,0.0901920422911644
87758,0.07903236895799637
101572,0.07664654403924942
90842,0.07411742955446243
75188,0.06535030901432037
