Index,Activation Value
19726,0.2609795928001404
52246,0.17900033295154572
25215,0.11525039374828339
11832,0.11349658668041229
22777,0.07911934703588486
1435,0.03834893926978111
