Index,Activation Value
38924,0.09600197523832321
54138,0.09193915873765945
36212,0.08668631315231323
24298,0.08398015052080154
8019,0.08293082565069199
43197,0.07757560908794403
8396,0.07695624977350235
56855,0.07389149069786072
19868,0.07222314924001694
4530,0.06806813925504684
