Index,Activation Value
13090,0.21334630250930786
70349,0.12569895386695862
56725,0.11092031002044678
97407,0.1103864312171936
88571,0.0816497802734375
52426,0.075960174202919
25849,0.0759323239326477
8897,0.07500764727592468
43807,0.07085670530796051
52183,0.06595689058303833
