Index,Activation Value
36212,0.021581316366791725
32727,0.019530897960066795
8019,0.019113533198833466
8396,0.018203485757112503
56855,0.017800405621528625
27547,0.015538865700364113
38432,0.015359558165073395
44569,0.013357723131775856
54138,0.01228500809520483
24298,0.012261561118066311
