Index,Activation Value
28910,0.0032669107895344496
37498,0.0016739153070375323
12344,0.0015873676165938377
28425,0.0013221540721133351
6156,0.0008942906861193478
