Index,Activation Value
24298,0.08101042360067368
36473,0.07390125840902328
54138,0.038187939673662186
20435,0.03507835045456886
28312,0.0334588922560215
17428,0.026238007470965385
4817,0.024981968104839325
49406,0.021828455850481987
36625,0.021419085562229156
52585,0.02112344279885292
