Index,Activation Value
3300,0.0037761046551167965
49875,0.0023754844442009926
18899,0.0014468156732618809
2389,0.0013097700430080295
21700,0.001134400605224073
55731,0.0010734315728768706
