Index,Activation Value
12344,0.010056721977889538
102181,0.0086241839453578
14326,0.008486345410346985
82475,0.007945139892399311
3082,0.0054205129854381084
75996,0.0048717898316681385
111154,0.004061493556946516
87758,0.0038725456688553095
82590,0.0025446326471865177
105688,0.0021067422349005938
