Index,Activation Value
36212,0.03418535739183426
29340,0.03191341087222099
56855,0.02877015806734562
38432,0.028522377833724022
8396,0.028244221583008766
25657,0.022372808307409286
21467,0.02142155170440674
38924,0.020911304280161858
53579,0.020218126475811005
54138,0.018761564046144485
