Index,Activation Value
21467,0.5778653025627136
38924,0.39667946100234985
53579,0.3701438307762146
26778,0.27817296981811523
27547,0.2730788290500641
38432,0.26193302869796753
32727,0.23560447990894318
38340,0.2309817671775818
13743,0.2299870103597641
8080,0.2260638177394867
