Index,Activation Value
53579,0.044561225920915604
38924,0.044140689074993134
1909,0.030925514176487923
8080,0.022006414830684662
58249,0.020673809573054314
26778,0.01740032061934471
29340,0.013232790865004063
36212,0.012358957901597023
44569,0.011438167653977871
33011,0.01020838413387537
