Index,Activation Value
53579,0.020583070814609528
20435,0.01786014251410961
49406,0.014765743166208267
52585,0.013399838469922543
44743,0.01315902266651392
4817,0.013015927746891975
58458,0.012245518155395985
21191,0.01204247958958149
22353,0.011879325844347477
56096,0.011369502171874046
