Index,Activation Value
4191,0.0826045423746109
43541,0.07292138040065765
58249,0.0729047954082489
40580,0.07014013826847076
27683,0.06817374378442764
9057,0.06770025938749313
25800,0.06598799675703049
14433,0.06358250975608826
49271,0.06298881024122238
36103,0.06055189296603203
