Index,Activation Value
21549,0.021638652309775352
28910,0.02128748781979084
61123,0.01844000816345215
92077,0.017304472625255585
59998,0.016211286187171936
18680,0.015280001796782017
11313,0.015027601271867752
62662,0.014064659364521503
91875,0.011801772750914097
108542,0.011297701857984066
