Index,Activation Value
53579,0.029964987188577652
38924,0.02746984176337719
24298,0.027000701054930687
38432,0.024915963411331177
38247,0.02139349654316902
38340,0.020796991884708405
21467,0.02037542685866356
19868,0.019318029284477234
58249,0.018816515803337097
56855,0.017212659120559692
