Index,Activation Value
13090,0.06852096319198608
36173,0.033944908529520035
28425,0.025517623871564865
52183,0.01870732195675373
104537,0.01549560111016035
37498,0.014543768018484116
56725,0.01215723343193531
60631,0.011662980541586876
96758,0.007503984030336142
88571,0.007153679151087999
