Index,Activation Value
104537,0.03507088124752045
16107,0.0269307903945446
35254,0.019451791420578957
54956,0.015347100794315338
87758,0.013585750944912434
62757,0.012942030094563961
3082,0.01209233608096838
52183,0.010753589682281017
93388,0.010478424839675426
71879,0.010197356343269348
