Index,Activation Value
107558,0.11153598874807358
55426,0.10358057171106339
90842,0.09670276194810867
87758,0.09199146926403046
7334,0.08172981441020966
71879,0.08078718930482864
14326,0.0770297721028328
54156,0.07404467463493347
72094,0.07288749516010284
3082,0.06946788728237152
