Index,Activation Value
29340,0.026031674817204475
8080,0.02443718910217285
38432,0.021605275571346283
38924,0.02101094461977482
56855,0.015094206668436527
53579,0.014121283777058125
21467,0.013992386870086193
26778,0.013445274904370308
54138,0.008982481434941292
55023,0.008577159605920315
