Index,Activation Value
45682,1.656646728515625
44208,1.5344033241271973
44650,1.4707190990447998
22737,1.185998797416687
56273,0.8582341074943542
35183,0.8176696300506592
19032,0.6730543375015259
31355,0.545745313167572
54927,0.2999400794506073
42829,0.16860359907150269
