Index,Activation Value
24298,0.005110558588057756
27547,0.005041003227233887
8080,0.004472890868782997
54138,0.0027488749474287033
8019,0.0026269671507179737
36212,0.001494632218964398
44569,0.0013497881591320038
21467,0.00022088360856287181
