Index,Activation Value
38924,0.5045866370201111
33011,0.4142822027206421
53579,0.3939584195613861
21467,0.3737918436527252
44569,0.35749995708465576
26778,0.32816481590270996
1909,0.3132864534854889
24298,0.28185781836509705
58249,0.28061872720718384
36473,0.2518722712993622
