Index,Activation Value
15612,0.5215004086494446
10638,0.5054880380630493
8330,0.3738895356655121
