Index,Activation Value
70593,0.7092661261558533
50343,0.6382637619972229
94301,0.382740318775177
83606,0.25704121589660645
25947,0.2560155689716339
27771,0.16322171688079834
46142,0.14928783476352692
97113,0.14486314356327057
22523,0.06915146857500076
