Index,Activation Value
26718,1.0337834358215332
110454,0.6833621263504028
72080,0.16899330914020538
84552,0.013019132427871227
