Index,Activation Value
13090,0.010558872483670712
88571,0.00814861711114645
56725,0.006675208918750286
104537,0.0065513295121490955
33336,0.004612068645656109
70349,0.0037813768722116947
60631,0.0030535671394318342
37498,0.002249686745926738
64204,0.002034586388617754
52426,0.0018928030040115118
