Index,Activation Value
35829,1.560620903968811
45364,1.5457203388214111
31309,1.4697269201278687
1949,1.4124014377593994
2295,1.2651605606079102
6369,1.2497767210006714
47235,1.2441598176956177
11630,1.2323068380355835
49048,1.2083381414413452
44189,1.2001457214355469
