Index,Activation Value
54671,0.8421475291252136
5658,0.3509320318698883
58352,0.22448401153087616
32533,0.21907295286655426
5542,0.13030916452407837
34549,0.10461562871932983
43072,0.05234513804316521
