Index,Activation Value
52949,1.144392490386963
26747,1.1197367906570435
51460,1.0694375038146973
48272,1.012392282485962
33077,1.006333351135254
14915,0.9901505708694458
14756,0.9280644059181213
6163,0.925159215927124
20301,0.9116798043251038
13248,0.8967442512512207
