Index,Activation Value
28425,0.12058369070291519
28910,0.08938436955213547
21549,0.08913403749465942
70776,0.07860018312931061
52183,0.07692653685808182
73306,0.0726260095834732
99629,0.06514518707990646
87491,0.06504707783460617
73501,0.06051589176058769
49456,0.05960777774453163
