Index,Activation Value
1909,0.44784557819366455
33011,0.39704108238220215
44569,0.37512508034706116
8019,0.3537862300872803
8080,0.3217941224575043
13179,0.30598410964012146
1859,0.29895734786987305
53579,0.2983938753604889
59288,0.2822887897491455
24298,0.26369303464889526
