Index,Activation Value
21467,0.06419073045253754
44569,0.049549344927072525
8080,0.04420384019613266
38432,0.04415294900536537
38340,0.04082120954990387
32727,0.03194907307624817
27547,0.030694421380758286
36212,0.030517520383000374
53579,0.02874780260026455
24298,0.026743577793240547
