Index,Activation Value
99763,1.3521406650543213
86204,0.7954465746879578
108971,0.2332562357187271
86756,0.16181276738643646
37498,0.14920979738235474
