Index,Activation Value
56855,0.06033299118280411
31723,0.05389339104294777
36212,0.05106436088681221
36944,0.04997188597917557
30430,0.04920588806271553
45313,0.04756203666329384
29465,0.047545358538627625
29340,0.04544796794652939
32727,0.04453735798597336
27683,0.042426206171512604
