Index,Activation Value
7145,0.0472165122628212
57551,0.03952670842409134
53589,0.038408633321523666
33607,0.029530731961131096
51614,0.026322288438677788
7683,0.0222996287047863
44269,0.022281279787421227
19868,0.02144511416554451
47900,0.019671881571412086
51769,0.019146624952554703
