Index,Activation Value
36212,0.42985475063323975
29340,0.3317224383354187
8396,0.3066909611225128
56855,0.2844197452068329
25657,0.2820199131965637
33011,0.2515973150730133
4530,0.24283896386623383
29465,0.2289726585149765
38340,0.21311306953430176
43115,0.1840600222349167
