Index,Activation Value
55426,0.006206640042364597
21549,0.0035294441040605307
22092,0.0033525568433105946
42192,0.0028581414371728897
11918,0.002647055545821786
8774,0.002470104955136776
71543,0.0024538403376936913
7866,0.002296504797413945
61123,0.0022404929623007774
70776,0.002222023904323578
