Index,Activation Value
38924,0.008075835183262825
53579,0.0060583604499697685
26778,0.004331251606345177
33011,0.004117445554584265
58249,0.0014952606288716197
