Index,Activation Value
33607,0.012203416787087917
51614,0.011903400532901287
56855,0.00812822300940752
31736,0.00783008523285389
28855,0.006071796175092459
30430,0.004981371574103832
44269,0.004407873377203941
36212,0.003774691838771105
25657,0.002929641865193844
43178,0.0028306550811976194
