Index,Activation Value
53579,0.00769701087847352
21467,0.0003618234768509865
