Index,Activation Value
81263,0.12317562103271484
71659,0.09408807754516602
62757,0.04431972652673721
102743,0.02164745330810547
