Index,Activation Value
2341,0.5506443977355957
25561,0.5286269783973694
94598,0.44505953788757324
45115,0.3009893000125885
2005,0.2849608063697815
93993,0.21890030801296234
89744,0.18126551806926727
76540,0.16240361332893372
41285,0.13425257802009583
20225,0.13403867185115814
