Index,Activation Value
51614,0.00778996990993619
16549,0.004059395287185907
13655,0.003847635118290782
34212,0.003836857620626688
19339,0.00324069382622838
41843,0.0032060453668236732
13740,0.0027337661013007164
4417,0.0026761400513350964
10570,0.0021077159326523542
2145,0.0015307090943679214
