Index,Activation Value
32727,0.05016634985804558
56855,0.037931136786937714
36212,0.03219832479953766
8396,0.031320374459028244
38340,0.024429501965641975
21467,0.024126866832375526
27547,0.022783353924751282
29340,0.019575923681259155
45313,0.018355390056967735
41844,0.017564013600349426
