Index,Activation Value
24298,0.13193392753601074
36473,0.08847633004188538
36212,0.07422811537981033
579,0.05572498217225075
29465,0.05312006175518036
28561,0.042969711124897
54222,0.042211588472127914
25657,0.04184946045279503
42887,0.040723733603954315
8396,0.040081366896629333
