Index,Activation Value
30430,0.016274699941277504
57551,0.008818918839097023
51614,0.008330064825713634
33607,0.008253935724496841
29465,0.008092764765024185
13743,0.007605553604662418
43115,0.004884286783635616
7683,0.004721892531961203
42773,0.0041001890785992146
38340,0.004049874842166901
