Index,Activation Value
13090,0.13101555407047272
33336,0.12342524528503418
56725,0.1202663779258728
36173,0.11557260155677795
27438,0.11492792516946793
37498,0.10595671832561493
64204,0.10226651281118393
59162,0.09992139041423798
60631,0.09134046733379364
28425,0.09092674404382706
