Index,Activation Value
21467,0.03850674256682396
53579,0.035511866211891174
38432,0.028606954962015152
38924,0.02816839888691902
36212,0.025985833257436752
29340,0.025886306539177895
8396,0.025885924696922302
56855,0.023286202922463417
58249,0.014637942425906658
25657,0.01162015087902546
