Index,Activation Value
20663,0.11290036141872406
39257,0.09212847054004669
104537,0.08651749789714813
52847,0.08309399336576462
86538,0.07994627207517624
3878,0.07706568390130997
22227,0.0746469497680664
36398,0.07340655475854874
49456,0.06675732880830765
6375,0.0651453360915184
