Index,Activation Value
21161,0.12990517914295197
23367,0.12104939669370651
20544,0.1092742457985878
43620,0.10677716135978699
38764,0.09913986921310425
8349,0.09872732311487198
36685,0.09229959547519684
7145,0.0882851704955101
11257,0.08813896030187607
13411,0.08420518040657043
