Index,Activation Value
9866,0.21200817823410034
7623,0.12371017783880234
59313,0.08199171721935272
