Index,Activation Value
8396,0.03648534417152405
56855,0.03618202731013298
29340,0.030922001227736473
25657,0.014917323365807533
38432,0.01397816650569439
38924,0.011227761395275593
55023,0.011009303852915764
36212,0.009528469294309616
4530,0.006639122497290373
24565,0.00628533773124218
