Index,Activation Value
38432,0.18731074035167694
36944,0.15752765536308289
38924,0.1401928961277008
15598,0.12676478922367096
15397,0.11637409031391144
4055,0.11192885041236877
38247,0.10081464052200317
39547,0.09936763346195221
25605,0.09397070109844208
21467,0.08923199027776718
