Index,Activation Value
91139,0.5667964220046997
58058,0.35773909091949463
21207,0.19485200941562653
96435,0.04202539846301079
