Index,Activation Value
44569,0.12694916129112244
53579,0.12170352041721344
21467,0.11864673346281052
38924,0.10526615381240845
38340,0.05658163130283356
1909,0.05627729743719101
58249,0.05581440031528473
19868,0.05516137555241585
36212,0.051277149468660355
36625,0.05069275200366974
