Index,Activation Value
8019,0.04589740186929703
21467,0.044531285762786865
24298,0.0439746156334877
44569,0.03918152302503586
53579,0.03372257575392723
27547,0.03006448596715927
18000,0.02938946522772312
9816,0.02656329609453678
8080,0.026224829256534576
1859,0.022642211988568306
