Index,Activation Value
92547,0.9894803166389465
80161,0.5899367332458496
111916,0.5792570114135742
65393,0.3405100107192993
57679,0.31767576932907104
17018,0.2112613171339035
83731,0.20071642100811005
94548,0.15246646106243134
105939,0.06701236218214035
5638,0.03615712746977806
