Index,Activation Value
24298,0.050464075058698654
36473,0.03318328410387039
53579,0.03186614066362381
54138,0.028346452862024307
8019,0.02803470566868782
26778,0.028018517419695854
18000,0.02579616755247116
1909,0.024951204657554626
21467,0.022699886932969093
9816,0.022450247779488564
