Index,Activation Value
53579,0.0063429600559175014
38924,0.0051667760126292706
58249,0.0008119710837490857
