Index,Activation Value
96758,0.011970892548561096
22092,0.009488631971180439
66000,0.008637887425720692
23410,0.00546342134475708
15751,0.002857763087376952
91875,0.0015534624690189958
56266,0.00036024939618073404
