Index,Activation Value
13090,0.08281828463077545
56725,0.07580989599227905
107995,0.06650378555059433
36533,0.0663009062409401
28910,0.06307971477508545
111478,0.05784808471798897
71153,0.05263275280594826
22092,0.04466461390256882
27438,0.04336843639612198
52826,0.043023958802223206
