Index,Activation Value
21573,0.6960347890853882
4636,0.15556395053863525
25567,0.14765724539756775
42846,0.019999518990516663
