Index,Activation Value
56855,0.07154000550508499
53582,0.06395066529512405
8396,0.05416208133101463
9816,0.05114072561264038
55023,0.0503217913210392
4055,0.04554357752203941
24565,0.04371144250035286
47264,0.041125863790512085
45538,0.03648395463824272
27683,0.03584109619259834
