Index,Activation Value
36173,0.06915111094713211
6156,0.0622461661696434
96758,0.05589332431554794
64204,0.05158720538020134
33336,0.04850779473781586
3878,0.048143237829208374
102181,0.04729515314102173
17690,0.04631974548101425
33659,0.043057337403297424
20663,0.039917293936014175
