Index,Activation Value
10994,0.4620940089225769
3541,0.10529112815856934
