Index,Activation Value
104002,0.11972964555025101
12344,0.10607555508613586
52683,0.10425590723752975
1267,0.10017368197441101
33336,0.09731952100992203
12589,0.09230770170688629
111478,0.08786913752555847
95693,0.08363503962755203
14022,0.07988278567790985
17690,0.07768188416957855
