Index,Activation Value
59998,0.08588730543851852
83828,0.08472117781639099
64204,0.06787903606891632
87077,0.053991079330444336
1021,0.053171731531620026
40355,0.04754437506198883
27234,0.04676705226302147
88295,0.04334774613380432
87126,0.04289843514561653
112731,0.03963536024093628
