Index,Activation Value
38924,0.6324535012245178
54138,0.5701829195022583
56855,0.5388575196266174
26778,0.5126614570617676
58249,0.5099013447761536
8080,0.4930177927017212
53579,0.45717182755470276
24298,0.4559573233127594
18000,0.4434239864349365
29340,0.4152352213859558
