Index,Activation Value
53579,0.9112114310264587
8080,0.9079840183258057
27547,0.8283997774124146
38924,0.8244757056236267
8019,0.7859015464782715
21467,0.7777540683746338
24298,0.7619441747665405
32727,0.6951460838317871
44569,0.678557276725769
54138,0.6570568084716797
