Index,Activation Value
43054,0.24199950695037842
32881,0.1388443261384964
218,0.1372699737548828
24409,0.1268552988767624
54621,0.10700041800737381
7145,0.09971274435520172
4930,0.09823781996965408
2354,0.09609754383563995
23665,0.09463327378034592
39547,0.09307294338941574
