Index,Activation Value
38924,0.16239595413208008
26778,0.1410476416349411
53579,0.12705175578594208
33011,0.11890966445207596
21467,0.06376180052757263
53589,0.06267630308866501
58249,0.062068257480859756
7145,0.04946717619895935
39547,0.0464387983083725
3689,0.042453765869140625
