Index,Activation Value
21467,0.012439860962331295
38924,0.0077249580062925816
53579,0.005930280778557062
36212,0.0046494584530591965
56855,0.004438490606844425
33011,0.003983718808740377
29340,0.003979947417974472
26778,0.0037307217717170715
8080,0.0023433146998286247
8396,0.0017101779812946916
