Index,Activation Value
51614,0.03706424683332443
44208,0.027767615392804146
53589,0.023347927257418633
56273,0.020503902807831764
44269,0.018863383680582047
33607,0.01799877919256687
7683,0.013081504963338375
59868,0.012562180869281292
18899,0.012026387266814709
59981,0.01094429288059473
