Index,Activation Value
2354,1.6065208911895752
27467,1.2585844993591309
24044,1.1894203424453735
43054,1.1168432235717773
17648,0.3886967897415161
3878,0.24288110435009003
24303,0.12442348897457123
31215,0.08157580345869064
22551,0.022404244169592857
39339,0.004336643498390913
