Index,Activation Value
3878,0.011130105704069138
73306,0.009130160324275494
27328,0.0076124039478600025
7351,0.006623660679906607
96808,0.005147018004208803
52491,0.005113525781780481
22092,0.004613419529050589
92077,0.004447711631655693
46468,0.004436446353793144
105073,0.004344835411757231
