Index,Activation Value
26937,0.00017396923794876784
43178,6.369500624714419e-05
