Index,Activation Value
38924,0.1899227648973465
53579,0.15249532461166382
24298,0.1435103863477707
8080,0.14307941496372223
26778,0.13077914714813232
58249,0.1293277144432068
38127,0.11688894778490067
54138,0.11089322715997696
8019,0.0922912210226059
36212,0.09217382222414017
