Index,Activation Value
28910,0.006377257872372866
107558,0.0024615947622805834
61123,0.001487381523475051
97156,0.00023983647406566888
