Index,Activation Value
37903,0.1434389352798462
32727,0.10465262830257416
45313,0.09597352892160416
29465,0.08570138365030289
24567,0.07935253530740738
56007,0.07353188842535019
36356,0.07345879077911377
42599,0.062191303819417953
15397,0.06099005416035652
13743,0.06011904403567314
