Index,Activation Value
11257,0.06161374971270561
21565,0.04817447066307068
47264,0.04816430062055588
55625,0.047695234417915344
4987,0.04391274228692055
36625,0.043408580124378204
15397,0.042853619903326035
13158,0.04024811089038849
35684,0.03761982545256615
7264,0.03709059953689575
