Index,Activation Value
9049,0.04075021669268608
31723,0.036292705684900284
15111,0.03207726776599884
7145,0.028748804703354836
47247,0.02430129237473011
49043,0.023670438677072525
27840,0.01910082995891571
22718,0.01865585893392563
40818,0.01791999861598015
22813,0.013776968233287334
