Index,Activation Value
95769,0.02552914060652256
29450,0.023049917072057724
37498,0.013956570997834206
73855,0.011328734457492828
21549,0.009726159274578094
108542,0.007563392166048288
35254,0.004876332823187113
28910,0.004874269012361765
42812,0.004738844931125641
82475,0.004428826738148928
