Index,Activation Value
29340,0.18742616474628448
32727,0.15102452039718628
47257,0.1456703394651413
5556,0.14543727040290833
44208,0.13015493750572205
36212,0.12641490995883942
41844,0.11951905488967896
25657,0.11149279028177261
43164,0.10006299614906311
44569,0.09427705407142639
