Index,Activation Value
13090,0.01153052132576704
28425,0.00044055673060938716
