Index,Activation Value
36473,0.043935973197221756
21161,0.03726211190223694
47009,0.02962508052587509
35684,0.029392650350928307
20544,0.02861104905605316
13411,0.02277839370071888
31311,0.022595370188355446
2891,0.021626535803079605
32757,0.02104955166578293
41410,0.02100209891796112
