Index,Activation Value
56855,0.19923797249794006
8396,0.18337789177894592
36212,0.17038121819496155
29340,0.15238240361213684
25657,0.10112655907869339
27547,0.0958135724067688
30430,0.08914881944656372
33011,0.08899074047803879
29465,0.08366454392671585
32727,0.08176549524068832
