Index,Activation Value
21467,0.19181932508945465
53579,0.1904972344636917
38924,0.17600995302200317
26778,0.16593234241008759
56855,0.15130768716335297
8396,0.14466655254364014
1909,0.13859988749027252
33011,0.13826791942119598
24298,0.13313396275043488
36212,0.13021674752235413
