Index,Activation Value
21467,0.604346752166748
8396,0.4472220540046692
19868,0.4092823565006256
36212,0.39548319578170776
56855,0.39387673139572144
38432,0.3807585835456848
27547,0.3527546226978302
53589,0.32095858454704285
32727,0.2739811837673187
9816,0.27198514342308044
