Index,Activation Value
30496,0.4988712668418884
56453,0.47944384813308716
