Index,Activation Value
43434,0.18621397018432617
50510,0.1256554275751114
27702,0.09523093700408936
41345,0.09289902448654175
3251,0.06766311079263687
11010,0.058390434831380844
23140,0.017192531377077103
8086,0.01204973366111517
