Index,Activation Value
102181,0.10659817606210709
42482,0.10551626235246658
110712,0.10426866263151169
101572,0.10235577821731567
107925,0.09527335315942764
96654,0.09262329339981079
52426,0.08826957643032074
28910,0.08651897311210632
30064,0.08345256000757217
67013,0.08339656889438629
