Index,Activation Value
21467,0.5127191543579102
38432,0.3145592212677002
33011,0.29759904742240906
38340,0.21870461106300354
8080,0.21854597330093384
30430,0.21187658607959747
40678,0.19211214780807495
31022,0.1807432919740677
32727,0.18014870584011078
43197,0.17568035423755646
