Index,Activation Value
33011,0.048031870275735855
38764,0.024570802226662636
39247,0.023240959271788597
21161,0.022068049758672714
41410,0.0201181061565876
23367,0.019976358860731125
43620,0.019662482663989067
35367,0.0185974333435297
29340,0.01844932697713375
51614,0.018355190753936768
