Index,Activation Value
18517,1.8541994094848633
47321,1.6456385850906372
50660,1.604982614517212
8261,1.550146460533142
34268,1.539965271949768
43481,1.5114415884017944
16261,1.44591224193573
26476,1.426602840423584
7921,1.3468585014343262
59249,1.3224276304244995
