Index,Activation Value
52426,0.026608319953083992
35254,0.024008996784687042
67509,0.018485410138964653
97336,0.018038136884570122
22202,0.015573820099234581
105975,0.0140354810282588
92307,0.013449026271700859
42812,0.01341294962912798
5798,0.013288660906255245
42192,0.012875519692897797
