Index,Activation Value
8019,0.04448043555021286
32727,0.02960396185517311
27547,0.02916046790778637
45313,0.028482923284173012
9816,0.026324907317757607
43197,0.02508593536913395
8080,0.02455252967774868
42887,0.024354122579097748
24298,0.023506464436650276
38127,0.022464044392108917
