Index,Activation Value
14196,0.02671854756772518
43838,0.025546347722411156
56032,0.02489103190600872
13158,0.020982088521122932
9480,0.02068539336323738
52186,0.019127121195197105
19931,0.018826546147465706
35684,0.01837504841387272
4987,0.01810329407453537
23194,0.017572594806551933
