Index,Activation Value
38924,0.381939172744751
53579,0.3735503852367401
58249,0.30369141697883606
26778,0.2690916955471039
33011,0.26618075370788574
29465,0.21760804951190948
56554,0.19274741411209106
30430,0.1676199734210968
38432,0.16444779932498932
1909,0.16405418515205383
