Index,Activation Value
773,0.1418384313583374
43054,0.13021254539489746
16549,0.12956514954566956
38924,0.12627071142196655
47257,0.11794539541006088
45858,0.10461309552192688
51614,0.10056079179048538
58963,0.09924904257059097
14960,0.09696196764707565
28855,0.09526020288467407
