Index,Activation Value
55023,0.03151838853955269
44208,0.030009835958480835
56607,0.028303703293204308
59868,0.027855847030878067
56273,0.025968659669160843
45682,0.02513544261455536
13158,0.023881951346993446
53582,0.023875432088971138
42649,0.022163327783346176
7444,0.020969195291399956
