Index,Activation Value
4738,0.010298330336809158
103008,0.00969230942428112
65993,0.009114242158830166
7351,0.007387558929622173
107925,0.005765524692833424
71812,0.005062317941337824
72094,0.004869996570050716
19627,0.004569206852465868
95496,0.002345372224226594
12,0.0010522495722398162
