Index,Activation Value
103366,0.11058707535266876
9373,0.1019296795129776
