Index,Activation Value
53589,0.01874096691608429
19868,0.018438102677464485
21467,0.017697332426905632
38924,0.0152659323066473
38432,0.014346495270729065
57551,0.013847358524799347
29340,0.01303750928491354
36473,0.012408306822180748
27683,0.011725199408829212
41844,0.011327085085213184
