Index,Activation Value
49406,0.04717917740345001
4817,0.04512786492705345
7783,0.03997151926159859
44743,0.03941980376839638
14186,0.03906204178929329
12929,0.03692466765642166
10080,0.03532978892326355
48137,0.034559521824121475
19491,0.0322037898004055
20435,0.03198534622788429
