Index,Activation Value
16107,0.017298327758908272
93685,0.015047166496515274
51766,0.01101341750472784
55779,0.009950567036867142
52426,0.009823671542108059
56725,0.009588660672307014
37498,0.009304369799792767
27858,0.007388690952211618
44123,0.006495405919849873
88937,0.006154126487672329
