Index,Activation Value
54138,0.0005477368831634521
43197,0.0002634506963659078
9816,7.470899436157197e-05
