Index,Activation Value
84018,0.008660129271447659
73855,0.008304511196911335
73782,0.00549363112077117
70776,0.004269122611731291
52183,0.004140001721680164
87491,0.0027955067344009876
71812,0.0025829856749624014
99629,0.002549074124544859
24604,0.0020304443314671516
36398,0.0017673549009487033
