Index,Activation Value
43783,0.7572440505027771
87816,0.7540294528007507
11879,0.7058204412460327
75846,0.6868471503257751
99026,0.6495473980903625
59345,0.6398011445999146
23033,0.5408035516738892
87225,0.5016496181488037
99869,0.42086324095726013
49253,0.411288321018219
