Index,Activation Value
13090,0.03485618904232979
56725,0.028480729088187218
27438,0.021404117345809937
28425,0.017333760857582092
62757,0.01505779754370451
60631,0.005930735729634762
44123,0.0046382807195186615
4264,0.0032402104698121548
96758,0.0015846583992242813
32638,0.0013743506278842688
