Index,Activation Value
8019,0.46032264828681946
24298,0.43720269203186035
54138,0.28055304288864136
43197,0.2738790810108185
9816,0.24972568452358246
36473,0.24664151668548584
18000,0.24289515614509583
42887,0.2348841279745102
8080,0.2224341630935669
56505,0.20284374058246613
