Index,Activation Value
5319,1.6395187377929688
3916,0.5771224498748779
4194,0.1824381798505783
