Index,Activation Value
13090,0.031067563220858574
83828,0.02374473214149475
95312,0.017469529062509537
7351,0.01731942780315876
111478,0.01730409264564514
8897,0.014403111301362514
52683,0.01397104375064373
109813,0.013754754327237606
108759,0.013411198742687702
44123,0.01224216166883707
