Index,Activation Value
53579,0.014042074792087078
38924,0.01367727667093277
27547,0.011101209558546543
26778,0.006788133177906275
58249,0.00480501027777791
8019,0.004491700790822506
33011,0.003926110453903675
24298,0.003733840538188815
38432,0.0030651723500341177
36212,0.002978184027597308
