Index,Activation Value
21467,0.030410943552851677
44569,0.029687313362956047
8080,0.02443106286227703
27547,0.021264364942908287
32727,0.01982986554503441
38432,0.01635417900979519
1909,0.014530100859701633
9816,0.013825654983520508
28312,0.01355778519064188
53579,0.013542006723582745
