Index,Activation Value
7106,0.009741388261318207
96758,0.0065278965048491955
67013,0.003880497068166733
42493,0.0031910862307995558
36536,0.0031715049408376217
19530,0.001681525376625359
