Index,Activation Value
30493,1.1877267360687256
71400,0.7646166682243347
14571,0.695306658744812
46565,0.44656163454055786
37936,0.4343818426132202
39008,0.4268559217453003
12140,0.3997777998447418
25583,0.3570150136947632
26187,0.3277430534362793
100777,0.11126669496297836
