Index,Activation Value
87758,0.013636589050292969
80813,0.013473521918058395
105073,0.010991480201482773
52426,0.010478188283741474
4738,0.009701388888061047
87491,0.009699501097202301
45583,0.009595217183232307
100532,0.008959140628576279
6200,0.007855824194848537
103008,0.007794298231601715
