Index,Activation Value
41303,1.0662531852722168
56971,0.5717049837112427
23113,0.4970283508300781
102085,0.4612753391265869
43047,0.3780910074710846
49932,0.36431100964546204
99744,0.28553345799446106
75468,0.26530420780181885
34959,0.2448417693376541
27746,0.23801910877227783
