Index,Activation Value
7125,0.1337987333536148
24702,0.12359965592622757
9516,0.09756754338741302
9057,0.09693954885005951
59924,0.09678251296281815
7145,0.09621794521808624
41843,0.09468655288219452
7444,0.09013767540454865
39207,0.08987106382846832
3300,0.08842608332633972
