Index,Activation Value
21467,0.2821265757083893
56855,0.27700045704841614
8396,0.26709431409835815
36212,0.24184291064739227
38432,0.23820313811302185
25657,0.23342175781726837
54138,0.2071053385734558
13743,0.19773879647254944
38340,0.19143560528755188
56155,0.177162304520607
