Index,Activation Value
73782,0.015300207771360874
107925,0.014501841738820076
4825,0.00949296448379755
108542,0.008968864567577839
48529,0.007471907418221235
59080,0.006987136788666248
29372,0.005861608311533928
48473,0.0055526625365018845
62662,0.0035385284572839737
26012,0.003300374373793602
