Index,Activation Value
96758,0.02730589546263218
60631,0.027165185660123825
37498,0.026026150211691856
56725,0.019571101292967796
70349,0.01881987601518631
92077,0.015890736132860184
16158,0.014206218533217907
67013,0.011818448081612587
51766,0.01054446306079626
13090,0.010301238857209682
