Index,Activation Value
13090,0.17611508071422577
56725,0.13373905420303345
70349,0.11589867621660233
36173,0.09772618114948273
35254,0.09231466799974442
852,0.08481128513813019
111011,0.07110822945833206
76696,0.06819501519203186
7351,0.057997386902570724
60631,0.054760877043008804
