Index,Activation Value
42165,1.465751051902771
99897,1.268707275390625
112163,1.1232352256774902
104184,1.0473754405975342
32736,1.0421264171600342
75001,0.9316309690475464
48346,0.9113445281982422
86782,0.9059362411499023
60216,0.8330344557762146
43573,0.8284345865249634
