Index,Activation Value
21467,0.024053439497947693
8396,0.019103560596704483
32727,0.017845693975687027
56855,0.01660742424428463
25657,0.016425296664237976
36212,0.013526500202715397
45313,0.012360961176455021
27547,0.010482288897037506
19339,0.009629861451685429
52440,0.00862862914800644
