Index,Activation Value
21467,0.029311086982488632
38924,0.028351254761219025
53579,0.027713626623153687
56855,0.021920230239629745
32727,0.02077525295317173
27547,0.020556926727294922
29340,0.01931910775601864
8396,0.019008057191967964
8080,0.017538435757160187
38432,0.01561762671917677
