Index,Activation Value
108688,0.020778952166438103
592,0.017185399308800697
107551,0.012199380435049534
103991,0.010635802522301674
17335,0.010562431998550892
63669,0.010447070002555847
48304,0.010399816557765007
2279,0.0102593544870615
21437,0.010172621347010136
107558,0.009889389388263226
