Index,Activation Value
38924,0.006110812071710825
33011,0.006017293315380812
21467,0.0044488017447292805
53579,0.002993314526975155
26778,0.0017631674418225884
44569,0.0005505227018147707
