Index,Activation Value
29340,0.029981855303049088
36212,0.025891615077853203
8396,0.021594319492578506
56855,0.01900307834148407
30430,0.0033832956105470657
24565,0.0024116302374750376
773,0.0011687447549775243
15111,0.0007949517457745969
55023,0.0006167755927890539
29465,0.0006020354921929538
