Index,Activation Value
29465,0.008877275511622429
56155,0.006998240482062101
9351,0.0059655699878931046
53589,0.003906326834112406
41844,0.0035173899959772825
57551,0.0024739671498537064
7683,0.00157505227252841
47900,0.0013359506847336888
14826,0.0008972160867415369
579,0.0007983045652508736
