Index,Activation Value
87758,0.14579707384109497
52491,0.11705516278743744
7351,0.10643694549798965
12344,0.10078553110361099
96065,0.08327476680278778
75996,0.08313360065221786
868,0.07949437201023102
2279,0.0759759247303009
74331,0.06877652555704117
72094,0.06778426468372345
