Index,Activation Value
36212,0.4102781414985657
56855,0.4097321331501007
8396,0.3658357262611389
29340,0.29769250750541687
25657,0.2351275086402893
4530,0.19772741198539734
24565,0.16263335943222046
31736,0.15315194427967072
53582,0.15055036544799805
55023,0.13436315953731537
