Index,Activation Value
28312,0.04330665245652199
51614,0.0426078625023365
43178,0.03392983227968216
8349,0.032767344266176224
38931,0.03114769235253334
58458,0.03047066181898117
16261,0.029508579522371292
56096,0.029180843383073807
13925,0.02880326844751835
8261,0.028710976243019104
