Index,Activation Value
53579,0.011251556687057018
43197,0.007125690579414368
33011,0.006691822782158852
29465,0.004669829737395048
26778,0.004373380448669195
38924,0.003902137279510498
8019,0.0033317175693809986
9816,0.0032274730037897825
8080,0.002977564698085189
36212,0.0020955433137714863
