Index,Activation Value
56855,0.21304331719875336
21467,0.1745595633983612
8396,0.17109042406082153
29340,0.1557408720254898
53579,0.13066346943378448
53582,0.13026274740695953
38924,0.12412139028310776
58249,0.11709702759981155
56554,0.11079291999340057
25802,0.09984483569860458
