Index,Activation Value
111011,0.09262469410896301
13090,0.08519740402698517
852,0.07371778786182404
83828,0.06323718279600143
28425,0.061997950077056885
86756,0.05876770243048668
16158,0.05433759093284607
32638,0.05145600065588951
2279,0.05059425160288811
56725,0.04814963415265083
