Index,Activation Value
33011,0.014219150878489017
29340,0.011353124864399433
8396,0.009511186741292477
56855,0.00862172618508339
36212,0.008273571729660034
8080,0.007995035499334335
21467,0.007301521021872759
25657,0.005263495724648237
1909,0.004914572928100824
45313,0.004619874991476536
