Index,Activation Value
21467,0.008975477889180183
38924,0.006671233102679253
27547,0.004321065731346607
53579,0.002468162216246128
44569,0.002201932482421398
24298,0.0018514420371502638
8080,0.0012712428579106927
8019,0.0008955941302701831
9816,0.0006330235046334565
32727,7.651056876056828e-06
