Index,Activation Value
8505,0.1762976050376892
81030,0.0077233025804162025
