Index,Activation Value
21467,0.004838195629417896
45313,0.0047574350610375404
33011,0.0037415067199617624
54138,0.00351708079688251
19868,0.002987219486385584
38340,0.0020991971250623465
38432,0.001788268331438303
8080,0.0016966054681688547
26778,0.0011132287327200174
18000,0.0010990173323079944
