Index,Activation Value
3955,0.6886907815933228
100280,0.5679148435592651
26547,0.5024462342262268
78627,0.4709891080856323
3684,0.3690554201602936
22731,0.350265771150589
87988,0.3459232747554779
53516,0.32076871395111084
1386,0.30944231152534485
56263,0.23321793973445892
