Index,Activation Value
31723,0.24987995624542236
42887,0.22354327142238617
7145,0.18315032124519348
19701,0.15563838183879852
55023,0.14994356036186218
9049,0.14770302176475525
56855,0.14681871235370636
14147,0.13328294456005096
32604,0.12429966032505035
42296,0.1227015033364296
